x,y,z,T_TCAM
-2.17E-05,1.14E-05,-8.30E-05,5792.901462
-2.27E-05,8.73E-06,-9.68E-05,5792.901462
-1.38E-05,1.23E-05,-6.92E-05,5792.901462
-1.47E-05,1.50E-05,-5.96E-05,5792.901462
-1.28E-05,0,-8.86E-05,5792.901462
-1.28E-05,0,-8.86E-05,5792.901462
-1.28E-05,0,-8.86E-05,5792.901462
-1.28E-05,0,-8.86E-05,5792.901462
-1.28E-05,0,-8.86E-05,5792.901462
-1.28E-05,0,-8.86E-05,5792.901462
-1.44E-05,0,-9.31E-05,5792.901462
-8.27E-06,0,-7.66E-05,5792.901462
-1.44E-05,0,-9.31E-05,5792.901462
-1.44E-05,0,-9.31E-05,5792.901462
-8.27E-06,0,-7.66E-05,5792.901462
-1.44E-05,0,-9.31E-05,5792.901462
-1.44E-05,0,-9.31E-05,5792.901462
-1.44E-05,0,-9.31E-05,5792.901462
-8.27E-06,0,-7.66E-05,5792.901462
-8.27E-06,0,-7.66E-05,5792.901462
-8.27E-06,0,-7.66E-05,5792.901462
-8.27E-06,0,-7.66E-05,5792.901462
-3.25E-05,2.71E-05,0,5792.901462
-3.25E-05,2.71E-05,0,5792.901462
-3.25E-05,2.71E-05,0,5792.901462
-3.25E-05,2.71E-05,0,5792.901462
-3.25E-05,2.71E-05,0,5792.901462
-3.25E-05,2.71E-05,0,5792.901462
2.74E-05,5.33E-06,0,5792.901462
-2.70E-05,1.39E-21,-8.30E-05,5792.901462
-2.15E-05,1.65E-22,-0.000109827,5792.901462
-2.78E-05,1.04E-05,-6.06E-05,5792.901462
-2.74E-05,1.23E-05,-5.53E-05,5792.901462
-3.14E-05,2.03E-21,-5.53E-05,5792.901462
-3.40E-05,2.39E-21,-4.15E-05,5792.901462
-2.61E-05,1.98E-05,-2.77E-05,5792.901462
-2.68E-05,1.60E-05,-4.15E-05,5792.901462
-2.42E-05,1.01E-05,-8.30E-05,5792.901462
-2.44E-05,2.45E-06,-9.92E-05,5792.901462
-1.64E-05,1.06E-05,-8.01E-05,5792.901462
-2.10E-05,8.85E-06,-9.68E-05,5792.901462
-2.56E-05,1.18E-21,-9.29E-05,5792.901462
-2.62E-05,1.27E-21,-8.87E-05,5792.901462
-1.91E-05,2.79E-06,-0.000105073,5792.901462
-2.44E-05,8.08E-06,-9.00E-05,5792.901462
-2.32E-05,5.52E-22,-0.00010529,5792.901462
-1.61E-05,1.16E-05,-7.55E-05,5792.901462
-3.01E-05,1.85E-21,-6.29E-05,5792.901462
-2.78E-05,9.06E-06,-6.52E-05,5792.901462
-2.57E-05,7.49E-06,-8.30E-05,5792.901462
-2.44E-05,9.04E-22,-1.00E-04,5792.901462
-2.50E-05,1.09E-21,-9.68E-05,5792.901462
-2.90E-05,1.70E-21,-6.92E-05,5792.901462
-1.83E-05,3.44E-06,-0.000102788,5792.901462
-2.21E-05,2.78E-22,-0.000108747,5792.901462
-3.72E-05,2.80E-21,-2.77E-05,5792.901462
-4.12E-05,3.33E-21,-1.38E-05,5792.901462
-2.38E-05,7.10E-22,-0.000102982,5792.901462
-2.80E-05,1.54E-21,-7.61E-05,5792.901462
-2.26E-05,1.64E-06,-0.000105796,5792.901462
-2.27E-05,4.11E-22,-0.000107173,5792.901462
2.47E-06,2.81E-05,-6.92E-06,5792.901462
-2.14E-05,2.88E-05,-6.92E-06,5792.901462
1.00E-05,2.44E-05,-6.92E-06,5792.901462
-3.02E-05,1.55E-05,-2.77E-05,5792.901462
1.49E-05,1.96E-05,-6.92E-06,5792.901462
-3.49E-05,2.04E-05,-6.92E-06,5792.901462
-2.94E-05,2.55E-05,-6.92E-06,5792.901462
-1.41E-05,3.05E-05,-6.92E-06,5792.901462
-3.78E-06,2.49E-05,-1.38E-05,5792.901462
-4.39E-06,1.84E-05,-3.46E-05,5792.901462
9.01E-06,1.79E-05,-1.38E-05,5792.901462
3.40E-06,1.50E-05,-2.77E-05,5792.901462
1.58E-05,6.57E-06,-1.38E-05,5792.901462
-1.90E-05,2.55E-05,-1.38E-05,5792.901462
1.98E-05,1.32E-05,-6.92E-06,5792.901462
-1.57E-05,0,-9.68E-05,5792.901462
-1.57E-05,0,-9.68E-05,5792.901462
-1.57E-05,0,-9.68E-05,5792.901462
-1.57E-05,0,-9.68E-05,5792.901462
-1.57E-05,0,-9.68E-05,5792.901462
-1.63E-05,-6.69E-23,-0.000100479,5792.901462
-1.63E-05,-6.69E-23,-0.000100479,5792.901462
-2.78E-06,0,-6.20E-05,5792.901462
-3.00E-07,0,-5.53E-05,5792.901462
-3.00E-07,0,-5.53E-05,5792.901462
5.07E-06,0,-4.15E-05,5792.901462
-3.00E-07,0,-5.53E-05,5792.901462
5.07E-06,0,-4.15E-05,5792.901462
-1.81E-05,0,-0.000107448,5792.901462
-3.00E-07,0,-5.53E-05,5792.901462
-1.75E-05,0,-0.000105574,5792.901462
-1.81E-05,0,-0.000107448,5792.901462
-1.07E-05,0,-8.30E-05,5792.901462
-1.07E-05,0,-8.30E-05,5792.901462
-1.07E-05,0,-8.30E-05,5792.901462
-1.07E-05,0,-8.30E-05,5792.901462
1.08E-05,0,-2.77E-05,5792.901462
1.76E-05,0,-1.38E-05,5792.901462
-1.93E-05,0,-0.000109995,5792.901462
-1.69E-05,0,-0.000103326,5792.901462
-1.81E-05,0,-0.000107448,5792.901462
-2.78E-06,0,-6.20E-05,5792.901462
-2.78E-06,0,-6.20E-05,5792.901462
-3.00E-07,0,-5.53E-05,5792.901462
-1.69E-05,0,-0.000103326,5792.901462
-1.75E-05,0,-0.000105574,5792.901462
-5.42E-06,0,-6.92E-05,5792.901462
-2.78E-06,0,-6.20E-05,5792.901462
-1.75E-05,0,-0.000105574,5792.901462
1.08E-05,0,-2.77E-05,5792.901462
5.07E-06,0,-4.15E-05,5792.901462
1.08E-05,0,-2.77E-05,5792.901462
5.07E-06,0,-4.15E-05,5792.901462
-1.93E-05,0,-0.000109995,5792.901462
-1.07E-05,0,-8.30E-05,5792.901462
-5.42E-06,0,-6.92E-05,5792.901462
-5.42E-06,0,-6.92E-05,5792.901462
-2.78E-06,0,-6.20E-05,5792.901462
1.08E-05,0,-2.77E-05,5792.901462
1.76E-05,0,-1.38E-05,5792.901462
1.76E-05,0,-1.38E-05,5792.901462
1.08E-05,0,-2.77E-05,5792.901462
1.76E-05,0,-1.38E-05,5792.901462
-1.93E-05,2.54E-24,-0.000109995,5792.901462
1.76E-05,0,-1.38E-05,5792.901462
-2.78E-06,0,-6.20E-05,5792.901462
-3.00E-07,0,-5.53E-05,5792.901462
1.76E-05,0,-1.38E-05,5792.901462
1.76E-05,0,-1.38E-05,5792.901462
1.76E-05,0,-1.38E-05,5792.901462
-1.65E-05,3.38E-05,0,5792.901462
-1.65E-05,3.38E-05,0,5792.901462
-1.65E-05,3.38E-05,0,5792.901462
-1.65E-05,3.38E-05,0,5792.901462
-1.65E-05,3.38E-05,0,5792.901462
-1.65E-05,3.38E-05,0,5792.901462
-1.65E-05,3.38E-05,0,5792.901462
-1.65E-05,3.38E-05,0,5792.901462
1.59E-05,2.61E-05,0,5792.901462
8.09E-07,3.36E-05,0,5792.901462
8.09E-07,3.36E-05,0,5792.901462
8.09E-07,3.36E-05,0,5792.901462
8.09E-07,3.36E-05,0,5792.901462
8.09E-07,3.36E-05,0,5792.901462
8.09E-07,3.36E-05,0,5792.901462
8.09E-07,3.36E-05,0,5792.901462
1.59E-05,2.61E-05,0,5792.901462
1.59E-05,2.61E-05,0,5792.901462
-4.34E-05,1.51E-05,0,5792.901462
-4.73E-05,5.04E-20,0,5792.901462
1.59E-05,2.61E-05,0,5792.901462
1.59E-05,2.61E-05,0,5792.901462
1.59E-05,2.61E-05,0,5792.901462
1.59E-05,2.61E-05,0,5792.901462
1.59E-05,2.61E-05,0,5792.901462
-4.34E-05,1.51E-05,0,5792.901462
-4.73E-05,5.04E-20,0,5792.901462
-4.34E-05,1.51E-05,0,5792.901462
2.57E-05,1.33E-05,0,5792.901462
2.57E-05,1.33E-05,0,5792.901462
2.85E-05,0,0,5792.901462
2.57E-05,1.33E-05,0,5792.901462
2.57E-05,1.33E-05,0,5792.901462
2.57E-05,1.33E-05,0,5792.901462
8.36E-06,2.99E-05,0,5792.901462
-7.87E-06,3.37E-05,0,5792.901462
8.36E-06,2.99E-05,0,5792.901462
-7.87E-06,3.37E-05,0,5792.901462
2.85E-05,0,0,5792.901462
2.85E-05,0,0,5792.901462
-1.64E-05,2.00E-06,-9.92E-05,5792.901462
-2.71E-05,4.20E-06,-7.95E-05,5792.901462
-2.48E-05,1.09E-05,-7.56E-05,5792.901462
-1.96E-05,1.19E-05,-7.94E-05,5792.901462
-2.11E-05,9.47E-07,-0.000108979,5792.901462
-1.66E-05,7.57E-06,-9.09E-05,5792.901462
-1.45E-05,2.28E-05,-2.77E-05,5792.901462
-1.84E-05,1.32E-06,-0.00010618,5792.901462
-1.21E-05,5.46E-06,-8.30E-05,5792.901462
-2.47E-05,6.29E-06,-9.29E-05,5792.901462
-2.43E-05,6.57E-06,-9.50E-05,5792.901462
-2.40E-05,7.71E-06,-9.36E-05,5792.901462
-1.59E-05,5.17E-06,-9.40E-05,5792.901462
-1.71E-05,1.91E-06,-0.000101698,5792.901462
-1.90E-05,1.10E-06,-0.000107756,5792.901462
-2.30E-05,1.05E-05,-8.60E-05,5792.901462
-1.17E-05,2.72E-05,-1.38E-05,5792.901462
-2.60E-05,8.39E-06,-7.84E-05,5792.901462
-1.78E-05,1.63E-06,-0.000104192,5792.901462
-3.44E-05,1.12E-05,-2.77E-05,5792.901462
-1.31E-05,8.60E-06,-7.94E-05,5792.901462
-1.53E-05,9.19E-06,-8.30E-05,5792.901462
-2.48E-05,8.46E-06,-8.59E-05,5792.901462
-2.50E-05,7.14E-06,-8.84E-05,5792.901462
-2.33E-05,9.43E-06,-9.06E-05,5792.901462
-2.42E-05,7.93E-06,-9.19E-05,5792.901462
-2.50E-05,6.45E-06,-9.07E-05,5792.901462
-1.65E-05,1.44E-05,-6.44E-05,5792.901462
-1.90E-05,1.38E-05,-6.92E-05,5792.901462
-2.10E-05,2.89E-06,-0.000106156,5792.901462
-2.01E-05,1.07E-05,-8.62E-05,5792.901462
-2.00E-05,8.83E-06,-9.49E-05,5792.901462
-1.09E-05,1.27E-05,-6.26E-05,5792.901462
-2.49E-05,4.64E-06,-9.46E-05,5792.901462
-2.53E-05,4.47E-06,-9.20E-05,5792.901462
-2.58E-05,5.82E-06,-8.61E-05,5792.901462
-2.66E-05,8.71E-06,-7.32E-05,5792.901462
-2.18E-05,1.03E-05,-8.88E-05,5792.901462
-1.76E-05,6.35E-06,-9.68E-05,5792.901462
-2.63E-05,2.85E-06,-8.69E-05,5792.901462
-3.73E-05,1.36E-05,-1.38E-05,5792.901462
-2.56E-05,4.82E-06,-8.91E-05,5792.901462
-2.84E-05,1.26E-05,-4.96E-05,5792.901462
-2.02E-05,4.35E-06,-0.000103634,5792.901462
-2.39E-05,7.16E-06,-9.68E-05,5792.901462
-2.45E-05,5.25E-06,-9.68E-05,5792.901462
-2.08E-05,6.56E-23,-0.000110484,5792.901462
-2.15E-05,1.46E-05,-6.48E-05,5792.901462
-1.95E-05,1.57E-05,-6.01E-05,5792.901462
1.61E-06,2.09E-05,-2.07E-05,5792.901462
-1.87E-05,0,-0.000108911,5792.901462
-1.87E-05,-2.62E-23,-0.000108911,5792.901462
-1.87E-05,-1.25E-22,-0.000108911,5792.901462
-1.87E-05,1.20E-22,-0.000108911,5792.901462
-1.87E-05,-2.96E-23,-0.000108911,5792.901462
-2.01E-05,0,-0.000110597,5792.901462
-2.01E-05,0,-0.000110597,5792.901462
-2.01E-05,0,-0.000110597,5792.901462
-2.01E-05,0,-0.000110597,5792.901462
-2.01E-05,-3.05E-23,-0.000110597,5792.901462
-2.03E-05,-5.88E-39,-0.000110561,5792.901462
-1.42E-05,6.34E-06,-8.71E-05,5792.901462
-1.43E-05,4.01E-06,-9.09E-05,5792.901462
-1.04E-05,1.46E-05,-5.53E-05,5792.901462
-2.67E-05,4.19E-06,-8.30E-05,5792.901462
-2.63E-05,2.38E-05,-1.38E-05,5792.901462
-3.70E-06,9.44E-06,-5.53E-05,5792.901462
1.28E-06,1.09E-05,-4.15E-05,5792.901462
-7.88E-06,1.77E-05,-4.15E-05,5792.901462
-2.16E-05,1.29E-05,-7.45E-05,5792.901462
-2.48E-05,1.16E-05,-7.24E-05,5792.901462
-2.33E-05,1.15E-05,-7.92E-05,5792.901462
-2.82E-05,6.06E-06,-6.92E-05,5792.901462
-1.09E-05,8.28E-06,-7.49E-05,5792.901462
-1.71E-05,9.29E-06,-8.67E-05,5792.901462
-1.80E-05,7.63E-06,-9.45E-05,5792.901462
-3.03E-05,7.05E-06,-5.53E-05,5792.901462
-2.18E-05,1.35E-06,-0.00010762,5792.901462
-2.44E-05,1.42E-05,-6.03E-05,5792.901462
-1.80E-05,1.95E-05,-4.15E-05,5792.901462
-1.95E-05,2.11E-06,-0.000106693,5792.901462
4.13E-06,2.27E-05,-1.38E-05,5792.901462
-1.62E-05,3.48E-06,-9.68E-05,5792.901462
-2.35E-05,1.32E-05,-6.92E-05,5792.901462
-1.03E-05,4.62E-06,-7.94E-05,5792.901462
-2.62E-05,1.06E-05,-6.92E-05,5792.901462
-1.75E-05,4.20E-06,-9.98E-05,5792.901462
-2.03E-05,1.74E-06,-0.000107894,5792.901462
-2.33E-05,1.50E-06,-0.000103922,5792.901462
-2.26E-05,3.60E-06,-0.000103635,5792.901462
-2.38E-05,2.05E-06,-0.000101775,5792.901462
-2.34E-05,4.50E-06,-0.000100658,5792.901462
-8.47E-06,8.21E-06,-6.92E-05,5792.901462
-9.05E-07,1.91E-05,-2.77E-05,5792.901462
-1.86E-05,1.09E-05,-8.30E-05,5792.901462
-1.92E-05,5.11E-06,-0.000101432,5792.901462
-2.30E-05,6.86E-06,-9.90E-05,5792.901462
-2.58E-05,2.37E-06,-9.06E-05,5792.901462
-2.39E-05,9.20E-06,-8.83E-05,5792.901462
7.71E-06,1.08E-05,-2.77E-05,5792.901462
-2.30E-05,9.20E-06,-9.31E-05,5792.901462
-2.14E-05,6.12E-06,-0.00010119,5792.901462
-2.97E-05,5.46E-06,-6.16E-05,5792.901462
-2.04E-05,4.82E-07,-0.000109893,5792.901462
-2.41E-05,4.92E-06,-9.84E-05,5792.901462
-1.92E-05,9.01E-06,-9.25E-05,5792.901462
-2.35E-05,8.28E-06,-9.52E-05,5792.901462
-2.19E-05,9.25E-06,-9.51E-05,5792.901462
-1.92E-05,9.69E-06,-8.95E-05,5792.901462
-2.53E-05,2.40E-06,-9.39E-05,5792.901462
-1.67E-05,1.65E-05,-5.53E-05,5792.901462
-2.78E-05,4.63E-06,-7.44E-05,5792.901462
-1.93E-05,7.98E-06,-9.68E-05,5792.901462
-2.48E-05,2.93E-06,-9.68E-05,5792.901462
-1.92E-05,6.46E-06,-9.92E-05,5792.901462
1.39E-05,1.31E-05,-1.38E-05,5792.901462
-2.10E-05,9.49E-06,-9.35E-05,5792.901462
-2.12E-05,9.90E-06,-9.14E-05,5792.901462
-2.27E-05,1.59E-05,-5.53E-05,5792.901462
-2.11E-05,7.82E-06,-9.85E-05,5792.901462
-3.20E-05,9.22E-06,-4.15E-05,5792.901462
-1.97E-05,8.60E-07,-0.000108997,5792.901462
-2.55E-05,1.24E-05,-6.49E-05,5792.901462
-2.01E-05,7.99E-37,-0.000110601,5787.144541
-2.01E-05,0,-0.000110599,5786.220658
-2.01E-05,0,-0.000110602,5784.918002
-1.63E-05,0,-0.000100466,5779.833923
-1.63E-05,3.17E-37,-0.000100494,5778.314736
-1.93E-05,0,-0.000109996,5775.605677
-1.93E-05,0,-0.000110008,5772.727939
-1.87E-05,-4.70E-37,-0.00010893,5769.716156
-1.69E-05,-3.06E-37,-0.000103309,5769.381938
-1.87E-05,-4.70E-37,-0.00010891,5768.125707
-1.69E-05,0,-0.000103353,5766.626592
-1.75E-05,9.17E-37,-0.000105604,5766.458746
-1.81E-05,0,-0.000107474,5765.904346
-1.81E-05,0,-0.000107445,5765.287046
-1.75E-05,0,-0.000105567,5761.341056
-4.58E-05,1.40E-05,-6.92E-06,5697.511536
-4.22E-05,1.93E-05,-6.92E-06,5683.179717
-3.97E-05,2.61E-05,0,5683.179717
-3.97E-05,2.61E-05,0,5683.179717
-3.97E-05,2.61E-05,0,5683.179717
-3.97E-05,2.61E-05,0,5683.179717
-4.50E-05,6.80E-06,-1.26E-05,5638.571334
-5.44E-05,1.44E-05,0,5602.121611
-5.44E-05,1.44E-05,0,5602.121611
-5.44E-05,1.44E-05,0,5602.121611
-5.44E-05,1.44E-05,0,5602.121611
-5.44E-05,1.44E-05,0,5602.121611
-5.44E-05,1.44E-05,0,5602.121611
-5.44E-05,1.44E-05,0,5602.121611
-5.44E-05,1.44E-05,0,5602.121611
-5.44E-05,1.44E-05,0,5602.121611
-5.07E-05,1.98E-05,0,5587.789792
-5.07E-05,1.98E-05,0,5587.789792
-5.07E-05,1.98E-05,0,5587.789792
-5.07E-05,1.98E-05,0,5587.789792
-5.66E-05,7.22E-06,0,5585.030401
-5.66E-05,7.22E-06,0,5585.030401
-4.70E-05,2.51E-05,0,5573.457973
-4.70E-05,2.51E-05,0,5573.457973
-4.70E-05,2.51E-05,0,5573.457973
-4.70E-05,2.51E-05,0,5573.457973
-4.70E-05,2.51E-05,0,5573.457973
-4.70E-05,2.51E-05,0,5573.457973
-5.89E-05,4.99E-20,0,5567.93919
-5.89E-05,4.99E-20,0,5567.93919
-5.89E-05,4.99E-20,0,5567.93919
-5.35E-05,7.22E-06,-5.71E-06,5543.181408
-3.86E-05,3.27E-05,0,5484.765644
-3.86E-05,3.27E-05,0,5484.765644
-3.86E-05,3.27E-05,0,5484.765644
-5.26E-05,7.31E-21,-1.14E-05,5484.241206
-2.84E-05,5.05E-06,-8.61E-05,5463.703906
-3.05E-05,3.51E-05,0,5448.326443
-3.05E-05,3.51E-05,0,5448.326443
-3.05E-05,3.51E-05,0,5448.326443
-3.05E-05,3.51E-05,0,5448.326443
-2.25E-05,3.84E-05,0,5448.326443
-2.25E-05,3.84E-05,0,5448.326443
-2.25E-05,3.84E-05,0,5448.326443
-2.25E-05,3.84E-05,0,5448.326443
-2.74E-05,3.34E-05,-6.92E-06,5448.326443
-2.70E-05,4.71E-06,-9.36E-05,5427.461768
-2.74E-05,5.90E-06,-9.07E-05,5404.682736
-4.31E-05,1.17E-05,-2.84E-05,5396.407032
-4.46E-05,1.29E-05,-2.15E-05,5396.407032
-5.65E-05,2.18E-05,0,5392.50797
-5.65E-05,2.18E-05,0,5392.50797
-5.65E-05,2.18E-05,0,5392.50797
-5.65E-05,2.18E-05,0,5392.50797
-1.45E-05,4.08E-05,0,5374.901799
-1.45E-05,4.08E-05,0,5374.901799
-1.45E-05,4.08E-05,0,5374.901799
-1.45E-05,4.08E-05,0,5374.901799
-2.60E-05,7.21E-06,-9.44E-05,5371.715583
-3.02E-05,8.06E-06,-7.62E-05,5366.053962
-6.36E-05,7.75E-06,0,5365.373472
-6.36E-05,7.75E-06,0,5365.373472
-6.36E-05,7.75E-06,0,5365.373472
-2.83E-05,8.44E-06,-8.35E-05,5361.060532
-6.13E-05,1.50E-05,0,5358.843435
-6.13E-05,1.50E-05,0,5358.843435
-6.13E-05,1.50E-05,0,5358.843435
-6.13E-05,1.50E-05,0,5358.843435
-2.63E-05,7.76E-06,-9.23E-05,5350.63794
-3.31E-05,7.31E-21,-7.44E-05,5345.41479
-2.78E-05,7.41E-06,-8.77E-05,5343.553983
-3.76E-05,4.36E-06,-5.62E-05,5342.035805
-2.48E-05,9.47E-06,-9.26E-05,5337.629337
-3.90E-05,6.36E-06,-5.00E-05,5325.73491
-4.29E-05,1.78E-05,-2.25E-05,5323.314497
-4.44E-05,1.90E-05,-1.56E-05,5323.314497
-5.87E-06,4.07E-05,0,5322.212355
-5.87E-06,4.07E-05,0,5322.212355
-5.87E-06,4.07E-05,0,5322.212355
-5.87E-06,4.07E-05,0,5322.212355
-3.10E-05,9.11E-06,-7.24E-05,5319.620204
-4.98E-05,7.31E-21,-2.43E-05,5309.380006
-2.54E-05,7.79E-06,-9.64E-05,5302.76083
-4.51E-05,7.31E-21,-3.74E-05,5301.717043
-6.72E-05,4.91E-20,0,5298.908594
-6.72E-05,4.96E-20,0,5298.908594
-6.72E-05,4.96E-20,0,5298.908594
-2.89E-05,1.23E-05,-7.11E-05,5292.492362
-3.08E-05,6.01E-06,-8.08E-05,5292.364403
-5.20E-05,1.22E-05,-1.44E-05,5286.383412
-3.23E-05,7.31E-21,-8.03E-05,5285.843587
-3.09E-05,1.52E-05,-5.63E-05,5281.921431
-2.49E-05,3.41E-06,-0.000102332,5279.394148
-2.54E-05,9.82E-06,-9.10E-05,5279.30981
-2.70E-05,4.28E-06,-9.73E-05,5266.691668
-2.56E-05,3.74E-06,-0.000100744,5264.947888
-4.17E-05,7.31E-21,-4.91E-05,5262.442047
-2.69E-05,8.87E-06,-8.98E-05,5260.176115
-5.98E-05,7.22E-06,-9.28E-06,5260.038324
-3.21E-05,1.24E-05,-6.29E-05,5255.86229
-2.96E-05,4.20E-06,-8.90E-05,5250.17103
-3.33E-05,9.27E-06,-6.81E-05,5246.562163
-3.03E-05,1.27E-05,-6.71E-05,5245.671944
-3.11E-05,7.31E-21,-8.62E-05,5243.128464
-6.21E-05,2.86E-20,-9.28E-06,5242.947114
-3.68E-05,1.26E-05,-5.01E-05,5242.425801
-5.22E-05,6.14E-06,-2.03E-05,5242.076904
-3.85E-05,2.29E-05,-1.61E-05,5236.819224
-3.70E-05,2.17E-05,-2.30E-05,5236.819224
-3.30E-05,2.80E-05,-1.61E-05,5236.819224
-3.61E-05,2.96E-05,-9.19E-06,5236.819224
-3.29E-05,2.60E-05,-2.30E-05,5236.819224
-2.23E-05,1.08E-05,-9.28E-05,5235.483416
-3.41E-05,4.61E-06,-7.32E-05,5230.200397
-5.29E-05,1.94E-05,-8.66E-06,5227.924571
-2.11E-05,1.55E-05,-7.16E-05,5225.70554
-2.86E-05,1.22E-05,-7.44E-05,5222.214319
-3.30E-05,4.54E-06,-7.76E-05,5221.647898
-4.92E-05,2.47E-05,-8.66E-06,5213.592752
-2.99E-05,7.31E-21,-9.12E-05,5202.271001
-5.89E-05,7.31E-21,-1.50E-05,5201.098122
-3.96E-05,7.31E-21,-5.96E-05,5187.035368
-2.88E-05,7.31E-21,-9.54E-05,5186.113723
-5.87E-05,2.92E-05,0,5182.894329
-5.87E-05,2.92E-05,0,5182.894329
-5.87E-05,2.92E-05,0,5182.894329
-5.87E-05,2.92E-05,0,5182.894329
-5.87E-05,2.92E-05,0,5182.894329
-5.17E-05,3.38E-05,0,5179.762078
-5.17E-05,3.38E-05,0,5179.762078
-5.17E-05,3.38E-05,0,5179.762078
-5.17E-05,3.38E-05,0,5179.762078
-4.47E-05,3.83E-05,0,5176.629827
-4.47E-05,3.83E-05,0,5176.629827
-4.47E-05,3.83E-05,0,5176.629827
-4.47E-05,3.83E-05,0,5176.629827
-4.47E-05,3.83E-05,0,5176.629827
-4.47E-05,3.83E-05,0,5176.629827
-4.47E-05,3.83E-05,0,5176.629827
-4.47E-05,3.83E-05,0,5176.629827
-2.65E-05,4.41E-06,-9.93E-05,5175.570722
-2.03E-05,1.10E-05,-9.24E-05,5174.840613
-4.37E-05,7.91E-06,-4.27E-05,5174.826518
-2.67E-05,2.13E-06,-0.000100215,5168.300376
-3.15E-05,4.96E-06,-8.43E-05,5168.142811
-2.28E-05,1.07E-05,-9.42E-05,5157.801226
-6.35E-05,2.24E-05,0,5154.834782
-6.35E-05,2.24E-05,0,5154.834782
-6.35E-05,2.24E-05,0,5154.834782
-6.35E-05,2.24E-05,0,5154.834782
-2.64E-05,1.50E-05,-7.16E-05,5146.549869
-3.66E-05,4.07E-05,0,5140.190625
-3.66E-05,4.07E-05,0,5140.190625
-3.66E-05,4.07E-05,0,5140.190625
-3.66E-05,4.07E-05,0,5140.190625
-3.76E-05,7.31E-21,-6.91E-05,5135.163671
-2.59E-05,1.68E-06,-0.000102717,5134.847229
-2.77E-05,7.31E-21,-9.90E-05,5133.110005
-3.82E-05,7.18E-06,-6.16E-05,5130.384037
-6.83E-05,1.55E-05,0,5127.651833
-6.83E-05,1.55E-05,0,5127.651833
-6.83E-05,1.55E-05,0,5127.651833
-6.83E-05,1.55E-05,0,5127.651833
-6.83E-05,1.55E-05,0,5127.651833
-4.34E-05,2.86E-05,-9.19E-06,5127.097479
-3.70E-05,1.18E-05,-5.71E-05,5117.880265
-2.38E-05,1.11E-05,-9.18E-05,5108.456652
-3.87E-05,1.93E-05,-3.21E-05,5107.730819
-3.45E-05,2.36E-05,-3.21E-05,5107.730819
-2.98E-05,3.62E-06,-9.22E-05,5105.702287
-2.73E-05,6.36E-06,-9.61E-05,5103.936438
-2.85E-05,4.31E-05,0,5103.751424
-2.85E-05,4.31E-05,0,5103.751424
-2.85E-05,4.31E-05,0,5103.751424
-2.85E-05,4.31E-05,0,5103.751424
-2.85E-05,4.31E-05,0,5103.751424
-2.85E-05,4.31E-05,0,5103.751424
-2.85E-05,4.31E-05,0,5103.751424
-2.85E-05,4.31E-05,0,5103.751424
-2.85E-05,4.31E-05,0,5103.751424
-2.85E-05,4.31E-05,0,5103.751424
-7.19E-05,7.75E-06,0,5098.936337
-7.19E-05,7.75E-06,0,5098.936337
-7.19E-05,7.75E-06,0,5098.936337
-7.19E-05,7.75E-06,0,5098.936337
-2.53E-05,5.93E-06,-0.000100369,5095.716857
-2.56E-05,9.34E-06,-9.44E-05,5094.51971
-2.12E-05,1.04E-05,-9.60E-05,5092.850245
-2.82E-05,1.27E-05,-7.79E-05,5081.568334
-2.87E-05,2.85E-05,-2.11E-05,5076.936182
-2.39E-05,1.89E-06,-0.000106534,5075.872935
-7.54E-05,4.91E-20,0,5070.220841
-7.54E-05,4.92E-20,0,5070.220841
-7.54E-05,4.92E-20,0,5070.220841
-7.54E-05,4.92E-20,0,5070.220841
-2.66E-05,7.31E-21,-0.00010211,5066.160766
-6.68E-05,7.75E-06,-9.28E-06,5062.475447
-2.51E-05,2.96E-06,-0.000103867,5061.331219
-2.92E-05,3.59E-06,-9.50E-05,5051.660594
-2.86E-05,6.39E-06,-9.33E-05,5050.893913
-3.14E-05,9.59E-06,-7.93E-05,5048.627687
-6.05E-05,1.89E-05,-9.35E-06,5045.076111
-2.60E-05,6.82E-06,-9.87E-05,5042.125038
-2.87E-05,1.51E-05,-6.88E-05,5039.900556
-2.62E-05,1.18E-05,-8.68E-05,5034.123254
-2.56E-05,7.31E-21,-0.000104706,5025.644107
-2.37E-05,2.95E-05,-1.98E-05,5018.546056
-1.64E-05,3.12E-05,-1.98E-05,5018.546056
-5.51E-05,2.68E-05,-8.66E-06,5018.310931
-4.81E-05,3.13E-05,-8.66E-06,5015.178679
-1.78E-05,1.58E-05,-7.28E-05,5013.669704
-2.35E-05,1.61E-05,-7.30E-05,5005.587085
-5.84E-05,1.22E-05,-1.79E-05,5004.733542
-2.97E-05,7.16E-06,-9.03E-05,5002.615238
-7.03E-05,2.83E-20,-9.28E-06,5001.282198
-2.17E-05,1.86E-05,-6.36E-05,5000.579475
-5.18E-05,1.23E-05,-2.92E-05,4999.912602
-2.09E-05,1.32E-05,-8.58E-05,4987.361751
-2.53E-05,9.47E-06,-9.60E-05,4982.798023
-2.86E-05,8.33E-06,-9.16E-05,4979.8686
-2.87E-05,1.00E-05,-8.67E-05,4979.627065
-2.05E-05,1.74E-05,-6.85E-05,4977.494163
-2.67E-05,8.38E-06,-9.60E-05,4968.335403
-5.85E-05,6.14E-06,-2.39E-05,4958.93382
-2.54E-05,4.90E-06,-0.000102112,4958.205752
-2.01E-05,1.09E-05,-9.45E-05,4957.142397
-3.49E-05,3.59E-06,-8.18E-05,4954.91863
-2.75E-05,8.28E-06,-9.45E-05,4954.774958
-3.13E-05,7.51E-06,-8.68E-05,4954.344121
-2.03E-05,1.22E-05,-9.01E-05,4951.380455
9.59E-06,3.69E-05,0,4951.170111
9.59E-06,3.69E-05,0,4951.170111
9.59E-06,3.69E-05,0,4951.170111
-4.46E-05,4.75E-06,-5.67E-05,4939.963257
-2.46E-05,7.31E-21,-0.000106789,4934.845785
-3.87E-05,1.83E-05,-4.43E-05,4932.953859
-4.22E-05,3.52E-05,-9.19E-06,4928.683406
-5.16E-05,1.83E-05,-2.33E-05,4926.820067
-3.20E-05,1.36E-05,-7.14E-05,4926.123026
-2.39E-05,3.81E-06,-0.000105578,4924.271055
-6.53E-05,7.31E-21,-1.86E-05,4917.955037
-7.70E-05,1.62E-05,0,4917.93203
-7.70E-05,1.62E-05,0,4917.93203
-7.70E-05,1.62E-05,0,4917.93203
-7.70E-05,1.62E-05,0,4917.93203
-2.69E-05,9.72E-06,-9.33E-05,4916.531336
-2.89E-05,1.25E-05,-8.13E-05,4909.729435
-2.99E-05,1.66E-05,-6.58E-05,4906.679203
-2.64E-05,1.54E-05,-7.48E-05,4905.698172
-2.05E-05,4.55E-05,0,4903.903734
-2.05E-05,4.55E-05,0,4903.903734
-2.05E-05,4.55E-05,0,4903.903734
-2.05E-05,4.55E-05,0,4903.903734
-1.83E-05,1.27E-05,-8.64E-05,4901.567812
-2.76E-05,9.94E-06,-9.17E-05,4899.896562
-2.35E-05,1.34E-05,-8.64E-05,4896.365527
-2.35E-05,1.26E-05,-8.97E-05,4894.425577
-5.09E-05,7.31E-21,-4.56E-05,4894.018761
-3.41E-05,3.76E-05,-9.19E-06,4892.244205
-2.17E-05,1.49E-05,-8.10E-05,4891.709126
-7.17E-05,2.40E-05,0,4890.165709
-7.17E-05,2.40E-05,0,4890.165709
-7.17E-05,2.40E-05,0,4890.165709
-7.17E-05,2.40E-05,0,4890.165709
-8.06E-05,8.44E-06,0,4889.216534
-8.06E-05,8.44E-06,0,4889.216534
-8.06E-05,8.44E-06,0,4889.216534
-2.37E-05,7.31E-21,-0.000108456,4886.140993
-4.52E-05,1.21E-05,-4.80E-05,4885.677413
-2.16E-05,1.15E-05,-9.41E-05,4884.516989
-3.28E-05,3.92E-06,-8.92E-05,4882.275773
-2.08E-05,1.85E-06,-0.000109606,4880.100317
-7.38E-05,1.33E-05,-6.13E-06,4879.305277
-2.76E-05,3.50E-05,-1.40E-05,4878.783324
-3.97E-05,7.61E-06,-6.82E-05,4878.233876
-3.82E-05,7.31E-21,-7.77E-05,4873.742414
-6.15E-05,7.31E-21,-2.74E-05,4871.127652
-2.28E-05,1.10E-05,-9.60E-05,4866.6217
-2.42E-05,7.54E-06,-0.000101061,4865.55874
-6.69E-05,3.09E-05,0,4863.190489
-6.69E-05,3.09E-05,0,4863.190489
-6.69E-05,3.09E-05,0,4863.190489
-6.69E-05,3.09E-05,0,4863.190489
-2.43E-05,1.13E-05,-9.35E-05,4862.416041
-6.75E-05,1.95E-05,-9.35E-06,4858.26855
-3.59E-05,9.34E-06,-7.52E-05,4857.43909
-2.21E-05,8.89E-06,-0.000100221,4855.73719
-2.44E-05,1.08E-05,-9.50E-05,4854.14915
-5.14E-05,2.43E-05,-1.73E-05,4853.727532
-2.35E-05,5.70E-06,-0.00010389,4850.831282
-7.74E-05,5.60E-06,-6.13E-06,4850.589782
-4.39E-05,1.12E-05,-5.47E-05,4848.625628
-3.97E-05,4.65E-06,-7.30E-05,4844.31769
-2.69E-05,5.29E-06,-0.000100712,4843.584072
-2.68E-05,3.65E-06,-0.000102288,4842.859783
-2.86E-05,8.78E-06,-9.31E-05,4841.757434
-2.11E-05,1.65E-05,-7.50E-05,4838.076322
-5.13E-06,2.64E-05,-2.89E-05,4837.338086
-8.61E-06,2.57E-05,-3.58E-05,4837.338086
-1.05E-05,3.04E-05,-2.19E-05,4837.338086
-2.61E-06,2.82E-05,-2.19E-05,4837.338086
-3.86E-05,1.26E-05,-6.35E-05,4836.638152
-4.18E-05,1.53E-05,-5.07E-05,4833.624726
-2.12E-05,1.58E-05,-7.79E-05,4829.915183
-1.79E-05,1.53E-05,-7.78E-05,4826.191056
-6.27E-05,2.63E-05,-9.35E-06,4826.092387
-2.55E-05,1.86E-05,-6.58E-05,4825.305378
-5.77E-05,7.31E-21,-3.63E-05,4824.300266
-2.40E-05,1.27E-06,-0.000107879,4819.796603
-2.94E-05,3.88E-06,-9.79E-05,4819.125527
-3.24E-05,1.30E-05,-7.56E-05,4814.887821
-3.20E-05,1.01E-05,-8.39E-05,4810.298584
-8.57E-05,4.91E-20,0,4803.239309
-8.57E-05,4.91E-20,0,4803.239309
-8.57E-05,4.88E-20,0,4803.239309
-8.57E-05,4.88E-20,0,4803.239309
-2.10E-05,1.08E-06,-0.000110429,4800.260969
-2.19E-05,1.24E-05,-9.18E-05,4797.662668
-1.83E-05,1.04E-05,-9.48E-05,4796.438685
-3.51E-05,8.05E-06,-8.11E-05,4795.805689
-2.59E-05,1.13E-05,-9.27E-05,4786.993648
-2.53E-05,8.89E-06,-9.88E-05,4786.790436
-5.04E-05,6.79E-06,-4.92E-05,4785.674807
-5.91E-05,1.19E-05,-2.96E-05,4780.97276
-3.66E-05,7.31E-21,-8.42E-05,4780.667368
-3.48E-05,4.51E-06,-8.66E-05,4778.466476
-6.60E-05,1.17E-05,-1.86E-05,4775.637325
-3.14E-05,2.51E-05,-4.03E-05,4772.806536
-4.56E-05,2.82E-05,-1.79E-05,4767.232258
-7.23E-05,5.60E-06,-1.54E-05,4763.883806
-4.96E-05,7.31E-21,-5.53E-05,4761.738712
-2.46E-05,1.60E-05,-7.76E-05,4758.576513
-2.06E-05,6.13E-07,-0.000110934,4754.498918
-5.96E-05,3.91E-05,0,4752.839529
-5.96E-05,3.91E-05,0,4752.839529
-5.96E-05,3.91E-05,0,4752.839529
-5.96E-05,3.91E-05,0,4752.839529
-2.01E-05,1.14E-06,-0.00011046,4748.041115
-2.15E-05,6.26E-06,-0.000104273,4746.558751
-3.17E-05,2.13E-05,-5.26E-05,4743.304138
-2.31E-05,7.20E-06,-0.000102868,4742.763433
-6.58E-05,5.73E-06,-2.43E-05,4739.993977
-2.16E-05,1.07E-05,-9.78E-05,4736.318034
-8.82E-07,3.80E-05,-6.70E-06,4733.815483
7.80E-07,3.25E-05,-1.36E-05,4733.815483
-7.13E-06,3.48E-05,-1.36E-05,4733.815483
-9.56E-06,3.81E-05,-6.70E-06,4733.815483
-2.44E-05,1.08E-05,-9.64E-05,4733.488937
-3.48E-05,7.31E-21,-8.96E-05,4732.064563
-2.84E-05,8.21E-06,-9.61E-05,4728.552519
-2.95E-05,1.63E-05,-7.28E-05,4725.373379
-1.49E-05,7.01E-06,-9.59E-05,4725.080951
-2.34E-05,1.82E-05,-7.06E-05,4724.605991
-2.87E-05,3.39E-06,-0.000100563,4722.567164
-5.92E-05,1.78E-05,-2.39E-05,4719.352352
-2.57E-05,9.75E-06,-9.73E-05,4719.101998
-8.04E-05,2.83E-20,-9.84E-06,4718.961032
-2.74E-05,8.30E-06,-9.76E-05,4718.295558
-2.54E-05,4.77E-06,-0.000103889,4718.176779
-1.92E-05,8.91E-07,-0.000110282,4716.784756
-2.10E-05,1.36E-05,-8.82E-05,4715.583055
-3.33E-05,1.81E-05,-6.20E-05,4715.522823
-4.74E-05,1.98E-05,-3.29E-05,4711.23639
-8.57E-05,1.69E-05,0,4708.212227
-8.57E-05,1.69E-05,0,4708.212227
-8.57E-05,1.69E-05,0,4708.212227
-8.57E-05,1.69E-05,0,4708.212227
-8.57E-05,1.69E-05,0,4708.212227
-8.57E-05,1.69E-05,0,4708.212227
-1.91E-05,2.00E-06,-0.000109276,4707.455212
-2.99E-05,7.15E-06,-9.54E-05,4702.83025
-5.62E-05,3.66E-05,-7.42E-06,4701.933787
-1.86E-05,1.20E-05,-9.15E-05,4697.639399
-6.21E-05,5.73E-06,-3.32E-05,4693.166592
-3.51E-05,7.83E-06,-8.45E-05,4687.98077
-7.54E-05,2.13E-05,-7.62E-06,4686.293317
-3.27E-05,7.64E-06,-8.96E-05,4686.0467
-5.90E-05,2.39E-05,-1.80E-05,4682.832414
-2.70E-05,1.83E-05,-6.94E-05,4682.29938
-3.97E-05,3.21E-05,-1.84E-05,4680.736985
-2.29E-05,7.31E-21,-0.000109781,4676.723874
-3.31E-05,7.31E-21,-9.42E-05,4674.669829
2.26E-05,2.66E-05,0,4674.632114
2.26E-05,2.66E-05,0,4674.632114
2.26E-05,2.66E-05,0,4674.632114
2.26E-05,2.66E-05,0,4674.632114
2.75E-05,2.02E-05,0,4674.632114
2.75E-05,2.02E-05,0,4674.632114
2.75E-05,2.02E-05,0,4674.632114
2.16E-05,2.01E-05,-6.92E-06,4674.632114
-3.82E-05,1.29E-05,-6.92E-05,4672.57963
-1.62E-05,4.06E-05,-8.07E-06,4671.913879
-2.11E-05,3.56E-05,-1.50E-05,4671.913879
-1.38E-05,3.72E-05,-1.50E-05,4671.913879
3.11E-05,1.34E-05,0,4671.619633
3.11E-05,1.34E-05,0,4671.619633
3.11E-05,1.34E-05,0,4671.619633
3.11E-05,1.34E-05,0,4671.619633
-2.50E-05,1.48E-05,-8.39E-05,4671.542989
-2.60E-05,2.08E-06,-0.000105508,4670.739021
-3.25E-05,6.24E-06,-9.21E-05,4670.474703
-1.94E-05,1.07E-05,-9.70E-05,4670.156619
-8.25E-05,1.40E-05,-6.13E-06,4669.585475
-3.08E-05,8.15E-06,-9.29E-05,4668.810878
-2.97E-05,1.07E-05,-9.01E-05,4668.661331
-5.26E-05,4.37E-05,0,4668.31666
-5.26E-05,4.37E-05,0,4668.31666
-5.26E-05,4.37E-05,0,4668.31666
-5.26E-05,4.37E-05,0,4668.31666
-2.30E-05,1.24E-05,-9.31E-05,4666.159511
-8.04E-05,2.47E-05,0,4663.868042
-8.04E-05,2.47E-05,0,4663.868042
-8.04E-05,2.47E-05,0,4663.868042
-8.04E-05,2.47E-05,0,4663.868042
-1.74E-05,2.87E-06,-0.000106399,4663.478516
-4.75E-05,7.31E-21,-6.55E-05,4661.336278
-5.21E-05,1.48E-05,-4.32E-05,4660.445877
-2.54E-05,3.85E-06,-0.000105173,4657.141741
-2.73E-05,1.04E-05,-9.48E-05,4655.080149
-1.65E-05,1.04E-05,-9.27E-05,4651.596081
-9.09E-05,8.44E-06,0,4647.819742
-9.09E-05,8.44E-06,0,4647.819742
-9.09E-05,8.44E-06,0,4647.819742
-9.09E-05,8.44E-06,0,4647.819742
2.52E-05,1.34E-05,-6.92E-06,4642.841969
-8.76E-05,5.60E-06,-6.13E-06,4642.840617
-3.58E-05,1.36E-05,-7.29E-05,4641.795341
-3.46E-05,7.55E-06,-8.71E-05,4639.946786
-4.02E-05,5.87E-06,-7.78E-05,4638.700328
-2.91E-05,1.32E-05,-8.48E-05,4638.133543
-2.02E-05,8.57E-06,-0.000101173,4637.525592
-4.72E-05,2.58E-05,-2.69E-05,4631.963782
-3.94E-05,1.82E-05,-5.64E-05,4631.766348
-2.60E-05,1.13E-05,-9.46E-05,4631.446043
-7.93E-05,1.12E-05,-1.23E-05,4630.958722
-2.87E-05,6.07E-06,-9.95E-05,4629.330627
-2.74E-05,9.70E-06,-9.62E-05,4629.288025
-7.53E-05,7.31E-21,-1.91E-05,4622.638435
-2.72E-05,3.13E-06,-0.000103819,4621.147624
-3.43E-05,1.67E-05,-6.81E-05,4619.826579
-3.42E-05,3.23E-06,-9.23E-05,4618.559087
-2.34E-05,2.88E-05,-3.49E-05,4615.159361
-3.15E-05,7.31E-21,-9.82E-05,4613.281072
-2.55E-05,6.59E-06,-0.00010252,4610.472757
-2.62E-05,1.58E-05,-8.08E-05,4609.070604
-2.02E-05,1.82E-05,-7.25E-05,4608.612965
-6.52E-05,3.42E-05,-6.87E-06,4605.915158
-4.54E-05,1.16E-05,-6.22E-05,4605.614205
-3.88E-05,4.50E-06,-8.30E-05,4605.248146
-4.92E-05,4.12E-05,-7.42E-06,4602.731383
-7.51E-05,3.26E-05,0,4602.728882
-7.51E-05,3.26E-05,0,4602.728882
-7.51E-05,3.26E-05,0,4602.728882
-3.42E-05,5.55E-06,-9.09E-05,4602.695403
-2.67E-05,1.26E-05,-9.05E-05,4601.71541
-1.87E-05,1.17E-05,-9.34E-05,4600.569717
-7.30E-05,1.73E-05,-1.55E-05,4595.740513
-3.19E-05,1.05E-05,-8.79E-05,4595.680089
1.71E-05,3.31E-05,0,4594.500976
1.71E-05,3.31E-05,0,4594.500976
1.71E-05,3.31E-05,0,4594.500976
1.71E-05,3.31E-05,0,4594.500976
-2.21E-05,9.42E-07,-0.000110374,4593.321552
-2.62E-05,1.08E-05,-9.60E-05,4590.031706
-7.09E-05,2.80E-05,-9.35E-06,4589.313831
-1.25E-05,4.79E-05,0,4589.004789
-1.25E-05,4.79E-05,0,4589.004789
-2.43E-05,1.30E-05,-9.18E-05,4586.215037
-3.41E-05,1.26E-05,-7.99E-05,4585.719323
-3.25E-05,4.62E-06,-9.54E-05,4581.090209
-2.90E-05,9.75E-06,-9.46E-05,4577.249505
-9.60E-05,4.84E-20,0,4576.783198
-9.60E-05,4.84E-20,0,4576.783198
-9.60E-05,4.84E-20,0,4576.783198
-9.60E-05,4.84E-20,0,4576.783198
-5.46E-05,1.89E-05,-3.53E-05,4574.488385
-2.38E-05,1.09E-05,-9.79E-05,4570.377302
-2.13E-05,7.96E-06,-0.000102788,4570.086056
-1.98E-05,2.50E-05,-4.88E-05,4569.746695
-2.01E-05,1.25E-05,-9.30E-05,4569.601536
-6.97E-05,7.31E-21,-2.94E-05,4569.392856
-2.28E-05,1.69E-06,-0.000109545,4569.276255
-2.73E-05,6.93E-06,-0.000100691,4569.230872
-1.80E-05,5.40E-06,-0.000104306,4565.141647
-6.64E-05,1.15E-05,-3.01E-05,4562.032917
-1.80E-05,1.52E-05,-8.22E-05,4560.337619
-2.78E-05,1.13E-05,-9.34E-05,4559.146183
-2.13E-05,5.24E-07,-0.000111122,4557.680993
-6.59E-05,7.31E-21,-3.83E-05,4554.657635
-1.29E-05,1.19E-05,-8.30E-05,4554.161037
-4.13E-05,2.97E-05,-2.74E-05,4551.648581
-2.24E-05,2.71E-05,-4.26E-05,4548.927193
-2.15E-05,2.19E-05,-6.07E-05,4541.377502
-2.88E-05,1.32E-05,-8.78E-05,4539.590355
-4.09E-05,1.08E-05,-7.36E-05,4539.172598
-4.27E-05,4.28E-05,-7.03E-06,4538.903973
-5.18E-05,6.74E-06,-5.91E-05,4537.056183
-6.65E-05,1.74E-05,-2.44E-05,4535.790869
-2.94E-05,7.60E-06,-9.78E-05,4535.403364
-4.56E-05,5.67E-06,-7.13E-05,4535.164282
-2.88E-05,4.47E-05,-7.13E-06,4534.208305
-2.12E-05,3.04E-06,-0.000109122,4532.764838
-2.99E-05,7.31E-21,-0.000101609,4529.88615
-2.42E-05,9.33E-06,-0.000100365,4528.902948
-3.85E-05,2.80E-06,-8.63E-05,4528.89858
-1.65E-05,1.86E-05,-6.91E-05,4528.481378
-2.28E-05,1.25E-05,-9.47E-05,4527.825344
-3.00E-05,1.03E-05,-9.28E-05,4527.059709
-1.85E-05,8.84E-06,-0.00010016,4525.5547
-8.23E-05,5.60E-06,-1.60E-05,4521.480414
-3.54E-05,3.27E-05,-2.34E-05,4520.853944
-2.88E-05,2.19E-06,-0.000102864,4518.906271
-7.47E-05,6.93E-06,-2.42E-05,4515.212739
-9.06E-05,2.78E-20,-9.84E-06,4511.660206
-6.67E-05,2.34E-05,-1.87E-05,4509.548822
-3.62E-05,4.50E-06,-9.02E-05,4509.432628
-4.24E-05,4.66E-05,0,4507.842445
-4.24E-05,4.66E-05,0,4507.842445
-4.55E-05,7.31E-21,-7.48E-05,4503.162554
-3.46E-05,4.52E-05,-7.03E-06,4502.464772
-3.00E-05,1.64E-05,-7.76E-05,4502.399232
-3.54E-05,7.09E-06,-8.94E-05,4501.622037
-3.21E-05,1.34E-05,-8.34E-05,4499.860609
-2.31E-05,8.63E-06,-0.000101988,4494.1522
-2.64E-05,2.24E-05,-6.07E-05,4492.78263
-3.91E-05,9.21E-06,-8.04E-05,4491.352724
-2.70E-05,9.78E-06,-9.81E-05,4490.488859
-6.01E-05,7.31E-21,-4.98E-05,4488.373588
-5.26E-05,3.42E-05,-1.61E-05,4483.981796
-8.93E-05,1.70E-05,-7.43E-06,4483.37638
-2.85E-05,4.05E-06,-0.000102684,4481.341176
-9.58E-05,1.78E-05,0,4476.71067
-9.58E-05,1.78E-05,0,4476.71067
-9.58E-05,1.78E-05,0,4476.71067
-9.58E-05,1.78E-05,0,4476.71067
-2.09E-05,1.58E-05,-8.39E-05,4475.573274
-9.44E-05,8.58E-06,-7.43E-06,4471.122421
-8.96E-05,2.58E-05,0,4468.923555
-8.96E-05,2.58E-05,0,4468.923555
-8.96E-05,2.58E-05,0,4468.923555
-8.96E-05,2.58E-05,0,4468.923555
-8.41E-05,2.20E-05,-7.62E-06,4468.403794
-6.78E-05,4.08E-05,0,4468.314517
-6.78E-05,4.08E-05,0,4468.314517
-6.78E-05,4.08E-05,0,4468.314517
-6.78E-05,4.08E-05,0,4468.314517
-2.48E-05,1.30E-05,-9.33E-05,4466.571169
-2.39E-05,3.08E-06,-0.000107991,4466.443343
-2.84E-05,7.31E-21,-0.000104406,4463.228354
-5.44E-05,2.50E-05,-2.94E-05,4463.03711
-3.74E-05,7.17E-06,-8.69E-05,4461.164395
-2.33E-05,1.06E-05,-9.94E-05,4455.337866
-4.69E-05,1.95E-05,-5.00E-05,4454.195225
-2.84E-05,1.81E-05,-7.47E-05,4453.068491
-0.000100872,9.36E-06,0,4452.95506
-0.000100872,9.36E-06,0,4452.95506
-0.000100872,9.36E-06,0,4452.95506
-0.000100872,9.36E-06,0,4452.95506
-6.29E-05,1.08E-05,-4.14E-05,4449.44147
-2.22E-05,7.31E-21,-0.000110829,4446.005351
-8.60E-05,1.42E-05,-1.36E-05,4444.749628
-2.10E-05,1.27E-05,-9.45E-05,4443.889488
-3.88E-05,7.93E-06,-8.38E-05,4442.753319
-1.65E-05,1.00E-05,-9.58E-05,4440.477026
-2.66E-05,3.95E-06,-0.000105095,4437.644907
-1.52E-05,2.78E-05,-4.03E-05,4436.51425
-1.07E-05,1.95E-05,-6.11E-05,4436.081435
-3.25E-05,1.02E-05,-9.11E-05,4434.212402
-4.46E-05,1.21E-05,-6.91E-05,4431.509973
-2.25E-05,1.74E-05,-7.95E-05,4430.656793
-5.74E-05,8.40E-06,-5.36E-05,4430.427233
-3.33E-05,1.75E-05,-7.29E-05,4429.895957
-8.09E-05,1.91E-05,-1.38E-05,4429.777042
-1.74E-05,1.67E-06,-0.000108312,4429.441195
-2.28E-05,2.44E-05,-5.56E-05,4427.70627
-7.88E-05,2.98E-05,-7.62E-06,4427.67023
-7.02E-05,5.73E-06,-3.51E-05,4423.523961
-2.27E-05,5.81E-06,-0.000106063,4423.483208
-4.30E-05,2.73E-05,-3.65E-05,4422.560177
-3.48E-05,1.03E-05,-8.74E-05,4421.367937
-1.55E-05,1.15E-05,-9.02E-05,4417.150122
-2.37E-05,1.24E-05,-9.59E-05,4416.536049
-2.67E-05,2.60E-05,-4.89E-05,4416.529637
-1.80E-05,7.31E-21,-0.000110066,4414.00048
-1.60E-05,3.30E-06,-0.000104472,4413.649093
-8.53E-05,7.31E-21,-1.97E-05,4412.002107
-1.99E-05,1.87E-06,-0.000110294,4411.905876
1.28E-05,5.41E-06,-3.40E-05,4407.87573
-2.05E-05,7.31E-21,-0.000111458,4406.988094
-4.03E-05,1.72E-05,-6.62E-05,4404.197921
-2.68E-05,1.94E-05,-7.26E-05,4403.329089
-2.82E-05,5.93E-06,-0.000102176,4402.841747
5.32E-06,2.08E-05,-3.33E-05,4402.772429
9.63E-06,1.67E-05,-3.33E-05,4402.772429
-1.75E-05,1.32E-05,-8.95E-05,4396.606999
-1.97E-05,6.79E-07,-0.000111207,4394.909191
-2.13E-05,1.24E-05,-9.60E-05,4392.442481
-8.43E-05,3.37E-05,0,4390.732846
-8.43E-05,3.37E-05,0,4390.732846
-8.43E-05,3.37E-05,0,4390.732846
-8.43E-05,3.37E-05,0,4390.732846
-4.63E-05,1.82E-05,-5.70E-05,4390.12571
-4.32E-05,7.31E-21,-8.28E-05,4386.832704
-8.17E-05,1.25E-05,-2.10E-05,4386.662989
-7.34E-05,3.59E-05,-6.87E-06,4385.826543
-3.52E-05,6.47E-06,-9.25E-05,4385.112957
-2.87E-05,1.59E-05,-8.31E-05,4381.617964
-2.66E-05,1.31E-05,-9.28E-05,4381.184745
-2.69E-05,7.31E-21,-0.000106663,4379.177604
-0.000107197,4.79E-20,0,4375.38763
-0.000107197,4.74E-20,0,4375.38763
-0.000107197,4.79E-20,0,4375.38763
-1.17E-05,1.59E-05,-7.30E-05,4374.538477
-2.44E-05,1.29E-05,-9.47E-05,4374.205268
-2.73E-05,5.18E-06,-0.000103959,4373.559102
-3.99E-05,5.97E-06,-8.59E-05,4371.969828
2.54E-05,3.66E-21,-1.39E-05,4371.869346
2.94E-05,6.66E-06,-7.00E-06,4371.869346
2.35E-05,6.57E-06,-1.39E-05,4371.869346
-7.46E-05,2.52E-05,-1.70E-05,4369.072091
-5.29E-05,1.53E-05,-5.44E-05,4368.087676
2.70E-06,4.34E-05,0,4367.960352
2.70E-06,4.34E-05,0,4367.960352
2.70E-06,4.34E-05,0,4367.960352
2.70E-06,4.34E-05,0,4367.960352
2.07E-05,5.35E-06,-2.07E-05,4366.202208
1.57E-05,1.08E-05,-2.77E-05,4366.202208
1.88E-05,1.19E-05,-2.07E-05,4366.202208
-2.33E-05,1.93E-05,-7.43E-05,4363.673047
-3.18E-05,1.33E-05,-8.71E-05,4363.576899
-3.10E-05,3.32E-05,-2.85E-05,4360.970902
-2.57E-05,1.15E-05,-9.73E-05,4357.668287
-2.55E-05,3.97E-06,-0.000106593,4357.310915
-6.02E-05,3.37E-05,-1.68E-05,4356.138992
-3.04E-05,2.05E-05,-6.86E-05,4356.058472
-6.19E-05,1.85E-05,-3.57E-05,4355.548542
-4.67E-05,3.81E-05,-1.66E-05,4354.784963
-3.89E-05,4.26E-06,-8.91E-05,4354.425594
-2.54E-05,1.23E-05,-9.60E-05,4353.096615
-1.85E-05,2.97E-06,-0.000108532,4353.092725
-7.53E-05,1.27E-05,-2.99E-05,4352.200086
-2.01E-05,4.94E-06,-0.000107399,4351.073798
-1.31E-05,7.31E-21,-9.91E-05,4350.36732
-5.13E-05,7.73E-06,-6.75E-05,4349.311677
-2.55E-05,5.38E-06,-0.000105477,4346.074512
-5.37E-05,3.11E-05,-2.35E-05,4345.938964
-2.01E-05,1.38E-05,-9.18E-05,4344.51566
1.66E-07,2.49E-05,-3.61E-05,4339.974675
-3.32E-06,2.42E-05,-4.30E-05,4339.974675
-8.90E-05,8.58E-06,-1.73E-05,4335.27132
-2.84E-05,1.11E-05,-9.60E-05,4335.231725
-4.02E-05,7.31E-21,-8.86E-05,4333.997171
-1.20E-05,7.31E-21,-9.58E-05,4333.100474
-3.02E-05,9.75E-06,-9.64E-05,4332.139893
-0.000101107,2.78E-20,-1.03E-05,4330.241232
-4.05E-05,1.26E-05,-7.77E-05,4329.984313
-6.20E-05,2.45E-05,-3.00E-05,4329.306494
-2.22E-05,4.52E-05,-8.07E-06,4327.33886
-7.54E-05,1.86E-05,-2.42E-05,4325.958038
-1.71E-05,7.05E-06,-0.000102216,4325.007698
-2.15E-05,1.36E-05,-9.33E-05,4324.795396
-2.20E-05,4.80E-06,-0.000107854,4323.080692
-3.44E-05,3.92E-05,-1.63E-05,4322.701085
-2.66E-05,4.99E-05,0,4322.656082
-2.66E-05,4.99E-05,0,4322.656082
-1.71E-05,7.31E-21,-0.000108842,4319.411625
-3.30E-05,8.05E-06,-9.53E-05,4317.002257
-7.97E-05,7.31E-21,-3.00E-05,4316.722136
-3.23E-05,3.74E-06,-9.97E-05,4314.934166
-2.74E-05,2.21E-05,-6.60E-05,4313.56985
-1.01E-05,8.64E-06,-8.51E-05,4312.709478
-4.22E-05,7.16E-06,-8.31E-05,4312.42675
-2.67E-05,1.55E-05,-8.72E-05,4311.21792
-5.80E-05,7.31E-21,-6.19E-05,4310.302042
-2.28E-05,1.42E-05,-9.20E-05,4307.42283
-2.04E-05,1.18E-06,-0.000111161,4307.251567
-9.93E-05,1.79E-05,-7.43E-06,4306.987323
-2.43E-05,1.33E-06,-0.000109396,4306.164565
-2.76E-05,9.54E-06,-9.96E-05,4303.792651
-2.65E-05,8.45E-06,-0.000101704,4301.143665
-3.78E-05,7.31E-21,-9.33E-05,4296.436341
-4.39E-05,1.88E-05,-6.22E-05,4295.917207
-2.56E-05,7.31E-21,-0.000108453,4295.680768
-0.000105756,1.87E-05,0,4295.353256
-0.000105756,1.87E-05,0,4295.353256
-0.000105756,1.87E-05,0,4295.353256
-0.000105756,1.87E-05,0,4295.353256
-0.000105756,1.87E-05,0,4295.353256
-1.98E-05,3.76E-06,-0.00010875,4295.030843
-4.02E-05,3.97E-05,-1.62E-05,4290.957552
-9.96E-05,2.67E-05,0,4289.533279
-9.96E-05,2.67E-05,0,4289.533279
-9.96E-05,2.67E-05,0,4289.533279
-9.96E-05,2.67E-05,0,4289.533279
-1.23E-05,1.45E-05,-7.92E-05,4287.879135
-4.57E-05,9.86E-06,-7.57E-05,4286.691926
-6.92E-05,3.14E-05,-1.62E-05,4286.669106
-2.73E-05,1.12E-05,-9.76E-05,4286.533791
-5.02E-05,2.65E-05,-3.89E-05,4285.812172
-1.60E-05,7.31E-21,-0.0001073,4285.719697
-9.31E-05,2.59E-05,-7.43E-06,4285.448015
-1.98E-05,6.19E-06,-0.00010586,4285.412486
-5.42E-05,1.18E-05,-6.15E-05,4285.079178
-7.40E-05,7.31E-21,-4.02E-05,4285.015005
-1.90E-05,7.65E-06,-0.000103351,4281.772244
-3.61E-05,3.59E-06,-9.51E-05,4281.734683
-8.47E-05,6.93E-06,-2.47E-05,4277.184681
1.12E-05,1.21E-05,-3.68E-05,4273.710832
-0.000112081,9.36E-06,0,4270.760165
-0.000112081,9.36E-06,0,4270.760165
-0.000112081,9.36E-06,0,4270.760165
-0.000112081,9.36E-06,0,4270.760165
-2.63E-05,1.31E-05,-9.43E-05,4267.186548
-3.51E-05,1.38E-05,-8.42E-05,4266.771614
-3.46E-05,9.15E-06,-9.27E-05,4264.989334
-1.97E-05,1.29E-05,-9.48E-05,4261.545116
-2.24E-05,1.25E-05,-9.73E-05,4258.599246
-9.28E-05,1.72E-05,-1.49E-05,4258.540533
-1.56E-05,5.14E-06,-0.00010268,4255.777507
-8.80E-05,3.09E-05,-7.62E-06,4254.281368
-3.22E-05,2.35E-05,-6.12E-05,4253.419664
-1.51E-05,1.34E-05,-8.66E-05,4251.808043
-3.39E-05,6.40E-06,-9.67E-05,4251.123827
-4.68E-05,5.59E-06,-7.92E-05,4249.682343
-2.61E-05,1.99E-06,-0.000107855,4245.730441
-2.11E-05,3.53E-05,-2.58E-05,4244.190651
-8.77E-05,2.21E-05,-1.51E-05,4243.567947
-7.86E-05,4.16E-05,0,4243.246896
-7.86E-05,4.16E-05,0,4243.246896
-7.86E-05,4.16E-05,0,4243.246896
-3.80E-05,7.71E-06,-9.03E-05,4241.3985
-2.82E-05,3.30E-06,-0.000105276,4240.834313
-2.16E-05,9.60E-06,-0.000102107,4237.294476
-6.13E-05,3.07E-05,-2.42E-05,4234.394784
-2.71E-05,2.16E-05,-6.92E-05,4233.979903
-3.18E-05,7.41E-06,-9.87E-05,4231.908701
-3.84E-05,1.79E-05,-7.28E-05,4229.644857
-3.54E-05,1.05E-05,-9.05E-05,4229.174428
-8.25E-05,2.71E-05,-1.52E-05,4228.595361
-2.72E-05,1.24E-05,-9.59E-05,4227.904909
-9.34E-05,3.47E-05,0,4226.554074
-9.34E-05,3.47E-05,0,4226.554074
-9.34E-05,3.47E-05,0,4226.554074
-9.34E-05,3.47E-05,0,4226.554074
-9.34E-05,3.47E-05,0,4226.554074
-2.92E-05,9.97E-06,-9.84E-05,4225.844622
6.96E-06,3.85E-05,-6.75E-06,4224.558404
8.62E-06,3.30E-05,-1.37E-05,4224.558404
1.45E-05,3.48E-05,-6.75E-06,4224.558404
-2.46E-05,8.28E-06,-0.0001035,4223.321333
-2.59E-05,1.52E-05,-9.01E-05,4221.29289
-0.000105991,9.36E-06,-1.03E-05,4220.367478
1.76E-05,1.85E-05,-2.00E-05,4220.204328
1.02E-05,2.14E-05,-2.70E-05,4220.204328
1.28E-05,2.32E-05,-2.00E-05,4220.204328
1.45E-05,1.73E-05,-2.70E-05,4220.204328
-4.78E-05,3.50E-05,-2.40E-05,4220.113679
-3.10E-05,3.83E-06,-0.000102396,4219.0389
-3.91E-05,1.17E-05,-8.43E-05,4218.411986
-2.57E-05,1.12E-05,-9.91E-05,4218.349669
-3.20E-05,1.07E-05,-9.47E-05,4218.31316
-2.95E-05,1.43E-05,-9.02E-05,4216.249181
-2.48E-05,6.99E-06,-0.000105023,4216.08659
-2.93E-05,8.08E-06,-0.000100731,4214.409964
-7.91E-05,6.93E-06,-3.50E-05,4213.69113
-2.31E-05,1.41E-05,-9.37E-05,4213.361614
-3.20E-05,1.68E-05,-8.18E-05,4213.133781
-3.93E-05,2.23E-05,-6.12E-05,4207.885576
-9.58E-05,7.31E-21,-2.01E-05,4206.056086
-0.000118405,4.74E-20,0,4206.012528
-0.000118405,4.74E-20,0,4206.012528
-0.000118405,4.74E-20,0,4206.012528
-2.39E-05,1.61E-05,-8.79E-05,4204.215465
-8.85E-05,1.55E-05,-2.23E-05,4200.453894
-1.25E-05,1.10E-05,-8.75E-05,4199.440367
-1.94E-05,1.90E-05,-7.66E-05,4197.210591
1.98E-05,3.02E-05,-6.88E-06,4195.793876
1.40E-05,2.85E-05,-1.38E-05,4195.793876
1.88E-05,2.37E-05,-1.38E-05,4195.793876
-3.82E-05,5.22E-06,-9.30E-05,4192.209519
-2.41E-05,1.26E-05,-9.75E-05,4190.86313
-2.25E-05,1.68E-05,-8.59E-05,4190.725689
-2.67E-05,1.98E-05,-7.62E-05,4189.132474
-3.59E-05,7.31E-21,-9.76E-05,4187.768905
-8.33E-05,2.05E-05,-2.25E-05,4185.481308
-1.88E-05,7.31E-21,-0.000111036,4184.573769
-4.09E-05,8.23E-06,-8.70E-05,4184.151357
-8.26E-05,3.70E-05,-6.87E-06,4183.456221
-1.38E-05,7.31E-21,-0.000102159,4182.663321
-7.58E-05,6.01E-06,-4.13E-05,4181.824576
-4.27E-05,4.03E-06,-8.78E-05,4175.620876
-9.95E-05,8.58E-06,-1.77E-05,4174.635725
-2.45E-05,7.31E-21,-0.000109833,4174.623405
-1.58E-05,1.70E-06,-0.000106374,4173.16444
-2.02E-05,1.12E-05,-9.95E-05,4169.451893
-2.95E-05,1.30E-05,-9.40E-05,4166.503418
-3.58E-05,6.89E-06,-9.53E-05,4164.015833
-3.00E-05,3.97E-05,-2.14E-05,4162.818044
-5.49E-05,7.31E-21,-7.24E-05,4162.806839
-2.45E-05,2.17E-05,-7.09E-05,4161.836225
-0.000112315,2.74E-20,-1.03E-05,4161.225423
-2.14E-05,1.50E-05,-9.10E-05,4160.703742
-2.10E-05,1.62E-05,-8.74E-05,4158.404637
-3.36E-05,1.30E-05,-8.98E-05,4158.244174
-9.40E-05,6.86E-06,-2.33E-05,4157.206621
-7.56E-06,4.51E-05,-6.70E-06,4156.765321
-1.00E-05,7.31E-21,-9.22E-05,4156.753425
-4.98E-05,1.14E-05,-7.27E-05,4156.385449
-1.17E-05,3.68E-06,-9.51E-05,4152.47563
-5.74E-05,2.56E-05,-4.14E-05,4149.064167
-3.75E-05,1.67E-05,-7.84E-05,4146.335205
-7.71E-05,3.32E-05,-1.45E-05,4146.192376
-2.72E-05,3.31E-06,-0.000106802,4145.416137
-8.42E-05,1.39E-05,-2.98E-05,4142.367255
-5.81E-05,6.89E-06,-6.67E-05,4142.078225
-1.64E-05,2.30E-05,-6.18E-05,4141.551295
-2.46E-05,9.66E-06,-0.000102303,4139.433852
-6.61E-05,4.42E-05,-6.87E-06,4134.710803
-8.99E-05,7.31E-21,-2.94E-05,4133.785784
-6.56E-05,1.44E-05,-5.20E-05,4132.167933
-4.01E-05,3.61E-05,-2.73E-05,4132.147816
-0.000104195,1.62E-05,-1.34E-05,4131.964445
-0.000116909,2.02E-05,0,4131.710352
-0.000116909,2.02E-05,0,4131.710352
-0.000116909,2.02E-05,0,4131.710352
-0.000116909,2.02E-05,0,4131.710352
-0.000116909,2.02E-05,0,4131.710352
-4.43E-05,1.13E-05,-8.08E-05,4130.021301
-4.95E-05,3.26E-05,-3.31E-05,4128.148379
-2.93E-05,4.80E-06,-0.000104232,4127.326655
-2.96E-05,1.61E-05,-8.72E-05,4126.4409
-5.71E-05,4.65E-05,-7.42E-06,4125.644678
-1.27E-05,2.78E-06,-9.85E-05,4125.005419
-5.10E-05,1.81E-05,-6.23E-05,4123.314389
-5.09E-05,1.48E-05,-6.81E-05,4122.200912
-7.30E-05,2.30E-05,-3.23E-05,4118.819003
-6.77E-05,2.99E-05,-2.55E-05,4118.62741
-6.34E-05,6.98E-06,-6.07E-05,4118.122719
-2.01E-05,2.95E-06,-0.000110177,4117.850292
-2.84E-05,1.88E-06,-0.000106465,4116.220844
-4.07E-05,5.51E-06,-9.10E-05,4115.956263
-4.28E-07,1.96E-05,-4.70E-05,4115.765488
-0.000123233,1.08E-05,0,4115.551213
-0.000123233,1.08E-05,0,4115.551213
-0.000123233,1.08E-05,0,4115.551213
-0.000123233,1.08E-05,0,4115.551213
-8.42E-05,7.31E-21,-3.97E-05,4109.563356
-2.36E-05,1.58E-05,-9.04E-05,4108.253411
-2.40E-05,4.95E-06,-0.000107907,4105.03673
-2.50E-05,4.08E-05,-2.00E-05,4104.427918
-0.000109273,2.88E-05,0,4103.533317
-0.000109273,2.88E-05,0,4103.533317
-0.000109273,2.88E-05,0,4103.533317
-1.21E-05,6.72E-06,-9.41E-05,4098.915695
-2.37E-05,2.40E-05,-6.46E-05,4097.798419
-9.77E-05,1.54E-05,-2.08E-05,4097.612038
-5.25E-05,6.40E-06,-7.61E-05,4094.770342
-3.06E-05,2.06E-05,-7.47E-05,4092.46594
-2.29E-05,8.05E-06,-0.000104924,4092.243061
-4.22E-05,2.60E-05,-5.32E-05,4091.367784
-2.16E-05,2.26E-06,-0.000110801,4091.354963
-2.28E-05,3.83E-06,-0.000109192,4091.210293
-2.32E-05,1.99E-05,-7.78E-05,4090.745181
-3.56E-05,4.44E-06,-9.84E-05,4090.597942
-2.57E-05,3.77E-06,-0.000108003,4089.613545
-3.38E-05,7.31E-21,-0.000101439,4089.259474
-1.91E-05,2.23E-06,-0.000110452,4087.727962
-2.49E-05,1.48E-05,-9.34E-05,4087.408036
-4.07E-05,3.24E-06,-9.27E-05,4083.048409
-3.80E-05,1.16E-05,-8.91E-05,4079.173186
-7.76E-05,1.20E-05,-4.23E-05,4078.634147
-1.95E-05,1.28E-05,-9.67E-05,4078.574905
-2.41E-05,1.88E-05,-8.16E-05,4078.345217
-2.62E-05,1.04E-05,-0.000101148,4075.413466
-1.99E-05,1.85E-05,-8.06E-05,4075.153334
-8.78E-05,4.26E-05,0,4074.943813
-8.78E-05,4.26E-05,0,4074.943813
-8.78E-05,4.26E-05,0,4074.943813
-8.78E-05,4.26E-05,0,4074.943813
-3.20E-05,1.65E-05,-8.57E-05,4074.609158
-4.53E-05,1.59E-05,-7.41E-05,4074.411673
-6.27E-05,4.16E-05,-1.43E-05,4073.24857
-3.28E-05,1.29E-05,-9.25E-05,4072.758403
-2.88E-05,2.72E-05,-5.58E-05,4071.973609
-3.42E-05,2.97E-05,-4.82E-05,4070.939628
-2.44E-05,2.32E-05,-6.78E-05,4068.391575
-1.13E-05,2.60E-05,-4.90E-05,4067.630817
-2.10E-05,1.08E-05,-0.000101175,4066.804451
-4.13E-05,7.71E-06,-8.98E-05,4065.436215
-2.14E-05,1.28E-06,-0.000111474,4065.176524
-4.62E-05,6.44E-06,-8.49E-05,4063.894159
-7.17E-05,3.93E-05,-1.37E-05,4063.789391
-0.000103507,2.73E-05,-1.01E-05,4062.389459
-2.15E-05,7.31E-21,-0.000111752,4059.487678
-2.25E-05,9.38E-06,-0.000103515,4058.804792
-4.64E-05,1.94E-05,-6.71E-05,4058.793635
-2.26E-05,1.23E-05,-9.93E-05,4057.529503
-1.33E-05,9.62E-06,-9.27E-05,4056.660988
-2.80E-05,1.95E-05,-7.99E-05,4056.271303
-1.84E-05,1.60E-05,-8.69E-05,4055.037521
-0.000106225,7.31E-21,-2.06E-05,4052.341932
-7.02E-05,7.31E-21,-5.80E-05,4051.866543
-2.05E-05,1.96E-06,-0.000111115,4048.985424
-2.03E-05,2.15E-05,-7.21E-05,4047.718376
-0.000130469,4.74E-20,0,4047.551174
-0.000130469,4.69E-20,0,4047.551174
-0.000130469,4.69E-20,0,4047.551174
-2.22E-05,6.80E-07,-0.000111491,4046.384777
-6.08E-05,1.36E-05,-6.13E-05,4046.32592
-5.66E-05,1.35E-05,-6.63E-05,4045.537519
-7.95E-05,7.31E-21,-4.78E-05,4045.188351
-2.07E-05,2.29E-05,-6.78E-05,4042.263122
-1.57E-05,9.30E-06,-9.83E-05,4041.802705
-2.68E-05,7.48E-06,-0.000104546,4041.121405
-9.34E-05,1.38E-05,-2.83E-05,4039.525399
-8.93E-05,6.93E-06,-3.45E-05,4038.239482
-5.02E-05,2.28E-05,-5.77E-05,4035.612909
-2.49E-05,5.95E-06,-0.000106972,4034.103413
-0.000103115,3.68E-05,0,4029.653693
-0.000103115,3.68E-05,0,4029.653693
-0.000103115,3.68E-05,0,4029.653693
-0.000103115,3.68E-05,0,4029.653693
-2.66E-05,4.31E-06,-0.00010733,4029.487161
-5.37E-05,4.40E-05,-1.48E-05,4028.83294
-9.03E-05,2.31E-05,-2.28E-05,4027.659696
-1.84E-05,1.40E-05,-9.30E-05,4025.099343
-5.14E-05,7.31E-21,-8.16E-05,4024.257444
-2.32E-05,1.41E-05,-9.59E-05,4021.395065
-2.36E-05,7.31E-21,-0.000111016,4020.78434
-3.16E-05,7.31E-21,-0.000104497,4019.610718
-2.29E-05,1.08E-05,-0.000101717,4019.350791
-1.90E-05,1.52E-05,-9.04E-05,4018.545505
-4.22E-05,7.31E-21,-9.28E-05,4017.356566
-3.47E-05,8.02E-06,-9.78E-05,4017.075562
-2.07E-05,8.27E-06,-0.000104829,4017.010968
-9.53E-06,4.48E-06,-9.06E-05,4015.952383
-3.23E-05,9.97E-06,-9.81E-05,4014.006243
-8.51E-05,2.81E-05,-2.30E-05,4012.687109
-1.36E-05,6.40E-06,-9.87E-05,4009.075083
-2.15E-05,1.43E-05,-9.50E-05,4007.87904
-0.000104429,6.86E-06,-2.37E-05,4007.092393
-4.51E-05,2.36E-05,-6.08E-05,4006.94719
-1.70E-05,4.93E-06,-0.000106186,4006.857378
-8.60E-05,6.01E-06,-4.07E-05,4006.372928
-0.000123461,2.74E-20,-1.14E-05,4005.993071
-1.79E-05,1.27E-05,-9.55E-05,4005.211019
-4.18E-05,3.37E-05,-3.64E-05,4003.059411
-1.67E-05,1.29E-05,-9.34E-05,4001.035215
-0.000111843,1.78E-05,-1.49E-05,3999.858822
-2.74E-05,5.25E-06,-0.000106405,3999.410094
-7.53E-06,7.31E-21,-8.76E-05,3997.152543
-3.18E-05,7.01E-06,-0.00010159,3995.94529
-0.000118167,8.49E-06,-1.49E-05,3995.636789
-1.45E-05,7.31E-21,-0.000105201,3994.02161
-5.67E-05,3.18E-05,-3.55E-05,3991.400374
-1.19E-05,2.02E-05,-6.68E-05,3990.875926
-2.90E-05,7.25E-06,-0.000103744,3988.46488
-2.53E-06,1.51E-05,-6.14E-05,3986.118458
4.35E-06,3.08E-05,-2.20E-05,3983.623842
-1.56E-05,1.93E-05,-7.49E-05,3983.464431
-3.85E-05,9.45E-06,-9.30E-05,3983.325789
-1.42E-05,4.76E-05,-8.07E-06,3982.410959
-6.05E-05,4.91E-05,0,3981.907331
-6.05E-05,4.91E-05,0,3981.907331
-6.05E-05,4.91E-05,0,3981.907331
-6.05E-05,4.91E-05,0,3981.907331
-6.05E-05,4.91E-05,0,3981.907331
-9.70E-05,2.65E-05,-1.75E-05,3980.888405
-2.93E-05,2.51E-05,-6.48E-05,3979.927551
-4.24E-05,4.08E-05,-2.30E-05,3979.026482
-1.83E-05,4.84E-06,-0.000107639,3977.878279
-0.000128061,2.17E-05,0,3973.390279
-0.000128061,2.17E-05,0,3973.390279
-0.000128061,2.17E-05,0,3973.390279
-0.000128061,2.17E-05,0,3973.390279
-0.000128061,2.17E-05,0,3973.390279
-0.000100333,7.31E-21,-2.99E-05,3973.158691
-2.54E-05,1.41E-05,-9.62E-05,3972.726488
-9.73E-05,3.53E-05,-1.01E-05,3969.097015
-7.59E-05,8.88E-06,-5.25E-05,3967.659811
-9.19E-05,3.15E-05,-1.77E-05,3965.915819
-0.000135297,1.08E-05,0,3964.869216
-0.000135297,1.08E-05,0,3964.869216
-0.000135297,1.08E-05,0,3964.869216
-0.000135297,1.08E-05,0,3964.869216
-2.90E-05,4.63E-05,-1.43E-05,3964.665185
-7.22E-06,1.73E-05,-6.68E-05,3963.043856
-8.00E-05,2.02E-05,-3.65E-05,3961.589863
-8.13E-05,3.23E-05,-2.13E-05,3960.985265
-3.07E-05,3.26E-06,-0.000105201,3959.623364
-3.31E-05,2.44E-05,-6.72E-05,3954.585596
-1.86E-05,5.23E-05,0,3953.700244
-1.86E-05,5.23E-05,0,3953.700244
-1.86E-05,5.23E-05,0,3953.700244
-3.54E-05,1.04E-05,-9.56E-05,3953.247881
-2.82E-05,1.86E-05,-8.46E-05,3953.143538
-9.63E-05,4.27E-05,0,3951.088624
-9.63E-05,4.27E-05,0,3951.088624
-9.63E-05,4.27E-05,0,3951.088624
-9.63E-05,4.27E-05,0,3951.088624
-5.98E-05,5.29E-06,-7.29E-05,3950.498918
-6.39E-05,3.86E-05,-2.17E-05,3948.762986
-7.69E-05,4.49E-05,-6.87E-06,3948.121271
-0.000120426,3.03E-05,0,3947.21594
-0.000120426,3.03E-05,0,3947.21594
-0.000120426,3.03E-05,0,3947.21594
-0.000120426,3.03E-05,0,3947.21594
-2.96E-05,7.31E-21,-0.000106897,3943.787939
-4.13E-05,1.08E-05,-8.93E-05,3943.00509
-8.13E-05,6.01E-06,-4.89E-05,3941.997922
-1.67E-05,3.36E-06,-0.000107809,3941.873352
-9.23E-05,1.38E-05,-3.55E-05,3939.975583
-3.84E-05,6.99E-06,-9.59E-05,3939.777832
-6.31E-05,3.10E-05,-3.69E-05,3938.385083
-4.13E-05,7.31E-06,-9.26E-05,3937.530033
-0.000102633,1.37E-05,-2.68E-05,3936.683543
-9.85E-05,6.86E-06,-3.30E-05,3934.998472
-1.95E-05,1.59E-06,-0.00011132,3934.652537
-8.56E-05,1.48E-05,-4.06E-05,3934.27508
-9.44E-05,7.31E-21,-3.91E-05,3934.111708
-4.69E-05,4.94E-05,-7.42E-06,3933.944001
-3.93E-05,3.69E-06,-9.70E-05,3932.73792
-5.49E-05,4.09E-05,-2.22E-05,3931.284761
-2.87E-05,1.26E-05,-9.82E-05,3930.299801
-3.44E-05,2.29E-05,-7.17E-05,3928.109164
-3.30E-05,5.46E-06,-0.000102353,3926.084844
-0.000128289,1.08E-05,-1.14E-05,3923.503891
-2.63E-05,1.34E-05,-9.80E-05,3919.807728
-3.92E-05,2.39E-05,-6.69E-05,3919.316509
-2.43E-05,1.88E-05,-8.49E-05,3916.586251
1.83E-06,2.90E-05,-2.89E-05,3916.374214
-4.47E-05,1.13E-05,-8.61E-05,3916.310324
-5.80E-05,2.00E-05,-6.06E-05,3916.154688
-3.63E-05,1.26E-05,-9.26E-05,3913.321506
-4.71E-05,7.31E-21,-8.96E-05,3913.151584
-4.40E-05,8.50E-06,-8.95E-05,3912.455164
-0.000142532,4.64E-20,0,3908.596811
-0.000142532,4.64E-20,0,3908.596811
-0.000142532,4.64E-20,0,3908.596811
-0.000114659,2.88E-05,-1.01E-05,3908.541916
-2.09E-05,1.89E-05,-8.34E-05,3905.796306
-8.24E-05,1.38E-05,-4.68E-05,3902.408526
-2.46E-05,1.16E-05,-0.000101418,3901.298113
-4.07E-05,4.73E-05,-1.41E-05,3901.17812
-0.000117371,7.31E-21,-2.17E-05,3901.147238
-6.81E-06,4.55E-06,-8.49E-05,3900.000278
-1.85E-05,4.13E-05,-2.10E-05,3897.558474
-1.44E-05,1.58E-05,-8.35E-05,3896.267894
-7.03E-05,3.79E-05,-2.30E-05,3895.747695
-2.17E-05,1.56E-05,-9.33E-05,3895.612132
-5.03E-05,5.20E-05,0,3895.138702
-5.03E-05,5.20E-05,0,3895.138702
-5.03E-05,5.20E-05,0,3895.138702
-5.03E-05,5.20E-05,0,3895.138702
-2.10E-05,4.68E-06,-0.000109524,3894.434427
-8.76E-05,1.97E-05,-3.60E-05,3892.264769
-5.06E-05,1.19E-05,-8.02E-05,3891.780908
-4.41E-05,5.07E-06,-9.20E-05,3890.94164
-2.87E-05,1.70E-05,-8.99E-05,3890.62009
-6.33E-05,1.05E-05,-6.86E-05,3889.252999
-4.09E-05,6.18E-06,-9.49E-05,3886.745087
-1.86E-05,8.06E-07,-0.00011133,3886.65605
-2.34E-05,1.35E-05,-9.86E-05,3884.956747
-6.58E-05,7.31E-21,-7.02E-05,3884.138924
-0.000112077,8.49E-06,-2.52E-05,3883.075958
-5.74E-05,1.19E-05,-7.34E-05,3882.630948
-9.35E-06,3.37E-05,-3.01E-05,3881.77471
-1.58E-05,1.82E-05,-8.01E-05,3881.445386
-7.59E-05,3.84E-05,-2.05E-05,3878.58228
-3.22E-05,1.37E-05,-9.50E-05,3878.401492
-2.96E-05,1.04E-05,-0.000101366,3876.921607
-0.000135525,2.69E-20,-1.14E-05,3875.710661
-2.10E-05,6.46E-06,-0.000107776,3872.177784
-1.96E-05,7.31E-21,-0.000111857,3870.974052
-4.09E-05,7.31E-21,-9.70E-05,3869.353623
-2.79E-05,7.31E-21,-0.000108783,3867.270557
-1.33E-05,3.04E-06,-0.000102077,3866.198846
-0.000122995,1.93E-05,-1.49E-05,3864.462391
-3.21E-05,1.64E-05,-9.03E-05,3860.304965
-5.14E-05,5.72E-06,-8.50E-05,3860.251199
-8.97E-05,7.31E-21,-4.73E-05,3859.81127
-1.64E-05,1.43E-05,-9.14E-05,3859.724836
-9.52E-05,2.17E-05,-3.05E-05,3854.072303
-2.06E-05,1.32E-05,-9.84E-05,3853.400145
-2.13E-05,1.43E-05,-9.67E-05,3852.893347
-2.42E-05,1.25E-06,-0.000110987,3852.743236
-2.25E-05,3.33E-06,-0.000110643,3847.964624
-2.69E-05,1.64E-05,-9.25E-05,3845.176022
-2.46E-05,1.30E-05,-9.96E-05,3843.271982
-1.67E-05,6.79E-06,-0.00010473,3843.123135
-3.37E-05,1.18E-05,-9.70E-05,3841.676153
-2.34E-05,1.64E-05,-9.27E-05,3840.914674
-9.75E-05,6.92E-06,-4.02E-05,3840.814174
-1.99E-05,1.52E-05,-9.35E-05,3840.700797
-2.74E-05,1.85E-05,-8.74E-05,3839.05615
-4.01E-05,5.49E-05,0,3839.055063
-4.01E-05,5.49E-05,0,3839.055063
-4.01E-05,5.49E-05,0,3839.055063
-4.01E-05,5.49E-05,0,3839.055063
-4.01E-05,5.49E-05,0,3839.055063
-4.01E-05,5.49E-05,0,3839.055063
-4.01E-05,5.49E-05,0,3839.055063
-0.000101583,1.38E-05,-3.40E-05,3837.133727
-2.05E-05,9.47E-07,-0.000112001,3836.020412
-2.84E-05,2.01E-06,-0.000108292,3835.329813
-0.000110293,7.31E-21,-3.10E-05,3833.994152
-5.60E-05,3.79E-05,-2.96E-05,3833.736582
-2.29E-05,6.59E-06,-0.000107933,3832.861458
-2.24E-05,1.41E-05,-9.78E-05,3830.323358
-9.08E-05,7.83E-06,-4.52E-05,3830.147306
-4.65E-06,7.31E-21,-8.21E-05,3829.581015
-5.85E-05,5.81E-06,-7.85E-05,3829.577969
-0.00011279,3.89E-05,0,3825.190668
-0.00011279,3.89E-05,0,3825.190668
-5.19E-05,1.80E-05,-7.32E-05,3823.096235
-0.000101945,2.48E-05,-2.35E-05,3819.95991
-3.66E-05,1.62E-05,-8.83E-05,3819.828343
-3.03E-05,1.60E-05,-9.27E-05,3816.524106
-2.74E-05,4.03E-06,-0.000108264,3814.875917
-2.45E-05,4.62E-06,-0.000109298,3814.736393
-0.000110281,1.53E-05,-2.83E-05,3813.749851
-3.74E-05,7.50E-06,-9.86E-05,3813.501887
-2.50E-05,8.78E-06,-0.00010547,3811.171829
-2.60E-05,3.27E-05,-4.59E-05,3810.670169
-3.53E-05,6.71E-06,-0.000100936,3810.288989
-2.61E-05,5.35E-06,-0.000108146,3810.243149
-3.87E-05,2.29E-05,-7.32E-05,3809.244372
-2.17E-05,7.92E-06,-0.000106472,3809.154498
-2.58E-05,3.32E-06,-0.000109576,3809.01324
-5.52E-05,2.71E-05,-5.46E-05,3807.641462
-1.57E-05,1.54E-06,-0.00010807,3806.675779
-0.000148049,1.28E-05,0,3805.602906
-0.000148049,1.28E-05,0,3805.602906
-0.000148049,1.28E-05,0,3805.602906
-0.000148049,1.28E-05,0,3805.602906
-8.50E-05,7.31E-21,-5.55E-05,3805.361696
-8.51E-05,4.00E-05,-1.62E-05,3803.084704
-2.42E-05,3.00E-06,-0.000110479,3802.341094
-0.000107024,3.74E-05,-1.01E-05,3800.819876
-9.05E-05,4.39E-05,-8.59E-06,3800.287178
-8.77E-05,2.91E-05,-3.07E-05,3796.778858
-1.76E-05,1.82E-05,-8.37E-05,3796.778481
-3.54E-05,3.00E-05,-5.53E-05,3795.9801
-0.000108497,6.86E-06,-3.41E-05,3795.696141
-1.56E-05,5.35E-06,-0.000105059,3794.712876
-0.000140814,2.37E-05,0,3792.238431
-0.000140814,2.37E-05,0,3792.238431
-0.000140814,2.37E-05,0,3792.238431
-0.000140814,2.37E-05,0,3792.238431
-7.13E-05,4.98E-05,0,3790.268789
-7.13E-05,4.98E-05,0,3790.268789
-7.13E-05,4.98E-05,0,3790.268789
-7.13E-05,4.98E-05,0,3790.268789
-7.13E-05,4.98E-05,0,3790.268789
-3.40E-05,2.18E-05,-7.84E-05,3788.282256
-2.42E-05,2.30E-05,-7.48E-05,3787.933336
-1.79E-05,2.80E-05,-5.52E-05,3787.591331
-2.00E-05,1.02E-05,-0.000103228,3785.770524
-2.71E-05,2.57E-05,-6.80E-05,3785.182857
-2.71E-05,1.47E-06,-0.000109594,3782.807865
-2.63E-05,7.31E-21,-0.000110248,3781.184604
-1.80E-05,1.90E-06,-0.000110693,3781.14899
-7.58E-05,2.65E-05,-4.33E-05,3780.812472
-6.24E-05,3.72E-05,-3.10E-05,3780.72129
-5.96E-06,3.80E-05,-2.17E-05,3778.252107
-2.56E-05,1.51E-06,-0.000110521,3777.579
-0.000128517,7.31E-21,-2.28E-05,3774.743515
-0.000104401,7.31E-21,-4.03E-05,3773.154493
-4.78E-05,7.32E-06,-8.99E-05,3772.211149
-2.19E-05,1.26E-05,-0.000100751,3769.700554
-3.11E-05,2.75E-05,-6.41E-05,3768.954903
-6.72E-05,1.74E-05,-6.33E-05,3768.93792
-1.95E-05,1.44E-05,-9.61E-05,3767.981862
-4.23E-05,1.06E-05,-9.24E-05,3767.59525
-4.52E-05,1.82E-05,-8.00E-05,3766.515395
-8.61E-05,7.83E-06,-5.34E-05,3765.7723
-1.94E-05,6.42E-06,-0.000107702,3765.178396
-3.94E-05,1.31E-05,-9.22E-05,3765.119536
-7.05E-05,6.98E-06,-6.88E-05,3764.300275
-2.30E-05,1.59E-05,-9.48E-05,3764.006326
-4.33E-05,4.31E-06,-9.57E-05,3762.84745
-2.25E-05,4.68E-05,-1.52E-05,3757.795741
-2.86E-05,2.44E-05,-7.27E-05,3757.779165
-2.37E-05,1.89E-05,-8.76E-05,3756.081912
-3.46E-05,3.65E-06,-0.000103712,3755.899202
-0.000123223,8.49E-06,-2.63E-05,3754.376526
-2.41E-05,1.46E-05,-9.79E-05,3753.79039
-8.15E-05,2.11E-05,-4.73E-05,3753.497688
-0.00015603,4.57E-20,0,3752.94782
-0.00015603,4.59E-20,0,3752.94782
-0.00015603,4.59E-20,0,3752.94782
-2.63E-05,7.19E-06,-0.000106969,3751.39717
-9.45E-05,3.25E-05,-2.54E-05,3750.007567
-0.000102976,2.10E-05,-3.20E-05,3743.953614
-2.94E-05,4.17E-06,-0.000107348,3743.37792
-1.99E-05,2.61E-05,-6.44E-05,3741.382557
-5.65E-05,1.13E-05,-7.98E-05,3740.567984
-1.43E-06,7.31E-21,-7.59E-05,3740.290161
-4.47E-05,8.69E-06,-9.23E-05,3739.861791
-7.61E-05,1.19E-05,-6.21E-05,3738.490413
-0.000100533,1.38E-05,-4.12E-05,3737.58391
-9.81E-05,7.31E-21,-4.81E-05,3733.373387
-9.38E-05,1.47E-05,-4.62E-05,3731.883407
-0.000141102,1.23E-05,-1.59E-05,3731.232391
-3.17E-05,1.30E-05,-9.82E-05,3730.773105
-4.11E-05,1.81E-05,-8.41E-05,3730.647384
-1.01E-05,8.48E-06,-9.04E-05,3728.198583
-2.50E-05,7.31E-21,-0.000111166,3727.871331
-6.88E-05,3.64E-05,-3.23E-05,3727.705998
-6.13E-05,7.31E-21,-8.05E-05,3727.110716
-2.52E-05,2.84E-05,-6.10E-05,3726.452042
-8.71E-05,1.57E-05,-5.13E-05,3726.182904
-0.000147955,2.69E-20,-1.38E-05,3725.433442
-1.85E-05,8.01E-06,-0.000105489,3722.806488
-4.33E-05,7.77E-06,-9.47E-05,3721.340637
-1.62E-05,2.33E-05,-6.95E-05,3721.125097
-3.98E-06,5.05E-05,0,3718.839271
-3.98E-06,5.05E-05,0,3718.839271
-3.98E-06,5.05E-05,0,3718.839271
-0.000109593,2.64E-05,-2.50E-05,3717.611715
-1.26E-05,4.05E-05,-2.31E-05,3716.350503
-5.94E-05,1.89E-05,-6.94E-05,3716.291716
-3.48E-05,1.02E-05,-9.98E-05,3716.055721
-1.26E-05,9.12E-06,-9.60E-05,3715.753458
-0.000109231,1.54E-05,-3.55E-05,3714.200034
-3.86E-05,7.31E-21,-0.000101606,3714.150471
-7.61E-05,2.09E-05,-5.42E-05,3713.82225
-2.28E-05,7.31E-21,-0.000112112,3713.675399
-1.99E-05,2.23E-05,-7.60E-05,3712.851333
-8.35E-05,2.61E-05,-4.27E-05,3711.487377
-4.83E-05,3.90E-05,-3.29E-05,3708.647614
-4.48E-05,2.65E-05,-6.52E-05,3708.151482
-0.000121439,7.31E-21,-3.22E-05,3706.779
-7.02E-05,4.54E-05,-1.74E-05,3705.542132
-4.45E-05,2.28E-05,-7.34E-05,3705.258812
-0.000133866,2.31E-05,-1.59E-05,3704.645004
-4.55E-05,7.31E-21,-9.56E-05,3704.496297
-0.000101257,3.59E-05,-2.01E-05,3703.236276
-4.19E-05,1.46E-05,-8.94E-05,3702.94938
-2.05E-05,1.90E-05,-8.60E-05,3702.23336
-0.000107447,6.92E-06,-4.13E-05,3699.559181
-9.07E-05,3.67E-05,-2.37E-05,3698.305723
-5.19E-05,2.46E-05,-6.59E-05,3696.132789
-3.20E-05,6.86E-06,-0.000104657,3695.173169
-8.01E-05,3.75E-05,-2.73E-05,3693.375169
-4.12E-05,9.92E-06,-9.54E-05,3692.77274
-3.82E-05,1.24E-05,-9.53E-05,3692.534623
-1.30E-05,1.30E-05,-9.02E-05,3692.337692
-0.000131402,3.41E-05,0,3690.889271
-0.000131402,3.41E-05,0,3690.889271
-0.000131402,3.41E-05,0,3690.889271
-0.000131402,3.41E-05,0,3690.889271
-0.000117929,1.70E-05,-2.98E-05,3690.816158
1.03E-05,2.91E-05,-2.16E-05,3689.907247
-0.000116145,8.49E-06,-3.56E-05,3689.874538
-9.58E-05,1.97E-05,-4.17E-05,3689.873096
-9.34E-05,7.31E-21,-5.62E-05,3688.721064
-6.12E-05,4.78E-05,-1.80E-05,3688.063906
5.68E-06,1.28E-05,-5.05E-05,3687.97429
-6.46E-05,5.03E-05,-1.06E-05,3685.474622
-8.91E-05,2.06E-05,-4.67E-05,3684.172593
-0.000100249,4.33E-05,-1.01E-05,3682.890484
-5.66E-05,6.84E-06,-8.46E-05,3681.898697
-6.54E-05,7.17E-06,-7.67E-05,3679.440034
-1.97E-05,2.81E-06,-0.000111328,3678.431557
-3.41E-05,2.02E-05,-8.48E-05,3678.27455
-2.41E-05,7.90E-06,-0.000107233,3677.904999
-2.57E-06,4.23E-05,-1.34E-05,3674.729505
-2.82E-05,1.58E-05,-9.60E-05,3674.572476
-9.55E-05,2.87E-05,-3.39E-05,3674.001271
-3.85E-05,1.02E-05,-9.75E-05,3672.435526
-7.80E-05,7.31E-21,-6.85E-05,3671.915032
-2.20E-05,1.74E-05,-9.19E-05,3670.561782
-0.000106015,4.48E-05,0,3670.123127
-0.000106015,4.48E-05,0,3670.123127
-0.000106015,4.48E-05,0,3670.123127
-2.64E-05,1.09E-05,-0.000103706,3667.42974
-1.75E-05,1.05E-05,-0.000101762,3667.221113
-2.10E-05,2.16E-05,-7.98E-05,3666.647563
-4.01E-05,2.95E-05,-6.03E-05,3665.709519
-3.84E-05,4.91E-06,-0.000101347,3663.491962
-3.58E-05,1.59E-05,-9.25E-05,3662.776226
-4.68E-05,1.60E-05,-8.49E-05,3661.562658
-0.000114361,7.31E-21,-4.15E-05,3661.534453
-3.17E-05,3.70E-05,-4.05E-05,3660.774528
-2.29E-05,1.64E-06,-0.00011198,3659.019299
-2.31E-05,5.75E-06,-0.000109459,3658.637235
-1.93E-05,9.85E-07,-0.000112072,3657.542982
-1.25E-05,2.64E-05,-5.67E-05,3656.831736
-2.00E-05,1.69E-05,-9.18E-05,3656.456713
-0.000101172,6.92E-06,-4.91E-05,3654.832171
-1.51E-05,1.25E-05,-9.56E-05,3654.385373
-2.62E-05,1.88E-05,-8.98E-05,3654.338847
-8.21E-05,5.06E-05,0,3653.625034
-8.21E-05,5.06E-05,0,3653.625034
-8.21E-05,5.06E-05,0,3653.625034
-4.94E-05,4.67E-05,-2.12E-05,3653.07446
-1.77E-05,1.29E-05,-9.82E-05,3652.022826
-9.45E-05,7.83E-06,-5.41E-05,3649.131668
-0.000161547,1.28E-05,0,3648.183873
-0.000161547,1.28E-05,0,3648.183873
-0.000161547,1.28E-05,0,3648.183873
-0.000161547,1.28E-05,0,3648.183873
-0.000161547,1.28E-05,0,3648.183873
-0.000161547,1.28E-05,0,3648.183873
-0.000161547,1.28E-05,0,3648.183873
-2.26E-05,1.56E-05,-9.66E-05,3645.575819
-2.40E-05,1.06E-05,-0.000104546,3644.475883
-0.000101926,2.11E-05,-3.92E-05,3644.403797
-2.66E-05,1.32E-05,-0.000101118,3642.55415
-4.12E-05,7.21E-06,-9.82E-05,3642.223541
-9.11E-05,2.56E-05,-4.22E-05,3642.162282
-7.97E-05,4.62E-05,-1.55E-05,3641.720473
-2.18E-05,1.15E-05,-0.000103115,3641.332628
-3.49E-05,1.45E-05,-9.56E-05,3637.824419
-3.40E-05,2.96E-05,-6.23E-05,3635.527355
-0.000140947,7.31E-21,-2.52E-05,3634.384469
-0.000153472,1.28E-05,-1.38E-05,3632.259527
-0.000123458,3.20E-05,-1.81E-05,3629.953844
-0.000102288,3.21E-05,-2.86E-05,3627.22998
-0.000165537,6.42E-06,0,3624.485257
-0.000165537,6.42E-06,0,3624.485257
-0.000165537,6.42E-06,0,3624.485257
-0.000134094,1.23E-05,-2.74E-05,3624.37101
-3.23E-05,1.02E-05,-0.000102503,3621.89458
-0.000110624,2.26E-05,-3.35E-05,3621.019921
-0.00010585,1.26E-05,-4.60E-05,3620.178856
7.82E-06,2.73E-05,-2.85E-05,3619.512103
-3.07E-05,2.13E-06,-0.000108184,3619.493975
-0.000157556,1.92E-05,0,3617.83094
-0.000157556,1.92E-05,0,3617.83094
-0.000157556,1.92E-05,0,3617.83094
-0.000108086,7.31E-21,-4.92E-05,3616.807442
-6.72E-05,2.72E-05,-5.52E-05,3616.116916
-5.10E-05,1.22E-05,-8.73E-05,3614.895126
-5.13E-05,1.74E-05,-8.11E-05,3614.762853
-3.28E-05,3.30E-06,-0.000106616,3614.17957
-2.06E-05,7.31E-21,-0.000112557,3613.310978
-9.25E-06,4.48E-05,-1.48E-05,3612.827901
-2.47E-05,1.72E-05,-9.44E-05,3610.819713
-3.46E-05,6.89E-06,-0.000103731,3610.388947
-3.55E-05,7.31E-21,-0.000105135,3609.796931
-3.29E-05,1.66E-05,-9.40E-05,3609.732255
-1.12E-05,1.11E-05,-9.07E-05,3607.884082
-5.68E-05,1.72E-05,-7.76E-05,3607.209997
-2.92E-05,9.64E-06,-0.000104663,3606.958055
-0.000161452,2.63E-20,-1.38E-05,3606.443791
-0.000114548,1.41E-05,-4.03E-05,3602.119623
-0.000169527,4.53E-20,0,3600.786642
-0.000169527,4.53E-20,0,3600.786642
-0.000169527,4.53E-20,0,3600.786642
-0.000169527,4.53E-20,0,3600.786642
-0.000169527,4.53E-20,0,3600.786642
-0.000169527,4.53E-20,0,3600.786642
-0.000169527,4.53E-20,0,3600.786642
-2.00E-05,4.13E-06,-0.000110741,3598.896519
-1.51E-05,8.76E-06,-0.000101234,3598.165272
-4.18E-05,3.83E-06,-9.99E-05,3597.463482
-9.07E-05,5.07E-05,0,3596.680297
-9.07E-05,5.07E-05,0,3596.680297
-9.07E-05,5.07E-05,0,3596.680297
-1.42E-05,1.34E-05,-9.27E-05,3593.576635
-1.89E-05,3.61E-05,-3.92E-05,3592.630617
-2.26E-05,1.44E-05,-9.96E-05,3591.301534
-6.79E-05,1.45E-05,-7.26E-05,3591.214885
-2.94E-05,7.25E-06,-0.000106726,3590.975837
-4.59E-05,1.26E-05,-9.13E-05,3590.616776
-6.23E-05,4.47E-05,-2.54E-05,3590.515727
-2.36E-05,1.86E-05,-9.09E-05,3589.758029
-0.000153566,2.57E-05,0,3587.478007
-0.000153566,2.57E-05,0,3587.478007
-0.000153566,2.57E-05,0,3587.478007
-0.000153566,2.57E-05,0,3587.478007
-0.000153566,2.57E-05,0,3587.478007
-2.13E-05,2.19E-06,-0.000112215,3585.202937
-4.06E-05,4.01E-05,-3.62E-05,3583.558646
-0.000131931,7.31E-21,-3.48E-05,3583.391548
-2.78E-05,2.39E-05,-7.81E-05,3583.098004
-2.75E-05,3.44E-06,-0.000109816,3582.249702
-0.000112764,5.65E-06,-4.61E-05,3582.154127
-2.48E-05,6.47E-06,-0.000108991,3581.195802
-1.98E-05,8.62E-06,-0.000106429,3577.404686
-3.08E-05,2.00E-05,-8.86E-05,3573.525894
-2.10E-05,3.54E-06,-0.000111431,3572.905664
-0.000101811,7.31E-21,-5.70E-05,3572.080432
-5.64E-05,7.31E-21,-8.93E-05,3571.652923
-1.59E-05,1.74E-05,-8.67E-05,3571.45656
-1.64E-05,7.31E-21,-0.000110291,3571.180073
-3.61E-05,1.29E-05,-9.81E-05,3568.10429
-4.80E-05,4.33E-06,-9.53E-05,3567.203624
-2.42E-05,2.58E-05,-7.19E-05,3565.674636
-6.19E-05,1.18E-05,-8.07E-05,3564.697075
2.21E-06,7.31E-21,-6.91E-05,3562.455579
-0.000126637,8.49E-06,-3.83E-05,3562.045037
-2.47E-05,1.64E-05,-9.66E-05,3561.428115
-0.000164595,1.14E-05,-1.04E-05,3560.847792
-0.000123766,4.27E-05,0,3560.185837
-0.000123766,4.27E-05,0,3560.185837
-0.000123766,4.27E-05,0,3560.185837
-0.000123766,4.27E-05,0,3560.185837
-1.02E-05,7.31E-21,-9.82E-05,3559.149045
-4.42E-05,1.06E-05,-9.50E-05,3558.846054
-3.96E-05,1.62E-05,-9.19E-05,3558.489883
-0.000146619,2.51E-05,-1.59E-05,3556.878569
2.94E-05,2.71E-05,0,3556.362766
2.94E-05,2.71E-05,0,3556.362766
2.94E-05,2.71E-05,0,3556.362766
2.94E-05,2.71E-05,0,3556.362766
2.94E-05,2.71E-05,0,3556.362766
2.94E-05,2.71E-05,0,3556.362766
2.94E-05,2.71E-05,0,3556.362766
-5.05E-05,4.37E-05,-2.86E-05,3555.526281
-3.27E-05,7.31E-21,-0.000107608,3555.423185
-1.39E-05,1.63E-05,-8.69E-05,3554.450825
3.30E-05,2.04E-05,0,3553.350285
3.30E-05,2.04E-05,0,3553.350285
3.30E-05,2.04E-05,0,3553.350285
3.30E-05,2.04E-05,0,3553.350285
-1.70E-05,3.51E-06,-0.0001095,3551.540523
-0.000103319,2.83E-05,-3.72E-05,3551.223684
-1.74E-05,7.31E-21,-0.000111361,3551.141823
-1.59E-05,4.73E-05,-1.61E-05,3550.926297
-2.16E-05,1.02E-05,-0.000105379,3550.814357
3.66E-05,1.36E-05,0,3550.337803
3.66E-05,1.36E-05,0,3550.337803
3.66E-05,1.36E-05,0,3550.337803
3.66E-05,1.36E-05,0,3550.337803
3.66E-05,1.36E-05,0,3550.337803
3.66E-05,1.36E-05,0,3550.337803
3.66E-05,1.36E-05,0,3550.337803
3.66E-05,1.36E-05,0,3550.337803
3.66E-05,1.36E-05,0,3550.337803
3.66E-05,1.36E-05,0,3550.337803
-3.21E-05,1.24E-05,-0.000101076,3550.269301
-2.10E-05,1.62E-05,-9.56E-05,3549.155956
-1.98E-05,6.06E-06,-0.000109216,3548.897145
-6.46E-05,3.58E-05,-4.34E-05,3547.386483
-2.81E-05,5.63E-06,-0.000108689,3546.779143
-2.03E-05,5.20E-05,-8.07E-06,3546.243518
-0.000169054,1.39E-05,0,3546.209294
-0.000169054,1.39E-05,0,3546.209294
-0.000169054,1.39E-05,0,3546.209294
-0.000169054,1.39E-05,0,3546.209294
-5.28E-05,6.14E-06,-9.14E-05,3546.140446
-1.85E-05,3.55E-06,-0.000110617,3545.873742
-0.0001288,2.07E-05,-3.09E-05,3545.454879
-3.89E-05,2.39E-05,-7.88E-05,3541.780487
-2.46E-05,5.67E-05,0,3541.56074
-2.46E-05,5.67E-05,0,3541.56074
-2.46E-05,5.67E-05,0,3541.56074
-2.46E-05,5.67E-05,0,3541.56074
-2.46E-05,5.67E-05,0,3541.56074
-2.46E-05,5.67E-05,0,3541.56074
-9.02E-05,3.52E-05,-3.39E-05,3541.485389
-4.74E-05,8.28E-06,-9.46E-05,3541.01013
3.68E-06,8.60E-06,-6.08E-05,3538.948769
-6.87E-05,4.40E-05,-2.67E-05,3537.500436
-0.000106489,5.65E-06,-5.39E-05,3537.427117
-0.000168586,4.93E-06,-1.04E-05,3537.149177
-0.000173044,7.49E-06,0,3536.153923
-0.000173044,7.49E-06,0,3536.153923
-0.000173044,7.49E-06,0,3536.153923
-0.000173044,7.49E-06,0,3536.153923
-4.02E-05,1.21E-05,-9.68E-05,3535.749844
-7.54E-05,5.10E-05,-1.06E-05,3534.653044
-5.68E-05,1.20E-05,-8.51E-05,3533.663707
-0.000160605,1.78E-05,-1.04E-05,3533.131875
-2.33E-05,1.34E-05,-0.000101633,3530.510765
-2.08E-05,1.87E-05,-8.97E-05,3528.807954
-0.000106043,1.92E-05,-4.59E-05,3528.182627
-0.000165064,2.03E-05,0,3526.422361
-0.000165064,2.03E-05,0,3526.422361
-0.000165064,2.03E-05,0,3526.422361
-0.000165064,2.03E-05,0,3526.422361
-0.000121865,1.54E-05,-4.03E-05,3526.146137
-1.95E-05,9.76E-06,-0.000105214,3524.505747
-1.66E-05,5.00E-06,-0.000108099,3522.549109
-7.43E-05,4.45E-05,-2.42E-05,3520.335021
-5.04E-05,5.23E-05,-1.47E-05,3520.038103
-0.000114741,2.08E-05,-4.02E-05,3519.965277
-2.14E-05,2.15E-05,-8.34E-05,3518.895604
-8.97E-06,1.29E-05,-8.48E-05,3517.833724
-0.000173343,3.58E-20,-9.69E-06,3517.180894
-4.52E-05,4.11E-06,-9.85E-05,3517.15721
-0.000124853,7.31E-21,-4.41E-05,3516.215623
-2.33E-05,4.70E-06,-0.000110864,3515.775983
-0.000120081,6.95E-06,-4.61E-05,3515.591418
-6.27E-05,5.65E-06,-8.49E-05,3514.420437
-9.92E-05,5.08E-05,0,3511.340704
-9.92E-05,5.08E-05,0,3511.340704
-5.38E-05,5.48E-05,-7.24E-06,3510.046873
-1.70E-05,1.62E-05,-9.25E-05,3508.264088
-3.19E-05,1.59E-05,-9.72E-05,3507.757163
-8.85E-05,1.13E-05,-6.39E-05,3507.564191
-0.000153377,7.31E-21,-2.76E-05,3507.173306
-2.91E-05,3.32E-05,-5.47E-05,3506.992258
-2.93E-05,1.37E-05,-0.000101183,3506.927646
-2.64E-05,5.23E-06,-0.000109819,3506.194635
-4.47E-05,8.09E-06,-9.74E-05,3505.520731
-9.44E-05,4.44E-05,-1.86E-05,3504.830958
-0.000156615,2.42E-05,-1.04E-05,3502.778942
-0.000111167,1.13E-05,-5.08E-05,3502.773801
-3.47E-05,1.86E-05,-9.17E-05,3501.956695
-0.000146524,1.23E-05,-2.97E-05,3499.114386
-1.83E-05,5.07E-06,-0.000109459,3498.785285
-3.04E-05,7.31E-21,-0.000109476,3496.590232
-3.16E-05,5.87E-06,-0.000107176,3496.129575
-0.000176396,5.05E-06,-6.29E-06,3495.626887
-9.70E-05,3.86E-05,-2.86E-05,3494.714098
-4.75E-05,3.15E-05,-6.01E-05,3491.80467
-0.000115822,4.06E-05,-1.81E-05,3491.390675
-2.20E-05,8.19E-06,-0.00010804,3490.798169
-8.64E-05,3.94E-05,-3.22E-05,3489.783545
-6.33E-05,1.76E-05,-7.67E-05,3487.735851
-8.38E-05,4.53E-05,-2.22E-05,3487.297011
-1.77E-05,7.21E-06,-0.000107038,3486.756089
-0.000161074,2.67E-05,0,3485.860272
-0.000161074,2.67E-05,0,3485.860272
-0.000172103,1.24E-05,-1.04E-05,3484.414569
-9.86E-05,1.99E-05,-5.31E-05,3484.274795
-4.09E-05,1.85E-05,-8.95E-05,3482.752129
-2.91E-05,1.93E-05,-9.21E-05,3482.096308
-3.83E-05,9.93E-06,-0.000100834,3481.568168
-2.13E-05,1.75E-05,-9.39E-05,3480.855919
-1.50E-05,1.60E-05,-8.99E-05,3480.560028
-0.000144154,3.61E-05,0,3479.738891
-0.000144154,3.61E-05,0,3479.738891
-0.000144154,3.61E-05,0,3479.738891
-0.000144154,3.61E-05,0,3479.738891
-2.92E-05,4.00E-06,-0.000109414,3479.342584
-1.53E-05,7.31E-21,-0.000109097,3478.926645
-0.000185299,4.40E-20,0,3478.76882
-0.000185299,4.47E-20,0,3478.76882
-0.000185299,4.47E-20,0,3478.76882
-0.000185299,4.47E-20,0,3478.76882
-7.25E-05,7.31E-21,-7.96E-05,3478.701981
-4.90E-05,1.99E-05,-8.29E-05,3478.557358
2.54E-05,1.90E-05,-1.46E-05,3477.569427
-4.20E-05,1.39E-05,-9.48E-05,3477.453228
-2.43E-05,7.31E-21,-0.0001124,3474.988095
-0.000167644,9.87E-06,-2.09E-05,3473.511711
-0.000116955,7.31E-21,-5.16E-05,3472.537865
-0.000176562,1.50E-05,0,3471.521204
-0.000176562,1.50E-05,0,3471.521204
-0.000176562,1.50E-05,0,3471.521204
-0.000176562,1.50E-05,0,3471.521204
-0.000176562,1.50E-05,0,3471.521204
-0.000176562,1.50E-05,0,3471.521204
-3.82E-05,1.56E-05,-9.52E-05,3468.835124
-5.33E-05,3.91E-05,-4.21E-05,3468.594757
-2.42E-05,2.34E-05,-8.10E-05,3468.192173
-3.39E-05,1.16E-05,-0.000102046,3467.298764
-1.65E-05,8.61E-06,-0.00010466,3465.387571
-8.48E-05,5.18E-05,-8.59E-06,3464.938775
-5.57E-05,2.42E-05,-7.28E-05,3463.495441
-2.16E-05,6.79E-06,-0.000109421,3463.210006
-1.49E-05,3.91E-06,-0.00010707,3462.134615
-5.91E-06,1.04E-05,-8.24E-05,3462.069417
-2.71E-05,1.90E-06,-0.000111171,3461.756476
-0.000168113,1.88E-05,-1.04E-05,3460.231463
-0.000118392,2.96E-05,-3.31E-05,3459.092456
-0.000144361,7.31E-21,-3.72E-05,3457.495745
-4.36E-05,2.33E-05,-8.03E-05,3457.34094
-2.91E-05,1.82E-06,-0.000110282,3456.563137
-0.000172401,4.93E-06,-2.01E-05,3453.543429
-3.24E-05,4.54E-05,-2.79E-05,3452.3483
-2.20E-05,2.42E-05,-7.82E-05,3452.114761
-2.84E-05,2.32E-05,-8.37E-05,3447.960606
-0.000163654,1.63E-05,-2.09E-05,3445.795794
-2.24E-05,3.30E-05,-5.35E-05,3445.5161
-6.05E-05,4.32E-05,-3.54E-05,3443.813254
-1.69E-05,3.36E-05,-4.74E-05,3441.394333
-0.000137207,3.55E-05,-1.59E-05,3438.320052
-0.000107436,2.65E-05,-4.39E-05,3435.002514
-0.000172571,2.14E-05,0,3434.857789
-0.000172571,2.14E-05,0,3434.857789
-0.000172571,2.14E-05,0,3434.857789
-0.000172571,2.14E-05,0,3434.857789
-0.000137508,1.23E-05,-3.94E-05,3434.729258
-0.000177159,2.63E-20,-1.94E-05,3433.575146
-0.000175454,9.98E-06,-1.67E-05,3433.441729
-3.36E-05,2.90E-05,-6.97E-05,3433.292506
-0.000179913,1.25E-05,-6.29E-06,3430.994167
-1.56E-05,1.59E-06,-0.000109509,3430.562973
-4.28E-05,4.48E-05,-3.19E-05,3430.437313
-2.01E-05,7.98E-06,-0.000108057,3429.416542
-2.37E-05,2.81E-05,-6.88E-05,3427.59002
-2.61E-05,1.94E-05,-9.25E-05,3425.661456
-4.36E-05,5.77E-05,-7.24E-06,3425.149164
-2.84E-05,7.31E-21,-0.000111007,3424.55076
-2.18E-05,7.31E-21,-0.000113111,3424.028727
-0.000118484,1.26E-05,-5.08E-05,3422.779524
-9.14E-05,7.31E-21,-6.95E-05,3421.563632
-5.02E-05,1.16E-05,-9.30E-05,3420.756567
-9.80E-05,3.48E-05,-3.72E-05,3418.707802
-0.000159664,2.27E-05,-2.09E-05,3418.079877
-5.15E-05,7.31E-21,-9.64E-05,3417.270962
-3.88E-05,2.78E-05,-7.34E-05,3416.194766
-0.000103018,7.02E-06,-6.10E-05,3415.176272
-2.32E-05,1.62E-05,-9.83E-05,3414.818076
-2.15E-05,5.33E-06,-0.000110918,3414.649121
-2.56E-05,1.60E-05,-9.93E-05,3414.380202
-2.66E-05,2.18E-05,-8.73E-05,3413.754258
-0.000180211,5.05E-06,-1.60E-05,3412.021139
-0.00011136,1.80E-05,-5.07E-05,3410.777573
-1.65E-05,1.46E-06,-0.000110614,3404.643695
-4.14E-05,3.08E-06,-0.000103182,3404.590997
-5.45E-05,5.19E-05,-2.22E-05,3403.352396
-9.34E-05,5.19E-05,-8.59E-06,3402.671861
-2.39E-05,2.27E-05,-8.45E-05,3401.430627
-0.000164122,2.53E-05,-1.04E-05,3401.161207
-1.84E-05,7.31E-21,-0.000112329,3400.393826
-0.000110056,3.90E-05,-2.82E-05,3398.045127
-0.00011068,7.31E-21,-5.94E-05,3397.859933
-8.02E-06,2.31E-05,-6.45E-05,3397.499857
-5.68E-05,1.71E-05,-8.44E-05,3397.362476
-0.000139671,2.45E-05,-3.19E-05,3396.887442
1.84E-05,4.02E-05,0,3396.10049
1.84E-05,4.02E-05,0,3396.10049
1.84E-05,4.02E-05,0,3396.10049
1.84E-05,4.02E-05,0,3396.10049
1.84E-05,4.02E-05,0,3396.10049
1.84E-05,4.02E-05,0,3396.10049
-6.07E-05,2.88E-05,-6.53E-05,3395.161972
-3.24E-05,1.95E-05,-9.28E-05,3394.990138
-5.14E-05,2.33E-05,-7.89E-05,3393.246323
-4.20E-05,2.62E-05,-7.72E-05,3393.036502
-2.66E-05,9.88E-06,-0.000107066,3391.117711
-2.08E-05,1.37E-05,-0.000101823,3390.883005
-6.69E-05,4.25E-05,-3.68E-05,3390.797963
-0.000183264,1.01E-05,-1.26E-05,3390.467131
-2.89E-05,1.60E-05,-9.93E-05,3389.918439
-2.45E-05,1.80E-06,-0.000112493,3389.907442
-1.46E-05,7.29E-06,-0.000104252,3389.412658
-2.37E-05,1.89E-05,-9.35E-05,3388.51178
-3.52E-05,2.74E-06,-0.00010736,3385.459963
-0.000107877,4.86E-05,-1.01E-05,3385.291545
-2.81E-05,3.05E-05,-6.62E-05,3384.438544
-4.05E-06,3.22E-05,-3.73E-05,3384.411299
-0.000168581,2.78E-05,0,3384.242537
-0.000168581,2.78E-05,0,3384.242537
-0.000168581,2.78E-05,0,3384.242537
-0.000168581,2.78E-05,0,3384.242537
-0.000168581,2.78E-05,0,3384.242537
-0.000168581,2.78E-05,0,3384.242537
-0.000113643,5.01E-05,0,3383.686948
-0.000113643,5.01E-05,0,3383.686948
-0.000113643,5.01E-05,0,3383.686948
-0.000113643,5.01E-05,0,3383.686948
-0.000135345,7.31E-21,-4.68E-05,3382.031013
-1.32E-05,2.20E-06,-0.000105752,3381.579691
-0.000115358,5.65E-06,-5.63E-05,3381.45895
-7.43E-05,4.36E-05,-3.44E-05,3380.799637
-2.61E-05,3.51E-06,-0.000111498,3380.747758
-6.93E-05,6.75E-06,-8.39E-05,3380.531526
-0.000107696,1.27E-05,-5.79E-05,3380.522956
-0.00017562,1.99E-05,-1.04E-05,3380.174859
1.01E-06,4.77E-05,-6.70E-06,3378.696528
-7.57E-05,7.99E-06,-7.91E-05,3377.905674
-0.000130573,6.95E-06,-4.88E-05,3376.811885
-1.06E-05,7.31E-21,-0.000100985,3376.309869
-0.000132736,1.92E-05,-4.13E-05,3375.358212
-4.52E-05,7.31E-21,-0.000101367,3373.725566
-2.01E-05,2.61E-05,-7.31E-05,3372.168899
-7.72E-05,1.57E-05,-7.40E-05,3371.918179
-1.66E-05,2.42E-05,-7.44E-05,3371.86016
-3.34E-05,1.74E-05,-9.65E-05,3370.9435
-3.99E-05,5.27E-06,-0.00010399,3370.263756
-3.88E-05,1.39E-05,-9.85E-05,3369.979665
-3.82E-05,3.31E-06,-0.000105695,3369.464352
-0.000171161,1.74E-05,-2.09E-05,3369.38054
-3.53E-05,1.01E-05,-0.000103796,3368.781739
-1.77E-05,1.84E-05,-9.01E-05,3365.591624
-1.09E-05,2.64E-05,-6.19E-05,3365.209869
-7.99E-05,4.42E-05,-3.19E-05,3363.634222
-2.30E-05,9.82E-06,-0.000107379,3362.482667
-1.84E-05,2.13E-05,-8.42E-05,3355.583918
-1.70E-05,2.96E-05,-6.13E-05,3354.194449
-1.94E-05,5.24E-06,-0.000110631,3354.186762
-5.61E-06,1.75E-05,-7.28E-05,3352.884764
-4.67E-05,1.83E-05,-8.97E-05,3352.705256
-5.38E-05,1.55E-05,-8.90E-05,3351.891346
-2.54E-05,8.19E-06,-0.000109009,3350.78882
-6.93E-05,1.36E-05,-8.10E-05,3350.313383
-1.55E-05,3.33E-06,-0.000108863,3348.953362
-6.86E-05,5.15E-05,-2.11E-05,3347.294873
-1.79E-05,1.63E-05,-9.55E-05,3346.797946
-2.39E-06,3.63E-05,-3.01E-05,3346.257268
-2.49E-05,4.16E-05,-3.62E-05,3343.645619
-0.000102982,3.18E-05,-4.43E-05,3343.481228
-5.14E-05,1.87E-05,-8.70E-05,3343.223926
-0.0001258,1.39E-05,-5.07E-05,3342.785246
-2.30E-05,1.79E-05,-9.61E-05,3340.582616
-9.78E-05,7.02E-06,-6.73E-05,3339.917871
-0.000111087,3.53E-05,-3.67E-05,3338.730441
-0.000159569,9.87E-06,-3.47E-05,3338.276959
-4.45E-05,7.98E-06,-0.000100516,3338.106927
-0.000103855,7.31E-21,-6.55E-05,3337.977017
-2.63E-05,7.31E-21,-0.000112369,3334.542104
-2.07E-05,1.61E-05,-9.84E-05,3332.30667
-2.24E-05,3.75E-06,-0.000112265,3331.211482
-0.000118676,1.93E-05,-5.06E-05,3330.783295
-2.31E-05,2.16E-05,-8.81E-05,3330.769176
-4.24E-05,1.21E-05,-9.91E-05,3330.765795
-1.84E-05,1.40E-06,-0.000112362,3330.563534
-2.31E-05,8.09E-06,-0.000109253,3330.136621
-7.96E-05,3.92E-05,-4.30E-05,3328.464937
4.06E-05,0,0,3328.434959
4.06E-05,0,0,3328.434959
-2.74E-05,7.44E-06,-0.000109328,3328.234707
-3.06E-05,1.90E-05,-9.52E-05,3328.124502
-4.27E-05,3.85E-05,-5.09E-05,3327.555642
-3.82E-05,7.44E-06,-0.000104611,3326.073241
-0.000178971,1.75E-05,-1.67E-05,3325.922415
-0.000167171,2.38E-05,-2.09E-05,3325.522673
-9.20E-06,8.02E-06,-9.40E-05,3325.373608
-2.49E-05,5.33E-06,-0.000111209,3322.58182
-0.000180079,2.25E-05,0,3319.942203
-0.000180079,2.25E-05,0,3319.942203
-0.000180079,2.25E-05,0,3319.942203
-0.000180079,2.25E-05,0,3319.942203
-0.000111552,2.46E-05,-5.05E-05,3318.781344
-7.84E-05,2.49E-05,-6.64E-05,3317.971817
-4.18E-05,7.51E-06,-0.000102733,3317.715977
-1.47E-05,1.23E-05,-9.91E-05,3317.063321
-3.85E-05,1.95E-05,-9.26E-05,3316.860976
-0.000127447,7.31E-21,-5.43E-05,3315.219671
-2.42E-05,3.65E-06,-0.000112228,3315.112216
-6.12E-05,6.04E-06,-9.12E-05,3314.418637
-1.38E-05,7.31E-21,-0.000107753,3313.321495
-8.44E-05,3.53E-05,-4.84E-05,3311.456336
-8.33E-05,7.31E-21,-7.83E-05,3311.22964
-1.36E-05,5.19E-06,-0.00010525,3311.213601
-4.08E-06,2.21E-05,-6.13E-05,3310.944016
-4.65E-05,1.20E-05,-9.73E-05,3310.427418
-5.94E-05,2.27E-05,-7.87E-05,3310.20459
-4.52E-05,4.61E-06,-0.00010186,3309.701001
-6.52E-06,8.34E-06,-8.81E-05,3309.317475
-0.00017163,2.63E-05,-1.04E-05,3308.604003
-3.54E-05,1.37E-05,-0.000101385,3308.514592
-4.91E-05,3.26E-06,-9.97E-05,3308.371893
-8.62E-05,4.02E-05,-4.01E-05,3307.328429
-4.25E-05,1.80E-05,-9.33E-05,3306.196084
-1.69E-05,5.09E-06,-0.000109467,3304.894078
-4.54E-05,3.07E-05,-6.98E-05,3304.016406
-8.10E-06,7.31E-21,-9.58E-05,3302.642167
-1.98E-05,2.26E-06,-0.000112749,3302.632897
-1.67E-05,2.26E-05,-8.00E-05,3302.475404
-0.000122675,6.95E-06,-5.63E-05,3301.464672
-2.83E-05,3.33E-06,-0.000111304,3301.220176
-1.13E-05,2.26E-05,-7.34E-05,3299.998003
-5.67E-05,4.88E-05,-2.93E-05,3299.034302
-6.31E-05,1.21E-05,-8.76E-05,3298.762131
-1.72E-05,2.00E-05,-8.70E-05,3298.747501
-1.20E-05,5.67E-05,0,3298.647296
-1.20E-05,5.67E-05,0,3298.647296
-1.20E-05,5.67E-05,0,3298.647296
-1.20E-05,5.67E-05,0,3298.647296
-5.66E-05,1.20E-05,-9.17E-05,3296.246011
-7.81E-05,5.23E-05,-1.92E-05,3296.190921
-1.86E-05,2.83E-06,-0.000112055,3296.059721
-2.14E-05,2.99E-05,-6.58E-05,3296.0312
-0.000156472,3.43E-05,-1.42E-05,3295.57612
-0.000192333,1.50E-05,0,3295.214427
-0.000192333,1.50E-05,0,3295.214427
-0.000192333,1.50E-05,0,3295.214427
-0.000192333,1.50E-05,0,3295.214427
-0.000192333,1.50E-05,0,3295.214427
-0.000192333,1.50E-05,0,3295.214427
6.33E-06,7.31E-21,-6.17E-05,3294.721844
-1.84E-05,7.07E-06,-0.000108916,3294.481379
-8.91E-05,3.13E-05,-5.38E-05,3294.447734
-0.000169084,7.31E-21,-3.32E-05,3294.162078
-2.92E-05,1.03E-05,-0.000107026,3292.671872
-0.00018343,2.00E-05,-6.29E-06,3290.716938
-3.93E-05,3.25E-05,-6.66E-05,3290.629507
-9.09E-05,3.63E-05,-4.55E-05,3290.319827
-2.34E-05,1.32E-05,-0.000104391,3288.989779
-9.52E-06,1.27E-05,-8.92E-05,3288.52198
-0.000129263,3.34E-05,-3.41E-05,3288.45557
-1.70E-05,3.12E-06,-0.000110906,3288.094984
-9.27E-05,4.13E-05,-3.71E-05,3286.19192
-2.11E-05,1.94E-05,-9.28E-05,3285.381521
-9.02E-05,4.71E-05,-2.72E-05,3285.069952
-3.92E-05,2.37E-05,-8.61E-05,3285.041763
-0.000122327,2.81E-05,-4.35E-05,3284.558232
-1.87E-05,1.84E-05,-9.29E-05,3284.42882
-3.53E-05,1.64E-05,-9.87E-05,3283.493885
-2.15E-05,8.14E-06,-0.000109338,3282.567486
-1.41E-05,1.91E-06,-0.000108245,3280.441308
-9.02E-05,6.85E-06,-7.38E-05,3277.470675
-4.50E-05,4.95E-05,-2.75E-05,3277.315979
-2.96E-05,1.30E-05,-0.000104439,3277.307883
-0.000134742,4.65E-05,0,3277.29547
-0.000134742,4.65E-05,0,3277.29547
-0.000134742,4.65E-05,0,3277.29547
-0.000134742,4.65E-05,0,3277.29547
-0.000134742,4.65E-05,0,3277.29547
-0.000176089,2.89E-05,0,3276.30287
-0.000176089,2.89E-05,0,3276.30287
-0.000196702,7.49E-06,0,3276.05511
-0.000196702,7.49E-06,0,3276.05511
-0.000196702,7.49E-06,0,3276.05511
-6.29E-05,1.87E-05,-8.31E-05,3275.414912
-0.000126798,4.44E-05,-1.81E-05,3274.373575
-4.68E-05,2.31E-05,-8.51E-05,3273.754131
-5.25E-05,7.58E-06,-9.70E-05,3273.481076
-0.00017146,9.87E-06,-3.06E-05,3272.702423
-1.21E-05,1.58E-05,-8.90E-05,3272.18911
-3.50E-05,6.36E-06,-0.000107561,3270.390867
-0.000155483,7.31E-21,-4.21E-05,3269.740606
-3.25E-05,4.15E-06,-0.000109565,3269.313876
-0.000166703,1.48E-05,-3.13E-05,3268.773799
-1.75E-05,1.08E-05,-0.000104542,3268.634149
-6.69E-05,7.31E-21,-8.97E-05,3266.974753
-3.16E-05,1.56E-05,-0.00010124,3266.63216
-3.29E-05,3.81E-05,-5.15E-05,3264.735997
-1.12E-05,1.30E-05,-9.24E-05,3264.263583
6.06E-07,2.10E-05,-5.57E-05,3263.611775
-3.30E-05,1.29E-05,-0.000103782,3262.854441
-0.000174513,1.49E-05,-2.72E-05,3262.750301
-9.86E-05,7.31E-21,-7.17E-05,3262.718616
-3.29E-05,2.85E-05,-7.66E-05,3260.688976
-9.08E-06,2.83E-06,-9.81E-05,3260.539239
-0.000119549,7.31E-21,-6.18E-05,3260.144099
-2.64E-05,1.96E-05,-9.53E-05,3259.546465
-0.000111887,7.02E-06,-6.34E-05,3259.208105
-0.000104224,1.40E-05,-6.51E-05,3258.272111
-0.00020107,4.40E-20,0,3256.895793
-0.00020107,4.40E-20,0,3256.895793
-0.00020107,4.40E-20,0,3256.895793
-0.00020107,4.40E-20,0,3256.895793
-0.00020107,4.40E-20,0,3256.895793
-0.00017927,9.98E-06,-2.64E-05,3256.785766
-1.94E-05,7.31E-21,-0.00011321,3256.495589
-5.25E-05,2.22E-05,-8.46E-05,3253.880804
-1.98E-05,1.19E-05,-0.00010503,3253.54091
-0.000176217,4.93E-06,-2.98E-05,3252.734141
5.27E-06,4.29E-05,-1.35E-05,3252.448307
3.49E-05,6.79E-06,-7.00E-06,3250.587517
-2.59E-05,1.52E-06,-0.000112825,3250.219033
-0.000186781,1.76E-05,-1.26E-05,3250.189902
-0.000197,3.48E-20,-9.69E-06,3250.005556
-0.000150553,9.87E-06,-4.43E-05,3247.955005
-1.95E-05,9.35E-07,-0.000113212,3246.919213
-6.62E-05,5.88E-05,0,3246.81737
-6.62E-05,5.88E-05,0,3246.81737
-6.62E-05,5.88E-05,0,3246.81737
-6.62E-05,5.88E-05,0,3246.81737
-8.76E-05,5.30E-05,-1.72E-05,3246.089902
-4.83E-05,7.59E-06,-0.000100109,3243.451374
-1.13E-05,1.98E-05,-7.99E-05,3243.437446
-9.01E-07,5.76E-06,-7.78E-05,3243.255722
-0.00019293,2.57E-20,-1.94E-05,3243.115318
9.96E-07,4.06E-05,-2.18E-05,3242.734665
-2.65E-05,1.83E-05,-9.80E-05,3241.183223
-0.000162712,2.12E-05,-3.13E-05,3241.057882
-7.77E-05,3.49E-05,-5.54E-05,3240.039703
-5.59E-05,5.94E-05,0,3238.420937
-5.59E-05,5.94E-05,0,3238.420937
-5.59E-05,5.94E-05,0,3238.420937
-5.59E-05,5.94E-05,0,3238.420937
-1.98E-05,2.18E-05,-8.73E-05,3238.01891
-0.000152716,2.21E-05,-3.68E-05,3237.847275
-0.000115203,3.34E-05,-4.34E-05,3236.128942
-0.000195684,1.25E-05,-6.29E-06,3236.112014
-2.33E-05,7.31E-21,-0.000113605,3233.14147
-0.000174679,2.49E-05,-2.09E-05,3232.965469
-0.000187965,2.25E-05,0,3231.788815
-0.000187965,2.25E-05,0,3231.788815
-0.000187965,2.25E-05,0,3231.788815
-6.70E-05,2.51E-05,-7.51E-05,3228.551012
-0.000184027,5.05E-06,-2.57E-05,3228.459219
-0.000182323,1.50E-05,-2.30E-05,3228.321639
-0.000107098,2.99E-05,-5.10E-05,3227.260058
-3.19E-05,1.00E-05,-0.000107096,3226.621997
1.15E-05,4.67E-05,0,3226.328309
1.15E-05,4.67E-05,0,3226.328309
1.15E-05,4.67E-05,0,3226.328309
1.15E-05,4.67E-05,0,3226.328309
-2.32E-05,1.61E-05,-0.000101069,3225.438947
-1.81E-05,1.37E-05,-0.000101709,3223.690387
-1.12E-05,7.31E-21,-0.0001039,3222.201771
-3.55E-05,1.94E-05,-9.58E-05,3221.380821
-0.000180974,1.68E-20,-2.91E-05,3221.219384
-3.40E-05,3.54E-05,-6.10E-05,3220.93163
-4.61E-05,2.86E-05,-7.75E-05,3218.160539
-0.000140145,2.08E-05,-4.51E-05,3217.434914
-0.000200053,5.05E-06,-6.29E-06,3216.952697
-0.000115881,1.70E-05,-5.95E-05,3215.516325
-3.06E-05,6.72E-06,-0.000109772,3215.246472
-9.59E-05,3.33E-05,-5.26E-05,3215.093252
-5.79E-05,5.60E-05,-1.78E-05,3212.4273
-3.61E-05,7.31E-21,-0.000109072,3211.677499
-9.77E-05,3.82E-05,-4.43E-05,3210.965346
-5.19E-05,3.06E-05,-7.25E-05,3210.405808
-2.76E-05,3.01E-05,-7.26E-05,3210.399039
-0.000195983,5.05E-06,-1.60E-05,3210.062459
-0.000137982,8.57E-06,-5.26E-05,3209.953115
-7.02E-05,1.97E-05,-8.01E-05,3209.674791
-1.44E-05,2.04E-05,-8.42E-05,3209.625353
-3.16E-05,1.86E-06,-0.000111014,3207.823974
-2.16E-05,6.86E-06,-0.000110961,3207.676909
-0.00018708,1.01E-05,-2.23E-05,3206.905212
-0.000105798,4.17E-05,-3.67E-05,3205.765346
3.01E-05,1.21E-05,-1.38E-05,3205.687119
-2.79E-05,5.36E-06,-0.000111333,3205.686358
-2.13E-05,1.42E-06,-0.000113633,3204.649135
-0.000157755,4.08E-05,0,3203.75751
-0.000157755,4.08E-05,0,3203.75751
-0.000157755,4.08E-05,0,3203.75751
-0.000157755,4.08E-05,0,3203.75751
-0.000191316,2.00E-05,-6.29E-06,3202.56355
-2.34E-05,7.07E-06,-0.000110978,3202.421263
-1.91E-05,2.58E-05,-7.76E-05,3202.247558
-1.22E-05,6.93E-06,-0.000102567,3202.246633
-5.75E-05,3.91E-05,-5.44E-05,3201.433223
-2.72E-05,2.23E-05,-9.14E-05,3200.764968
-0.000179137,2.74E-05,-1.04E-05,3200.664335
-6.68E-05,5.00E-05,-3.12E-05,3200.5924
-9.22E-05,2.45E-05,-6.57E-05,3199.298782
-1.06E-05,1.68E-05,-8.54E-05,3197.911682
-5.17E-05,1.70E-05,-9.27E-05,3196.591155
-9.66E-05,1.39E-05,-7.16E-05,3195.824915
-3.30E-05,7.31E-21,-0.000110661,3194.331326
-1.35E-05,1.87E-05,-8.71E-05,3194.146496
-5.77E-06,2.69E-05,-5.59E-05,3194.008444
-4.06E-05,7.31E-21,-0.000106884,3192.421366
-7.42E-05,5.11E-05,-2.88E-05,3190.594074
-2.13E-05,4.81E-06,-0.000112371,3190.207827
-3.03E-05,3.87E-06,-0.000111269,3189.410811
-5.85E-06,4.59E-06,-9.11E-05,3188.168099
-6.85E-05,3.90E-05,-5.35E-05,3187.306491
-9.88E-06,6.70E-06,-9.85E-05,3184.64392
-1.98E-05,4.22E-06,-0.00011235,3184.136884
-0.000105061,7.02E-06,-6.95E-05,3181.072856
-0.000149524,3.37E-05,-3.01E-05,3179.405062
-4.09E-05,1.76E-05,-9.73E-05,3178.677956
-5.79E-05,6.05E-06,-9.64E-05,3178.561041
-1.52E-05,6.95E-06,-0.000107064,3178.012459
-1.49E-05,1.88E-05,-8.94E-05,3177.692167
-0.000199036,1.01E-05,-1.26E-05,3177.0096
-0.000106868,5.60E-05,0,3176.938237
-0.000106868,5.60E-05,0,3176.938237
-0.000106868,5.60E-05,0,3176.938237
-0.000106868,5.60E-05,0,3176.938237
-0.000133441,2.62E-05,-4.61E-05,3176.093129
-0.000182489,2.50E-05,-1.67E-05,3171.43907
-4.66E-05,1.70E-05,-9.58E-05,3170.271483
-4.44E-05,3.35E-06,-0.000104914,3169.571125
-0.000101652,2.63E-05,-6.06E-05,3169.543774
-0.000190133,1.51E-05,-1.89E-05,3169.003266
-0.000183596,3.00E-05,0,3168.363202
-0.000183596,3.00E-05,0,3168.363202
-0.000183596,3.00E-05,0,3168.363202
-0.000183596,3.00E-05,0,3168.363202
-0.000183596,3.00E-05,0,3168.363202
-0.000183596,3.00E-05,0,3168.363202
-0.000183596,3.00E-05,0,3168.363202
-0.000146467,7.31E-21,-5.17E-05,3167.386415
-0.000112724,7.31E-21,-6.79E-05,3165.457884
-1.50E-05,3.33E-05,-5.51E-05,3164.77092
-2.87E-05,1.93E-05,-9.79E-05,3162.477426
-7.69E-05,5.95E-05,0,3162.442765
-7.69E-05,5.95E-05,0,3162.442765
-7.69E-05,5.95E-05,0,3162.442765
-7.69E-05,5.95E-05,0,3162.442765
-0.00013321,1.55E-05,-5.45E-05,3161.866042
-3.08E-05,2.24E-05,-9.26E-05,3160.789063
-8.63E-05,4.60E-05,-3.68E-05,3160.042598
-5.66E-05,1.78E-05,-9.05E-05,3159.322224
-9.04E-06,3.48E-05,-4.28E-05,3159.289647
-3.18E-05,1.87E-05,-9.86E-05,3159.055008
-3.06E-05,7.31E-21,-0.000111992,3156.473571
-2.28E-05,1.37E-06,-0.000113858,3156.399278
-2.81E-05,1.66E-05,-0.000101936,3155.520264
-0.000122861,1.37E-05,-6.04E-05,3153.320616
-2.84E-05,1.74E-06,-0.000112723,3153.0345
-2.03E-05,6.87E-06,-0.000110928,3152.919753
-7.28E-06,4.48E-06,-9.48E-05,3152.629186
-3.25E-05,3.36E-05,-6.80E-05,3152.218366
-2.01E-05,8.19E-06,-0.000109796,3152.184507
-1.19E-05,1.53E-05,-9.19E-05,3151.561973
-1.69E-05,6.50E-06,-0.00010925,3151.455029
-8.37E-05,5.19E-05,-2.68E-05,3150.026967
-2.73E-05,3.13E-06,-0.00011275,3149.205942
-1.44E-05,9.56E-06,-0.000103905,3148.760045
-1.22E-05,1.30E-05,-9.59E-05,3148.518995
-0.00017022,2.23E-05,-3.13E-05,3148.500678
-6.87E-05,7.93E-06,-9.05E-05,3147.582258
-5.10E-05,1.26E-05,-9.78E-05,3147.427618
-3.96E-05,1.29E-05,-0.000102918,3146.603918
-0.000194667,1.76E-05,-1.26E-05,3143.461136
-2.31E-05,5.67E-06,-0.000112305,3140.486905
-1.77E-05,9.78E-06,-0.000107076,3139.960271
-4.16E-05,5.30E-06,-0.000106363,3139.360875
-0.000186947,2.75E-05,-6.29E-06,3139.137937
-0.00014706,4.47E-05,-1.42E-05,3139.034693
-0.000102644,3.52E-05,-5.15E-05,3135.738771
-3.54E-05,6.31E-05,0,3134.69211
-3.54E-05,6.31E-05,0,3134.69211
-2.57E-05,7.47E-06,-0.000111148,3134.143473
-0.000126505,2.09E-05,-5.55E-05,3134.09123
-0.00017803,2.24E-05,-2.72E-05,3133.467891
-8.90E-05,1.37E-05,-7.80E-05,3133.377719
-0.000191913,5.05E-06,-2.57E-05,3133.229305
-2.06E-05,7.31E-21,-0.000113992,3132.981647
-0.000124619,5.39E-05,0,3132.930534
-0.000124619,5.39E-05,0,3132.930534
-0.000124619,5.39E-05,0,3132.930534
-0.000124619,5.39E-05,0,3132.930534
-0.000110749,3.87E-05,-4.39E-05,3132.540185
-1.60E-05,7.31E-21,-0.000111711,3130.76225
-3.50E-05,2.81E-06,-0.000110153,3130.711865
-8.76E-05,5.92E-05,0,3128.871203
-8.76E-05,5.92E-05,0,3128.871203
-8.76E-05,5.92E-05,0,3128.871203
-8.76E-05,5.92E-05,0,3128.871203
-2.02E-05,1.05E-05,-0.00010776,3128.682293
-2.35E-05,2.18E-05,-9.25E-05,3128.084222
-2.12E-05,2.21E-05,-9.03E-05,3127.095665
-1.61E-05,2.89E-05,-6.85E-05,3126.672306
-2.18E-05,9.58E-06,-0.000109318,3126.192789
-0.00018886,1.65E-20,-2.91E-05,3125.98947
-0.000118854,4.22E-05,-3.63E-05,3125.277855
1.16E-05,7.31E-21,-5.22E-05,3124.941076
-3.08E-05,2.48E-05,-8.88E-05,3124.787856
-0.000116675,5.17E-05,-1.81E-05,3124.184492
-2.06E-06,1.17E-05,-7.79E-05,3124.177575
-2.31E-05,1.23E-05,-0.00010704,3124.058629
-0.000119381,2.63E-05,-5.54E-05,3122.089279
-0.000136656,7.31E-21,-5.84E-05,3118.787009
-9.74E-05,6.85E-06,-7.60E-05,3118.62566
-3.56E-05,2.35E-05,-9.14E-05,3117.346974
-0.000101036,5.71E-05,-8.59E-06,3116.952323
-1.91E-05,4.62E-05,-3.04E-05,3116.374947
-1.70E-05,2.10E-06,-0.000112226,3116.096173
-0.000201091,1.59E-05,0,3115.206741
-0.000201091,1.59E-05,0,3115.206741
-0.000201091,1.59E-05,0,3115.206741
-0.000201091,1.59E-05,0,3115.206741
-1.90E-05,5.46E-05,-1.55E-05,3113.36462
-4.56E-05,6.23E-05,0,3113.045464
-4.56E-05,6.23E-05,0,3113.045464
-4.56E-05,6.23E-05,0,3113.045464
-4.56E-05,6.23E-05,0,3113.045464
-0.000119736,6.80E-06,-6.60E-05,3112.000042
-1.55E-05,1.53E-05,-9.82E-05,3111.460002
-0.000112073,1.38E-05,-6.76E-05,3111.064048
-0.000190299,2.51E-05,-1.26E-05,3109.912672
-2.34E-05,5.93E-05,-7.44E-06,3108.681842
-0.000171487,3.64E-05,-1.42E-05,3108.459577
-6.35E-05,6.02E-05,-9.33E-06,3107.91206
-0.00020546,8.36E-06,0,3107.727695
-0.00020546,8.36E-06,0,3107.727695
-0.00020546,8.36E-06,0,3107.727695
-0.00020546,8.36E-06,0,3107.727695
-0.000131883,6.95E-06,-6.03E-05,3107.291373
-2.11E-05,3.11E-06,-0.000113576,3106.347148
-4.38E-05,2.29E-05,-9.13E-05,3104.340567
-0.000105898,7.31E-21,-7.40E-05,3103.873601
-2.28E-05,3.03E-06,-0.00011367,3102.777532
-1.49E-05,7.31E-21,-0.000110722,3101.674386
-0.000194966,1.01E-05,-2.23E-05,3100.176446
-2.50E-05,7.31E-21,-0.00011403,3099.095528
-2.47E-05,1.00E-05,-0.000109536,3098.821803
-2.05E-05,1.40E-05,-0.000104363,3098.676022
-7.02E-05,6.00E-05,-1.06E-05,3097.73163
-1.71E-05,5.08E-06,-0.000110852,3096.991167
-9.17E-06,1.17E-05,-9.31E-05,3095.124477
-6.97E-06,5.40E-05,-6.70E-06,3094.990687
-3.78E-05,2.96E-06,-0.000109339,3093.86786
-3.59E-05,1.02E-05,-0.000107238,3093.713171
-6.65E-06,7.27E-06,-9.26E-05,3092.341222
-4.54E-05,7.09E-06,-0.000104503,3092.074081
-1.15E-05,4.69E-06,-0.000104227,3091.160668
-6.03E-05,7.31E-21,-9.80E-05,3091.146171
-2.11E-05,1.97E-05,-9.58E-05,3089.48424
-0.000108948,5.24E-05,-2.18E-05,3088.08154
-1.42E-05,1.62E-05,-9.49E-05,3087.694467
-2.00E-05,2.55E-05,-8.24E-05,3087.468324
-5.32E-05,3.68E-05,-6.48E-05,3086.219691
-2.86E-05,7.31E-21,-0.000113229,3085.861227
-0.000178183,3.64E-05,0,3084.755583
-0.000178183,3.64E-05,0,3084.755583
-2.62E-05,1.56E-05,-0.000104089,3084.374215
-0.000196723,2.33E-05,0,3083.783557
-0.000196723,2.33E-05,0,3083.783557
-0.000196723,2.33E-05,0,3083.783557
-0.000196723,2.33E-05,0,3083.783557
-9.61E-05,5.93E-05,0,3083.223958
-9.61E-05,5.93E-05,0,3083.223958
-9.61E-05,5.93E-05,0,3083.223958
5.52E-06,1.57E-05,-5.67E-05,3081.477368
-2.37E-05,1.91E-05,-9.87E-05,3079.281707
-3.89E-05,7.05E-06,-0.000107858,3079.229212
-5.11E-06,7.31E-21,-9.22E-05,3078.198233
-0.000206761,3.48E-20,-9.59E-06,3077.712979
2.66E-05,3.07E-05,-6.88E-06,3077.524528
-2.25E-08,1.68E-05,-6.79E-05,3074.770274
-1.86E-05,6.83E-06,-0.000110756,3072.80203
-2.58E-05,1.28E-05,-0.000107328,3072.330753
-3.24E-05,2.20E-05,-9.54E-05,3072.016591
-0.00018584,2.25E-05,-2.30E-05,3071.941492
-0.000175276,9.87E-06,-4.03E-05,3071.893135
-0.000204442,1.34E-05,-6.29E-06,3071.562935
-4.33E-05,3.83E-05,-6.24E-05,3071.378367
-6.90E-05,1.67E-05,-8.79E-05,3070.834417
-2.38E-05,4.03E-05,-4.85E-05,3070.383901
-2.02E-05,1.63E-05,-0.000101372,3069.922798
-1.55E-05,5.23E-06,-0.000109611,3069.77187
-4.85E-05,3.90E-06,-0.000104255,3069.098985
-7.68E-05,1.72E-05,-8.38E-05,3068.084172
-0.000170518,1.48E-05,-4.10E-05,3067.964511
-9.64E-06,3.32E-06,-0.000101724,3067.819029
-1.70E-05,7.31E-21,-0.000112761,3067.579158
-3.99E-05,3.01E-05,-8.04E-05,3066.423672
-1.04E-05,2.66E-05,-6.81E-05,3066.174989
-3.29E-05,1.27E-05,-0.00010669,3064.252088
-0.000165761,1.97E-05,-4.18E-05,3064.035888
-6.20E-05,5.56E-05,-2.54E-05,3062.583362
-0.000198018,1.51E-05,-1.89E-05,3062.2745
-0.000202691,2.57E-20,-1.93E-05,3060.92244
-4.55E-05,1.12E-05,-0.000103039,3060.66249
-1.60E-05,1.92E-05,-9.25E-05,3060.25863
-1.11E-05,1.07E-05,-9.86E-05,3058.982069
-2.88E-05,2.20E-05,-9.54E-05,3058.194563
-5.69E-05,2.56E-05,-8.46E-05,3057.121735
-4.37E-05,2.59E-05,-8.81E-05,3056.298424
-0.000140514,4.15E-05,-3.22E-05,3056.090904
-2.40E-05,2.58E-05,-8.60E-05,3054.59268
-0.000200074,2.09E-05,-6.29E-06,3053.935798
-6.50E-05,4.85E-05,-4.13E-05,3053.889927
-0.000178328,1.49E-05,-3.69E-05,3052.931724
-9.77E-05,5.27E-05,-2.78E-05,3052.246536
-2.70E-05,1.14E-05,-0.000108927,3050.881605
-0.000123032,3.51E-05,-4.83E-05,3050.236489
-1.55E-05,3.24E-06,-0.000110907,3050.23282
-5.05E-05,4.91E-05,-3.95E-05,3050.230507
-7.50E-05,1.14E-05,-8.85E-05,3050.090428
-0.000173571,1.99E-05,-3.76E-05,3049.0031
-7.97E-05,6.07E-05,-8.59E-06,3048.557322
-8.50E-05,4.47E-05,-4.76E-05,3048.539925
-0.000103952,2.00E-05,-7.00E-05,3048.179953
-5.09E-05,2.38E-05,-8.94E-05,3048.165425
-0.000183086,9.98E-06,-3.61E-05,3047.618214
-1.19E-05,9.65E-06,-0.000101253,3046.992983
-0.000184155,3.40E-05,-7.99E-06,3046.38711
-2.14E-05,3.49E-05,-6.15E-05,3045.832249
-2.09E-05,3.06E-05,-7.25E-05,3044.045361
-7.24E-05,4.97E-05,-3.89E-05,3043.891601
-2.33E-05,1.59E-05,-0.000103701,3043.459971
-5.82E-06,1.68E-05,-7.95E-05,3042.471398
-1.17E-05,7.31E-21,-0.00010651,3042.311418
-1.78E-05,2.18E-05,-8.97E-05,3040.896741
4.69E-06,5.63E-06,-6.79E-05,3040.795045
-0.000180033,4.93E-06,-3.95E-05,3040.378379
-0.000162569,3.13E-05,-3.51E-05,3040.34349
-3.30E-05,5.95E-05,-1.14E-05,3040.240886
-2.68E-05,9.56E-06,-0.000110451,3038.044706
-0.000205744,5.05E-06,-1.59E-05,3037.877173
-2.05E-05,2.47E-05,-8.59E-05,3037.84304
-0.00021033,4.40E-20,0,3036.723826
-0.00021033,4.36E-20,0,3036.723826
-0.00021033,4.36E-20,0,3036.723826
-1.83E-05,4.79E-06,-0.000112192,3035.91287
-2.42E-05,2.43E-05,-8.99E-05,3035.139519
-2.58E-05,3.44E-06,-0.000113703,3034.589913
-0.000181381,2.00E-05,-3.35E-05,3033.970313
-7.98E-05,5.08E-05,-3.65E-05,3033.893275
-0.00011291,6.80E-06,-7.21E-05,3033.864793
-0.000192354,3.08E-05,0,3033.683947
-0.000192354,3.08E-05,0,3033.683947
-0.000192354,3.08E-05,0,3033.683947
-0.000192354,3.08E-05,0,3033.683947
-1.37E-05,5.65E-05,-8.07E-06,3032.197209
-0.000128758,7.31E-21,-6.59E-05,3031.719442
-8.97E-05,4.07E-05,-5.30E-05,3031.531323
-8.27E-05,8.52E-06,-8.63E-05,3030.95826
-0.000161675,9.87E-06,-4.92E-05,3029.854578
-0.00019365,2.26E-05,-1.89E-05,3028.726036
-0.000186138,1.50E-05,-3.27E-05,3028.656802
-0.000114405,3.29E-05,-5.53E-05,3028.147885
-6.28E-05,1.76E-05,-9.13E-05,3027.718216
-9.15E-05,4.57E-05,-4.47E-05,3027.403416
-2.40E-05,4.79E-06,-0.000113499,3026.611038
1.57E-05,4.18E-05,-6.75E-06,3026.157917
-0.00015319,1.84E-05,-5.00E-05,3025.965091
-5.91E-05,3.04E-05,-7.83E-05,3025.73394
-1.71E-05,3.77E-06,-0.000112115,3025.218768
-9.03E-05,6.05E-05,-8.59E-06,3023.973665
-0.000190896,1.01E-05,-3.20E-05,3023.343292
1.80E-05,7.31E-21,-4.03E-05,3022.849997
-2.44E-05,2.02E-06,-0.000114353,3022.499323
-1.98E-05,5.92E-06,-0.000112303,3021.061495
-1.38E-05,3.13E-06,-0.000109292,3017.465067
-2.15E-05,8.30E-06,-0.000111184,3016.565784
-2.39E-05,2.93E-05,-7.87E-05,3016.259522
-0.000187843,5.05E-06,-3.54E-05,3016.103457
-1.86E-05,8.98E-06,-0.000109425,3015.31557
-2.70E-05,2.56E-05,-8.90E-05,3014.038515
-2.21E-05,7.31E-21,-0.000114688,3014.012012
-2.15E-05,6.70E-06,-0.000112347,3013.372959
1.15E-05,2.25E-05,-3.90E-05,3012.643396
-3.27E-05,1.62E-05,-0.000104194,3011.29857
-4.71E-05,6.06E-05,-1.45E-05,3011.243266
-2.64E-05,5.10E-06,-0.000113237,3009.477508
-2.38E-05,2.13E-05,-9.60E-05,3009.366828
-6.26E-05,1.14E-05,-9.58E-05,3009.128366
-0.00018479,7.31E-21,-3.88E-05,3008.863622
-6.83E-05,3.68E-05,-6.66E-05,3008.491404
-1.66E-05,1.77E-05,-9.71E-05,3008.441282
-0.000148343,5.12E-05,0,3007.690303
-0.000148343,5.12E-05,0,3007.690303
-0.000148343,5.12E-05,0,3007.690303
-0.000148343,5.12E-05,0,3007.690303
-4.26E-05,8.43E-06,-0.000106605,3006.934038
-5.22E-05,3.16E-05,-7.84E-05,3006.905039
-9.31E-06,1.07E-05,-9.61E-05,3006.294196
-1.79E-05,1.69E-05,-9.95E-05,3005.586513
-0.000195705,2.84E-05,-6.29E-06,3004.458682
-2.92E-05,4.11E-06,-0.000113091,3004.137563
-3.47E-05,6.04E-06,-0.000110817,3002.373874
-0.00017277,4.29E-05,0,3001.147965
-0.00017277,4.29E-05,0,3001.147965
-0.00017277,4.29E-05,0,3001.147965
-0.00017277,4.29E-05,0,3001.147965
-0.00017277,4.29E-05,0,3001.147965
-0.00017277,4.29E-05,0,3001.147965
-0.000203425,1.85E-05,-1.26E-05,2999.838072
-2.17E-05,1.14E-05,-0.000108703,2999.378097
-3.34E-05,2.89E-05,-8.43E-05,2999.077102
-3.63E-05,1.43E-05,-0.000105389,2998.739308
2.11E-05,3.72E-05,-6.88E-06,2997.39339
-2.28E-05,3.37E-05,-6.78E-05,2996.855392
-0.00017119,7.31E-21,-4.77E-05,2995.1604
-4.45E-05,2.90E-05,-8.47E-05,2995.129785
-0.000142342,3.33E-05,-4.54E-05,2995.058101
-6.41E-05,2.45E-05,-8.55E-05,2994.994845
-0.000198621,1.65E-20,-2.90E-05,2993.756608
-3.87E-05,1.78E-05,-0.000101538,2993.025077
-2.97E-05,1.00E-05,-0.000110216,2992.388363
-2.83E-05,3.70E-05,-6.31E-05,2992.116709
-2.88E-05,1.34E-05,-0.000107728,2991.612352
-2.71E-05,1.94E-05,-0.000100541,2991.429613
-0.000189191,2.01E-05,-2.93E-05,2990.754857
-5.45E-05,5.66E-06,-0.000102352,2989.941406
-9.38E-05,7.31E-21,-8.36E-05,2988.056929
-0.000201674,5.05E-06,-2.56E-05,2987.697417
-1.35E-05,7.31E-21,-0.000109771,2987.170651
-2.77E-05,6.41E-05,0,2985.944949
-2.77E-05,6.41E-05,0,2985.944949
-0.000193948,1.51E-05,-2.86E-05,2985.441346
-0.000149104,8.57E-06,-5.74E-05,2984.504502
-0.000102815,1.44E-05,-7.62E-05,2983.554661
-0.000140619,1.71E-05,-5.83E-05,2983.21504
-1.79E-05,1.97E-05,-9.53E-05,2981.411223
2.08E-05,5.35E-06,-3.40E-05,2981.176476
-0.000138049,5.25E-05,-1.62E-05,2979.657041
-0.00012055,7.31E-21,-7.14E-05,2979.639303
-3.31E-06,4.53E-06,-8.88E-05,2978.705365
-1.42E-05,1.47E-06,-0.000110556,2978.038743
-3.45E-05,1.78E-05,-0.000102655,2977.793096
-0.000199057,2.59E-05,-1.26E-05,2976.019041
-8.03E-05,7.31E-21,-9.06E-05,2975.147355
-3.05E-05,1.89E-05,-0.000101725,2974.520895
-2.77E-05,4.02E-05,-5.61E-05,2974.493278
-5.72E-05,2.29E-05,-9.03E-05,2974.145614
-1.83E-05,3.12E-06,-0.000113402,2973.306945
-1.80E-05,7.31E-21,-0.000113794,2972.341798
-0.000211151,8.36E-06,-9.59E-06,2971.315378
-0.000130271,1.54E-05,-6.42E-05,2971.104919
-4.02E-05,4.96E-05,-3.98E-05,2970.859202
-1.50E-05,1.39E-05,-0.000101334,2968.479702
-9.08E-06,1.60E-05,-8.93E-05,2968.156438
-3.86E-05,3.48E-05,-7.41E-05,2967.646167
-2.74E-05,7.74E-06,-0.000112244,2966.027709
-3.04E-05,1.90E-06,-0.00011359,2965.54557
-1.75E-05,7.78E-06,-0.000110199,2965.320712
-4.73E-06,2.34E-05,-6.83E-05,2964.814147
-1.83E-05,1.60E-06,-0.000113873,2964.251091
-0.000119922,1.36E-05,-7.01E-05,2963.855985
-0.000178741,4.05E-05,-7.99E-06,2962.779492
-2.70E-05,7.31E-21,-0.000114548,2962.574591
-0.000133915,2.25E-05,-5.93E-05,2962.050794
-0.000204727,1.01E-05,-2.22E-05,2960.971732
-0.000104581,4.62E-05,-4.43E-05,2960.1512
-1.46E-05,4.19E-06,-0.000110109,2960.0965
-0.000209849,1.67E-05,0,2959.03931
-0.000209849,1.67E-05,0,2959.03931
-0.000209849,1.67E-05,0,2959.03931
-0.000209849,1.67E-05,0,2959.03931
-2.48E-05,1.84E-05,-0.000102021,2958.332995
2.51E-05,7.31E-21,-2.74E-05,2955.720525
-4.90E-05,7.97E-06,-0.000104956,2952.425497
-9.65E-05,4.27E-05,-5.19E-05,2952.176841
3.32E-05,7.31E-21,-1.40E-05,2950.83723
6.39E-06,2.66E-05,-4.17E-05,2949.845642
-1.55E-05,1.36E-06,-0.000112112,2948.979082
-7.43E-06,7.31E-21,-9.95E-05,2948.814097
6.67E-07,4.91E-05,-1.73E-05,2947.797178
-0.000197001,2.02E-05,-2.52E-05,2947.5394
-2.06E-05,2.44E-05,-8.94E-05,2947.066461
-7.98E-05,2.56E-05,-8.01E-05,2945.354413
2.84E-05,5.35E-06,-2.08E-05,2945.170092
-0.000123566,2.08E-05,-6.52E-05,2944.626599
-1.80E-05,6.11E-05,0,2943.78926
-1.80E-05,6.11E-05,0,2943.78926
-1.80E-05,6.11E-05,0,2943.78926
-1.80E-05,6.11E-05,0,2943.78926
-1.93E-05,1.92E-05,-9.81E-05,2943.727097
2.37E-05,1.07E-05,-2.77E-05,2939.502955
-0.000157589,7.31E-21,-5.66E-05,2938.713286
-0.000205481,2.42E-05,0,2938.047647
-0.000205481,2.42E-05,0,2938.047647
-0.000205481,2.42E-05,0,2938.047647
-0.000205481,2.42E-05,0,2938.047647
-0.000114496,6.13E-05,0,2936.723733
-0.000114496,6.13E-05,0,2936.723733
-0.000114496,6.13E-05,0,2936.723733
-0.000114496,6.13E-05,0,2936.723733
-0.000109951,3.83E-05,-5.58E-05,2936.626598
-1.40E-06,5.69E-06,-8.50E-05,2936.618266
-0.000118056,4.17E-05,-4.82E-05,2936.184913
-0.000186628,3.88E-05,0,2935.538828
-0.000186628,3.88E-05,0,2935.538828
-0.000186628,3.88E-05,0,2935.538828
-0.000186628,3.88E-05,0,2935.538828
-4.69E-05,7.31E-21,-0.000107639,2934.976672
-1.18E-05,1.90E-05,-8.94E-05,2934.482961
-2.97E-05,1.72E-05,-0.000104467,2934.125552
-3.19E-05,3.46E-06,-0.000113193,2933.691773
-1.96E-05,8.44E-06,-0.000111098,2933.566922
-0.00021472,8.36E-06,0,2932.882356
-0.00021472,8.36E-06,0,2932.882356
-0.00021472,8.36E-06,0,2932.882356
-0.00021472,8.36E-06,0,2932.882356
-0.000139293,8.57E-06,-6.41E-05,2932.264997
-1.66E-05,2.40E-05,-8.64E-05,2931.659022
-6.95E-05,5.78E-05,-2.81E-05,2930.39362
-2.74E-05,3.55E-05,-6.91E-05,2929.804752
-5.34E-05,7.31E-21,-0.000104675,2929.428697
-0.00012569,5.77E-05,-1.18E-05,2928.678046
-4.11E-05,3.89E-06,-0.000109819,2928.193385
-0.000112618,2.87E-05,-6.52E-05,2927.358979
-6.04E-06,1.02E-05,-9.14E-05,2926.28828
-8.39E-05,3.87E-05,-6.40E-05,2925.894387
-2.26E-05,1.76E-05,-0.000102841,2925.69599
-5.70E-05,1.78E-05,-9.64E-05,2925.594714
-0.00012721,2.80E-05,-6.03E-05,2925.397214
-1.17E-05,1.31E-05,-9.88E-05,2924.966716
-0.000184713,3.80E-05,-1.60E-05,2924.411019
-2.65E-05,2.16E-05,-9.83E-05,2923.233833
-5.18E-05,1.71E-05,-9.92E-05,2922.603623
-0.000159377,4.29E-05,-2.84E-05,2922.355238
-1.47E-05,2.15E-05,-8.93E-05,2921.852623
-6.70E-05,6.30E-06,-9.76E-05,2921.426734
-9.52E-05,1.42E-05,-8.27E-05,2921.107465
-3.28E-05,7.31E-21,-0.000113419,2920.312802
-7.90E-05,5.86E-05,-2.61E-05,2920.247179
-0.000113725,7.31E-21,-7.75E-05,2920.205587
-4.02E-05,1.18E-05,-0.00010717,2919.548337
-2.88E-05,2.53E-05,-9.27E-05,2918.390184
-2.62E-05,2.08E-06,-0.000114816,2917.474225
-3.80E-05,6.04E-06,-0.000110624,2916.751447
-7.06E-06,7.90E-06,-9.60E-05,2916.600586
-6.02E-05,5.42E-05,-3.54E-05,2915.880889
-3.56E-05,7.31E-21,-0.000112555,2915.610662
-4.84E-05,4.37E-05,-5.84E-05,2915.039852
-1.88E-05,2.21E-05,-9.29E-05,2913.902231
-4.26E-06,4.04E-05,-3.58E-05,2913.561298
-3.14E-05,3.48E-05,-7.38E-05,2913.289803
-0.000192913,3.49E-05,-7.99E-06,2911.707856
8.06E-06,3.07E-05,-3.46E-05,2911.69161
-0.000210133,1.34E-05,-1.59E-05,2910.809932
-2.15E-05,5.21E-06,-0.000113857,2910.323223
-3.37E-05,9.57E-06,-0.000110586,2909.823255
-3.98E-05,3.02E-05,-8.54E-05,2909.821887
-1.18E-05,3.92E-06,-0.000107263,2909.322792
-1.52E-05,1.88E-05,-9.51E-05,2909.0825
-0.000128944,6.80E-06,-7.00E-05,2908.980818
-6.20E-06,1.31E-05,-8.90E-05,2908.182724
-0.000216021,3.45E-20,-9.59E-06,2908.01412
-0.000208832,2.18E-05,-6.29E-06,2907.992495
-0.000197604,5.05E-06,-3.53E-05,2906.943447
-5.70E-05,1.26E-05,-0.000100238,2906.633919
-5.15E-05,3.00E-05,-8.49E-05,2906.463815
-0.000103652,7.39E-06,-8.06E-05,2906.355406
-0.000212452,2.57E-20,-1.92E-05,2904.375301
-2.99E-05,2.20E-05,-9.88E-05,2903.689764
-1.73E-06,7.31E-21,-8.75E-05,2902.036891
-8.51E-05,5.05E-05,-4.44E-05,2901.254094
-3.21E-05,2.58E-05,-9.31E-05,2901.241284
-0.000111801,1.97E-05,-7.25E-05,2900.97189
-0.00016066,4.94E-05,-1.42E-05,2900.922532
-1.46E-05,1.23E-05,-0.000103939,2900.571089
-4.56E-05,3.80E-05,-7.11E-05,2899.893023
-0.000194551,7.31E-21,-3.87E-05,2899.703612
-2.37E-05,7.31E-21,-0.000115315,2899.550445
-6.76E-05,6.14E-05,-1.99E-05,2899.407752
-0.000201112,3.17E-05,0,2899.004692
-0.000201112,3.17E-05,0,2899.004692
-0.000201112,3.17E-05,0,2899.004692
-0.000201112,3.17E-05,0,2899.004692
-0.000201112,3.17E-05,0,2899.004692
-0.000201112,3.17E-05,0,2899.004692
-0.000201112,3.17E-05,0,2899.004692
-0.000201112,3.17E-05,0,2899.004692
8.85E-06,4.83E-05,-6.75E-06,2898.77393
-0.000200657,1.01E-05,-3.19E-05,2898.303444
-3.06E-05,7.31E-21,-0.000114232,2896.070388
-0.000202408,2.35E-05,-1.89E-05,2894.832405
-5.12E-05,6.02E-05,-2.20E-05,2894.557559
-2.32E-05,9.79E-06,-0.00011146,2894.277563
-6.95E-05,1.29E-05,-9.49E-05,2892.661506
-1.64E-05,8.66E-06,-0.000109282,2892.412493
-3.94E-05,2.32E-05,-9.73E-05,2891.92302
-7.32E-05,4.28E-05,-6.11E-05,2890.290677
1.64E-05,6.67E-06,-4.32E-05,2888.685099
-0.000147778,7.31E-21,-6.32E-05,2888.02868
-1.00E-05,2.51E-06,-0.000104808,2888.004594
-2.13E-05,1.46E-06,-0.000115136,2887.729953
-0.000167356,4.94E-05,0,2887.585251
-0.000167356,4.94E-05,0,2887.585251
-1.05E-05,1.73E-05,-9.13E-05,2887.157776
1.24E-06,3.07E-05,-4.45E-05,2887.047887
-1.93E-05,7.31E-21,-0.000114765,2886.976444
-2.72E-05,2.88E-05,-8.60E-05,2886.056357
-6.01E-06,5.16E-05,-1.87E-05,2885.895574
-4.52E-05,4.69E-06,-0.000108685,2885.584094
-7.71E-05,6.22E-05,-1.79E-05,2885.480398
-2.49E-05,6.91E-06,-0.000113498,2885.150147
-2.27E-05,2.03E-06,-0.000115194,2882.865706
-7.17E-05,2.57E-05,-8.52E-05,2882.79231
-4.49E-05,2.27E-05,-9.69E-05,2880.41383
-1.25E-05,1.71E-06,-0.000109127,2880.33643
-1.98E-05,3.71E-06,-0.000114243,2880.286636
-1.35E-05,5.04E-06,-0.000109125,2880.202965
-0.000194208,2.67E-05,-2.69E-05,2879.28442
-1.77E-05,1.43E-05,-0.000104927,2879.258237
-9.89E-05,3.56E-05,-6.54E-05,2878.851571
-2.08E-05,1.39E-05,-0.000107292,2878.494994
-2.06E-05,1.64E-05,-0.000104221,2878.122893
-0.000188137,5.78E-06,-4.32E-05,2877.731343
-0.000130105,5.04E-05,-3.44E-05,2877.138433
-6.19E-06,1.59E-05,-8.60E-05,2876.937382
-4.61E-05,3.49E-05,-7.83E-05,2875.827918
-1.16E-05,5.42E-05,-2.07E-05,2875.69223
-2.82E-05,2.90E-06,-0.00011469,2875.654916
-5.16E-05,1.19E-05,-0.000103607,2875.039343
-3.38E-05,2.11E-05,-0.000100863,2874.534097
-0.000173328,4.69E-05,-7.99E-06,2874.443329
-4.73E-05,2.75E-05,-9.04E-05,2873.926281
-3.92E-05,7.31E-21,-0.0001117,2873.373387
-9.27E-06,1.32E-05,-9.55E-05,2873.367211
-9.47E-05,4.16E-05,-5.91E-05,2872.695315
-1.47E-05,7.31E-21,-0.000112038,2872.285588
-3.96E-05,5.96E-05,-2.02E-05,2872.259999
-1.98E-05,5.15E-06,-0.000113709,2872.025172
-0.000204463,2.93E-05,-6.29E-06,2870.565051
-4.92E-05,6.51E-05,-7.24E-06,2869.554447
4.00E-05,2.06E-05,0,2868.668697
4.00E-05,2.06E-05,0,2868.668697
4.00E-05,2.06E-05,0,2868.668697
4.00E-05,2.06E-05,0,2868.668697
-0.000219591,4.33E-20,0,2868.445802
-0.000219591,4.33E-20,0,2868.445802
-0.000219591,4.33E-20,0,2868.445802
-1.18E-05,7.75E-06,-0.000105357,2867.770085
-2.03E-05,1.02E-05,-0.00011061,2867.019418
-3.44E-05,2.96E-06,-0.000113192,2866.129091
-0.000175796,3.29E-05,-3.68E-05,2865.048383
-2.40E-05,2.18E-05,-9.83E-05,2864.836596
-2.30E-05,1.21E-05,-0.000109904,2864.170881
-0.000106466,7.31E-21,-8.24E-05,2863.955628
-3.22E-05,1.55E-05,-0.000107213,2863.422655
-2.55E-05,2.55E-05,-9.24E-05,2861.765125
-4.57E-05,1.74E-05,-0.000102521,2860.402466
-0.000203709,1.51E-05,-2.85E-05,2860.401499
-2.95E-05,7.22E-06,-0.000113169,2859.59393
-0.000208382,1.65E-20,-2.89E-05,2856.153573
-0.000117746,5.56E-05,-2.99E-05,2855.116301
-8.48E-06,1.53E-05,-9.16E-05,2854.249
-2.66E-05,2.44E-05,-9.50E-05,2853.447692
-9.35E-05,5.54E-05,-3.63E-05,2853.111328
-0.000181215,4.53E-05,0,2852.985806
-0.000181215,4.53E-05,0,2852.985806
-0.000181215,4.53E-05,0,2852.985806
-0.000181215,4.53E-05,0,2852.985806
-2.92E-05,5.06E-05,-3.73E-05,2851.911113
-0.000131934,4.22E-05,-4.76E-05,2851.843188
-0.000158402,1.79E-05,-5.64E-05,2851.62451
-0.000120737,6.80E-06,-7.56E-05,2850.196779
2.90E-06,3.48E-05,-3.73E-05,2848.893856
-0.000102107,6.10E-05,-2.04E-05,2848.412505
-1.80E-05,6.48E-06,-0.000112371,2848.134488
-9.16E-06,7.02E-06,-0.000101785,2847.470219
1.92E-05,1.20E-05,-3.68E-05,2847.011578
-2.82E-05,5.62E-06,-0.000114149,2846.893983
-0.000211435,5.05E-06,-2.55E-05,2846.519644
-0.000103764,6.46E-05,0,2844.878326
-0.000103764,6.46E-05,0,2844.878326
-0.000103764,6.46E-05,0,2844.878326
-0.000103764,6.46E-05,0,2844.878326
-3.73E-05,9.46E-06,-0.000110448,2844.376891
-0.00021554,1.67E-05,-9.59E-06,2844.206805
-6.46E-05,4.85E-05,-5.31E-05,2843.023032
-0.000207815,2.68E-05,-1.26E-05,2842.12541
-0.000155387,3.10E-05,-5.03E-05,2841.081128
-3.52E-05,1.28E-05,-0.000109143,2840.718525
-2.75E-05,1.91E-05,-0.000103681,2840.353365
-1.96E-05,7.65E-06,-0.000112446,2838.298742
-0.000103679,2.59E-05,-7.49E-05,2838.087795
-1.26E-05,1.90E-05,-9.27E-05,2836.77995
-0.000197296,2.09E-05,-3.30E-05,2836.294697
-0.0001793,4.45E-05,-1.60E-05,2836.074856
-1.98E-05,1.90E-06,-0.000114993,2835.546497
3.31E-05,2.60E-05,-7.71E-06,2834.424054
-0.000112987,6.02E-06,-8.03E-05,2834.354085
-0.000110664,1.42E-05,-7.87E-05,2834.152215
-9.18E-05,2.60E-05,-7.94E-05,2833.514249
-2.28E-05,6.53E-06,-0.000113937,2832.413882
-2.97E-05,4.71E-05,-4.68E-05,2831.781265
-0.000137966,7.31E-21,-6.99E-05,2831.665841
-0.000122234,3.46E-05,-6.02E-05,2831.455819
3.67E-05,1.92E-05,-7.71E-06,2831.411572
-0.000187187,4.28E-05,-7.99E-06,2831.135424
-0.000209116,1.85E-05,-2.22E-05,2830.843884
1.65E-05,2.32E-05,-3.26E-05,2830.075295
-1.61E-05,2.90E-05,-7.77E-05,2829.861409
-0.00010292,4.26E-05,-5.83E-05,2829.359744
-0.000111025,4.60E-05,-5.07E-05,2829.074192
-3.03E-05,2.48E-05,-9.63E-05,2828.224893
-3.93E-05,4.07E-05,-6.70E-05,2826.845201
-0.000199615,3.00E-05,-2.06E-05,2826.577425
-2.89E-05,7.31E-21,-0.000115258,2826.402336
-1.17E-05,7.31E-21,-0.000108761,2823.313692
-1.81E-05,1.69E-05,-0.000102713,2822.042648
-1.73E-05,1.26E-05,-0.000107196,2821.90905
-0.000136653,1.68E-05,-6.75E-05,2821.593407
-7.44E-05,1.89E-05,-9.16E-05,2821.317669
-2.56E-05,1.57E-05,-0.000107362,2821.260749
-4.14E-05,8.11E-06,-0.000110109,2820.346716
-0.000220411,8.36E-06,-9.59E-06,2819.169329
-0.000195386,3.97E-05,0,2817.718489
-0.000195386,3.97E-05,0,2817.718489
-0.000195386,3.97E-05,0,2817.718489
-0.000195386,3.97E-05,0,2817.718489
-1.92E-05,2.18E-05,-9.61E-05,2817.193266
-3.23E-05,6.69E-06,-0.000113323,2817.083431
-7.51E-05,5.74E-05,-3.58E-05,2816.758739
-0.000216842,8.36E-06,-1.92E-05,2816.739154
-6.77E-05,5.63E-05,-3.82E-05,2815.639502
-2.28E-05,1.60E-05,-0.000106496,2815.584509
-7.56E-05,4.90E-05,-5.38E-05,2815.561576
-2.15E-05,3.52E-06,-0.000115156,2814.813945
-0.00013559,6.09E-05,0,2813.953622
-0.00013559,6.09E-05,0,2813.953622
-0.00013559,6.09E-05,0,2813.953622
-0.00013559,6.09E-05,0,2813.953622
-0.00013559,6.09E-05,0,2813.953622
4.59E-06,5.32E-05,0,2812.762459
4.59E-06,5.32E-05,0,2812.762459
4.59E-06,5.32E-05,0,2812.762459
4.59E-06,5.32E-05,0,2812.762459
4.59E-06,5.32E-05,0,2812.762459
-0.000126305,1.51E-05,-7.34E-05,2812.58768
-3.35E-05,4.27E-05,-6.09E-05,2812.237375
-0.000193471,3.89E-05,-1.60E-05,2812.176171
-0.000119567,1.96E-05,-7.37E-05,2811.247334
-0.000191416,3.31E-05,-2.86E-05,2811.02944
4.56E-06,3.88E-05,-3.02E-05,2810.739825
-0.000219109,1.67E-05,0,2810.240356
-0.000219109,1.67E-05,0,2810.240356
-0.000219109,1.67E-05,0,2810.240356
-0.000219109,1.67E-05,0,2810.240356
-3.38E-05,2.87E-05,-9.06E-05,2810.154059
-1.55E-05,7.31E-21,-0.000113099,2809.611428
-2.44E-05,1.13E-05,-0.00011133,2809.029992
-2.09E-05,1.93E-05,-0.000101415,2808.83053
-0.000106538,5.59E-05,-3.59E-05,2806.844552
-7.66E-05,6.63E-06,-9.62E-05,2806.704835
-2.89E-05,1.65E-05,-0.000107124,2806.447559
-3.75E-05,3.73E-06,-0.000112875,2805.497041
-3.00E-05,1.34E-05,-0.000109968,2805.072062
-0.000214239,2.51E-05,0,2804.92604
-0.000214239,2.51E-05,0,2804.92604
-0.000214239,2.51E-05,0,2804.92604
-0.000214239,2.51E-05,0,2804.92604
-3.39E-05,2.43E-05,-9.79E-05,2804.073964
-0.000145831,1.66E-05,-6.47E-05,2803.854513
-2.20E-05,2.52E-05,-9.24E-05,2803.587212
-9.09E-05,6.13E-05,-2.63E-05,2802.002434
-5.50E-05,5.02E-05,-5.07E-05,2801.075457
-1.19E-05,1.02E-05,-0.000104226,2800.33001
-0.000142816,2.96E-05,-5.86E-05,2800.140642
-3.35E-05,3.92E-05,-6.92E-05,2799.630989
-0.000201671,3.57E-05,-7.99E-06,2799.473007
-5.93E-06,2.89E-05,-6.44E-05,2799.010408
-1.55E-05,3.31E-06,-0.000112609,2798.845671
-2.55E-05,7.31E-21,-0.000115912,2798.53105
-3.26E-05,1.33E-05,-0.000109864,2798.014507
-0.000154316,8.05E-06,-6.38E-05,2797.969777
-1.26E-05,1.31E-05,-0.00010188,2797.355132
-2.07E-05,7.31E-21,-0.000115655,2794.837254
-2.65E-05,1.26E-05,-0.000110796,2794.622698
-1.63E-05,7.06E-06,-0.000111296,2793.802329
-5.09E-05,2.36E-05,-9.67E-05,2793.518403
2.25E-05,1.72E-05,-2.69E-05,2793.505074
-6.18E-05,7.17E-06,-0.000102937,2793.495358
-0.000129949,2.23E-05,-6.85E-05,2793.358295
-0.000150367,5.07E-05,-3.04E-05,2792.82294
-1.43E-05,1.03E-05,-0.000106951,2792.719225
-8.01E-06,7.31E-21,-0.000102953,2792.435626
-0.000123211,2.68E-05,-6.88E-05,2792.017948
-0.000190315,7.31E-21,-4.80E-05,2791.344549
-0.000204312,7.31E-21,-3.86E-05,2790.543603
-5.57E-05,3.92E-05,-7.41E-05,2789.037501
-2.30E-05,8.14E-06,-0.000113404,2788.798803
-1.24E-05,1.56E-05,-9.88E-05,2788.208925
-2.35E-05,2.43E-05,-9.55E-05,2786.743562
-7.12E-05,3.60E-05,-7.72E-05,2784.029765
1.84E-06,7.31E-21,-8.20E-05,2783.323929
-0.00022398,8.36E-06,0,2782.590206
-0.00022398,8.36E-06,0,2782.590206
-0.00022398,8.36E-06,0,2782.590206
-0.00022398,8.36E-06,0,2782.590206
-0.000207365,5.05E-06,-3.52E-05,2781.9036
-0.000166995,2.86E-05,-5.03E-05,2781.599148
-2.17E-05,2.20E-05,-9.83E-05,2781.585972
-0.000214523,2.18E-05,-1.59E-05,2780.929868
-0.000129759,7.31E-21,-7.55E-05,2780.863636
-4.37E-05,7.31E-21,-0.000111444,2780.107859
-0.000171758,9.87E-06,-5.67E-05,2780.065468
-6.54E-06,2.51E-05,-7.37E-05,2778.809242
-5.85E-05,3.00E-05,-8.81E-05,2778.631973
-5.54E-05,5.98E-05,-2.96E-05,2777.871851
-0.00020987,3.26E-05,0,2777.069099
-0.00020987,3.26E-05,0,2777.069099
-0.00020987,3.26E-05,0,2777.069099
-0.00020987,3.26E-05,0,2777.069099
-6.56E-05,3.14E-05,-8.45E-05,2776.035478
-1.54E-05,1.70E-05,-0.000100867,2776.028743
-0.000152195,4.25E-05,-4.36E-05,2775.846952
-3.03E-05,4.41E-06,-0.000114881,2775.640028
-1.23E-05,3.46E-05,-6.23E-05,2774.782494
-9.58E-06,1.58E-05,-9.45E-05,2774.022998
-0.000161943,5.59E-05,0,2774.022537
-0.000161943,5.59E-05,0,2774.022537
-0.000161943,5.59E-05,0,2774.022537
-0.000161943,5.59E-05,0,2774.022537
-0.000161943,5.59E-05,0,2774.022537
-0.000161943,5.59E-05,0,2774.022537
-0.000102542,2.03E-05,-8.11E-05,2773.462503
-0.000210418,1.01E-05,-3.18E-05,2773.263597
-4.01E-05,3.55E-05,-8.04E-05,2772.565332
-8.30E-05,1.72E-05,-9.08E-05,2772.247216
-6.35E-06,6.30E-06,-9.81E-05,2772.087819
-4.04E-05,2.97E-05,-9.09E-05,2771.681477
-0.000185272,4.20E-05,-2.40E-05,2771.422866
-7.07E-05,7.31E-21,-0.00010044,2771.069336
-0.000205022,3.33E-05,-1.43E-05,2771.033366
-1.36E-05,3.42E-06,-0.000111011,2770.818297
-1.08E-05,2.62E-05,-7.84E-05,2769.980367
-7.66E-06,4.77E-05,-2.92E-05,2769.871651
-9.03E-05,5.02E-05,-5.23E-05,2768.614912
-0.00013914,2.37E-05,-6.55E-05,2768.596256
-0.000197898,5.78E-06,-4.31E-05,2768.571334
-0.000194503,2.74E-05,-3.47E-05,2768.039717
-1.47E-05,2.20E-05,-9.22E-05,2767.951493
-0.000172604,4.45E-05,-3.02E-05,2766.868326
-6.70E-05,2.77E-05,-8.87E-05,2766.304116
-2.11E-05,7.79E-06,-0.000113488,2765.905063
-6.60E-06,1.34E-05,-9.24E-05,2765.622252
-1.84E-05,5.15E-06,-0.000113861,2764.707678
-0.000119999,1.28E-05,-7.84E-05,2764.345277
-2.30E-05,5.27E-06,-0.000115058,2764.32346
-0.000221712,2.53E-20,-1.92E-05,2762.736517
-1.34E-05,7.31E-21,-0.00011154,2761.693853
-0.000225282,3.41E-20,-9.59E-06,2761.387483
-2.83E-05,1.02E-05,-0.000112786,2761.264543
-3.59E-05,6.74E-06,-0.000113094,2761.144916
-0.000167915,5.34E-05,-7.99E-06,2760.880615
-2.14E-05,2.95E-05,-8.48E-05,2760.808109
-0.000135327,8.27E-06,-7.33E-05,2759.95822
-1.64E-05,5.29E-06,-0.000112694,2758.473291
-3.13E-06,7.24E-06,-9.12E-05,2758.050171
-0.00015165,5.72E-05,-1.62E-05,2758.034471
-0.000175802,5.17E-05,0,2757.749129
-0.000175802,5.17E-05,0,2757.749129
-0.000175802,5.17E-05,0,2757.749129
-0.000175802,5.17E-05,0,2757.749129
-1.84E-05,3.53E-05,-6.87E-05,2757.401062
-5.29E-05,2.91E-05,-9.10E-05,2757.318519
4.26E-07,1.57E-05,-7.42E-05,2757.180238
-1.73E-05,2.47E-05,-9.03E-05,2756.987968
-6.75E-05,2.38E-05,-9.24E-05,2756.730529
-0.000196822,3.64E-05,-2.23E-05,2755.485381
-7.27E-05,5.55E-05,-4.50E-05,2755.424865
-6.07E-06,1.05E-05,-9.45E-05,2754.754668
-2.46E-05,4.42E-06,-0.000115533,2754.593476
1.48E-05,1.33E-05,-4.60E-05,2754.520201
7.98E-06,2.33E-05,-5.06E-05,2754.076941
-6.36E-05,1.81E-05,-9.83E-05,2753.136583
2.67E-05,4.12E-05,0,2751.555538
2.67E-05,4.12E-05,0,2751.555538
2.67E-05,4.12E-05,0,2751.555538
2.67E-05,4.12E-05,0,2751.555538
-0.000215824,1.34E-05,-2.55E-05,2750.37607
-8.24E-05,6.81E-05,0,2749.226417
-8.24E-05,6.81E-05,0,2749.226417
-8.24E-05,6.81E-05,0,2749.226417
-8.24E-05,6.81E-05,0,2749.226417
-0.000204004,1.59E-05,-3.63E-05,2749.156795
-7.18E-05,6.84E-05,0,2748.941421
-7.18E-05,6.84E-05,0,2748.941421
-7.18E-05,6.84E-05,0,2748.941421
-0.00018197,2.14E-05,-4.92E-05,2748.837351
-0.000213221,3.01E-05,-6.29E-06,2748.629458
-0.000111446,2.57E-05,-7.61E-05,2748.363239
-0.000181774,4.93E-05,-7.99E-06,2747.851519
-0.000173887,5.09E-05,-1.60E-05,2747.738694
-9.30E-05,6.79E-05,0,2747.200945
-9.30E-05,6.79E-05,0,2747.200945
-9.30E-05,6.79E-05,0,2747.200945
-9.30E-05,6.79E-05,0,2747.200945
-0.000136112,3.51E-05,-5.96E-05,2746.983113
-0.000191485,1.16E-05,-4.77E-05,2746.599064
-8.01E-05,5.66E-05,-4.27E-05,2745.42654
-3.01E-05,2.03E-06,-0.000115622,2745.101569
-2.41E-05,2.79E-05,-9.04E-05,2744.171818
-0.000203146,2.79E-05,-2.85E-05,2743.648152
-0.000144504,8.05E-06,-7.05E-05,2741.654839
-4.26E-05,3.88E-05,-7.58E-05,2741.548879
-1.65E-05,7.31E-21,-0.000114281,2741.529472
-0.000181272,7.31E-21,-5.52E-05,2741.523502
-1.55E-05,4.03E-05,-5.39E-05,2741.443099
-6.21E-06,2.27E-05,-7.81E-05,2741.041685
-2.40E-05,3.57E-05,-7.35E-05,2740.687959
-0.000132435,2.91E-05,-6.65E-05,2740.568857
-2.73E-06,1.10E-05,-8.81E-05,2739.711046
-0.000163803,4.02E-05,-4.36E-05,2739.179691
-3.56E-05,1.75E-05,-0.000106991,2738.762374
-5.16E-05,6.44E-06,-0.000108386,2737.895764
-0.000117258,4.13E-05,-6.01E-05,2737.514425
-0.000115567,6.51E-05,-1.18E-05,2736.740547
-0.000121551,7.31E-21,-8.11E-05,2736.537573
-2.83E-05,2.22E-05,-0.000101729,2734.770198
-8.73E-05,8.25E-06,-9.37E-05,2734.524465
-8.77E-06,9.80E-06,-0.000100601,2733.723214
8.84E-06,4.11E-05,-2.18E-05,2733.477585
-3.21E-05,5.86E-05,-2.59E-05,2733.276731
-2.89E-05,3.47E-05,-7.93E-05,2732.996306
-2.01E-05,9.29E-06,-0.000112482,2732.939972
-0.000218143,1.65E-20,-2.88E-05,2730.814533
-1.97E-05,6.66E-06,-0.000113957,2729.008762
-0.000118362,5.19E-05,-4.61E-05,2727.622095
-5.68E-05,6.59E-05,-1.66E-05,2726.219364
-0.000195945,4.37E-05,-7.99E-06,2726.093133
-0.00019759,2.17E-05,-4.09E-05,2725.049993
-0.000228851,4.24E-20,0,2724.600544
-0.000228851,4.29E-20,0,2724.600544
-0.000228851,4.29E-20,0,2724.600544
-1.68E-05,3.80E-06,-0.000113861,2724.315308
-1.10E-05,2.94E-05,-7.38E-05,2724.099624
-4.69E-05,1.10E-05,-0.000108759,2723.255481
-0.000189661,4.76E-05,0,2723.164642
-0.000189661,4.76E-05,0,2723.164642
-0.000189661,4.76E-05,0,2723.164642
-0.000189661,4.76E-05,0,2723.164642
-2.75E-05,2.49E-05,-9.78E-05,2721.950598
-2.34E-05,1.90E-05,-0.000104682,2721.773048
-2.55E-05,9.96E-06,-0.000113308,2721.463749
-3.90E-05,6.60E-05,-7.24E-06,2720.786212
-1.09E-05,1.14E-05,-0.000102755,2719.957431
-9.02E-06,7.31E-21,-0.00010582,2717.544317
-3.04E-05,7.31E-21,-0.000115965,2717.316181
-5.23E-06,3.36E-06,-9.81E-05,2717.25043
-3.47E-05,3.59E-05,-8.03E-05,2716.672912
-0.000188623,3.96E-05,-3.02E-05,2714.732076
-8.70E-05,6.02E-05,-3.60E-05,2714.173507
-6.15E-05,6.91E-05,0,2714.012114
-6.15E-05,6.91E-05,0,2714.012114
-6.15E-05,6.91E-05,0,2714.012114
-6.15E-05,6.91E-05,0,2714.012114
-2.73E-05,4.42E-06,-0.00011582,2712.722884
-1.61E-05,1.11E-05,-0.000108914,2712.639356
-0.000187745,4.68E-05,-1.60E-05,2712.515905
-3.38E-06,3.19E-06,-9.44E-05,2711.684739
-2.41E-05,2.20E-05,-0.000101039,2711.468022
-7.10E-06,3.65E-05,-5.22E-05,2711.320628
-1.91E-05,3.84E-05,-6.41E-05,2711.121452
-0.0002248,1.67E-05,-9.59E-06,2710.389519
-1.78E-05,9.00E-06,-0.000111819,2710.125219
-0.000221231,1.67E-05,-1.92E-05,2709.591211
-6.24E-05,1.35E-05,-0.000102371,2708.941378
-0.000101405,1.48E-05,-8.73E-05,2708.837211
-0.000204144,4.05E-05,0,2708.180099
-0.000204144,4.05E-05,0,2708.180099
-0.000204144,4.05E-05,0,2708.180099
-0.000204144,4.05E-05,0,2708.180099
-4.40E-05,6.12E-05,-2.74E-05,2707.31996
-1.70E-05,1.65E-06,-0.000114612,2706.914971
-0.00021993,2.51E-05,-9.59E-06,2706.218738
-2.23E-05,7.31E-21,-0.000116468,2705.817787
-1.57E-05,2.17E-05,-9.52E-05,2704.080582
-1.14E-05,2.28E-05,-8.76E-05,2704.054548
-3.13E-05,1.01E-05,-0.000113247,2703.979852
-3.22E-05,7.31E-21,-0.000115736,2703.855455
-0.000208553,3.12E-05,-2.22E-05,2702.365889
-3.22E-05,1.94E-06,-0.000115665,2701.749395
-2.74E-05,7.31E-21,-0.000116517,2700.926831
-0.000202229,3.97E-05,-1.60E-05,2699.941322
-2.44E-05,2.42E-05,-9.82E-05,2699.712419
-0.00019171,3.38E-05,-3.64E-05,2698.93083
-0.000127119,8.27E-06,-7.89E-05,2698.928474
2.20E-06,2.21E-05,-6.43E-05,2696.943879
-2.08E-05,1.32E-05,-0.000110018,2696.155685
-2.15E-05,4.28E-05,-5.63E-05,2695.910877
-1.21E-05,7.43E-06,-0.000107948,2695.499575
1.41E-05,2.90E-05,-3.42E-05,2695.411187
-0.000167672,7.31E-21,-6.41E-05,2694.720851
-2.06E-05,2.43E-05,-9.55E-05,2693.823185
-5.99E-05,2.42E-05,-9.64E-05,2693.755471
-7.00E-05,1.91E-05,-9.69E-05,2691.585403
-5.11E-05,7.31E-21,-0.000110219,2690.927004
-4.09E-05,4.45E-06,-0.000113277,2689.86241
-1.50E-05,1.95E-05,-9.85E-05,2688.398335
-0.000226102,8.36E-06,-1.92E-05,2686.686404
-1.43E-05,5.28E-06,-0.000111651,2686.173652
-1.27E-05,1.58E-06,-0.000111213,2685.977898
-2.89E-05,2.97E-05,-9.11E-05,2685.495687
-8.96E-06,5.71E-06,-0.000104625,2685.243576
-4.44E-05,2.83E-05,-9.53E-05,2684.959935
-0.000209855,2.29E-05,-3.18E-05,2684.912193
-0.000229671,8.36E-06,-9.59E-06,2684.828061
-0.000110309,2.02E-05,-8.23E-05,2683.737947
-5.27E-05,3.65E-05,-8.31E-05,2683.660522
-9.93E-06,7.31E-21,-0.000107838,2683.522598
-2.95E-05,2.74E-05,-9.53E-05,2683.320489
-1.49E-05,4.62E-05,-4.20E-05,2683.115146
-0.000179858,4.85E-05,-2.40E-05,2683.086703
-2.01E-05,2.76E-05,-8.95E-05,2683.010952
-0.000214073,7.31E-21,-3.85E-05,2682.799281
-2.70E-05,1.80E-06,-0.000116627,2682.747048
-3.31E-05,4.47E-06,-0.000115334,2682.405357
-9.79E-06,2.42E-05,-8.33E-05,2681.695482
-9.02E-06,1.39E-05,-9.79E-05,2681.397835
-3.47E-05,7.31E-21,-0.000115469,2680.540504
-0.000200076,7.31E-21,-4.79E-05,2680.429983
-3.39E-06,5.94E-05,0,2679.963524
-3.39E-06,5.94E-05,0,2679.963524
-3.39E-06,5.94E-05,0,2679.963524
-3.39E-06,5.94E-05,0,2679.963524
-0.00022837,1.67E-05,0,2678.441214
-0.00022837,1.67E-05,0,2678.441214
-0.00022837,1.67E-05,0,2678.441214
-0.000223499,2.51E-05,0,2678.288842
-0.000223499,2.51E-05,0,2678.288842
-0.000223499,2.51E-05,0,2678.288842
-3.03E-05,1.59E-05,-0.000109695,2677.893131
-6.29E-05,6.19E-05,-3.24E-05,2677.630464
-0.000210429,3.66E-05,-7.99E-06,2677.537414
-0.000207659,5.78E-06,-4.30E-05,2677.17411
-3.23E-05,1.95E-05,-0.000106274,2676.923237
-2.41E-05,4.20E-05,-6.19E-05,2676.423124
-0.000200354,3.44E-05,-3.02E-05,2676.094547
-2.22E-05,6.18E-05,-1.49E-05,2675.802944
-1.78E-05,1.13E-05,-0.000110377,2674.839644
-0.000217126,5.05E-06,-3.50E-05,2674.159278
-1.39E-05,1.71E-06,-0.000112544,2673.494281
-2.41E-05,1.83E-06,-0.000116746,2673.271292
-0.000127551,3.47E-05,-6.73E-05,2671.232302
-1.83E-05,1.25E-06,-0.00011557,2669.339371
-3.91E-05,7.86E-06,-0.000113139,2668.888031
-0.000210712,1.08E-05,-3.96E-05,2668.534106
-1.98E-05,5.14E-06,-0.000115171,2668.167485
-7.76E-05,2.64E-05,-9.01E-05,2667.024008
-0.00010422,7.39E-06,-8.90E-05,2666.437433
-3.51E-05,9.65E-06,-0.000113387,2665.892973
-5.12E-05,6.97E-05,0,2665.733405
-5.12E-05,6.97E-05,0,2665.733405
-5.12E-05,6.97E-05,0,2665.733405
-5.12E-05,6.97E-05,0,2665.733405
-5.12E-05,6.97E-05,0,2665.733405
-2.88E-05,1.41E-06,-0.000116624,2665.484171
-1.77E-05,7.31E-21,-0.000115438,2664.082669
-0.000163102,5.95E-05,-6.32E-06,2663.102608
-4.77E-05,7.31E-21,-0.000111951,2661.568803
-1.56E-05,1.78E-06,-0.000114011,2661.537067
-0.000132687,1.65E-05,-7.67E-05,2661.319375
-0.000193662,5.78E-06,-5.25E-05,2660.21227
-7.98E-05,6.96E-05,-9.33E-06,2660.000881
-1.69E-05,3.39E-05,-7.39E-05,2659.462563
-0.00019403,4.29E-05,-2.40E-05,2659.188017
-0.000119212,2.56E-05,-7.73E-05,2658.638683
-0.000157056,7.31E-21,-7.01E-05,2657.722019
-1.37E-05,7.45E-06,-0.000110159,2657.101897
-0.000104835,6.84E-05,-1.18E-05,2656.706972
-0.000112904,4.00E-05,-6.72E-05,2656.577718
-0.000222533,8.36E-06,-2.88E-05,2656.358102
1.31E-05,4.34E-05,-1.35E-05,2656.215345
-0.000194797,2.81E-05,-4.26E-05,2655.941106
-0.000201246,1.16E-05,-4.76E-05,2655.20184
-2.18E-05,9.78E-06,-0.00011348,2655.161072
-0.000218628,3.34E-05,0,2655.133506
-0.000218628,3.34E-05,0,2655.133506
-0.000218628,3.34E-05,0,2655.133506
-0.000218628,3.34E-05,0,2655.133506
-0.000218628,3.34E-05,0,2655.133506
-0.000218628,3.34E-05,0,2655.133506
-0.000131136,4.17E-05,-5.95E-05,2654.767406
-5.44E-05,1.86E-05,-0.000103576,2654.515869
5.69E-06,7.31E-21,-7.61E-05,2653.959201
-4.20E-05,2.61E-05,-9.94E-05,2653.472757
-0.000215261,2.62E-05,-2.55E-05,2653.1788
7.01E-06,1.71E-05,-6.24E-05,2651.600053
-4.48E-05,2.32E-05,-0.000102049,2651.187133
-0.00017636,5.58E-05,-7.99E-06,2650.979339
-0.000120813,6.02E-06,-8.39E-05,2650.686071
-0.00023324,8.36E-06,0,2650.071865
-0.00023324,8.36E-06,0,2650.071865
-0.00023324,8.36E-06,0,2650.071865
-0.000170389,5.82E-05,0,2649.963487
-0.000170389,5.82E-05,0,2649.963487
-0.000170389,5.82E-05,0,2649.963487
-0.000170389,5.82E-05,0,2649.963487
-0.000169074,5.71E-05,-1.43E-05,2649.960686
-6.92E-05,6.99E-05,-9.33E-06,2649.72961
-4.19E-06,5.13E-06,-9.66E-05,2649.686014
-6.82E-05,1.24E-05,-0.000102216,2649.352132
-0.000141865,1.63E-05,-7.39E-05,2648.71058
-7.05E-06,7.63E-06,-0.000100814,2648.065744
4.91E-06,1.16E-05,-7.09E-05,2647.598372
2.14E-05,2.38E-05,-2.62E-05,2647.507194
-3.79E-05,7.31E-21,-0.000115112,2647.291098
-5.68E-05,4.81E-06,-0.000108632,2647.110501
-9.68E-05,5.00E-05,-5.87E-05,2645.797814
-3.52E-05,4.91E-05,-5.42E-05,2644.786611
-1.81E-05,3.11E-06,-0.000115326,2644.644748
-0.000204298,1.66E-05,-4.42E-05,2644.427305
-0.000203441,2.86E-05,-3.63E-05,2644.400116
-0.000143185,5.03E-05,-4.56E-05,2644.115634
-6.29E-06,3.98E-06,-0.000101255,2642.982239
-0.00021396,3.45E-05,-1.59E-05,2641.743854
-0.000148028,2.91E-05,-6.50E-05,2641.190527
-6.09E-05,6.55E-05,-2.41E-05,2640.781997
-4.49E-05,3.14E-06,-0.00011301,2639.352161
-4.49E-05,3.61E-05,-8.51E-05,2638.212016
-0.000184247,5.41E-05,0,2638.199593
-0.000184247,5.41E-05,0,2638.199593
-0.000184247,5.41E-05,0,2638.199593
-0.000184247,5.41E-05,0,2638.199593
-0.000230973,2.49E-20,-1.92E-05,2637.972576
-0.000141356,5.85E-05,-3.25E-05,2637.862816
-3.39E-05,2.89E-05,-9.54E-05,2637.747787
-0.00011074,1.34E-05,-8.70E-05,2636.835891
-0.000151042,1.61E-05,-7.11E-05,2636.101785
-0.000170365,2.15E-05,-6.10E-05,2635.780462
-4.66E-05,3.28E-05,-9.05E-05,2635.207042
-1.18E-05,3.51E-06,-0.00011022,2634.953116
-4.87E-05,4.41E-06,-0.000111749,2634.895127
-2.40E-05,3.50E-05,-7.95E-05,2633.573104
-0.000125467,6.83E-05,0,2633.559248
-0.000125467,6.83E-05,0,2633.559248
-0.000125467,6.83E-05,0,2633.559248
-2.13E-05,2.28E-06,-0.00011665,2633.036629
-6.38E-05,4.85E-05,-6.45E-05,2632.997922
-6.32E-05,3.02E-05,-9.16E-05,2632.855532
-0.00020576,3.77E-05,-2.39E-05,2632.795817
-1.84E-05,2.21E-05,-9.89E-05,2631.679082
-0.000234542,3.37E-20,-9.59E-06,2631.647087
-2.73E-05,1.93E-05,-0.000106889,2631.309408
-1.73E-05,1.99E-05,-0.00010122,2630.927965
-2.43E-05,1.81E-05,-0.000107375,2630.737626
-0.000110227,4.56E-05,-6.26E-05,2630.247571
-3.70E-06,7.31E-21,-9.70E-05,2629.896912
-0.000190219,5.16E-05,-7.99E-06,2628.464519
-8.96E-05,3.84E-05,-7.69E-05,2627.980497
-0.000182332,5.33E-05,-1.60E-05,2627.978787
1.84E-05,3.88E-05,-1.36E-05,2627.450818
-9.36E-05,6.87E-05,-1.77E-05,2626.205912
-0.000198419,4.85E-05,0,2625.674566
-0.000198419,4.85E-05,0,2625.674566
-0.000198419,4.85E-05,0,2625.674566
-0.000198419,4.85E-05,0,2625.674566
-2.90E-05,3.50E-06,-0.000116723,2625.499468
-2.11E-05,4.71E-06,-0.000116035,2625.202162
2.09E-05,4.89E-05,0,2625.198681
2.09E-05,4.89E-05,0,2625.198681
-1.17E-05,7.31E-21,-0.000110827,2625.162004
-2.74E-05,1.58E-05,-0.000110292,2624.851798
-3.47E-05,1.54E-05,-0.000110612,2624.649884
-0.000107034,7.31E-21,-9.07E-05,2624.037655
-0.000204703,4.46E-05,-7.99E-06,2623.515844
-6.56E-06,1.03E-05,-9.83E-05,2623.27027
2.26E-05,2.90E-05,-2.00E-05,2623.096742
-2.41E-05,7.31E-21,-0.000117208,2621.86792
-6.27E-05,7.31E-21,-0.000107274,2621.786044
-1.39E-05,7.31E-21,-0.000113147,2621.410809
-3.77E-05,2.30E-05,-0.000103887,2621.321576
-3.83E-05,1.51E-05,-0.000110468,2620.422423
-3.98E-05,4.23E-05,-7.32E-05,2620.123684
-2.27E-05,3.98E-05,-6.79E-05,2619.838989
-2.92E-05,1.28E-05,-0.000112861,2619.800552
-0.00018583,4.60E-05,-3.19E-05,2618.434712
-0.000175045,5.46E-05,-2.23E-05,2617.104294
-0.000196503,4.77E-05,-1.60E-05,2616.903578
-2.93E-05,7.31E-21,-0.000117107,2615.55647
-0.000194832,1.73E-05,-5.22E-05,2615.056227
-0.000216563,1.78E-05,-3.51E-05,2615.023684
-4.10E-05,1.81E-05,-0.000107928,2614.009515
-0.000162978,5.67E-05,-2.68E-05,2613.148941
-0.000126381,1.43E-05,-8.17E-05,2613.076973
-8.54E-05,5.63E-05,-5.05E-05,2612.787358
-4.63E-05,6.74E-05,-1.98E-05,2612.690895
-1.04E-05,1.97E-06,-0.000109123,2612.485668
-0.000137396,7.31E-21,-7.97E-05,2612.373399
-0.000227403,1.61E-20,-2.88E-05,2611.941857
-0.000119644,1.88E-05,-8.20E-05,2611.736626
-4.41E-05,7.46E-06,-0.000112852,2611.161587
-5.56E-05,5.88E-05,-4.28E-05,2610.294176
-2.95E-05,6.22E-06,-0.000116162,2610.036755
-2.59E-05,2.16E-05,-0.000104246,2609.011577
-6.55E-06,1.34E-05,-9.54E-05,2608.825623
-0.000135174,2.34E-05,-7.47E-05,2608.529937
-2.16E-05,7.20E-06,-0.000115321,2607.364039
-0.000128436,2.79E-05,-7.50E-05,2607.189591
-9.23E-05,5.99E-05,-4.38E-05,2607.178324
-2.36E-05,1.56E-05,-0.000110008,2606.335874
-0.000197885,2.24E-05,-4.88E-05,2604.281692
-0.000220668,2.95E-05,-1.92E-05,2604.207151
6.82E-07,2.76E-05,-6.14E-05,2602.654211
-0.000188917,4.03E-05,-3.81E-05,2602.633466
-0.00014919,6.56E-05,0,2602.26964
-0.00014919,6.56E-05,0,2602.26964
-0.00014919,6.56E-05,0,2602.26964
-0.00014919,6.56E-05,0,2602.26964
-0.000212902,4.14E-05,0,2601.188533
-0.000212902,4.14E-05,0,2601.188533
-0.000212902,4.14E-05,0,2601.188533
-0.000212902,4.14E-05,0,2601.188533
-9.62E-06,1.32E-05,-0.00010105,2600.815181
-3.92E-05,2.90E-05,-9.68E-05,2600.814381
-1.49E-05,1.42E-05,-0.000106515,2600.652532
-4.48E-05,5.38E-05,-5.11E-05,2599.666414
-1.65E-05,1.85E-05,-0.000102869,2599.310749
-9.08E-05,4.73E-05,-6.66E-05,2598.82155
2.38E-05,3.42E-05,-1.38E-05,2598.68629
-1.09E-05,1.84E-05,-9.67E-05,2598.064129
-7.65E-05,1.50E-05,-9.97E-05,2597.95995
-0.000177029,4.18E-05,-4.54E-05,2597.90082
-0.000128997,6.37E-05,-2.80E-05,2597.025977
-0.000197561,4.08E-05,-3.18E-05,2596.999969
-8.10E-06,1.94E-05,-9.09E-05,2596.995762
-6.07E-05,3.75E-05,-8.42E-05,2596.847425
-0.000144351,2.32E-05,-7.19E-05,2595.921142
-1.76E-05,7.40E-06,-0.000113722,2595.692319
-5.89E-05,7.05E-05,-9.33E-06,2595.256254
-0.000238111,4.25E-20,0,2594.863918
-0.000238111,4.25E-20,0,2594.863918
-0.000238111,4.25E-20,0,2594.863918
-2.39E-05,2.71E-05,-9.57E-05,2594.52889
1.06E-05,3.71E-05,-2.98E-05,2594.459402
-0.000113555,6.02E-06,-8.87E-05,2594.436112
-3.55E-05,5.45E-05,-4.54E-05,2594.435911
-0.000147244,7.31E-21,-7.68E-05,2594.129193
-0.00022197,2.11E-05,-2.88E-05,2593.969483
-1.91E-05,7.31E-21,-0.000116518,2592.509665
1.62E-06,3.06E-05,-5.52E-05,2592.157716
-3.00E-05,2.23E-05,-0.000104641,2592.134439
-1.71E-05,2.85E-05,-8.75E-05,2591.772161
-1.10E-05,5.21E-06,-0.000109136,2591.741876
-4.63E-05,4.59E-05,-6.91E-05,2591.654313
-2.77E-05,4.28E-05,-6.66E-05,2591.489361
-3.82E-05,3.60E-05,-8.60E-05,2590.138618
-2.69E-05,7.65E-06,-0.000115877,2589.773002
-0.000209837,7.31E-21,-4.78E-05,2589.478288
-3.55E-05,2.63E-06,-0.000116257,2589.291932
-0.000230902,1.72E-05,-1.92E-05,2588.566865
-4.04E-05,4.83E-05,-6.18E-05,2588.091736
-3.26E-05,1.72E-05,-0.00011002,2587.245802
-0.000192005,3.46E-05,-4.43E-05,2586.83222
-1.72E-05,4.14E-05,-6.02E-05,2586.808999
-0.000145013,4.22E-05,-5.88E-05,2585.724286
-7.43E-05,7.44E-06,-0.000103316,2584.352515
-8.87E-06,9.75E-06,-0.000103323,2584.149918
-0.000210149,2.36E-05,-3.96E-05,2584.116004
-1.82E-05,2.61E-05,-9.33E-05,2583.739321
-0.000234472,1.72E-05,-9.59E-06,2583.691063
-3.20E-05,1.51E-05,-0.000111626,2583.362029
-4.16E-05,7.31E-21,-0.000115091,2581.960137
-0.000229601,2.56E-05,-9.59E-06,2581.748758
-1.52E-05,1.66E-05,-0.00010428,2581.457943
-0.000159635,2.68E-05,-6.50E-05,2581.125226
4.38E-05,1.40E-05,-6.91E-06,2580.45103
-3.11E-05,4.16E-06,-0.000116877,2577.928691
-3.08E-05,2.52E-05,-0.000101509,2577.88206
-0.000211167,4.10E-05,-1.76E-05,2577.7908
-7.04E-05,6.41E-05,-3.51E-05,2577.389077
-0.000122575,4.14E-05,-6.72E-05,2577.290907
-3.24E-05,3.57E-05,-8.51E-05,2576.885619
-3.26E-05,1.29E-05,-0.000113203,2576.289376
-0.00010855,3.87E-05,-7.42E-05,2575.641011
-1.68E-05,6.37E-05,-7.44E-06,2575.423572
1.31E-05,9.26E-06,-5.79E-05,2575.257428
-2.67E-05,2.90E-05,-9.46E-05,2575.237804
-0.000223834,7.31E-21,-3.83E-05,2575.054959
-1.83E-05,1.38E-05,-0.000109703,2574.283896
-0.000195839,7.31E-21,-5.72E-05,2573.825476
-0.000188304,5.09E-05,-2.40E-05,2572.806804
-0.000200648,3.51E-05,-3.80E-05,2571.99025
-0.000141337,3.62E-05,-6.58E-05,2570.732393
-0.000219367,3.78E-05,-9.59E-06,2569.998756
-9.35E-05,7.31E-21,-9.78E-05,2569.892235
-0.00021742,5.78E-06,-4.29E-05,2569.429788
-2.29E-05,4.15E-06,-0.00011701,2569.395755
-0.000203423,5.78E-06,-5.24E-05,2568.815046
-5.72E-05,1.21E-05,-0.000108215,2568.740302
-2.68E-05,2.52E-05,-0.000100624,2568.687652
-0.000138897,6.69E-05,-1.62E-05,2568.071015
-2.63E-05,4.73E-05,-5.64E-05,2567.883591
-0.000235773,8.85E-06,-1.92E-05,2566.675768
-0.000120075,1.20E-05,-8.66E-05,2564.83457
-0.000211007,1.16E-05,-4.75E-05,2563.804616
-3.25E-06,7.51E-06,-9.51E-05,2563.646257
-2.71E-05,3.43E-05,-8.54E-05,2563.326602
-3.63E-05,1.30E-05,-0.00011293,2563.117966
-1.17E-05,1.04E-05,-0.000107046,2561.568929
-0.000164398,8.05E-06,-7.14E-05,2561.439811
-1.88E-05,1.93E-05,-0.000104549,2561.339253
-3.91E-05,3.00E-06,-0.000115812,2561.202567
-9.72E-06,6.40E-06,-0.000107183,2559.441708
-0.000239342,8.85E-06,-9.59E-06,2559.411338
-2.77E-05,4.10E-05,-7.21E-05,2559.342727
-0.000129189,7.31E-21,-8.53E-05,2558.449805
-0.000238041,1.72E-05,0,2557.996448
-0.000238041,1.72E-05,0,2557.996448
-0.000238041,1.72E-05,0,2557.996448
-0.000238041,1.72E-05,0,2557.996448
-0.000238041,1.72E-05,0,2557.996448
-0.00023317,2.56E-05,0,2557.871966
-0.00023317,2.56E-05,0,2557.871966
-0.00023317,2.56E-05,0,2557.871966
-0.00023317,2.56E-05,0,2557.871966
-3.83E-05,6.31E-06,-0.000115416,2557.179496
-0.000209292,3.56E-05,-3.18E-05,2557.14828
1.11E-05,5.22E-06,-6.49E-05,2556.818826
-5.81E-05,2.29E-05,-0.000101845,2556.49677
-0.000156621,3.98E-05,-5.89E-05,2555.936477
-0.00013766,3.03E-05,-7.27E-05,2555.7405
-3.11E-05,7.31E-21,-0.000117519,2555.656308
-2.60E-05,7.31E-21,-0.000117864,2554.915191
-3.94E-05,6.81E-05,-1.55E-05,2554.580851
-0.000160853,5.30E-05,-4.13E-05,2554.512956
-0.000202968,4.41E-05,-2.56E-05,2554.155117
-0.000162938,6.49E-05,0,2553.594975
-0.000162938,6.49E-05,0,2553.594975
-0.000162938,6.49E-05,0,2553.594975
-2.65E-05,6.66E-05,-7.44E-06,2553.066051
-7.76E-05,4.88E-05,-6.86E-05,2552.605056
4.25E-06,5.45E-05,-1.06E-05,2552.566041
-0.000181017,5.22E-05,-3.03E-05,2552.452303
-6.09E-05,1.85E-05,-0.000104286,2552.42546
-0.000164261,6.32E-05,-1.26E-05,2552.182679
-0.000104089,5.58E-05,-5.41E-05,2552.041742
-1.45E-05,3.95E-06,-0.000113629,2551.521698
-0.000117564,5.14E-05,-5.80E-05,2550.615094
-7.07E-05,3.11E-05,-9.21E-05,2550.198
-1.10E-05,1.25E-05,-0.000104664,2549.500209
-0.000171547,6.19E-05,-6.32E-06,2549.432142
-0.000197009,1.16E-05,-5.69E-05,2549.327784
-2.71E-05,2.76E-05,-9.77E-05,2548.775316
-4.10E-05,7.05E-05,0,2548.031281
-4.10E-05,7.05E-05,0,2548.031281
-4.10E-05,7.05E-05,0,2548.031281
-4.10E-05,7.05E-05,0,2548.031281
-1.97E-05,3.68E-06,-0.00011652,2547.894755
-1.23E-05,1.64E-05,-0.000102051,2547.638286
-0.000178834,6.06E-05,0,2546.681605
-0.000178834,6.06E-05,0,2546.681605
-0.000178834,6.06E-05,0,2546.681605
-0.000178834,6.06E-05,0,2546.681605
-0.000178834,6.06E-05,0,2546.681605
-0.000178834,6.06E-05,0,2546.681605
-0.000178834,6.06E-05,0,2546.681605
-6.19E-05,8.04E-06,-0.000108465,2546.127508
-7.77E-05,3.53E-05,-8.64E-05,2545.524909
-3.55E-05,6.18E-06,-0.000116151,2545.51583
-4.64E-05,4.24E-05,-7.83E-05,2545.191818
-1.99E-05,1.17E-05,-0.000112636,2545.003183
-2.20E-05,2.99E-05,-9.10E-05,2544.523171
-0.000177519,5.94E-05,-1.43E-05,2544.230444
-4.32E-05,1.36E-05,-0.00011168,2543.70609
-6.85E-05,6.77E-05,-2.69E-05,2540.540609
-2.22E-05,1.76E-05,-0.000108635,2540.313638
-0.000207177,4.94E-05,0,2539.181549
-0.000207177,4.94E-05,0,2539.181549
-0.000207177,4.94E-05,0,2539.181549
-0.000207177,4.94E-05,0,2539.181549
-0.000207177,4.94E-05,0,2539.181549
-0.000207177,4.94E-05,0,2539.181549
-0.000207177,4.94E-05,0,2539.181549
-6.71E-06,2.93E-06,-0.000104099,2538.429618
-1.26E-05,3.38E-06,-0.000112291,2537.905304
-0.000123552,3.35E-05,-7.59E-05,2537.853036
-2.29E-05,3.18E-05,-8.84E-05,2537.21113
-0.000184806,5.81E-05,-7.99E-06,2536.930251
-0.000134757,8.27E-06,-8.31E-05,2536.660006
-0.000203735,2.94E-05,-4.42E-05,2536.567886
-3.01E-05,2.79E-05,-9.87E-05,2536.407874
-0.000228299,3.39E-05,0,2535.72202
-0.000228299,3.39E-05,0,2535.72202
-0.000228299,3.39E-05,0,2535.72202
-0.000228299,3.39E-05,0,2535.72202
-1.48E-05,7.31E-21,-0.000114612,2535.387955
-3.25E-05,6.57E-06,-0.000116582,2535.368652
-0.000195092,2.89E-05,-5.05E-05,2535.172805
-2.02E-05,1.63E-05,-0.000109058,2534.691287
-0.000232204,8.85E-06,-2.88E-05,2533.942336
-5.51E-05,2.67E-05,-0.000100018,2533.205528
-0.000198977,5.25E-05,-7.99E-06,2533.180223
-1.94E-05,8.88E-06,-0.000114445,2532.71141
-5.66E-05,3.05E-05,-9.59E-05,2531.510653
-1.74E-05,1.64E-05,-0.00010729,2530.034258
-0.000192693,5.65E-05,0,2528.934269
-0.000192693,5.65E-05,0,2528.934269
-0.000192693,5.65E-05,0,2528.934269
-0.000192693,5.65E-05,0,2528.934269
-1.84E-05,6.63E-06,-0.000115166,2527.408697
-0.000190778,5.57E-05,-1.60E-05,2527.178897
-0.000242912,8.85E-06,0,2526.600035
-0.000242912,8.85E-06,0,2526.600035
-0.000242912,8.85E-06,0,2526.600035
-0.000242912,8.85E-06,0,2526.600035
-2.39E-06,1.02E-05,-9.25E-05,2526.477362
-5.08E-06,2.12E-05,-8.46E-05,2526.213639
-0.000168228,3.75E-05,-5.89E-05,2526.148667
3.03E-05,1.78E-05,-2.15E-05,2525.994148
-8.90E-06,3.29E-06,-0.000107717,2525.466353
-0.000223271,1.28E-05,-3.83E-05,2525.206354
-3.95E-05,4.09E-05,-7.98E-05,2525.197696
-3.07E-05,1.90E-06,-0.000117796,2524.111453
-0.000143934,8.05E-06,-8.03E-05,2524.051211
-0.000204593,1.73E-05,-5.21E-05,2523.659003
-0.000103196,4.99E-05,-6.51E-05,2522.980717
1.25E-08,8.06E-06,-8.91E-05,2522.522443
-0.000116638,6.90E-05,-2.36E-05,2522.384153
-2.07E-05,7.31E-21,-0.000117515,2521.401227
-2.77E-05,3.43E-06,-0.000117845,2521.241452
-0.000241143,2.49E-20,-1.89E-05,2520.904158
-4.64E-05,5.18E-06,-0.000114317,2520.578492
-2.13E-05,2.53E-05,-9.88E-05,2520.176793
-4.95E-05,3.13E-05,-9.62E-05,2519.918517
-0.000216857,1.86E-05,-4.29E-05,2519.581183
-0.000170232,6.07E-05,-2.06E-05,2519.326287
-1.99E-05,1.49E-06,-0.000117228,2519.266911
-0.000214698,3.89E-05,-2.55E-05,2519.092109
-0.000153782,8.05E-06,-7.74E-05,2518.890841
1.48E-05,3.94E-05,-2.14E-05,2517.197162
-7.54E-05,6.33E-05,-4.20E-05,2517.17444
-2.27E-05,1.31E-05,-0.000113003,2516.993565
-5.75E-05,3.50E-05,-9.10E-05,2516.728485
-0.000216,3.06E-05,-3.51E-05,2516.253015
-0.000194768,4.73E-05,-3.35E-05,2516.195175
-2.09E-05,2.84E-05,-9.35E-05,2516.067341
4.23E-06,4.74E-05,-2.57E-05,2515.802339
-2.57E-05,3.99E-06,-0.000117762,2515.377647
-2.84E-05,2.91E-05,-9.68E-05,2515.291686
-1.41E-05,2.54E-05,-9.21E-05,2513.087736
1.90E-05,2.96E-05,-2.78E-05,2512.843086
-0.000205441,4.90E-05,-1.76E-05,2511.954688
7.23E-06,5.06E-06,-7.45E-05,2511.397353
-0.000129613,6.00E-05,-4.42E-05,2511.319387
-0.000213641,4.58E-05,-9.59E-06,2510.108744
-2.09E-05,2.34E-05,-0.000101476,2509.87772
-0.000244712,3.37E-20,-9.33E-06,2506.856266
-0.000183491,5.70E-05,-2.23E-05,2506.824395
-0.00013641,1.66E-05,-8.26E-05,2505.419013
-3.17E-05,4.08E-05,-7.75E-05,2505.242813
-0.000183204,3.03E-05,-5.78E-05,2504.831029
-6.04E-06,1.64E-05,-9.38E-05,2504.17027
-2.61E-05,1.35E-05,-0.000113655,2503.818224
-1.45E-05,1.91E-05,-0.00010207,2503.701719
-6.65E-05,7.13E-05,-1.87E-05,2503.692142
-5.63E-05,7.31E-21,-0.000112185,2503.493165
-4.02E-05,1.16E-05,-0.000113939,2503.433934
-6.41E-05,1.33E-05,-0.000107231,2502.427819
-3.49E-05,1.16E-05,-0.000114797,2502.110197
-0.000136452,4.18E-05,-6.66E-05,2501.395838
-2.88E-05,1.95E-06,-0.000118214,2501.138842
-0.000197855,4.16E-05,-3.97E-05,2500.393929
-8.23E-05,6.68E-05,-3.53E-05,2499.907868
-4.55E-06,1.69E-05,-9.03E-05,2499.905952
-2.78E-05,1.21E-05,-0.000114758,2499.816789
-3.34E-05,7.31E-21,-0.000117889,2499.312805
-0.000237574,1.61E-20,-2.85E-05,2499.06563
-5.15E-05,2.41E-05,-0.000103909,2498.883553
-1.08E-05,2.30E-05,-9.20E-05,2498.288296
-2.22E-05,2.21E-05,-0.000104253,2497.666496
-6.76E-05,1.83E-05,-0.000104074,2496.919524
-7.70E-05,2.40E-05,-9.81E-05,2496.898155
-0.000118221,4.01E-05,-7.43E-05,2496.3542
-5.04E-05,6.70E-05,-2.74E-05,2496.005187
-0.000111595,7.40E-05,0,2495.340471
-0.000111595,7.40E-05,0,2495.340471
-0.000111595,7.40E-05,0,2495.340471
-0.000111595,7.40E-05,0,2495.340471
7.69E-06,2.36E-05,-5.82E-05,2494.516369
-2.79E-05,7.31E-21,-0.000118408,2494.086739
-0.000121745,7.31E-21,-9.09E-05,2493.809623
-3.35E-05,4.60E-05,-6.82E-05,2493.084962
-0.000240574,1.77E-05,-1.92E-05,2492.829713
-0.000145588,1.64E-05,-7.98E-05,2492.810219
-0.000219598,7.31E-21,-4.77E-05,2492.468095
-1.67E-05,2.45E-05,-9.70E-05,2492.113358
-0.0002056,7.31E-21,-5.71E-05,2491.853354
-0.000222813,4.26E-05,0,2491.133766
-0.000222813,4.26E-05,0,2491.133766
-0.000222813,4.26E-05,0,2491.133766
-0.000222813,4.26E-05,0,2491.133766
-2.99E-05,1.92E-05,-0.000109817,2490.129175
2.02E-05,3.48E-05,-2.16E-05,2488.432635
-0.000128451,6.02E-06,-8.81E-05,2488.417603
-0.000126538,7.22E-05,-1.18E-05,2488.287256
-2.24E-05,3.47E-05,-8.39E-05,2487.517306
-0.000230339,3.00E-05,-1.92E-05,2486.932826
-0.000213184,5.78E-06,-5.23E-05,2486.842924
-0.000177754,7.31E-21,-7.16E-05,2486.777837
-0.000176204,5.83E-05,-2.86E-05,2486.469894
-0.000132776,3.59E-05,-7.35E-05,2486.403944
-0.000115928,4.69E-05,-6.83E-05,2486.365156
-1.51E-05,7.28E-06,-0.000113358,2485.912439
-0.000206499,4.21E-05,-3.35E-05,2485.551959
-0.000108083,1.52E-05,-9.37E-05,2485.352218
-0.000187967,1.16E-05,-6.41E-05,2485.145614
-0.00010543,6.93E-05,-2.95E-05,2484.651831
-4.58E-05,7.31E-21,-0.000115524,2484.33392
-3.96E-05,4.69E-05,-6.99E-05,2484.256249
-0.000231641,2.16E-05,-2.88E-05,2484.093731
-0.000198179,2.31E-05,-5.67E-05,2483.513391
-9.70E-06,7.31E-21,-0.000109882,2482.910237
-8.86E-05,2.86E-05,-9.24E-05,2481.108722
-0.000220105,4.23E-05,-1.92E-05,2481.035939
-1.39E-05,1.45E-06,-0.000114344,2478.480666
-0.000221407,3.39E-05,-2.88E-05,2478.196844
-9.99E-05,3.26E-05,-8.65E-05,2478.136669
-5.08E-06,3.01E-05,-7.17E-05,2477.781095
-1.63E-05,5.81E-06,-0.000114856,2477.106198
-6.81E-05,7.85E-06,-0.000108252,2476.993376
-1.08E-05,1.90E-06,-0.000111201,2476.958473
-2.94E-05,1.03E-05,-0.000116047,2476.633807
-0.000153967,6.45E-05,-2.89E-05,2476.222558
-0.000244143,1.77E-05,-9.59E-06,2475.582932
-0.000222708,2.55E-05,-3.83E-05,2475.357749
-0.000234005,7.31E-21,-3.81E-05,2475.266499
-0.000200943,3.58E-05,-4.59E-05,2475.187348
-1.14E-05,6.56E-05,0,2475.0442
-1.14E-05,6.56E-05,0,2475.0442
-1.14E-05,6.56E-05,0,2475.0442
-1.14E-05,6.56E-05,0,2475.0442
-1.14E-05,6.56E-05,0,2475.0442
-1.14E-05,6.56E-05,0,2475.0442
-1.14E-05,6.56E-05,0,2475.0442
-1.14E-05,6.56E-05,0,2475.0442
-1.14E-05,6.56E-05,0,2475.0442
-1.14E-05,6.56E-05,0,2475.0442
-1.14E-05,6.56E-05,0,2475.0442
-1.14E-05,6.56E-05,0,2475.0442
-1.07E-05,3.53E-05,-6.99E-05,2474.720494
-0.000131442,5.18E-05,-5.74E-05,2474.720025
-5.57E-05,6.62E-05,-3.46E-05,2474.56639
-3.88E-05,6.65E-05,-2.55E-05,2473.707627
-0.000117254,6.52E-05,-3.97E-05,2471.940995
-0.000197242,5.21E-05,-2.56E-05,2470.567267
-1.88E-05,3.60E-05,-7.85E-05,2470.395041
-1.96E-05,1.44E-05,-0.000111421,2469.261614
-6.67E-05,2.64E-05,-9.98E-05,2467.807666
-0.000239272,2.61E-05,-9.59E-06,2467.616135
-8.21E-05,7.31E-21,-0.000104795,2467.071313
-3.62E-06,3.49E-05,-6.03E-05,2466.816862
2.45E-05,4.73E-05,-5.92E-06,2466.361532
-5.56E-05,3.88E-05,-8.80E-05,2465.626021
-1.20E-05,7.31E-21,-0.000112843,2465.396863
-1.60E-05,7.31E-21,-0.000116,2465.104328
-0.000210444,2.43E-05,-4.75E-05,2463.673546
-2.36E-05,7.32E-06,-0.000117036,2463.568923
3.78E-05,1.39E-05,-1.46E-05,2463.232073
-8.04E-05,7.05E-05,-2.70E-05,2463.0594
-0.000199186,5.78E-06,-6.17E-05,2462.94099
-9.45E-05,5.95E-05,-5.58E-05,2461.971681
-0.000229038,3.83E-05,-9.59E-06,2461.719248
-2.63E-05,1.08E-05,-0.000115845,2461.618381
-4.84E-05,7.20E-05,-1.26E-05,2461.568418
-2.11E-05,1.93E-05,-0.00010752,2461.097593
-1.24E-05,2.91E-05,-8.47E-05,2460.433451
-0.000209586,3.64E-05,-3.96E-05,2460.345378
-3.31E-05,9.94E-06,-0.000116322,2459.185469
-0.000247712,1.77E-05,0,2458.336151
-0.000247712,1.77E-05,0,2458.336151
-0.000247712,1.77E-05,0,2458.336151
-0.000247712,1.77E-05,0,2458.336151
-0.000247712,1.77E-05,0,2458.336151
-0.000247712,1.77E-05,0,2458.336151
-0.00020677,1.16E-05,-5.68E-05,2457.93056
5.27E-07,2.31E-05,-7.35E-05,2457.84741
-0.000142308,2.33E-05,-8.00E-05,2457.378986
-0.000172706,6.55E-05,-1.26E-05,2457.225919
-8.04E-05,6.24E-05,-4.88E-05,2456.959804
-4.08E-05,7.09E-06,-0.000116307,2456.207268
-0.000245944,8.85E-06,-1.89E-05,2455.839163
-2.40E-05,2.73E-05,-9.90E-05,2454.813274
-1.24E-05,1.53E-05,-0.000104955,2454.501274
-0.000179993,6.42E-05,-6.32E-06,2454.475382
-3.73E-05,9.81E-06,-0.000115966,2454.068467
1.25E-05,1.78E-05,-5.57E-05,2453.890195
-2.78E-05,5.64E-06,-0.000118086,2453.841144
-2.11E-05,6.85E-05,0,2452.686679
-2.11E-05,6.85E-05,0,2452.686679
-2.11E-05,6.85E-05,0,2452.686679
-2.25E-05,7.31E-21,-0.000118435,2452.530214
-0.000163006,1.97E-05,-7.57E-05,2450.504459
-0.000242841,2.61E-05,0,2450.369354
-0.000242841,2.61E-05,0,2450.369354
-0.00015257,2.27E-05,-7.77E-05,2450.185287
-2.12E-05,1.12E-05,-0.000114614,2450.037872
-4.38E-05,4.49E-06,-0.000116305,2449.632175
-0.00018728,6.29E-05,0,2449.518873
-0.00018728,6.29E-05,0,2449.518873
1.84E-06,1.64E-05,-8.00E-05,2447.692325
-5.08E-05,7.31E-21,-0.000114985,2447.626294
-0.000211906,4.54E-05,-2.72E-05,2447.495788
-1.68E-05,1.67E-06,-0.000116485,2447.440759
-1.58E-05,3.67E-06,-0.000115575,2446.525422
-5.10E-05,3.70E-05,-9.14E-05,2445.871064
-0.000201451,5.73E-05,0,2445.768846
-0.000201451,5.73E-05,0,2445.768846
-2.99E-06,1.35E-05,-9.27E-05,2445.02904
-0.000185965,6.18E-05,-1.43E-05,2444.724027
-0.000167138,7.31E-21,-7.77E-05,2444.228867
-3.64E-05,7.31E-21,-0.000118187,2444.027576
-0.000110533,5.57E-05,-6.05E-05,2443.34824
-0.000110898,7.86E-06,-9.54E-05,2442.95244
-0.000164097,6.86E-05,-6.32E-06,2442.675046
-5.27E-05,5.34E-05,-6.30E-05,2442.408134
-0.000237971,3.44E-05,0,2442.402557
-0.000237971,3.44E-05,0,2442.402557
-0.000237971,3.44E-05,0,2442.402557
-0.000237971,3.44E-05,0,2442.402557
-0.000237971,3.44E-05,0,2442.402557
-0.000237971,3.44E-05,0,2442.402557
-6.52E-05,4.70E-05,-7.72E-05,2442.00787
-0.000217087,5.06E-05,0,2441.998813
-0.000217087,5.06E-05,0,2441.998813
-2.34E-05,2.52E-05,-0.000101974,2441.808689
-3.44E-06,7.10E-06,-9.84E-05,2440.971408
-0.000207915,5.38E-05,-9.59E-06,2440.736086
-2.40E-05,3.17E-05,-9.25E-05,2440.510861
-0.000171383,6.73E-05,0,2439.924509
-0.000171383,6.73E-05,0,2439.924509
-0.000193251,6.05E-05,-7.99E-06,2439.767519
-8.73E-05,6.60E-05,-4.21E-05,2439.693232
-0.000249513,8.85E-06,-9.33E-06,2438.592382
8.51E-06,4.96E-05,-1.74E-05,2438.540099
-1.47E-05,6.15E-05,-2.01E-05,2438.130554
-1.23E-05,1.93E-05,-0.000100552,2437.96836
-3.02E-05,3.15E-05,-9.61E-05,2436.886662
-1.78E-05,5.10E-06,-0.000116317,2436.773801
-3.55E-05,2.02E-05,-0.000110296,2436.465779
-2.98E-05,7.31E-21,-0.000118958,2436.243022
-2.63E-05,2.49E-05,-0.000103815,2435.765651
-0.000199716,5.69E-05,-1.76E-05,2434.734759
-3.36E-05,3.52E-05,-9.15E-05,2434.604234
-6.52E-05,6.08E-05,-5.22E-05,2434.386787
-0.000242374,8.85E-06,-2.85E-05,2434.153876
-2.17E-05,1.88E-06,-0.000118337,2433.938196
-8.32E-05,9.25E-06,-0.000104403,2433.276795
1.06E-05,7.31E-21,-6.98E-05,2433.246616
7.53E-07,4.08E-06,-9.12E-05,2432.969746
-0.000187262,4.52E-05,-4.87E-05,2432.602913
-3.95E-05,7.31E-21,-0.000117818,2431.69495
-2.97E-05,1.62E-05,-0.000113183,2431.635583
-0.000174079,5.46E-05,-4.30E-05,2431.445563
-6.85E-05,3.89E-05,-8.87E-05,2430.820659
-3.08E-05,7.14E-05,0,2430.329158
-3.08E-05,7.14E-05,0,2430.329158
-3.08E-05,7.14E-05,0,2430.329158
-3.08E-05,7.14E-05,0,2430.329158
-3.08E-05,7.14E-05,0,2430.329158
-3.08E-05,7.14E-05,0,2430.329158
-3.08E-05,7.14E-05,0,2430.329158
-3.08E-05,7.14E-05,0,2430.329158
-2.39E-05,2.12E-05,-0.000107415,2430.265183
-2.71E-05,1.67E-06,-0.000118997,2430.238476
-5.16E-05,1.90E-05,-0.000109441,2428.945815
-0.000110732,2.60E-05,-9.00E-05,2428.616281
-4.07E-05,3.61E-05,-9.23E-05,2428.413116
-5.98E-06,9.80E-06,-0.000101524,2428.303246
-3.33E-05,3.73E-06,-0.000118545,2427.642501
-2.96E-05,4.22E-06,-0.000118711,2425.479507
-0.000149556,3.57E-05,-7.15E-05,2424.996537
-1.67E-05,4.18E-05,-6.59E-05,2424.49918
-0.000178678,6.31E-05,-2.06E-05,2424.369526
-0.00020403,3.01E-05,-5.21E-05,2423.527933
-7.63E-05,4.60E-05,-7.95E-05,2422.617821
-9.42E-05,6.96E-05,-3.54E-05,2422.426659
-4.54E-05,2.35E-05,-0.000107287,2421.813545
-5.38E-05,5.91E-06,-0.000114207,2421.615456
2.01E-05,6.94E-06,-4.83E-05,2421.130825
-2.99E-05,4.92E-05,-6.25E-05,2420.118392
-5.75E-05,1.84E-05,-0.000108688,2420.042029
-0.000216294,3.13E-05,-4.29E-05,2419.450112
-2.37E-05,1.06E-05,-0.000115978,2419.086403
-0.000251314,2.49E-20,-1.87E-05,2418.848613
-6.17E-06,7.09E-06,-0.00010366,2418.450263
-0.000151842,6.08E-05,-4.33E-05,2418.237448
-0.000200356,1.73E-05,-6.14E-05,2417.784948
-2.34E-05,1.91E-05,-0.000109601,2417.446668
-4.47E-05,2.91E-05,-0.000102054,2417.314475
-3.89E-05,2.90E-05,-0.000101948,2417.189375
-0.000127891,4.15E-05,-7.44E-05,2417.067389
-2.58E-05,1.90E-05,-0.000110427,2416.614675
-3.19E-05,6.72E-05,-2.12E-05,2415.597583
-4.66E-05,1.74E-05,-0.000111681,2414.214873
-0.000203706,4.86E-05,-3.51E-05,2413.955637
-0.000117418,1.39E-05,-9.34E-05,2413.350897
-0.000223552,4.70E-05,-9.59E-06,2412.926008
-0.000136826,7.31E-21,-8.95E-05,2412.000637
-0.000214379,5.02E-05,-1.92E-05,2411.66328
-0.000145879,2.98E-05,-7.85E-05,2410.004644
-0.000215361,7.31E-21,-5.70E-05,2409.881231
-0.000106046,6.55E-05,-4.57E-05,2408.056056
-0.000121007,6.02E-06,-9.37E-05,2407.958121
-1.50E-05,1.37E-05,-0.000109815,2407.657693
-2.01E-05,6.79E-06,-0.000116959,2407.040325
-0.000146674,7.31E-21,-8.66E-05,2406.840267
-5.30E-05,4.78E-05,-7.65E-05,2406.126255
-4.79E-05,3.24E-06,-0.000116315,2405.554232
-4.13E-05,6.24E-05,-4.06E-05,2405.460996
-0.000111574,4.56E-05,-7.53E-05,2405.428449
5.24E-07,7.31E-21,-9.30E-05,2404.376703
-0.000100863,7.73E-05,0,2403.122921
-0.000100863,7.73E-05,0,2403.122921
-0.000100863,7.73E-05,0,2403.122921
-0.000100863,7.73E-05,0,2403.122921
-0.000100863,7.73E-05,0,2403.122921
-0.000153671,5.27E-05,-5.65E-05,2402.474367
-3.88E-06,7.31E-21,-0.000101856,2402.037355
-0.000156522,7.31E-21,-8.37E-05,2401.679897
-1.15E-05,5.23E-06,-0.00011193,2401.133975
-1.74E-05,7.31E-21,-0.000117285,2400.356479
-8.99E-05,1.61E-05,-0.000101778,2400.223565
-6.68E-05,7.65E-05,0,2399.977778
-6.68E-05,7.65E-05,0,2399.977778
-6.68E-05,7.65E-05,0,2399.977778
-0.000136437,7.54E-05,0,2398.819343
-0.000136437,7.54E-05,0,2398.819343
-0.000136437,7.54E-05,0,2398.819343
-0.000136437,7.54E-05,0,2398.819343
-0.000136437,7.54E-05,0,2398.819343
-1.25E-05,1.20E-06,-0.000113906,2398.791706
-1.17E-05,2.21E-05,-9.72E-05,2398.229276
-0.000247744,1.61E-20,-2.83E-05,2397.163326
-0.000171599,3.04E-05,-6.96E-05,2395.5279
-0.000161163,3.34E-05,-7.16E-05,2395.208728
-2.00E-05,2.86E-06,-0.000118132,2394.066244
-0.000232484,4.31E-05,0,2393.609317
-0.000232484,4.31E-05,0,2393.609317
-7.66E-06,7.31E-21,-0.000108318,2393.063672
-5.20E-05,1.25E-05,-0.000113404,2392.820519
-2.44E-05,7.31E-21,-0.000119259,2392.27014
-4.82E-05,7.96E-06,-0.000115668,2392.118636
-1.15E-05,1.67E-06,-0.00011292,2391.63183
-0.000230798,1.25E-05,-4.69E-05,2391.552421
-3.63E-06,1.21E-05,-9.65E-05,2390.840899
-2.45E-05,2.01E-06,-0.000119205,2390.838445
-0.000122881,5.15E-05,-6.51E-05,2390.391576
-3.17E-05,7.31E-21,-0.000119425,2390.29958
-1.95E-05,5.01E-05,-5.23E-05,2389.930009
-1.44E-05,1.02E-05,-0.00011209,2388.780479
-2.11E-05,9.59E-06,-0.000116242,2388.236783
-3.22E-05,1.29E-05,-0.000116043,2385.988298
-8.16E-06,3.81E-05,-6.46E-05,2385.591301
-0.000125085,2.60E-05,-8.79E-05,2385.300113
-7.42E-08,8.14E-06,-9.25E-05,2385.213024
-5.15E-05,3.04E-05,-0.000101284,2384.922902
-1.74E-05,5.91E-05,-3.08E-05,2383.657967
-2.51E-05,1.63E-05,-0.000113117,2383.088706
-0.000101028,9.81E-06,-0.00010062,2382.177014
-3.02E-05,7.11E-06,-0.000118536,2381.9726
-4.15E-05,7.27E-05,-8.25E-06,2381.82592
-0.000151508,7.29E-05,-1.26E-05,2381.620943
2.44E-06,1.08E-05,-8.53E-05,2381.569024
-0.00013848,8.31E-06,-8.90E-05,2380.759644
-1.83E-05,2.15E-06,-0.000117674,2380.748056
2.91E-05,2.43E-05,-2.08E-05,2379.996268
-1.69E-05,1.05E-05,-0.000113903,2379.517768
-5.77E-07,1.63E-05,-8.63E-05,2379.174982
-0.000108897,5.12E-05,-7.08E-05,2379.098302
-0.000178461,4.09E-05,-6.22E-05,2378.560335
1.66E-05,3.54E-05,-2.94E-05,2378.178979
-0.00020618,5.34E-05,-2.72E-05,2378.123129
-9.16E-06,1.73E-05,-0.000100434,2377.907278
-0.000259565,4.16E-20,0,2376.618934
-0.000259565,4.07E-20,0,2376.618934
-0.000259565,4.16E-20,0,2376.618934
-5.35E-05,4.33E-05,-8.51E-05,2376.150459
-0.000176362,1.17E-05,-7.59E-05,2375.842485
-0.000244175,7.31E-21,-3.78E-05,2375.478038
-1.19E-05,3.98E-06,-0.000113078,2374.891679
-6.32E-05,6.84E-05,-3.73E-05,2374.325003
-0.000186574,2.32E-05,-6.85E-05,2374.210261
3.61E-05,7.09E-06,-2.16E-05,2373.156642
-0.000165278,5.03E-05,-5.65E-05,2372.686558
-0.000138167,6.21E-05,-4.90E-05,2372.362159
-1.25E-05,2.90E-06,-0.000113943,2371.48815
-6.64E-06,2.76E-06,-0.000106744,2371.477194
-2.12E-05,4.26E-06,-0.000118446,2370.433809
-4.51E-05,3.54E-05,-9.58E-05,2370.355602
-8.74E-05,7.82E-05,0,2370.231177
-8.74E-05,7.82E-05,0,2370.231177
-8.74E-05,7.82E-05,0,2370.231177
-8.74E-05,7.82E-05,0,2370.231177
-3.94E-05,3.38E-05,-9.74E-05,2369.544474
3.13E-05,1.24E-05,-2.85E-05,2367.489504
-6.07E-05,6.21E-06,-0.000113596,2366.017418
-3.37E-05,2.97E-05,-0.000101757,2365.64656
-1.08E-05,3.28E-06,-0.000112319,2364.726816
6.73E-06,4.34E-06,-8.00E-05,2364.665158
-2.53E-05,2.77E-05,-0.000101492,2364.244784
-0.00011787,6.15E-05,-5.59E-05,2363.715764
-0.000209881,3.71E-05,-4.75E-05,2363.542475
-4.40E-05,8.65E-06,-0.000116869,2363.535634
-0.000181152,6.79E-05,-1.26E-05,2362.269158
-1.84E-05,2.27E-05,-0.000103848,2361.709658
-5.03E-06,2.83E-05,-7.89E-05,2360.988611
-8.79E-06,1.00E-05,-0.000106812,2359.649054
-2.95E-05,1.39E-05,-0.000115811,2358.965679
-5.60E-05,7.28E-05,-2.19E-05,2358.915332
-2.65E-05,3.25E-05,-9.52E-05,2358.56023
-2.35E-05,3.11E-05,-9.56E-05,2357.400671
-0.000193436,3.38E-05,-6.11E-05,2357.242697
-3.80E-05,4.35E-06,-0.000118851,2356.802648
-1.16E-05,1.35E-05,-0.000107476,2356.191369
3.03E-05,2.96E-05,-1.46E-05,2355.585816
-1.28E-05,7.31E-21,-0.000114721,2354.408253
-0.000192321,7.31E-21,-7.36E-05,2353.688728
-8.93E-08,3.09E-06,-9.53E-05,2353.42882
-4.63E-05,1.23E-05,-0.000115416,2353.390393
-2.77E-05,4.74E-05,-6.79E-05,2353.176188
2.94E-05,3.82E-05,-6.88E-06,2352.848438
-3.52E-05,4.07E-05,-8.57E-05,2352.845199
-4.12E-05,3.17E-06,-0.000118592,2352.65336
-1.16E-05,1.03E-05,-0.00011009,2352.428061
-0.000195725,6.53E-05,0,2352.356142
-0.000195725,6.53E-05,0,2352.356142
-0.000195725,6.53E-05,0,2352.356142
-0.000195725,6.53E-05,0,2352.356142
-0.000195725,6.53E-05,0,2352.356142
-0.000195725,6.53E-05,0,2352.356142
-0.000195725,6.53E-05,0,2352.356142
-2.92E-05,1.73E-06,-0.00011988,2352.256936
-0.000202534,1.16E-05,-6.62E-05,2352.056504
-3.84E-06,6.93E-06,-0.000101111,2350.877895
1.12E-05,1.12E-05,-6.65E-05,2350.808641
-2.65E-05,7.31E-21,-0.000119889,2350.565995
-5.61E-06,7.31E-21,-0.000105745,2350.141718
-0.000140133,1.66E-05,-8.84E-05,2349.518652
-0.000112666,7.78E-05,-1.18E-05,2348.698547
-3.73E-06,6.07E-05,-1.06E-05,2347.954526
-1.27E-05,4.97E-06,-0.000113857,2347.489401
-0.000139996,5.39E-05,-6.22E-05,2347.193343
-3.39E-05,1.76E-05,-0.000113813,2346.947651
-2.16E-05,2.96E-05,-9.71E-05,2346.315109
-4.08E-05,4.23E-05,-8.55E-05,2346.177165
-5.65E-05,7.72E-05,0,2345.780671
-5.65E-05,7.72E-05,0,2345.780671
-5.65E-05,7.72E-05,0,2345.780671
-5.65E-05,7.72E-05,0,2345.780671
-4.43E-06,3.46E-05,-6.71E-05,2345.48097
-0.000226998,5.18E-05,0,2344.816077
-0.000226998,5.18E-05,0,2344.816077
-0.000226998,5.18E-05,0,2344.816077
-0.000226998,5.18E-05,0,2344.816077
-0.000226998,5.18E-05,0,2344.816077
-7.68E-05,7.85E-05,0,2344.802068
-7.68E-05,7.85E-05,0,2344.802068
-7.68E-05,7.85E-05,0,2344.802068
-9.36E-06,4.19E-05,-6.01E-05,2344.334057
-2.77E-05,3.51E-06,-0.00011975,2343.982395
-8.41E-06,1.26E-05,-0.000104695,2343.849694
-7.58E-05,5.96E-05,-6.18E-05,2343.574354
-1.90E-05,7.31E-21,-0.000118462,2343.465819
-1.46E-05,2.30E-05,-0.000100608,2343.110754
-0.00021797,2.41E-05,-5.60E-05,2342.618693
-0.000208654,5.82E-05,-1.92E-05,2342.290622
-7.50E-05,1.36E-05,-0.000108476,2341.572616
-2.13E-05,1.61E-05,-0.000112644,2340.855918
-2.65E-05,3.07E-05,-9.86E-05,2339.798203
-1.99E-05,3.20E-05,-9.19E-05,2339.407506
-0.000100974,5.93E-05,-6.23E-05,2339.154584
-8.48E-06,2.66E-05,-8.78E-05,2338.271783
-9.45E-06,4.24E-06,-0.000110762,2337.929603
-9.33E-06,6.34E-05,-1.27E-05,2337.751182
-6.13E-05,7.20E-05,-2.91E-05,2337.476535
-1.36E-05,1.63E-05,-0.000107415,2336.972392
-3.53E-05,1.35E-05,-0.000116473,2335.773025
-2.84E-05,7.31E-21,-0.000120149,2334.098417
1.40E-05,5.54E-05,0,2333.529665
1.40E-05,5.54E-05,0,2333.529665
1.40E-05,5.54E-05,0,2333.529665
1.40E-05,5.54E-05,0,2333.529665
-0.000163933,7.39E-05,0,2333.167413
-0.000163933,7.39E-05,0,2333.167413
-0.000163933,7.39E-05,0,2333.167413
-0.000163933,7.39E-05,0,2333.167413
-0.000163933,7.39E-05,0,2333.167413
-0.000129383,7.31E-21,-9.51E-05,2331.541155
-1.59E-05,2.99E-05,-9.18E-05,2330.798149
-3.44E-05,4.69E-05,-7.46E-05,2330.216893
-2.80E-05,2.87E-05,-0.000102212,2330.082293
-5.72E-05,1.15E-05,-0.000114067,2328.849398
-3.95E-05,2.53E-05,-0.000108298,2328.492939
-3.08E-05,3.84E-05,-8.86E-05,2327.659608
-2.37E-05,5.19E-06,-0.000119154,2327.15674
-2.72E-05,5.42E-05,-5.43E-05,2326.915295
-0.000121244,4.70E-05,-7.54E-05,2326.141638
-1.72E-05,2.01E-05,-0.000106774,2325.857761
-2.80E-05,2.36E-05,-0.000108298,2325.636847
-3.54E-05,6.34E-06,-0.00011923,2325.472893
-1.39E-05,3.29E-06,-0.000115469,2324.747814
-9.45E-06,7.24E-06,-0.000109899,2323.153926
-3.95E-05,1.68E-05,-0.000114734,2322.346619
-2.35E-05,1.33E-05,-0.000115677,2322.298879
-7.96E-05,1.85E-05,-0.000106122,2321.475498
-7.23E-05,7.31E-21,-0.000112026,2320.428494
-1.04E-05,1.80E-05,-0.000102571,2320.153858
-0.000155958,4.62E-05,-6.97E-05,2317.860636
-1.48E-05,1.81E-06,-0.000116471,2317.561606
7.96E-06,1.92E-05,-6.83E-05,2317.385718
-6.23E-06,1.30E-05,-0.000101658,2315.615202
4.62E-06,5.07E-06,-8.56E-05,2314.846659
-9.87E-06,7.31E-21,-0.000112259,2314.797446
-2.18E-05,4.78E-05,-6.36E-05,2314.719862
-0.000101457,7.82E-05,-1.77E-05,2314.46847
-0.000166578,7.05E-05,-2.53E-05,2314.149111
-1.83E-05,2.54E-05,-0.000101402,2312.958373
-2.66E-05,5.11E-06,-0.000119754,2312.921179
-4.30E-05,7.31E-21,-0.00011921,2310.83695
-7.28E-05,2.16E-05,-0.000106654,2309.947871
-6.42E-05,7.80E-05,-9.33E-06,2309.24919
-2.10E-05,1.87E-05,-0.000110779,2309.160062
-0.000247537,3.02E-05,-2.77E-05,2307.541439
-1.81E-05,1.41E-05,-0.000113137,2306.653916
-2.63E-05,1.31E-05,-0.000116651,2306.606643
-8.96E-05,6.56E-05,-5.41E-05,2306.144127
-1.65E-05,3.58E-06,-0.000117294,2305.812901
-0.000239448,4.32E-05,-1.92E-05,2305.193736
6.58E-07,2.99E-05,-6.81E-05,2304.54417
-7.10E-05,7.05E-05,-4.12E-05,2304.37133
-2.32E-05,4.06E-05,-8.04E-05,2302.874972
-0.000260915,1.77E-05,-1.87E-05,2302.23171
-1.59E-05,4.08E-05,-7.26E-05,2301.753431
-3.26E-05,7.44E-06,-0.000119474,2301.032063
-6.35E-05,1.93E-05,-0.000110132,2300.23233
-0.000116234,5.70E-05,-6.61E-05,2299.465825
-4.48E-05,4.10E-05,-9.05E-05,2298.860352
-0.000114477,3.82E-05,-8.67E-05,2298.187794
-6.05E-06,1.65E-05,-9.85E-05,2296.9615
-3.83E-05,8.43E-06,-0.000118866,2296.561958
-1.72E-05,3.49E-05,-8.54E-05,2296.32558
-1.27E-06,4.18E-06,-9.85E-05,2294.709136
1.05E-05,5.67E-05,-7.58E-06,2294.507233
-1.69E-05,8.11E-06,-0.000116165,2293.817916
-1.56E-05,1.29E-05,-0.000112559,2290.964455
-1.41E-05,5.56E-06,-0.000115453,2290.921126
-3.51E-05,9.63E-06,-0.000118832,2290.347023
-2.07E-05,7.31E-21,-0.000119558,2290.073829
-2.00E-05,2.24E-05,-0.000106856,2290.071973
-5.74E-05,2.39E-05,-0.000108902,2289.18479
-9.65E-05,6.92E-05,-4.74E-05,2288.877555
-2.72E-05,3.60E-05,-9.21E-05,2288.268299
-1.02E-05,1.15E-05,-0.000108763,2288.185799
-0.000164453,6.68E-05,-3.97E-05,2287.916599
-1.96E-05,1.29E-06,-0.00011918,2287.186515
-1.80E-05,1.65E-05,-0.000111445,2286.548221
-0.000142678,7.23E-05,-3.52E-05,2286.103379
-5.80E-05,3.01E-05,-0.000104075,2284.242972
-1.50E-05,2.12E-05,-0.000104506,2283.192786
-4.79E-05,4.60E-05,-8.40E-05,2283.016434
-2.09E-05,2.52E-05,-0.000104255,2282.767036
-0.000188574,5.87E-05,-4.40E-05,2282.533175
-1.23E-05,7.63E-06,-0.000113236,2281.447354
4.21E-05,7.19E-06,-1.39E-05,2280.700744
-8.75E-06,2.04E-06,-0.000111262,2280.595531
-3.80E-05,4.02E-05,-9.08E-05,2280.4611
-2.53E-05,5.96E-05,-4.28E-05,2279.779234
-1.40E-05,7.31E-21,-0.000116432,2278.686177
-1.28E-05,1.70E-06,-0.000115498,2276.02308
-0.000102232,2.34E-05,-0.000100038,2275.002497
-8.80E-05,7.91E-05,-1.77E-05,2274.901465
-6.30E-05,1.23E-05,-0.000113876,2274.740834
-9.24E-06,1.57E-05,-0.000104244,2274.39186
-3.34E-05,2.54E-05,-0.000108747,2274.314615
-3.16E-05,9.94E-06,-0.000119017,2274.032373
-7.42E-05,7.99E-05,-9.33E-06,2273.923606
-0.000122565,8.10E-05,0,2272.285183
-0.000122565,8.10E-05,0,2272.285183
-0.000122565,8.10E-05,0,2272.285183
-0.000122565,8.10E-05,0,2272.285183
-4.17E-05,6.73E-06,-0.000119373,2271.878851
-5.24E-05,6.35E-05,-5.26E-05,2271.609649
4.57E-06,7.31E-21,-8.80E-05,2271.606275
-6.74E-05,5.63E-06,-0.000114326,2271.474728
8.86E-07,1.18E-05,-9.11E-05,2270.571472
-2.12E-05,4.31E-05,-7.48E-05,2270.225763
-3.37E-05,5.39E-06,-0.000120356,2270.215667
-8.94E-05,6.06E-05,-6.57E-05,2268.986916
-0.000257313,3.54E-05,0,2268.981691
-0.000257313,3.54E-05,0,2268.981691
-0.000257313,3.54E-05,0,2268.981691
-0.000257313,3.54E-05,0,2268.981691
-0.000257313,3.54E-05,0,2268.981691
-0.000174969,2.33E-05,-8.03E-05,2264.907132
-0.000154098,2.93E-05,-8.42E-05,2264.268788
-3.13E-05,7.36E-05,-8.25E-06,2264.123796
-0.000128615,1.41E-05,-9.67E-05,2262.884051
-2.72E-05,4.65E-05,-7.38E-05,2261.975247
-0.000114761,1.57E-05,-0.000100096,2261.867225
-0.000269166,1.77E-05,0,2260.810113
-0.000269166,1.77E-05,0,2260.810113
-0.000269166,1.77E-05,0,2260.810113
-0.000269166,1.77E-05,0,2260.810113
-0.000102129,4.68E-05,-8.35E-05,2260.701828
-1.03E-05,3.47E-05,-7.91E-05,2259.731018
-0.000108311,6.52E-05,-5.77E-05,2259.522107
-3.20E-05,1.60E-05,-0.0001163,2259.460131
-1.20E-05,1.92E-05,-0.000104386,2259.266382
-0.000137991,3.06E-05,-8.80E-05,2257.765096
-2.91E-05,9.60E-06,-0.000119252,2256.060817
-1.54E-05,1.70E-05,-0.000109701,2255.627816
-6.94E-05,1.64E-05,-0.000111435,2255.462372
1.83E-05,5.05E-05,-6.75E-06,2255.256108
-2.83E-05,5.76E-06,-0.000120423,2254.196758
-2.24E-05,3.60E-05,-9.02E-05,2253.623633
-0.000121939,7.31E-21,-0.00010066,2251.081673
-2.59E-05,2.22E-05,-0.000110599,2250.369674
-2.09E-05,2.79E-05,-0.000101687,2249.226247
-2.63E-05,7.65E-06,-0.000119812,2245.537627
-1.84E-05,1.05E-05,-0.000116379,2245.447808
-3.02E-05,7.31E-21,-0.00012129,2244.613208
-0.000221582,5.11E-05,-3.83E-05,2243.57156
-5.48E-06,1.99E-05,-9.50E-05,2243.27249
-0.000229672,3.81E-05,-4.69E-05,2243.063909
-2.35E-05,2.48E-05,-0.0001071,2242.28594
-7.68E-05,7.26E-06,-0.000112613,2242.048082
-5.07E-05,2.74E-05,-0.000108421,2241.767154
-2.72E-05,1.60E-05,-0.000115983,2238.616711
-0.000205138,4.77E-05,-5.19E-05,2237.271781
-4.14E-05,1.13E-05,-0.000118781,2236.524713
9.59E-07,2.23E-05,-8.10E-05,2236.305111
-0.000126424,6.36E-05,-6.07E-05,2236.189082
-0.000114597,5.26E-05,-7.64E-05,2235.215887
-2.67E-05,1.86E-05,-0.000114114,2235.150447
-2.26E-05,7.31E-21,-0.000120601,2234.801673
-5.87E-05,4.28E-05,-9.24E-05,2234.558027
-0.000235789,7.31E-21,-5.89E-05,2234.207964
-6.30E-05,7.31E-21,-0.00011673,2233.786413
-4.32E-05,5.03E-05,-7.73E-05,2233.486161
-1.58E-05,5.85E-06,-0.000117151,2231.343965
-0.000188693,4.44E-05,-6.54E-05,2230.972002
-1.80E-05,2.90E-05,-9.85E-05,2230.861512
-2.95E-05,1.61E-05,-0.000116507,2230.359118
-0.000272768,2.40E-20,-1.87E-05,2229.961915
-3.39E-05,7.31E-21,-0.00012143,2229.433844
-2.82E-05,4.14E-05,-8.57E-05,2229.37693
-6.37E-05,3.72E-05,-9.91E-05,2229.311619
-0.000251139,1.25E-05,-4.64E-05,2228.87495
-3.89E-05,5.37E-05,-6.93E-05,2228.862746
-3.29E-05,5.98E-05,-5.18E-05,2228.478444
-2.31E-05,2.15E-05,-0.000110578,2228.098898
-3.49E-05,4.61E-05,-8.15E-05,2226.942626
-3.34E-05,3.47E-05,-9.91E-05,2226.915183
-8.29E-05,7.32E-05,-4.14E-05,2226.890121
-9.24E-05,7.31E-21,-0.000109995,2226.51027
-5.35E-05,3.73E-05,-9.91E-05,2226.4398
-7.01E-05,7.60E-05,-3.24E-05,2226.022738
-2.16E-05,4.68E-05,-7.00E-05,2225.467614
-2.40E-05,9.71E-06,-0.000118994,2225.221512
-0.000175511,5.38E-05,-5.98E-05,2225.098225
-9.08E-05,5.40E-05,-7.80E-05,2224.796694
-0.000130319,7.76E-05,-3.07E-05,2224.267074
-2.08E-05,6.84E-06,-0.000119181,2223.914601
-3.56E-06,3.74E-06,-0.000104388,2222.739767
-1.54E-05,7.31E-21,-0.00011797,2222.514645
-6.52E-05,2.73E-05,-0.000107551,2221.221723
3.91E-06,5.59E-05,-2.13E-05,2220.864852
-0.000206888,7.31E-21,-7.57E-05,2220.599618
-2.25E-05,3.92E-05,-8.58E-05,2220.426216
-0.000193521,6.83E-05,-2.81E-05,2219.360692
-0.000162328,6.32E-05,-5.41E-05,2219.224448
-5.78E-06,6.60E-06,-0.000106897,2219.165714
-1.08E-05,3.79E-06,-0.000114054,2218.759522
-1.07E-05,2.82E-05,-9.21E-05,2218.205161
-4.68E-05,7.97E-05,0,2217.903321
-4.68E-05,7.97E-05,0,2217.903321
-4.68E-05,7.97E-05,0,2217.903321
-4.68E-05,7.97E-05,0,2217.903321
-4.68E-05,7.97E-05,0,2217.903321
-1.10E-05,4.23E-05,-6.72E-05,2217.825079
-1.19E-05,1.34E-05,-0.000110279,2217.038302
1.70E-05,7.31E-21,-6.22E-05,2216.765266
-0.000205744,3.52E-05,-6.67E-05,2216.728168
6.45E-06,6.33E-05,0,2216.393699
6.45E-06,6.33E-05,0,2216.393699
6.45E-06,6.33E-05,0,2216.393699
6.45E-06,6.33E-05,0,2216.393699
6.45E-06,6.33E-05,0,2216.393699
1.48E-05,5.18E-05,-1.43E-05,2216.233676
-5.20E-06,1.03E-05,-0.00010423,2215.464064
-2.41E-05,3.47E-05,-9.49E-05,2215.439437
-4.55E-05,7.43E-05,-2.51E-05,2214.138523
-2.66E-05,1.10E-05,-0.000119025,2213.953599
-3.22E-05,1.32E-05,-0.000118596,2212.84446
-1.62E-05,2.41E-05,-0.000103755,2212.50639
-5.07E-05,1.72E-05,-0.000115772,2212.204692
-1.81E-05,1.28E-05,-0.000115321,2211.479242
-0.000222325,1.25E-05,-6.55E-05,2211.161807
6.24E-06,1.85E-05,-7.55E-05,2211.045896
-1.69E-06,5.85E-05,-2.33E-05,2210.661508
-3.88E-05,7.31E-21,-0.000121439,2210.603557
-1.43E-05,1.92E-05,-0.000107622,2210.298885
-7.31E-06,4.72E-05,-5.31E-05,2209.868048
-2.97E-05,2.15E-05,-0.000113046,2208.577014
-4.56E-05,5.28E-06,-0.000120299,2207.96023
6.94E-08,1.04E-05,-9.54E-05,2207.910407
-1.85E-05,4.64E-06,-0.00011907,2207.886389
-7.88E-06,2.27E-05,-9.63E-05,2207.415535
-3.55E-05,3.94E-06,-0.000121478,2206.740409
-0.000140218,8.08E-05,-1.89E-05,2206.176938
-2.08E-05,1.34E-05,-0.000116294,2206.035436
-2.23E-05,2.30E-06,-0.000120696,2205.902166
-0.000264516,7.31E-21,-3.73E-05,2204.405983
-4.84E-05,7.31E-21,-0.00012034,2204.393504
-0.000105148,7.31E-21,-0.000107278,2203.878145
-5.22E-05,5.15E-06,-0.000119362,2203.289348
-2.96E-05,1.23E-05,-0.000119057,2202.060057
-0.000237761,2.50E-05,-5.54E-05,2201.723996
-7.28E-06,6.11E-05,-2.53E-05,2200.458164
7.61E-06,1.13E-05,-7.90E-05,2199.68567
-0.000144,5.49E-05,-7.21E-05,2198.415685
-2.31E-05,1.93E-05,-0.000113148,2198.124916
-5.76E-05,1.80E-05,-0.000114741,2197.369881
-1.16E-05,2.60E-05,-9.69E-05,2196.428603
-9.09E-05,4.45E-05,-9.05E-05,2196.364211
-1.43E-05,8.12E-06,-0.000115699,2195.983761
-1.62E-05,2.06E-06,-0.000118574,2195.516644
-1.77E-05,1.97E-05,-0.000110088,2194.524861
-0.000246341,5.28E-05,0,2194.319181
-0.000246341,5.28E-05,0,2194.319181
-0.000246341,5.28E-05,0,2194.319181
-0.000246341,5.28E-05,0,2194.319181
-0.000215547,6.78E-05,0,2193.712396
-0.000215547,6.78E-05,0,2193.712396
-0.000215547,6.78E-05,0,2193.712396
-0.000215547,6.78E-05,0,2193.712396
-0.000281019,4.07E-20,0,2193.52262
-0.000281019,4.07E-20,0,2193.52262
-0.000281019,4.07E-20,0,2193.52262
-1.28E-05,6.96E-05,-9.46E-06,2193.469583
-3.10E-05,4.11E-06,-0.000121711,2192.920278
-5.52E-05,7.31E-21,-0.000119469,2192.451482
-5.85E-05,4.44E-06,-0.000118604,2191.154119
-8.80E-05,7.24E-05,-4.81E-05,2189.520473
-1.06E-05,7.31E-21,-0.000114603,2189.344252
-6.81E-05,7.96E-05,-2.42E-05,2189.17427
-2.49E-05,7.31E-21,-0.000121564,2188.457767
4.34E-05,2.75E-05,0,2186.999592
4.34E-05,2.75E-05,0,2186.999592
4.34E-05,2.75E-05,0,2186.999592
4.34E-05,2.75E-05,0,2186.999592
4.34E-05,2.75E-05,0,2186.999592
4.34E-05,2.75E-05,0,2186.999592
4.34E-05,2.75E-05,0,2186.999592
-2.82E-05,3.57E-05,-9.70E-05,2185.47259
-1.44E-05,4.85E-05,-6.01E-05,2185.341354
-1.63E-06,2.87E-06,-0.000102037,2185.019199
-9.63E-06,1.93E-06,-0.000113592,2184.683548
-2.10E-05,4.82E-06,-0.000120234,2183.661444
-9.39E-06,4.16E-06,-0.00011299,2183.276532
-0.000228475,6.07E-05,-1.92E-05,2182.973946
-2.39E-05,1.60E-05,-0.000116115,2182.722976
-2.38E-05,2.82E-05,-0.000104663,2182.281334
-8.03E-05,4.86E-05,-8.79E-05,2180.467762
-1.12E-05,1.77E-06,-0.000115205,2179.824764
-2.94E-05,1.86E-05,-0.000115768,2179.77882
-1.71E-05,7.31E-21,-0.000119331,2179.637861
-5.37E-05,7.95E-05,-1.26E-05,2178.899517
-7.35E-05,6.83E-05,-5.57E-05,2178.179118
-3.80E-05,1.35E-05,-0.000119147,2177.192425
-2.76E-05,1.87E-06,-0.000121901,2177.069167
-5.35E-06,2.91E-05,-8.46E-05,2176.79422
-5.22E-05,4.35E-05,-9.32E-05,2176.525131
-7.34E-06,7.31E-21,-0.000111241,2176.086377
4.95E-05,1.36E-05,0,2173.899221
4.95E-05,1.36E-05,0,2173.899221
8.86E-07,4.85E-05,-4.14E-05,2173.289832
-4.62E-05,3.56E-05,-0.000102494,2172.770306
-5.60E-05,7.26E-05,-3.95E-05,2171.260929
-3.02E-05,1.50E-05,-0.000118223,2171.142292
1.53E-06,6.95E-06,-9.53E-05,2170.878856
-4.53E-05,3.02E-05,-0.000108185,2169.979993
-0.000130935,7.38E-05,-4.69E-05,2168.743264
-0.000180824,7.87E-05,0,2168.676637
-0.000180824,7.87E-05,0,2168.676637
-0.000180824,7.87E-05,0,2168.676637
-0.000180824,7.87E-05,0,2168.676637
-1.98E-05,2.77E-06,-0.00012033,2168.495839
-2.08E-05,1.04E-05,-0.000118515,2166.715574
-2.37E-06,1.13E-05,-0.000100181,2165.947756
-2.75E-05,7.31E-21,-0.000122127,2164.448801
-0.000148653,6.44E-05,-5.99E-05,2163.943424
-2.47E-05,3.11E-05,-0.000102104,2163.324711
-0.000143169,4.41E-05,-8.34E-05,2163.236634
-8.68E-06,1.43E-05,-0.000107177,2160.469595
8.59E-06,7.31E-21,-8.25E-05,2159.76727
-3.41E-05,7.44E-06,-0.000121672,2157.552594
-0.00015118,8.37E-05,0,2157.372102
-0.00015118,8.37E-05,0,2157.372102
-0.00015118,8.37E-05,0,2157.372102
-0.00015118,8.37E-05,0,2157.372102
-0.00015118,8.37E-05,0,2157.372102
-1.42E-05,3.99E-06,-0.000117478,2157.251768
-3.02E-05,7.74E-06,-0.000121403,2157.163255
-6.88E-05,1.17E-05,-0.000116141,2156.813327
-0.000178948,7.09E-05,-4.07E-05,2156.531512
-3.86E-05,7.50E-05,-2.08E-05,2156.028479
-3.82E-06,2.36E-05,-9.07E-05,2155.538084
-9.88E-05,6.88E-05,-5.94E-05,2155.328451
-7.63E-05,3.82E-05,-0.000100129,2155.282655
7.53E-06,2.70E-05,-6.55E-05,2154.802057
-0.000155289,7.83E-05,-3.16E-05,2153.630783
-1.70E-05,3.21E-05,-9.53E-05,2150.990958
-0.00016625,8.13E-05,-1.26E-05,2150.144531
4.01E-05,2.62E-05,-7.71E-06,2149.742466
-2.75E-05,1.44E-05,-0.000118516,2149.473967
-9.22E-05,2.66E-05,-0.000105998,2149.033046
3.59E-06,8.23E-06,-9.14E-05,2149.004628
-2.58E-05,3.98E-06,-0.000121871,2148.726394
-2.60E-05,2.12E-05,-0.000113528,2148.664143
-8.20E-05,7.88E-05,-3.26E-05,2148.541529
-2.30E-06,1.69E-05,-9.59E-05,2147.631748
3.09E-06,1.40E-05,-8.86E-05,2146.32524
-3.43E-05,1.24E-05,-0.000120153,2146.184753
-1.40E-05,2.89E-05,-9.69E-05,2145.809027
-4.29E-05,3.82E-05,-9.99E-05,2144.578189
-1.82E-05,7.94E-06,-0.000118735,2143.58358
-3.87E-05,3.55E-05,-0.000102439,2143.563041
-3.82E-05,2.28E-05,-0.000114612,2142.929417
-8.00E-05,2.81E-05,-0.000107576,2142.59516
-0.000277972,2.22E-05,-1.96E-05,2142.306424
-3.33E-05,4.26E-05,-9.04E-05,2139.948408
-4.55E-05,2.34E-05,-0.000114374,2139.539513
-1.96E-05,1.85E-05,-0.0001133,2138.966565
-6.53E-05,1.80E-05,-0.000115133,2138.665339
-1.88E-05,7.31E-21,-0.000120558,2138.289415
-0.000266119,3.99E-05,-1.96E-05,2137.655465
-6.42E-05,5.99E-05,-7.25E-05,2135.05891
-0.000164615,5.66E-05,-6.74E-05,2134.610717
-1.06E-05,5.44E-06,-0.000114563,2132.282444
-4.51E-05,1.08E-05,-0.000120647,2132.262378
-0.000127927,3.89E-05,-9.20E-05,2131.364349
-3.77E-05,6.94E-06,-0.000122143,2129.966939
-0.000116168,3.06E-05,-9.96E-05,2129.815846
-8.76E-05,7.56E-06,-0.000113703,2129.646367
-5.12E-05,5.69E-05,-7.46E-05,2127.751178
-4.06E-05,3.78E-06,-0.000122573,2125.034331
-0.00020645,6.12E-05,-4.72E-05,2124.043647
-1.97E-05,3.85E-05,-8.85E-05,2123.55985
-1.18E-05,4.01E-06,-0.000116049,2122.920417
-0.000108693,8.67E-05,0,2122.227341
-0.000108693,8.67E-05,0,2122.227341
-0.000108693,8.67E-05,0,2122.227341
-0.000108693,8.67E-05,0,2122.227341
-0.000108693,8.67E-05,0,2122.227341
-4.20E-05,4.89E-05,-8.49E-05,2121.112184
-3.92E-05,3.12E-05,-0.000108072,2119.025992
-0.000269721,2.22E-05,-3.83E-05,2117.440236
-1.92E-07,8.16E-06,-9.95E-05,2115.427729
1.28E-05,7.60E-06,-7.28E-05,2114.888495
-2.04E-05,2.31E-05,-0.000110109,2114.260742
-0.000119915,7.89E-05,-4.17E-05,2114.092138
-7.72E-05,5.98E-05,-7.63E-05,2114.057479
3.68E-05,2.49E-05,-1.54E-05,2112.485341
2.73E-06,3.58E-05,-6.30E-05,2112.389513
-2.31E-05,6.47E-06,-0.000121328,2112.159227
-2.19E-05,5.45E-05,-6.03E-05,2111.77904
-0.000153164,7.47E-05,-4.60E-05,2110.978862
-1.76E-05,2.65E-05,-0.000104635,2110.863298
-5.09E-05,3.39E-05,-0.000106638,2110.862863
-0.000196956,2.26E-05,-8.30E-05,2109.899044
-1.23E-05,1.63E-05,-0.00011042,2109.845851
-8.42E-05,1.58E-05,-0.000113395,2109.639806
-2.11E-05,1.71E-05,-0.000115535,2109.450968
-5.88E-05,8.07E-05,-2.41E-05,2108.907646
-6.75E-05,5.05E-05,-8.89E-05,2108.808328
-0.000134978,6.57E-05,-6.56E-05,2108.662399
-6.00E-06,3.87E-06,-0.00011021,2107.291788
-1.18E-05,7.31E-21,-0.000116727,2107.270137
3.50E-05,4.22E-05,0,2107.010586
3.50E-05,4.22E-05,0,2107.010586
3.50E-05,4.22E-05,0,2107.010586
3.50E-05,4.22E-05,0,2107.010586
3.50E-05,4.22E-05,0,2107.010586
3.50E-05,4.22E-05,0,2107.010586
-0.000190005,5.78E-05,-6.08E-05,2105.992015
-2.82E-05,2.89E-05,-0.000107907,2105.138066
-4.14E-05,8.29E-06,-0.000122192,2104.494289
-2.02E-05,3.45E-05,-9.60E-05,2104.420093
-4.51E-05,1.68E-05,-0.000118879,2103.911475
-3.21E-05,1.62E-05,-0.000119092,2102.79127
-8.88E-05,3.87E-05,-0.0001007,2101.35535
-3.57E-05,1.68E-05,-0.000119073,2101.276239
-5.02E-05,1.15E-05,-0.000120662,2101.046852
-5.64E-06,9.97E-06,-0.000107517,2100.457185
-2.32E-05,6.93E-05,-2.86E-05,2100.251999
-3.66E-05,8.05E-05,0,2100.201198
-3.66E-05,8.05E-05,0,2100.201198
-3.66E-05,8.05E-05,0,2100.201198
-0.000176823,6.72E-05,-5.51E-05,2100.118238
-2.88E-05,5.29E-05,-7.05E-05,2099.77327
-0.000248254,4.77E-05,-3.88E-05,2099.653673
-0.00025613,7.31E-21,-5.84E-05,2099.608347
-2.81E-05,1.28E-05,-0.000120275,2097.950038
-3.17E-05,7.57E-05,-1.65E-05,2097.918435
-4.20E-05,2.77E-05,-0.000112218,2097.323761
-9.18E-05,8.12E-05,-3.68E-05,2097.118549
1.67E-05,2.51E-05,-5.23E-05,2096.846836
-0.000217446,4.92E-05,-5.76E-05,2096.757252
2.19E-05,4.89E-05,-1.27E-05,2096.418959
1.61E-05,1.45E-05,-6.31E-05,2095.351215
-4.73E-05,4.16E-05,-9.83E-05,2094.363678
-2.29E-05,3.39E-05,-9.93E-05,2094.038358
-2.36E-05,1.34E-05,-0.000118998,2093.644033
-0.000101886,3.78E-05,-9.97E-05,2093.168991
-5.36E-05,2.46E-05,-0.000114588,2091.469868
-1.07E-05,3.39E-05,-8.79E-05,2091.221997
-1.54E-05,1.32E-05,-0.000115313,2090.762788
-0.000201001,4.58E-05,-7.11E-05,2090.457474
-3.34E-05,2.40E-05,-0.000114328,2088.984311
-0.000291884,2.40E-20,-1.62E-05,2088.901505
-0.000278297,3.82E-05,0,2088.374459
-0.000278297,3.82E-05,0,2088.374459
-0.000278297,3.82E-05,0,2088.374459
-0.000278297,3.82E-05,0,2088.374459
-0.000256343,3.47E-05,-4.73E-05,2087.992212
-0.00029015,2.05E-05,0,2086.882158
-0.00029015,2.05E-05,0,2086.882158
-0.00029015,2.05E-05,0,2086.882158
-0.00029015,2.05E-05,0,2086.882158
-3.64E-06,3.42E-06,-0.000107439,2086.733861
-2.07E-05,7.31E-21,-0.000121771,2086.481522
-1.48E-05,1.65E-05,-0.000112804,2086.155954
9.88E-06,3.17E-05,-5.77E-05,2085.812186
-1.47E-05,4.74E-05,-6.84E-05,2085.61058
-6.19E-05,8.46E-05,0,2084.985659
-6.19E-05,8.46E-05,0,2084.985659
-6.19E-05,8.46E-05,0,2084.985659
-6.19E-05,8.46E-05,0,2084.985659
-0.000227316,7.31E-21,-7.75E-05,2084.156361
-0.00013051,2.67E-05,-0.000100739,2082.588459
-0.000193142,7.31E-21,-8.90E-05,2082.353023
-1.53E-05,4.21E-05,-7.92E-05,2082.03353
-9.53E-05,8.76E-05,0,2081.738744
-9.53E-05,8.76E-05,0,2081.738744
-9.53E-05,8.76E-05,0,2081.738744
-9.53E-05,8.76E-05,0,2081.738744
-9.53E-05,8.76E-05,0,2081.738744
-9.53E-05,8.76E-05,0,2081.738744
-7.58E-06,1.05E-05,-0.000110062,2081.725488
-6.36E-05,6.34E-06,-0.000120379,2079.816877
-5.69E-05,1.17E-05,-0.000120281,2079.638126
-7.96E-06,2.02E-05,-0.000102916,2079.414922
-4.05E-05,4.16E-05,-9.73E-05,2079.17466
-0.000283632,7.31E-21,-3.49E-05,2078.034527
-0.000102888,6.29E-05,-7.47E-05,2076.673744
-3.02E-05,2.60E-05,-0.000112233,2076.622183
-9.99E-06,1.04E-05,-0.000112774,2076.613592
-9.88E-05,1.53E-05,-0.000111905,2075.841207
-0.000225535,3.62E-05,-6.61E-05,2075.833471
-0.000264619,5.21E-05,0,2075.767135
-0.000264619,5.21E-05,0,2075.767135
-0.000264619,5.21E-05,0,2075.767135
1.23E-05,7.31E-21,-7.71E-05,2075.150958
-2.80E-05,4.87E-05,-7.93E-05,2074.984428
-1.47E-05,1.08E-05,-0.000116527,2074.74373
-0.000242753,1.25E-05,-6.74E-05,2074.718549
-1.21E-05,2.01E-06,-0.000117358,2074.702412
-3.20E-05,1.06E-05,-0.000121984,2074.089608
2.71E-07,1.39E-05,-9.62E-05,2073.484514
-7.52E-05,1.35E-05,-0.000117015,2073.095408
-3.91E-05,4.54E-05,-9.16E-05,2071.329368
-5.62E-06,1.69E-05,-0.000103094,2070.309139
-2.03E-05,2.84E-05,-0.000105489,2070.061578
-3.03E-05,5.83E-05,-6.26E-05,2069.085322
-2.87E-05,1.03E-05,-0.000121815,2068.740302
2.72E-05,4.43E-05,-1.28E-05,2067.654432
1.51E-06,2.22E-05,-8.61E-05,2065.46317
-3.34E-05,4.07E-05,-9.65E-05,2065.052225
-5.84E-06,1.33E-05,-0.000106442,2064.367953
-2.37E-05,2.57E-05,-0.00011059,2060.41208
-0.000255147,5.73E-05,-1.96E-05,2060.232621
-1.95E-05,2.60E-05,-0.000107845,2060.020883
-0.00011758,8.58E-05,-2.64E-05,2059.545801
-4.14E-06,4.12E-05,-6.72E-05,2059.522509
-0.00014487,1.84E-05,-0.000101575,2059.21587
-3.51E-05,4.74E-05,-8.71E-05,2058.734414
-0.000235368,7.03E-05,0,2058.480428
-0.000235368,7.03E-05,0,2058.480428
-0.000235368,7.03E-05,0,2058.480428
-0.000235368,7.03E-05,0,2058.480428
-2.24E-06,7.40E-06,-0.000104671,2058.357162
2.40E-05,7.31E-21,-5.20E-05,2058.133072
-0.000108707,7.92E-05,-4.76E-05,2058.045552
-4.01E-05,1.87E-05,-0.000119215,2057.939912
-7.19E-05,8.66E-05,0,2056.724524
-7.19E-05,8.66E-05,0,2056.724524
-7.19E-05,8.66E-05,0,2056.724524
-7.19E-05,8.66E-05,0,2056.724524
-7.19E-05,8.66E-05,0,2056.724524
-3.65E-05,1.12E-05,-0.000122377,2056.60456
-0.000120531,7.51E-05,-5.78E-05,2055.739642
-1.02E-05,1.78E-05,-0.000108094,2055.619131
4.90E-06,4.07E-05,-5.35E-05,2055.284888
-9.61E-05,7.91E-05,-4.89E-05,2055.070722
-1.20E-05,1.34E-05,-0.000113321,2053.699447
-2.84E-05,3.48E-05,-0.000102506,2053.32363
-1.36E-05,2.63E-05,-0.000103067,2052.971524
-1.33E-05,7.31E-21,-0.000118583,2051.462842
-6.19E-06,7.75E-06,-0.000110272,2050.809922
-1.58E-05,4.77E-06,-0.000119616,2050.430954
-4.37E-06,7.31E-21,-0.000109488,2050.308564
-0.000166902,5.01E-05,-8.07E-05,2049.996985
-8.83E-06,1.35E-05,-0.000110227,2049.795137
-8.63E-06,6.98E-06,-0.000113483,2048.874657
-2.02E-05,2.12E-05,-0.000113111,2048.829636
-8.34E-05,7.31E-21,-0.000117954,2048.130307
-1.78E-05,1.61E-05,-0.000115754,2046.517978
-6.24E-05,2.34E-05,-0.000115858,2045.493749
-2.64E-05,7.20E-06,-0.000122829,2045.445884
-0.000186129,8.26E-05,-1.98E-05,2045.382937
-1.21E-05,6.69E-06,-0.000116793,2044.417721
-3.07E-05,3.81E-05,-9.97E-05,2044.326015
3.84E-06,3.96E-06,-9.54E-05,2042.630237
-2.97E-05,1.79E-05,-0.000118904,2042.542616
-0.000139489,7.59E-05,-5.17E-05,2041.216582
-2.28E-05,7.31E-21,-0.000123024,2041.145008
-1.58E-05,2.37E-05,-0.000107968,2041.018517
-1.18E-05,9.86E-06,-0.000115326,2040.14703
-5.40E-05,3.12E-05,-0.000111433,2039.670834
-0.00012748,8.90E-05,-1.46E-05,2039.027421
-2.44E-05,1.01E-05,-0.000121591,2037.683577
-2.77E-05,4.19E-05,-9.27E-05,2036.188289
-2.23E-05,1.14E-05,-0.000120451,2035.122583
-2.30E-05,3.82E-05,-9.54E-05,2032.677244
-3.01E-05,1.30E-05,-0.000121642,2032.539292
-2.16E-05,4.71E-05,-7.91E-05,2032.377315
-3.24E-05,2.02E-05,-0.000118183,2031.491273
-7.16E-05,7.68E-05,-4.73E-05,2031.353584
-9.04E-06,5.94E-05,-3.96E-05,2029.772217
-7.87E-06,7.31E-21,-0.000114215,2028.381067
-7.00E-06,3.24E-06,-0.00011299,2028.048729
-2.80E-06,3.69E-05,-7.38E-05,2027.772374
-5.87E-05,7.31E-05,-5.14E-05,2027.683107
-6.95E-05,2.57E-05,-0.000114441,2027.214269
-4.07E-05,6.37E-05,-6.16E-05,2026.839749
-4.21E-05,7.34E-05,-4.06E-05,2026.195305
-8.19E-05,8.85E-05,0,2025.087292
-8.19E-05,8.85E-05,0,2025.087292
-8.19E-05,8.85E-05,0,2025.087292
-8.19E-05,8.85E-05,0,2025.087292
-8.19E-05,8.85E-05,0,2025.087292
-8.19E-05,8.85E-05,0,2025.087292
-1.53E-06,6.96E-05,0,2024.615859
-1.53E-06,6.96E-05,0,2024.615859
-1.53E-06,6.96E-05,0,2024.615859
-1.53E-06,6.96E-05,0,2024.615859
-0.000120424,2.27E-05,-0.000107345,2023.850334
-4.71E-05,4.79E-05,-9.27E-05,2023.654865
-4.21E-05,1.40E-05,-0.000122066,2023.414188
-2.69E-05,2.49E-05,-0.000113478,2022.47857
-0.000262888,1.28E-05,-6.11E-05,2021.493184
2.01E-06,1.68E-05,-9.23E-05,2020.177645
1.46E-06,3.08E-05,-7.67E-05,2019.225412
-0.000232965,5.22E-05,-5.50E-05,2018.51268
-1.40E-05,2.01E-05,-0.000110658,2017.61915
-2.35E-05,2.32E-05,-0.000113753,2017.1012
-9.82E-06,2.40E-05,-0.000102497,2016.505697
-1.41E-05,1.95E-06,-0.000119487,2016.001623
-0.000152658,6.54E-05,-6.98E-05,2015.165767
-0.000305187,3.97E-20,0,2014.272012
-0.000305187,4.07E-20,0,2014.272012
-0.000305187,3.97E-20,0,2014.272012
-1.50E-05,7.31E-21,-0.000120197,2014.013261
-1.78E-05,1.26E-05,-0.000118426,2013.801694
-2.36E-05,1.97E-05,-0.000116583,2012.894042
2.11E-05,1.67E-05,-5.41E-05,2012.733568
-2.22E-05,4.14E-05,-9.05E-05,2012.175054
-0.000112878,5.13E-05,-9.13E-05,2012.045403
-0.000241054,3.92E-05,-6.36E-05,2011.856476
-0.000106372,8.61E-05,-3.23E-05,2011.244207
-7.19E-05,6.76E-06,-0.000120913,2010.269791
-3.59E-05,3.81E-06,-0.000124773,2010.009529
-1.69E-05,2.14E-06,-0.000121128,2009.753057
-6.58E-05,8.63E-05,-1.49E-05,2008.549484
-2.03E-05,4.00E-06,-0.000122388,2006.795749
-6.28E-05,1.74E-05,-0.000119752,2005.791345
2.19E-06,7.31E-21,-9.96E-05,2005.662701
-3.43E-06,6.94E-05,-1.12E-05,2005.383725
-1.76E-05,4.16E-05,-8.63E-05,2002.741614
-0.000288837,2.22E-05,-3.59E-05,2001.746324
-4.33E-05,7.31E-21,-0.000125032,2001.13419
-1.71E-05,3.78E-05,-9.20E-05,2000.826873
1.02E-05,5.80E-05,-1.82E-05,1998.55843
-0.000154961,8.91E-05,-1.89E-05,1997.765968
-0.000125694,5.37E-05,-8.85E-05,1997.373245
-2.93E-05,1.53E-05,-0.000121063,1996.86115
-2.75E-05,2.14E-05,-0.00011703,1996.495647
-1.44E-05,7.27E-06,-0.000118995,1996.036583
-5.70E-05,3.87E-05,-0.000106646,1994.878126
-8.08E-06,4.12E-05,-7.58E-05,1994.731706
3.14E-05,7.31E-21,-4.05E-05,1993.812819
-0.000164013,1.89E-05,-0.000100647,1992.986508
-0.000301014,2.05E-05,-1.62E-05,1992.455019
-4.40E-05,8.20E-05,-1.26E-05,1992.10588
2.83E-05,1.27E-05,-4.23E-05,1991.643692
-1.84E-05,6.83E-06,-0.000121309,1989.394523
-2.05E-05,3.18E-05,-0.000103912,1989.241967
-1.69E-05,7.31E-21,-0.00012151,1987.734651
1.23E-05,5.49E-06,-7.92E-05,1987.3756
-0.000133893,9.22E-05,0,1987.183552
-0.000133893,9.22E-05,0,1987.183552
-0.000133893,9.22E-05,0,1987.183552
-0.000133893,9.22E-05,0,1987.183552
-8.93E-06,3.32E-06,-0.000115722,1987.058045
-0.000249511,2.53E-05,-7.01E-05,1986.620496
-2.67E-05,1.32E-05,-0.000121716,1986.450409
-7.58E-05,8.82E-05,-1.49E-05,1986.283557
-3.41E-05,7.68E-06,-0.000124541,1986.268269
-9.90E-05,8.97E-05,-1.91E-05,1985.550337
-5.42E-05,5.46E-05,-8.72E-05,1984.684987
7.90E-06,9.72E-06,-8.69E-05,1984.393585
-5.18E-05,2.00E-05,-0.000120331,1982.064547
-0.000191317,7.13E-05,-5.61E-05,1981.012028
-1.54E-05,3.02E-05,-0.000101997,1980.646793
-2.28E-05,4.58E-05,-8.51E-05,1980.397555
-0.000171555,8.52E-05,-3.24E-05,1979.760319
-4.10E-05,3.62E-05,-0.000107659,1978.445154
-0.000287103,4.27E-05,-1.96E-05,1978.108649
-2.11E-05,9.36E-06,-0.000121668,1977.556062
-5.30E-07,4.36E-05,-6.09E-05,1976.479681
-5.15E-05,5.66E-06,-0.000124702,1976.427905
-0.000208234,1.30E-05,-9.07E-05,1975.811959
-0.000279662,7.31E-21,-5.56E-05,1974.937127
1.55E-05,3.64E-05,-4.56E-05,1974.543302
9.72E-06,2.39E-05,-7.20E-05,1974.1611
-0.000143999,8.62E-05,-3.79E-05,1973.770764
-3.75E-05,2.95E-05,-0.000113562,1973.432649
-2.54E-05,7.31E-21,-0.000124483,1973.135638
-2.36E-05,3.89E-06,-0.000123863,1972.823028
-0.000253646,6.95E-05,0,1971.749772
-0.000253646,6.95E-05,0,1971.749772
-0.000253646,6.95E-05,0,1971.749772
-0.000253646,6.95E-05,0,1971.749772
2.14E-06,3.60E-05,-7.01E-05,1971.722424
-1.28E-05,7.78E-05,0,1971.232425
-1.28E-05,7.78E-05,0,1971.232425
-1.28E-05,7.78E-05,0,1971.232425
-1.28E-05,7.78E-05,0,1971.232425
-0.000274925,4.44E-05,-3.92E-05,1967.86272
-5.76E-05,1.81E-05,-0.000121091,1967.587759
-1.65E-05,1.94E-05,-0.000114058,1967.298715
-2.24E-05,5.19E-05,-7.43E-05,1965.64933
-2.99E-05,7.31E-21,-0.000125382,1965.608561
-7.09E-05,1.27E-05,-0.000121372,1965.560694
-0.000202313,5.93E-05,-6.65E-05,1965.477487
-5.66E-06,3.04E-05,-9.09E-05,1964.467333
-4.83E-05,8.22E-05,-2.74E-05,1964.130837
-1.98E-05,1.96E-05,-0.000115957,1963.698779
-0.000273425,5.66E-05,-1.96E-05,1963.566754
-6.43E-05,1.17E-05,-0.000122663,1962.33827
-1.87E-05,7.31E-21,-0.000122717,1961.590288
-1.71E-05,2.24E-05,-0.000112182,1961.550883
-2.93E-05,3.93E-06,-0.000125113,1960.645745
-1.59E-05,9.93E-06,-0.000119378,1960.436402
-0.000302748,7.31E-21,-3.25E-05,1960.240453
3.70E-06,1.17E-05,-9.50E-05,1958.72149
-0.000227166,2.58E-05,-8.17E-05,1958.539918
-0.000221578,6.36E-05,-5.47E-05,1957.665285
-4.63E-05,3.71E-05,-0.000108537,1957.121165
-8.19E-05,7.53E-05,-6.08E-05,1956.614286
-4.56E-05,6.43E-06,-0.000125518,1956.111938
-7.47E-06,2.60E-05,-9.94E-05,1954.896908
3.79E-05,1.95E-05,-2.24E-05,1953.980697
-0.000165922,9.20E-05,0,1953.098989
-0.000165922,9.20E-05,0,1953.098989
-0.000165922,9.20E-05,0,1953.098989
-0.000165922,9.20E-05,0,1953.098989
-7.07E-05,8.24E-05,-3.85E-05,1953.004992
-0.000110972,7.88E-05,-5.96E-05,1951.545986
-0.00016943,8.16E-05,-4.68E-05,1951.402722
-2.63E-05,1.77E-05,-0.000119949,1950.763518
-6.06E-05,7.31E-21,-0.000124842,1950.718583
-6.49E-05,7.18E-05,-6.28E-05,1950.39964
-0.000213309,4.73E-05,-7.68E-05,1949.942945
-6.97E-05,1.84E-05,-0.000120383,1949.392799
-2.25E-05,8.07E-05,0,1948.874904
-2.25E-05,8.07E-05,0,1948.874904
-3.49E-05,3.98E-05,-0.000102857,1948.785549
-9.94E-05,2.88E-05,-0.000112073,1948.369112
-0.000247744,7.31E-21,-7.94E-05,1947.713103
-3.33E-05,3.48E-05,-0.000108125,1947.475973
-1.04E-05,1.17E-05,-0.000114868,1946.7798
-4.58E-05,3.22E-05,-0.000113353,1946.453229
-2.70E-05,4.03E-05,-9.83E-05,1946.121179
-7.77E-05,2.21E-05,-0.000117908,1945.511549
-0.000179395,7.31E-21,-0.000102377,1944.106427
-0.000160321,7.61E-05,-6.13E-05,1943.995851
-0.000131384,1.34E-05,-0.000111328,1943.64356
-1.77E-05,4.45E-06,-0.00012212,1943.479301
-2.20E-05,2.96E-05,-0.000108679,1942.937877
-5.21E-05,8.71E-05,0,1942.786204
-5.21E-05,8.71E-05,0,1942.786204
-5.21E-05,8.71E-05,0,1942.786204
-5.21E-05,8.71E-05,0,1942.786204
-8.18E-05,7.03E-06,-0.000121557,1942.396489
-2.98E-05,4.99E-05,-8.52E-05,1941.870633
9.92E-07,5.07E-06,-0.000102957,1940.941095
1.82E-06,1.18E-05,-9.88E-05,1940.92659
-2.92E-05,7.04E-06,-0.000124965,1940.859103
-3.15E-05,7.44E-05,-3.52E-05,1940.012743
-0.000208227,8.46E-05,-2.04E-05,1939.755684
-4.51E-06,1.19E-05,-0.000108471,1938.816863
-2.96E-06,6.24E-06,-0.000108973,1937.840051
-2.22E-05,5.57E-05,-6.82E-05,1937.662885
-3.95E-06,2.46E-05,-9.68E-05,1936.724461
-3.44E-05,5.45E-05,-8.09E-05,1936.056208
-9.09E-06,7.31E-21,-0.000116911,1935.981746
-1.23E-05,3.61E-06,-0.000119272,1935.636873
-4.08E-05,2.37E-05,-0.000119372,1934.770554
-0.00029928,4.11E-05,0,1934.431541
-0.00029928,4.11E-05,0,1934.431541
-0.00029928,4.11E-05,0,1934.431541
-5.77E-05,5.92E-06,-0.0001252,1934.32611
-2.37E-06,1.06E-05,-0.000106383,1934.034507
-3.71E-05,8.27E-05,-8.25E-06,1933.995836
-5.99E-05,3.08E-05,-0.000115376,1933.457294
-9.96E-06,4.64E-05,-7.22E-05,1933.282983
-2.67E-05,1.06E-05,-0.000123621,1933.207621
-3.96E-05,5.80E-06,-0.000126208,1931.965864
-5.44E-05,4.70E-05,-0.000100133,1931.082958
6.71E-06,2.47E-05,-7.87E-05,1930.631185
-0.000154945,5.89E-05,-8.31E-05,1930.552035
-3.28E-05,1.60E-05,-0.000122684,1930.074717
-0.000316052,2.30E-20,-1.62E-05,1929.184779
-0.000285602,5.49E-05,0,1928.665804
-0.000285602,5.49E-05,0,1928.665804
-0.000285602,5.49E-05,0,1928.665804
-0.000314318,2.05E-05,0,1928.300162
-0.000314318,2.05E-05,0,1928.300162
-0.000314318,2.05E-05,0,1928.300162
-0.000314318,2.05E-05,0,1928.300162
-0.000129085,7.72E-05,-6.27E-05,1928.21296
-1.11E-05,2.25E-05,-0.000108026,1928.029608
1.56E-05,2.32E-05,-6.30E-05,1927.950836
-8.56E-05,9.06E-05,-1.91E-05,1927.770454
-4.04E-05,1.10E-05,-0.000125152,1927.11526
-0.000201738,8.88E-05,0,1926.034739
-0.000201738,8.88E-05,0,1926.034739
-0.000201738,8.88E-05,0,1926.034739
-0.000201738,8.88E-05,0,1926.034739
-3.26E-05,2.98E-05,-0.000113592,1925.497746
-2.05E-05,2.45E-05,-0.000113373,1924.076165
-2.26E-05,6.31E-05,-5.40E-05,1923.228427
-3.72E-07,7.31E-21,-0.000106347,1922.674105
-0.000110258,2.83E-05,-0.000111862,1922.023547
-9.84E-05,7.87E-05,-6.09E-05,1921.521618
1.89E-05,6.71E-06,-6.69E-05,1921.22458
6.10E-06,6.47E-05,-1.06E-05,1920.444896
-3.64E-05,7.31E-21,-0.00012669,1920.129054
-2.63E-05,3.90E-06,-0.000125344,1920.058167
-4.59E-05,7.35E-05,-5.11E-05,1919.238445
-0.000259636,4.88E-05,-5.55E-05,1919.094775
-8.81E-05,5.91E-05,-8.95E-05,1919.079991
-2.27E-05,7.07E-06,-0.000123873,1918.808126
7.05E-06,1.73E-05,-8.58E-05,1917.692772
-2.04E-05,1.71E-05,-0.000118798,1917.496509
-1.63E-05,5.33E-05,-6.80E-05,1916.421901
-0.000162212,7.31E-21,-0.000107551,1915.841869
-2.13E-05,2.22E-05,-0.000115798,1914.837325
-5.64E-05,8.74E-05,-1.48E-05,1914.763521
3.94E-05,7.31E-21,-2.81E-05,1914.430682
-3.45E-05,6.07E-05,-7.07E-05,1913.988757
-4.21E-05,4.17E-05,-0.000104283,1913.789004
-3.28E-05,3.83E-06,-0.000126393,1912.789964
-0.000222204,1.01E-05,-9.26E-05,1912.594219
-1.42E-05,7.36E-05,-1.89E-05,1911.894966
-2.51E-06,3.60E-05,-8.02E-05,1910.908778
-2.05E-05,7.31E-21,-0.000124132,1909.822052
3.55E-06,7.70E-06,-9.88E-05,1909.752847
-2.91E-05,4.73E-05,-9.08E-05,1909.647572
-4.57E-05,1.20E-05,-0.000125493,1905.255178
-0.000284867,2.22E-05,-5.66E-05,1904.991469
-2.32E-05,1.72E-05,-0.000120157,1903.78286
6.90E-06,7.31E-21,-9.39E-05,1903.744814
-0.000268093,3.49E-05,-6.21E-05,1902.809374
-0.000101614,5.97E-05,-8.99E-05,1901.825687
-4.16E-05,6.12E-05,-7.54E-05,1901.087889
-0.000221156,7.75E-05,-3.96E-05,1900.744475
4.72E-05,2.10E-05,-6.91E-06,1898.781925
-7.95E-05,5.19E-05,-9.89E-05,1897.622478
-1.82E-05,1.04E-05,-0.000121443,1897.026015
-0.000113608,9.47E-05,-1.46E-05,1896.509397
-1.99E-05,3.73E-05,-9.95E-05,1896.452357
-0.000113463,1.46E-05,-0.0001171,1893.224434
-2.18E-05,3.55E-05,-0.000103427,1893.137087
9.66E-07,2.90E-05,-8.51E-05,1893.050407
1.41E-05,1.77E-05,-7.16E-05,1892.295732
-1.08E-05,7.31E-21,-0.00011913,1891.877598
-2.27E-06,2.83E-06,-0.000109822,1890.721237
-9.37E-05,4.39E-05,-0.000106034,1890.562753
-1.42E-06,1.53E-05,-0.00010306,1890.329635
-0.000146646,7.74E-05,-6.70E-05,1888.714827
-9.52E-06,3.12E-05,-9.77E-05,1888.712818
-0.000271924,6.88E-05,0,1887.689753
-0.000271924,6.88E-05,0,1887.689753
-0.000145028,7.31E-21,-0.000112724,1887.57731
-8.66E-06,1.61E-05,-0.000111819,1887.536448
-0.000228828,5.03E-05,-7.43E-05,1885.965951
-9.56E-05,6.54E-05,-8.39E-05,1885.815837
-6.54E-05,3.83E-05,-0.00011175,1885.199175
-0.000103866,5.17E-05,-9.89E-05,1884.387518
-1.62E-05,4.98E-05,-7.61E-05,1884.140341
-5.81E-05,2.36E-05,-0.000121189,1883.945661
-5.82E-06,1.70E-05,-0.000108002,1883.879931
-3.49E-06,2.19E-05,-0.000100773,1883.529717
-7.09E-05,7.31E-21,-0.000125475,1883.361662
-4.89E-05,4.24E-05,-0.000106267,1882.771984
-0.000298778,7.31E-21,-5.32E-05,1882.339359
-9.76E-05,7.31E-21,-0.000122102,1881.712804
-1.98E-05,1.32E-05,-0.000121304,1881.342611
-5.51E-06,6.25E-06,-0.000113375,1881.27572
6.68E-06,1.21E-05,-9.16E-05,1880.668808
-9.11E-05,3.65E-05,-0.000111893,1879.502291
-5.72E-06,2.86E-05,-9.65E-05,1879.138477
4.21E-06,6.45E-05,-2.19E-05,1878.294051
-1.46E-05,1.36E-05,-0.000118378,1877.493196
-1.57E-05,5.07E-06,-0.000122046,1877.131401
-2.98E-05,1.32E-05,-0.000124444,1876.31695
-2.94E-05,2.57E-05,-0.000117339,1874.953927
8.35E-06,5.10E-06,-9.14E-05,1874.943787
-6.97E-05,8.79E-05,-2.98E-05,1874.656399
-4.58E-05,2.39E-05,-0.000121225,1874.619382
1.54E-05,5.10E-05,-2.89E-05,1874.565284
-2.34E-05,1.33E-05,-0.000122827,1873.909799
-6.56E-06,5.01E-05,-6.38E-05,1873.733873
-1.02E-05,2.89E-05,-0.000101677,1873.168475
-1.48E-05,3.57E-05,-9.80E-05,1872.336888
-9.00E-05,2.61E-05,-0.000117964,1871.458377
-4.56E-06,7.31E-21,-0.000113383,1871.35108
-3.02E-05,1.01E-05,-0.000125642,1871.20081
-6.31E-06,9.97E-06,-0.000113177,1871.132536
-8.87E-05,1.35E-05,-0.000122288,1870.537035
-0.000329355,3.87E-20,0,1870.349033
-0.000329355,3.87E-20,0,1870.349033
-0.000329355,3.87E-20,0,1870.349033
-0.000329355,3.87E-20,0,1870.349033
-1.16E-05,1.94E-05,-0.000112569,1868.462989
-3.55E-05,1.96E-05,-0.000122751,1867.510274
-5.44E-06,1.40E-05,-0.000110098,1867.098659
-1.73E-05,3.43E-05,-0.000102222,1867.080444
-2.56E-05,7.32E-06,-0.000125495,1867.037043
-1.11E-05,4.09E-05,-8.62E-05,1866.246587
-4.57E-06,3.55E-05,-8.59E-05,1864.774294
-2.02E-05,2.78E-05,-0.000111683,1864.293438
-8.56E-05,8.40E-05,-4.95E-05,1864.212362
-1.15E-05,1.30E-05,-0.000116706,1863.060989
-2.04E-05,2.52E-06,-0.000124704,1862.338441
-9.16E-05,5.22E-05,-0.000100505,1862.284967
4.39E-05,1.96E-05,-1.46E-05,1861.524799
-0.000133596,8.75E-05,-4.89E-05,1860.767142
-0.000254502,1.28E-05,-8.22E-05,1859.615049
-2.26E-05,7.31E-21,-0.000125586,1858.907701
-1.09E-05,1.70E-05,-0.000113906,1858.263926
-1.64E-05,4.66E-05,-8.33E-05,1858.237895
-6.66E-05,1.61E-05,-0.000124432,1857.96939
-2.48E-07,4.53E-06,-0.000107294,1857.545982
-0.000190841,4.24E-05,-9.32E-05,1857.256498
-5.18E-05,7.31E-21,-0.000128096,1856.995586
-5.15E-05,7.31E-05,-6.08E-05,1856.278162
-3.34E-05,4.88E-05,-9.37E-05,1856.1161
-0.000118108,6.86E-05,-8.19E-05,1855.976634
-0.000120021,9.79E-05,0,1854.57067
-0.000120021,9.79E-05,0,1854.57067
-0.000120021,9.79E-05,0,1854.57067
2.35E-05,5.77E-05,0,1854.296871
2.35E-05,5.77E-05,0,1854.296871
2.35E-05,5.77E-05,0,1854.296871
2.35E-05,5.77E-05,0,1854.296871
2.35E-05,5.77E-05,0,1854.296871
2.35E-05,5.77E-05,0,1854.296871
-1.26E-05,7.31E-21,-0.000121062,1853.597017
-0.000183925,8.56E-05,-4.78E-05,1852.583429
-3.67E-05,4.77E-05,-9.73E-05,1852.232825
-0.000118149,4.41E-05,-0.000105361,1852.226484
-1.69E-05,7.31E-21,-0.000123544,1850.058194
7.70E-06,3.06E-05,-7.30E-05,1849.856854
-2.41E-05,2.87E-05,-0.00011349,1849.343636
-7.76E-05,6.29E-05,-8.82E-05,1848.327841
-2.39E-05,1.01E-05,-0.000124582,1847.956753
-1.05E-05,3.57E-05,-9.42E-05,1847.617298
-6.51E-05,4.96E-05,-0.000102673,1847.396834
-4.11E-05,2.89E-05,-0.000118326,1847.092589
5.41E-05,0,0,1846.42714
5.41E-05,0,0,1846.42714
5.41E-05,0,0,1846.42714
1.42E-05,4.67E-05,-3.91E-05,1846.183273
-0.000171227,9.60E-05,-1.98E-05,1845.768184
2.49E-05,7.72E-06,-5.63E-05,1845.759805
-4.73E-05,1.72E-05,-0.000125235,1845.113539
-2.85E-05,2.96E-05,-0.000114666,1843.822835
-7.72E-05,1.44E-05,-0.00012431,1843.7424
-8.92E-06,6.62E-06,-0.000117427,1843.693631
-3.97E-05,1.65E-05,-0.0001252,1843.570948
-0.000271276,7.31E-21,-7.67E-05,1843.494137
-4.58E-05,2.93E-05,-0.000118806,1842.820945
-0.000311727,2.55E-05,-4.01E-05,1842.815847
-8.84E-06,1.03E-05,-0.000116134,1842.370231
-1.68E-05,1.56E-05,-0.000119416,1841.945679
-2.88E-05,6.62E-05,-5.95E-05,1841.492598
-6.04E-06,3.96E-06,-0.000115352,1840.861729
-2.18E-05,5.14E-06,-0.000125227,1840.163045
-0.000143309,4.27E-05,-0.000104333,1840.11667
-7.98E-06,3.74E-05,-8.90E-05,1839.858957
-0.000137674,9.76E-05,-1.89E-05,1839.736605
-0.000206445,7.37E-05,-6.36E-05,1839.548915
-0.000228049,8.71E-05,-2.04E-05,1838.639846
-5.16E-05,1.11E-05,-0.000127354,1838.341667
-1.97E-05,7.01E-05,-4.16E-05,1837.841074
-0.000194488,1.30E-05,-0.000104037,1837.565364
-0.000104498,3.86E-05,-0.000111348,1837.276648
-1.70E-05,2.59E-05,-0.000112198,1836.537881
-3.56E-05,2.48E-05,-0.000120564,1834.912935
-2.16E-05,4.26E-05,-9.59E-05,1833.274414
-2.44E-05,3.44E-05,-0.000108296,1833.04529
-1.69E-05,3.00E-05,-0.000108009,1832.723716
-0.00022156,9.13E-05,0,1831.22561
-0.00022156,9.13E-05,0,1831.22561
-0.00022156,9.13E-05,0,1831.22561
-0.00016692,9.58E-06,-0.000110746,1831.070532
4.75E-05,7.31E-21,-1.46E-05,1830.820013
-3.30E-05,5.25E-05,-8.91E-05,1830.504847
7.02E-06,8.09E-06,-9.45E-05,1830.316334
-2.33E-05,4.68E-05,-9.09E-05,1830.170417
-0.000212143,7.31E-21,-0.000101543,1828.863649
-1.47E-05,7.31E-21,-0.000122754,1828.540768
-0.000160266,9.31E-05,-3.87E-05,1827.390073
-8.86E-05,7.22E-05,-7.76E-05,1826.652437
-2.01E-05,6.67E-06,-0.000124597,1826.378523
7.54E-06,4.00E-05,-6.19E-05,1825.687842
-8.32E-06,1.29E-05,-0.000114714,1825.33389
-0.000174816,8.02E-05,-6.23E-05,1824.889641
-0.000325031,2.55E-05,-2.38E-05,1824.235705
-0.000217441,6.17E-05,-7.39E-05,1824.014373
-0.000309993,4.61E-05,-2.38E-05,1823.675747
-4.04E-05,5.35E-05,-9.20E-05,1823.430433
-7.96E-05,9.03E-05,-3.40E-05,1823.233419
-0.000131261,9.44E-05,-3.35E-05,1823.026434
-9.68E-06,3.58E-06,-0.000119122,1822.65983
-8.99E-05,8.19E-05,-6.16E-05,1822.164536
-0.000244347,5.33E-05,-7.17E-05,1821.988957
3.28E-05,4.83E-05,-5.92E-06,1821.81658
-5.44E-05,1.73E-05,-0.000125825,1821.582668
-2.96E-05,4.12E-05,-0.000103616,1821.289158
-0.000151157,8.76E-05,-5.32E-05,1821.269009
-5.15E-05,2.97E-05,-0.000119724,1818.70041
-1.84E-05,7.31E-21,-0.000124768,1817.381586
1.19E-05,1.84E-05,-7.94E-05,1816.818618
-3.43E-05,1.25E-05,-0.00012666,1816.300849
-3.14E-06,1.03E-05,-0.000110362,1816.201618
-0.000106472,7.69E-05,-7.31E-05,1815.684143
2.00E-05,5.89E-05,-7.58E-06,1815.274439
-2.92E-05,2.12E-05,-0.000121845,1814.654872
-5.17E-05,3.82E-05,-0.000113613,1814.624746
-2.12E-05,1.60E-05,-0.000121883,1814.202128
-0.000123757,3.09E-05,-0.000114376,1811.504131
-0.000246172,7.47E-05,-4.68E-05,1811.462901
1.50E-05,1.39E-05,-7.63E-05,1811.417629
-1.19E-05,1.03E-05,-0.000119237,1811.36741
-0.000142987,6.77E-05,-8.55E-05,1811.107085
-0.000148635,0.000100593,0,1809.541812
-0.000148635,0.000100593,0,1809.541812
-0.000148635,0.000100593,0,1809.541812
-0.000148635,0.000100593,0,1809.541812
-3.62E-05,8.08E-06,-0.000128182,1809.470315
-0.000193496,6.22E-05,-8.21E-05,1807.885954
-0.000322913,7.31E-21,-4.16E-05,1807.764522
-3.91E-05,3.54E-05,-0.00011393,1807.596544
1.12E-05,7.31E-21,-8.88E-05,1807.253973
-0.000297816,4.77E-05,-4.34E-05,1807.06375
-1.02E-05,6.04E-05,-5.29E-05,1806.326935
-1.77E-05,2.46E-06,-0.000124506,1806.310373
-1.34E-05,1.75E-05,-0.000116818,1805.418699
-1.44E-05,7.33E-06,-0.000122025,1803.436529
-0.000149736,9.58E-06,-0.00011592,1802.805974
-4.39E-05,4.94E-05,-0.000100211,1802.46266
1.95E-07,8.02E-06,-0.000107261,1800.479028
-0.000185206,2.57E-05,-0.000105748,1800.387248
-1.73E-05,2.27E-05,-0.000116069,1798.42257
-6.42E-05,6.86E-06,-0.000128673,1797.052583
-0.000252804,3.94E-05,-7.83E-05,1796.752976
-1.71E-05,4.03E-05,-9.70E-05,1795.546174
3.90E-05,1.42E-05,-2.93E-05,1795.476053
-0.000290497,6.67E-05,-1.96E-05,1795.399868
-0.000336216,2.30E-20,-2.54E-05,1795.209555
-5.58E-06,3.52E-05,-9.10E-05,1794.660448
-6.04E-05,8.90E-05,-2.97E-05,1794.389775
-0.000117087,7.31E-21,-0.000122626,1790.427102
-1.15E-05,7.02E-06,-0.000120389,1790.130078
-3.25E-05,8.10E-06,-0.000128127,1788.903517
1.01E-06,2.33E-05,-9.58E-05,1787.922985
-2.81E-05,1.21E-05,-0.000126273,1786.898901
-0.00027513,4.99E-05,-6.28E-05,1786.869783
3.04E-06,1.69E-05,-9.85E-05,1785.994424
-2.39E-05,2.29E-05,-0.000119502,1785.844845
-2.52E-05,6.06E-05,-7.14E-05,1785.401909
-1.74E-05,1.91E-05,-0.000118851,1785.197684
-1.55E-05,9.77E-06,-0.00012227,1785.030723
-6.97E-05,1.27E-05,-0.000127649,1784.418056
-2.29E-05,8.29E-05,-8.25E-06,1782.669543
-2.04E-05,1.04E-05,-0.000124535,1782.278557
-0.000177758,5.59E-05,-9.34E-05,1781.949694
-2.83E-06,3.80E-06,-0.000112912,1781.666431
-2.72E-05,6.23E-06,-0.000127675,1781.2033
-0.000278034,1.28E-05,-7.94E-05,1781.017558
-2.62E-05,1.41E-05,-0.000125169,1780.924148
2.77E-05,2.57E-05,-4.27E-05,1780.594672
-0.000338576,2.67E-05,0,1778.611658
-0.000338576,2.67E-05,0,1778.611658
-0.000338576,2.67E-05,0,1778.611658
-0.000338576,2.67E-05,0,1778.611658
-0.000323538,4.72E-05,0,1778.235576
-0.000323538,4.72E-05,0,1778.235576
-0.000323538,4.72E-05,0,1778.235576
-0.000323538,4.72E-05,0,1778.235576
-6.40E-05,1.27E-05,-0.000128235,1777.172974
2.20E-05,4.35E-05,-3.48E-05,1777.088245
-6.47E-06,7.62E-06,-0.000116204,1776.452033
1.65E-05,6.02E-05,-1.52E-05,1776.252007
-0.000242632,1.01E-05,-9.45E-05,1776.150962
-0.000247918,8.88E-05,0,1775.361935
-0.000247918,8.88E-05,0,1775.361935
-0.000247918,8.88E-05,0,1775.361935
-0.000247918,8.88E-05,0,1775.361935
-2.01E-05,2.19E-05,-0.000118732,1774.189834
-0.000170153,3.98E-05,-0.000105076,1773.585058
-1.26E-05,3.97E-06,-0.000122101,1773.567897
-0.000302674,6.51E-05,0,1771.916048
-0.000302674,6.51E-05,0,1771.916048
-0.000302674,6.51E-05,0,1771.916048
-0.000302674,6.51E-05,0,1771.916048
-8.94E-05,9.27E-05,-3.82E-05,1771.810438
-3.09E-06,7.43E-06,-0.000112474,1771.637645
-0.00026126,2.55E-05,-8.49E-05,1771.516996
-4.24E-05,8.96E-05,0,1770.073238
-4.24E-05,8.96E-05,0,1770.073238
-4.24E-05,8.96E-05,0,1770.073238
-4.24E-05,8.96E-05,0,1770.073238
-4.24E-05,8.96E-05,0,1770.073238
-4.24E-05,8.96E-05,0,1770.073238
-4.24E-05,8.96E-05,0,1770.073238
-4.24E-05,8.96E-05,0,1770.073238
-4.24E-05,8.96E-05,0,1770.073238
-4.24E-05,8.96E-05,0,1770.073238
-4.24E-05,8.96E-05,0,1770.073238
-4.24E-05,8.96E-05,0,1770.073238
-0.000206023,8.76E-05,-4.85E-05,1769.939545
9.38E-07,2.82E-05,-9.16E-05,1769.576847
-2.10E-05,6.23E-05,-6.47E-05,1768.905796
-2.38E-05,4.68E-06,-0.000127281,1766.839063
-7.21E-05,7.35E-05,-7.63E-05,1766.592706
-6.26E-05,1.88E-05,-0.000126912,1765.246177
2.03E-06,5.18E-05,-5.51E-05,1764.903145
1.16E-06,6.31E-05,-3.51E-05,1763.848939
-0.000253065,8.43E-05,-2.76E-05,1763.555748
-2.25E-06,1.41E-05,-0.000108854,1761.732306
-0.000294808,7.31E-21,-7.40E-05,1761.562728
3.03E-05,3.67E-05,-2.86E-05,1761.496457
-2.91E-05,4.61E-05,-9.96E-05,1760.179503
-5.79E-06,7.31E-21,-0.000116975,1760.075455
-4.10E-05,2.65E-05,-0.000122578,1760.039452
-0.00023296,6.47E-05,-7.14E-05,1760.037379
-6.74E-05,2.65E-05,-0.000123793,1757.432441
1.32E-05,6.33E-06,-8.55E-05,1757.407965
-6.19E-05,9.51E-05,0,1755.647786
-6.19E-05,9.51E-05,0,1755.647786
-6.19E-05,9.51E-05,0,1755.647786
-6.19E-05,9.51E-05,0,1755.647786
-7.48E-05,4.62E-05,-0.000111203,1755.529417
-0.000191317,8.17E-05,-6.71E-05,1754.378815
-1.54E-05,1.28E-05,-0.00012166,1754.282316
-1.74E-05,6.94E-06,-0.000124663,1753.863496
-0.000101583,2.18E-05,-0.000123536,1753.571857
-7.86E-05,8.56E-06,-0.000128682,1753.196668
-7.69E-05,3.55E-05,-0.000119231,1752.830502
-0.000307757,2.55E-05,-6.08E-05,1752.416243
-7.19E-05,9.71E-05,0,1752.302428
-7.19E-05,9.71E-05,0,1752.302428
-7.19E-05,9.71E-05,0,1752.302428
-7.19E-05,9.71E-05,0,1752.302428
-2.26E-05,4.08E-05,-0.000102585,1751.917712
2.30E-06,1.10E-05,-0.000104079,1751.47191
-2.28E-05,5.31E-05,-8.46E-05,1751.446521
-3.03E-05,4.94E-06,-0.00012908,1751.326741
-3.12E-05,7.42E-05,-5.08E-05,1750.180573
5.47E-06,2.20E-05,-9.10E-05,1749.89578
-2.94E-05,8.11E-06,-0.000128418,1749.18333
-0.000123192,8.88E-05,-5.98E-05,1747.76352
-0.000186837,0.000102155,0,1747.028435
-0.000186837,0.000102155,0,1747.028435
-0.000186837,0.000102155,0,1747.028435
-0.000186837,0.000102155,0,1747.028435
-5.84E-05,1.25E-05,-0.000129563,1744.074002
1.24E-05,1.31E-05,-8.50E-05,1743.065109
-4.96E-06,4.17E-05,-8.30E-05,1742.711914
-4.67E-05,8.99E-05,-1.48E-05,1742.098194
-4.78E-05,4.77E-06,-0.000130976,1740.810517
7.77E-06,4.38E-06,-9.75E-05,1740.805284
-2.12E-05,2.66E-05,-0.000116874,1740.274028
6.69E-06,2.61E-05,-8.51E-05,1739.195189
-2.55E-06,2.00E-05,-0.000105802,1738.880716
6.67E-06,1.06E-05,-9.77E-05,1737.603704
-6.00E-06,2.31E-05,-0.000107547,1736.530442
-2.88E-05,1.82E-05,-0.000125139,1735.601438
-4.27E-05,4.09E-05,-0.00011252,1734.323405
-0.000272844,7.14E-05,-4.72E-05,1733.695708
-1.06E-05,5.28E-05,-7.27E-05,1731.903725
-2.74E-05,3.06E-06,-0.00012901,1731.516469
-0.00020958,2.60E-05,-0.000105697,1731.024301
-0.000356292,3.73E-20,0,1730.981199
-0.000356292,3.73E-20,0,1730.981199
-0.000356292,3.76E-20,0,1730.981199
-0.000356292,3.76E-20,0,1730.981199
9.31E-06,3.65E-05,-6.80E-05,1730.848862
-8.93E-06,1.60E-05,-0.000115806,1730.299791
-9.37E-05,9.07E-05,-5.03E-05,1729.762612
3.51E-06,4.25E-05,-6.97E-05,1729.175726
-5.96E-06,1.67E-05,-0.000112561,1728.743739
-0.000170702,7.21E-05,-8.39E-05,1727.197172
-0.000318943,7.31E-21,-6.24E-05,1727.047383
-0.000100637,0.000102161,0,1726.72856
-0.000100637,0.000102161,0,1726.72856
-0.000100637,0.000102161,0,1726.72856
-0.000100637,0.000102161,0,1726.72856
-0.000100637,0.000102161,0,1726.72856
-2.80E-05,3.94E-05,-0.000108584,1726.645579
-2.36E-05,8.20E-06,-0.000127358,1726.353616
-1.50E-05,3.64E-06,-0.000124449,1726.205857
-4.92E-06,1.37E-05,-0.000113275,1724.406323
-8.67E-05,4.75E-05,-0.000111902,1724.120295
-4.83E-06,7.34E-05,-2.07E-05,1723.809108
-9.09E-06,4.78E-05,-7.99E-05,1723.475694
-0.000288996,7.89E-05,0,1722.844536
-0.000288996,7.89E-05,0,1722.844536
-0.000288996,7.89E-05,0,1722.844536
-0.000288996,7.89E-05,0,1722.844536
-0.000103942,9.77E-05,-3.37E-05,1722.046271
-0.000266196,8.81E-05,0,1721.880563
-0.000266196,8.81E-05,0,1721.880563
-0.000266196,8.81E-05,0,1721.880563
-1.89E-05,3.56E-05,-0.000107371,1721.317294
-1.98E-05,7.31E-21,-0.000127072,1720.394491
-1.11E-05,3.44E-05,-0.000101859,1719.989526
-3.36E-05,3.54E-05,-0.000115199,1719.922734
-6.45E-05,6.79E-05,-8.61E-05,1719.421574
-1.01E-05,7.31E-21,-0.000121654,1719.376949
-4.68E-06,2.77E-05,-0.00010223,1719.247227
-0.000232571,7.31E-21,-0.000103427,1718.608302
-1.91E-05,5.01E-05,-8.78E-05,1718.380921
-5.33E-05,7.16E-05,-7.51E-05,1718.102132
-0.000154444,1.92E-05,-0.000119115,1718.034638
-0.000110591,8.87E-05,-6.11E-05,1717.739153
-0.000124185,1.90E-05,-0.000123339,1717.430983
-0.000144723,0.000101889,-3.38E-05,1717.373848
-0.000102397,0.000101594,-1.59E-05,1715.943849
-3.52E-05,4.28E-05,-0.000108696,1714.973758
-3.50E-05,4.67E-06,-0.000130701,1714.69352
-7.08E-05,1.97E-05,-0.000128188,1714.660311
-7.85E-06,7.31E-21,-0.000119893,1714.16058
-5.10E-05,9.01E-05,-2.96E-05,1714.123151
-0.000155684,0.000104833,-1.49E-05,1713.958775
-0.000101266,4.92E-05,-0.000111112,1712.945229
-5.33E-07,7.31E-21,-0.000111895,1712.471824
-1.72E-05,1.11E-05,-0.000124163,1711.583081
-0.000351727,2.01E-05,-2.11E-05,1711.080611
-2.79E-05,5.33E-05,-9.10E-05,1710.905876
-0.000120857,9.57E-05,-4.45E-05,1710.022812
-4.25E-05,8.38E-05,-4.15E-05,1709.878259
-1.16E-05,1.45E-05,-0.000119378,1709.63856
-3.81E-06,1.04E-05,-0.00011401,1708.526352
-4.69E-05,6.60E-05,-8.24E-05,1708.495455
-4.11E-05,6.15E-05,-8.65E-05,1708.278524
-0.000140753,8.89E-05,-6.41E-05,1708.265387
2.56E-06,3.52E-05,-8.31E-05,1707.586625
-0.000285071,2.77E-05,-8.01E-05,1707.439151
-3.52E-05,4.75E-05,-0.000103396,1706.917508
-6.58E-05,9.68E-05,-1.49E-05,1706.016327
-0.000271343,8.36E-05,-2.76E-05,1705.440277
-1.66E-05,4.64E-05,-9.18E-05,1704.452135
7.96E-07,3.23E-06,-0.000110198,1704.089216
4.93E-06,1.25E-05,-0.0001008,1703.554431
4.50E-05,1.43E-05,-2.16E-05,1703.020155
-2.36E-05,5.84E-05,-7.89E-05,1702.917868
-0.000331892,2.55E-05,-4.92E-05,1702.623978
-1.77E-05,1.66E-05,-0.000122343,1702.019716
-1.08E-05,2.95E-05,-0.000107751,1701.940207
-2.35E-05,4.75E-05,-9.66E-05,1701.781475
-2.00E-05,4.26E-06,-0.000127261,1701.448896
-2.65E-07,7.00E-06,-0.000110919,1701.44231
-3.00E-05,6.72E-05,-6.87E-05,1701.13734
-1.18E-05,4.13E-05,-9.45E-05,1701.038304
-7.50E-06,1.99E-05,-0.000112791,1701.006942
-3.03E-05,1.12E-05,-0.000128976,1700.364426
-0.000138242,2.88E-05,-0.000119253,1699.934398
-0.000259841,5.44E-05,-7.90E-05,1699.803876
-0.000176532,1.00E-04,-3.95E-05,1699.277797
1.60E-05,7.31E-21,-8.31E-05,1699.207853
-4.09E-05,6.40E-06,-0.000131511,1699.019392
-3.88E-05,8.94E-05,-1.31E-05,1698.491493
1.24E-05,6.68E-05,-7.58E-06,1698.138473
-0.000221573,7.61E-05,-7.11E-05,1698.085801
-7.67E-05,9.89E-05,-1.72E-05,1697.020004
-2.41E-05,1.74E-05,-0.000124962,1696.474415
-2.61E-05,1.07E-05,-0.000128117,1695.911894
-3.35E-05,1.96E-05,-0.000126723,1695.852596
-4.59E-05,1.14E-05,-0.000131103,1694.7022
-1.26E-05,2.40E-05,-0.000114389,1693.439238
-2.06E-05,1.53E-05,-0.000124549,1693.274878
-1.71E-05,3.94E-05,-0.000102577,1692.962896
-5.21E-05,2.43E-05,-0.000127067,1692.55403
-2.43E-05,7.31E-21,-0.00012914,1691.710602
-6.28E-06,3.77E-06,-0.00011872,1691.691825
-3.22E-05,5.03E-05,-9.91E-05,1691.124662
-0.000198397,7.31E-21,-0.000114904,1690.398864
-1.42E-05,8.19E-05,-9.46E-06,1689.657808
2.04E-05,7.31E-21,-7.39E-05,1689.462747
-4.01E-05,2.29E-05,-0.000126484,1689.216026
-0.00024939,2.28E-05,-9.72E-05,1688.052908
-9.80E-05,8.86E-05,-6.24E-05,1687.714785
-2.74E-05,8.76E-05,-1.81E-05,1686.134408
3.54E-06,4.48E-06,-0.000106579,1685.90826
-0.000145303,9.91E-05,-4.90E-05,1685.871355
-2.06E-05,7.28E-06,-0.000127324,1684.937691
-0.000167423,9.45E-05,-5.40E-05,1684.022525
-2.19E-05,1.22E-05,-0.000126602,1682.325408
-6.48E-05,3.56E-05,-0.000121809,1682.018101
-4.60E-05,2.40E-05,-0.000127057,1681.287942
-0.000334251,5.22E-05,-2.38E-05,1680.944136
-0.000108256,9.56E-05,-4.58E-05,1679.998445
-6.59E-07,2.85E-05,-9.73E-05,1679.693036
1.86E-05,5.65E-06,-7.80E-05,1679.430142
-0.0001406,9.17E-06,-0.000124549,1679.248955
-3.41E-06,3.12E-06,-0.000116153,1678.430133
8.59E-06,3.09E-05,-7.97E-05,1677.232057
-8.22E-05,6.37E-05,-9.87E-05,1677.207131
-0.000124935,0.000105897,-1.46E-05,1676.880823
-3.92E-05,1.28E-05,-0.000130599,1675.558012
-4.44E-05,3.56E-05,-0.000119783,1675.338869
-3.10E-05,2.68E-05,-0.000122656,1674.754175
-0.000268297,4.05E-05,-8.56E-05,1674.567895
-1.43E-05,6.90E-06,-0.000124557,1674.292114
-0.000343077,7.31E-21,-5.08E-05,1673.701277
-5.40E-05,6.84E-06,-0.000132896,1672.793337
-0.000118522,0.000102648,-2.92E-05,1672.282104
-0.000226265,5.99E-05,-8.88E-05,1671.502653
-2.03E-05,3.21E-05,-0.00011369,1669.380976
-4.54E-05,2.94E-05,-0.000124382,1669.175536
-0.000158314,8.91E-05,-6.85E-05,1668.767254
-0.000320706,5.11E-05,-4.76E-05,1668.50402
-0.000313387,7.01E-05,-2.38E-05,1668.502342
-0.00022355,2.31E-05,-0.000107648,1667.80656
-0.000363153,2.19E-20,-2.54E-05,1667.180258
5.10E-06,3.81E-05,-7.70E-05,1666.833837
-6.94E-05,6.25E-05,-9.84E-05,1665.281223
-5.46E-06,1.10E-05,-0.000116592,1665.178711
-1.57E-05,7.31E-21,-0.000126162,1664.991037
-7.55E-06,9.84E-06,-0.000118974,1664.800795
-0.0001041,7.47E-05,-8.85E-05,1663.703872
-5.69E-05,8.66E-05,-5.07E-05,1663.545916
-7.03E-05,6.44E-06,-0.0001329,1663.432084
-3.17E-05,6.40E-05,-7.87E-05,1663.309711
-4.01E-06,3.45E-05,-9.57E-05,1662.98564
-8.72E-05,0.000103062,0,1662.790954
-8.72E-05,0.000103062,0,1662.790954
-8.72E-05,0.000103062,0,1662.790954
-8.72E-05,0.000103062,0,1662.790954
-2.93E-05,1.51E-05,-0.000128407,1662.614926
-2.69E-05,2.89E-05,-0.000120042,1662.512015
-8.90E-05,0.000102495,-1.59E-05,1660.578441
-0.000221151,9.00E-05,-5.60E-05,1659.905274
2.02E-05,1.28E-05,-7.26E-05,1659.873864
-2.75E-05,3.56E-05,-0.000114729,1658.141461
-0.000192142,0.000106111,-1.98E-05,1656.796554
-0.000236911,4.33E-05,-9.73E-05,1656.438625
-2.56E-05,4.35E-05,-0.000105383,1656.253019
-0.000257555,7.58E-05,-6.35E-05,1654.548691
-0.000186489,9.95E-06,-0.000119922,1654.499797
-3.36E-05,3.23E-05,-0.000120154,1653.758925
-0.000365513,2.67E-05,0,1653.713102
-0.000365513,2.67E-05,0,1653.713102
-0.000365513,2.67E-05,0,1653.713102
-8.04E-06,1.33E-05,-0.000118319,1653.281938
-2.89E-05,5.91E-05,-8.58E-05,1652.944503
-1.19E-05,7.31E-21,-0.000124183,1652.192939
-6.13E-05,7.31E-21,-0.000133914,1651.117999
3.43E-06,5.94E-05,-4.71E-05,1650.30977
-1.40E-05,1.66E-05,-0.000121338,1650.131008
-2.09E-05,2.03E-05,-0.000123364,1646.50748
-8.49E-05,7.31E-21,-0.000133007,1646.202785
2.46E-05,1.51E-05,-6.39E-05,1645.604837
-0.00029802,5.32E-05,-6.70E-05,1645.378853
-1.64E-05,2.65E-05,-0.000116698,1645.062067
1.05E-06,1.16E-05,-0.00010923,1642.979457
-3.31E-06,7.12E-06,-0.000116112,1642.421995
-1.65E-06,4.94E-05,-7.17E-05,1642.022825
-0.000131348,0.000109146,0,1641.611629
-0.000131348,0.000109146,0,1641.611629
-0.000131348,0.000109146,0,1641.611629
-0.000347796,5.34E-05,0,1641.589171
-0.000347796,5.34E-05,0,1641.589171
-0.000347796,5.34E-05,0,1641.589171
-0.000347796,5.34E-05,0,1641.589171
-6.86E-05,8.51E-05,-6.36E-05,1641.566919
-2.83E-05,8.99E-05,0,1641.328827
-2.83E-05,8.99E-05,0,1641.328827
-2.83E-05,8.99E-05,0,1641.328827
-2.83E-05,8.99E-05,0,1641.328827
-0.000118755,6.30E-05,-0.000103839,1640.215691
-0.000112847,4.15E-05,-0.000119854,1639.695448
-5.93E-05,2.94E-05,-0.00012687,1639.535725
-2.47E-05,4.30E-06,-0.000130176,1639.423807
-5.06E-05,1.70E-05,-0.00013158,1639.158218
-9.98E-05,3.84E-05,-0.000122224,1639.115286
-0.000174484,7.31E-21,-0.000123142,1638.599501
-3.51E-05,5.44E-05,-9.81E-05,1638.332545
-4.02E-05,7.55E-05,-6.57E-05,1638.215124
1.71E-05,1.15E-05,-8.06E-05,1636.216195
-2.41E-05,3.18E-05,-0.000117204,1636.109417
-1.58E-05,2.97E-05,-0.000114037,1635.587765
-1.19E-05,1.04E-05,-0.000122914,1635.126821
-0.000198631,0.000101947,-4.02E-05,1634.004547
-9.01E-05,7.21E-05,-9.25E-05,1632.658528
-5.39E-05,5.01E-05,-0.000110971,1630.858192
-0.000326932,7.12E-05,0,1630.306871
-0.000326932,7.12E-05,0,1630.306871
-0.000326932,7.12E-05,0,1630.306871
-0.000326932,7.12E-05,0,1630.306871
-0.000183924,9.60E-05,-5.88E-05,1629.817395
-9.01E-06,7.35E-05,-3.60E-05,1629.764594
-5.46E-05,3.89E-05,-0.000120915,1629.048773
-1.60E-05,5.97E-05,-7.36E-05,1628.616142
-1.69E-05,3.54E-06,-0.000127444,1627.656269
-1.80E-05,1.39E-05,-0.000125403,1627.368045
-3.53E-05,8.92E-05,-2.62E-05,1626.909748
-7.06E-05,9.86E-05,-3.21E-05,1626.630777
1.57E-05,3.10E-05,-6.85E-05,1626.598276
-0.000261267,7.31E-21,-0.000103398,1625.126892
-5.65E-05,9.78E-05,-1.48E-05,1624.109131
-3.44E-05,4.07E-05,-0.000114228,1623.181649
-5.21E-05,9.76E-05,0,1623.018058
-5.21E-05,9.76E-05,0,1623.018058
-5.21E-05,9.76E-05,0,1623.018058
-5.21E-05,9.76E-05,0,1623.018058
-5.21E-05,9.76E-05,0,1623.018058
-0.000103096,1.15E-05,-0.00013175,1622.598023
8.30E-06,7.35E-05,0,1620.02494
8.30E-06,7.35E-05,0,1620.02494
8.30E-06,7.35E-05,0,1620.02494
8.30E-06,7.35E-05,0,1620.02494
8.30E-06,7.35E-05,0,1620.02494
8.30E-06,7.35E-05,0,1620.02494
8.30E-06,7.35E-05,0,1620.02494
-0.000242078,6.34E-05,-8.74E-05,1619.936939
3.87E-05,3.91E-05,-1.57E-05,1619.830457
-3.12E-05,7.31E-21,-0.000132497,1617.794784
-5.31E-06,4.14E-05,-9.08E-05,1615.476995
-8.18E-06,2.58E-05,-0.000111492,1614.453275
-3.11E-05,8.08E-06,-0.000131898,1614.039755
-2.04E-05,8.32E-05,-2.86E-05,1614.035205
-2.19E-05,3.48E-06,-0.000129844,1613.767864
-8.75E-05,4.01E-05,-0.000122753,1613.343559
-0.000206445,8.41E-05,-7.46E-05,1612.915701
-9.30E-06,5.98E-05,-6.60E-05,1612.683124
-3.88E-05,7.05E-05,-7.62E-05,1612.504582
-0.000383229,3.65E-20,0,1612.384104
-0.000383229,3.65E-20,0,1612.384104
-0.000383229,3.65E-20,0,1612.384104
-0.000383229,3.65E-20,0,1612.384104
1.51E-05,2.61E-05,-7.59E-05,1612.257913
-2.71E-05,7.46E-06,-0.000131018,1612.130978
-6.52E-05,1.40E-05,-0.000133764,1611.623262
1.25E-05,1.14E-05,-9.15E-05,1611.064557
-4.08E-05,4.96E-05,-0.000108207,1610.895668
5.11E-05,1.44E-05,-1.38E-05,1610.564258
-0.000157301,7.31E-21,-0.000128316,1610.334942
-4.13E-05,7.31E-21,-0.000134323,1610.077016
-5.37E-05,1.29E-05,-0.000133765,1609.597977
-7.64E-05,7.36E-05,-8.97E-05,1609.436621
-1.33E-05,5.32E-05,-8.31E-05,1608.651704
-3.35E-05,5.87E-05,-9.25E-05,1608.146114
-0.000308841,1.98E-05,-8.31E-05,1608.057318
-3.04E-05,7.38E-05,-6.31E-05,1607.287062
-0.000358588,2.01E-05,-4.65E-05,1606.868498
-0.000295734,7.47E-05,-5.14E-05,1606.435587
-7.82E-05,2.46E-05,-0.000130667,1606.30826
-1.43E-05,9.95E-06,-0.000125162,1606.072273
-0.000237519,2.01E-05,-0.000109599,1604.58882
-0.000213489,1.30E-05,-0.000116564,1603.023324
-9.10E-06,2.01E-05,-0.0001169,1602.369639
-8.86E-05,1.71E-05,-0.000132782,1601.828274
-5.39E-05,6.12E-05,-9.97E-05,1599.166917
-0.000174815,9.06E-05,-7.32E-05,1598.256428
-0.000162505,6.09E-05,-0.000106278,1598.155488
-0.000360948,4.68E-05,-2.11E-05,1596.275774
-8.86E-05,3.03E-05,-0.000128603,1595.659202
-0.000378664,2.01E-05,-2.11E-05,1594.690652
-0.000347403,4.56E-05,-4.49E-05,1594.505252
-0.00021424,0.000108108,-2.04E-05,1594.157437
2.76E-05,3.76E-05,-4.07E-05,1593.535599
-3.46E-05,1.13E-05,-0.000132495,1593.388347
1.80E-05,3.71E-05,-5.97E-05,1592.820092
-0.000332975,1.98E-05,-7.15E-05,1592.480216
-0.000163725,0.000113003,0,1590.119158
-0.000163725,0.000113003,0,1590.119158
-0.000163725,0.000113003,0,1590.119158
-0.000163725,0.000113003,0,1590.119158
-2.66E-05,2.39E-05,-0.000125392,1589.296303
1.86E-06,2.29E-05,-0.00010271,1588.951685
3.10E-05,1.60E-05,-5.36E-05,1588.568489
-4.33E-05,1.71E-05,-0.00013235,1588.27103
-5.21E-05,3.13E-05,-0.000127212,1587.288838
-0.000132499,0.000104332,-4.58E-05,1586.27521
-1.41E-05,2.06E-05,-0.000120983,1585.963234
-1.15E-05,6.95E-06,-0.000124651,1584.933595
-1.02E-05,4.75E-05,-8.98E-05,1584.76321
-0.000246168,8.73E-05,-6.31E-05,1584.750737
1.28E-05,7.31E-21,-9.45E-05,1584.597635
-0.000160989,0.000108788,-3.46E-05,1584.543278
-0.000211719,5.35E-05,-0.000104661,1584.242571
8.66E-06,1.64E-05,-9.68E-05,1584.18952
-8.85E-06,3.69E-06,-0.000123295,1583.889358
-2.75E-05,5.35E-05,-9.72E-05,1583.579623
6.53E-06,7.31E-21,-0.000105514,1583.356115
-3.12E-05,2.40E-05,-0.000127153,1583.04269
1.26E-05,2.35E-05,-8.45E-05,1582.77425
1.48E-05,1.77E-05,-8.47E-05,1582.676735
-1.17E-05,1.40E-05,-0.000122664,1582.497338
-0.000260229,3.38E-05,-0.00010195,1581.460608
-0.000116439,2.95E-05,-0.000128289,1580.925508
-0.000306068,8.91E-05,0,1580.139408
-0.000306068,8.91E-05,0,1580.139408
-0.000306068,8.91E-05,0,1580.139408
-0.000306068,8.91E-05,0,1580.139408
9.99E-06,7.31E-21,-9.98E-05,1579.90674
6.01E-06,2.27E-05,-9.71E-05,1579.793187
-1.49E-06,7.31E-21,-0.000116637,1579.656824
-2.14E-05,5.39E-05,-9.20E-05,1579.108312
-2.35E-05,7.44E-06,-0.000130712,1578.870486
-3.86E-05,3.04E-05,-0.000125563,1578.414353
-0.000240598,0.000105676,-2.04E-05,1578.360147
6.41E-06,7.33E-05,-1.12E-05,1577.874095
-3.57E-05,1.77E-05,-0.000131219,1577.623658
-0.000275334,5.54E-05,-8.63E-05,1577.618794
-8.05E-06,7.72E-06,-0.000122044,1576.741363
3.78E-06,7.31E-21,-0.000110132,1575.456798
-8.05E-05,0.000101032,-3.63E-05,1575.207796
-1.65E-05,2.45E-05,-0.00012036,1574.863239
-4.91E-06,1.56E-05,-0.000116409,1574.094056
-1.94E-05,3.75E-05,-0.000111368,1574.036744
-0.00032179,4.53E-05,-6.99E-05,1572.967292
-0.000134899,0.000100359,-6.00E-05,1572.867733
-0.000136933,7.31E-21,-0.000132157,1572.864594
4.00E-05,2.90E-05,-2.77E-05,1572.744515
-0.000207751,0.000112271,0,1571.985263
-0.000207751,0.000112271,0,1571.985263
-0.000207751,0.000112271,0,1571.985263
-4.64E-05,4.52E-05,-0.000116515,1570.995476
-0.000206023,9.80E-05,-5.94E-05,1570.379959
-0.000283268,9.82E-05,0,1570.362905
-0.000283268,9.82E-05,0,1570.362905
-0.000283268,9.82E-05,0,1570.362905
-0.000283268,9.82E-05,0,1570.362905
-1.76E-05,1.07E-05,-0.000127656,1569.842043
-0.000220729,0.000103944,-4.09E-05,1569.500195
-1.64E-05,4.59E-05,-9.94E-05,1568.582025
1.40E-06,3.53E-05,-9.16E-05,1567.306148
-0.000284799,7.31E-21,-0.000100664,1567.284295
-9.46E-05,6.51E-05,-0.000105836,1567.237009
-0.000131984,0.000110137,-2.95E-05,1566.629518
-1.44E-05,1.39E-05,-0.000124939,1565.731683
3.89E-05,1.02E-05,-4.15E-05,1565.722202
-5.37E-05,6.92E-05,-9.07E-05,1565.508691
-2.01E-05,2.56E-05,-0.000122139,1564.462042
-1.96E-07,4.60E-05,-7.93E-05,1564.377054
-1.77E-05,6.99E-06,-0.000128738,1563.870701
-0.000234109,0.000109839,0,1563.714273
-0.000234109,0.000109839,0,1563.714273
-0.000234109,0.000109839,0,1563.714273
-0.000234109,0.000109839,0,1563.714273
-7.56E-06,3.94E-05,-9.88E-05,1563.606524
8.37E-08,1.43E-05,-0.000111767,1561.436662
-0.000173433,2.44E-05,-0.000124917,1561.326602
-0.000288415,9.37E-05,-2.76E-05,1561.124245
3.62E-06,7.05E-06,-0.000109941,1560.911997
-9.27E-05,0.000104588,-3.50E-05,1560.906698
-1.15E-05,4.02E-05,-0.000102118,1560.657606
-0.000268025,1.28E-05,-0.000106136,1560.401051
-0.000138397,0.000113386,-1.49E-05,1559.86132
-2.10E-05,7.13E-06,-0.000130227,1559.671214
-4.26E-05,8.34E-05,-5.78E-05,1559.55787
-2.19E-06,1.81E-05,-0.000112519,1559.398717
-0.000230691,7.48E-05,-8.71E-05,1557.985361
-4.72E-06,7.13E-06,-0.000119724,1557.87479
-0.000310423,6.30E-05,-6.55E-05,1556.879779
5.63E-06,1.64E-05,-0.000103149,1556.720029
-2.26E-05,4.16E-05,-0.000110033,1556.34652
2.83E-05,4.90E-05,-2.51E-05,1555.727612
1.90E-06,1.75E-05,-0.000107883,1554.969035
-0.000273048,7.69E-05,-7.07E-05,1554.404866
-0.000336419,7.57E-05,-1.98E-05,1554.239277
1.43E-05,5.25E-06,-9.25E-05,1553.470885
-0.000105551,0.000110115,-1.46E-05,1553.056377
-5.82E-05,1.96E-05,-0.000134135,1552.194673
-5.32E-05,8.35E-05,-6.66E-05,1552.138198
-2.83E-05,4.69E-05,-0.000107941,1551.165477
-0.000161569,0.000105954,-4.98E-05,1548.624871
-7.57E-05,1.40E-05,-0.000136293,1548.003405
-0.000201582,2.30E-05,-0.000121582,1547.958733
-6.58E-05,4.66E-05,-0.000120539,1547.416569
-0.000322874,7.46E-05,-4.36E-05,1547.208585
-2.93E-06,8.18E-05,0,1543.722795
-2.93E-06,8.18E-05,0,1543.722795
-2.93E-06,8.18E-05,0,1543.722795
8.60E-07,4.80E-06,-0.000114616,1543.038495
-6.12E-05,6.50E-06,-0.000137457,1541.590381
-7.55E-06,8.21E-05,-2.43E-05,1540.245722
-3.11E-05,8.65E-05,-4.06E-05,1539.997604
8.02E-06,8.94E-06,-0.000103345,1539.966005
-0.000227459,1.01E-05,-0.000118515,1539.805583
-7.63E-05,9.53E-05,-5.51E-05,1539.728362
-2.10E-05,1.02E-05,-0.000130068,1539.317352
-0.000260467,0.000107407,0,1538.439701
-0.000260467,0.000107407,0,1538.439701
-0.000260467,0.000107407,0,1538.439701
-9.77E-06,1.76E-05,-0.000120767,1537.498275
-6.35E-05,5.85E-05,-0.000109851,1537.067692
-0.000265615,0.000102892,-2.76E-05,1536.983894
-0.000115927,8.81E-05,-8.30E-05,1536.832136
3.06E-05,5.43E-05,-1.18E-05,1536.622574
-4.77E-06,3.45E-05,-0.000102345,1536.010339
4.52E-06,7.32E-05,-2.25E-05,1535.723249
-4.59E-05,6.16E-06,-0.000136734,1535.527539
2.90E-05,7.31E-21,-6.38E-05,1534.838882
2.71E-05,2.68E-05,-5.64E-05,1534.256611
-3.87E-05,4.04E-05,-0.000119835,1533.740423
-0.00015246,0.000100509,-6.43E-05,1533.3696
-2.20E-05,4.71E-05,-0.000104384,1533.288466
-2.02E-05,4.94E-05,-0.000100052,1531.98922
-7.71E-06,7.31E-21,-0.000123904,1531.43076
-1.42E-05,7.41E-05,-5.12E-05,1531.241025
-4.77E-05,3.57E-05,-0.000125965,1530.75889
-7.76E-05,5.97E-05,-0.00011128,1530.435603
-3.39E-05,2.87E-05,-0.000127018,1529.644114
1.79E-06,4.14E-05,-8.54E-05,1529.252735
-4.20E-06,2.86E-05,-0.000108127,1528.508612
1.87E-05,1.85E-05,-7.96E-05,1528.256589
-0.000191316,9.21E-05,-7.80E-05,1527.745601
7.75E-06,2.86E-05,-9.11E-05,1527.319204
-0.000245746,0.000101161,-4.80E-05,1526.891676
3.81E-06,2.61E-05,-9.98E-05,1526.568377
-7.97E-05,8.70E-05,-7.60E-05,1525.595508
-0.000162009,9.58E-06,-0.000131511,1525.563606
-0.000111964,0.000113364,0,1525.38865
-0.000111964,0.000113364,0,1525.38865
-0.000111964,0.000113364,0,1525.38865
-0.000111964,0.000113364,0,1525.38865
-1.65E-05,4.05E-05,-0.000108256,1525.315423
-1.21E-05,3.63E-06,-0.000126941,1525.22363
-2.14E-05,1.57E-05,-0.00012904,1522.31415
-6.29E-05,8.33E-05,-7.56E-05,1522.300639
-3.28E-05,9.46E-05,-9.90E-06,1522.21181
-6.42E-05,9.80E-05,-4.25E-05,1521.075535
-0.000211398,7.50E-05,-9.46E-05,1520.012536
-2.93E-05,5.27E-05,-0.000103305,1519.804272
-2.12E-05,3.73E-05,-0.000114864,1519.626366
-2.83E-05,4.29E-05,-0.00011373,1519.454067
-1.18E-05,3.67E-05,-0.000108266,1518.464385
-0.000315112,7.31E-21,-9.47E-05,1518.443999
-0.000374099,4.02E-05,-4.21E-05,1518.176191
-1.80E-05,2.98E-05,-0.000119385,1517.783538
-5.81E-05,0.000100186,-3.27E-05,1517.286552
-8.34E-07,1.15E-05,-0.000115481,1516.479679
-0.000295216,2.27E-05,-0.000100046,1516.371784
-8.15E-06,1.30E-05,-0.000122078,1516.256702
-0.000114217,1.60E-05,-0.000135746,1515.824282
-0.000299104,4.75E-05,-8.92E-05,1515.497011
-2.96E-05,4.61E-06,-0.000134513,1514.560057
-2.20E-05,5.31E-06,-0.000132012,1514.365198
-4.54E-06,1.92E-05,-0.000115931,1513.446859
-3.89E-06,7.31E-21,-0.000120978,1513.353495
-1.90E-05,4.54E-06,-0.000130798,1513.301256
-0.000121704,0.00010446,-5.71E-05,1513.297096
-0.000396439,3.56E-05,0,1512.932259
-0.000396439,3.56E-05,0,1512.932259
-0.000396439,3.56E-05,0,1512.932259
-0.000396439,3.56E-05,0,1512.932259
-0.000396439,3.56E-05,0,1512.932259
-3.92E-05,4.64E-05,-0.000115515,1512.592267
-2.64E-05,5.92E-05,-9.24E-05,1511.644526
-0.000339247,7.31E-21,-8.31E-05,1511.492074
-0.000107311,0.000109548,-3.05E-05,1511.142531
-0.000161147,8.95E-05,-8.54E-05,1510.615276
-2.95E-05,1.33E-05,-0.000133011,1510.133087
-2.49E-05,4.03E-06,-0.000133316,1509.878905
-0.00016903,0.000116959,-1.98E-05,1509.057564
-0.000221997,8.95E-05,-7.99E-05,1508.216342
-1.98E-06,3.40E-06,-0.000119026,1508.20631
-2.80E-05,1.89E-05,-0.00013077,1506.942968
-4.03E-07,2.44E-05,-0.000107845,1506.731453
-0.000187398,6.72E-05,-0.000106573,1506.411636
-0.000107709,0.000100293,-6.17E-05,1505.451154
-0.000137211,9.17E-05,-8.29E-05,1504.334022
-2.38E-05,5.18E-05,-0.000101386,1503.676208
-0.000395095,2.19E-20,-4.04E-05,1503.652936
-2.25E-05,3.02E-05,-0.000122249,1503.59821
-1.87E-05,5.23E-05,-9.65E-05,1503.593429
-0.000315555,9.35E-05,-1.98E-05,1502.500211
-4.82E-06,8.16E-05,-1.12E-05,1501.57195
-2.38E-05,2.11E-05,-0.00012837,1501.030807
-3.95E-06,4.06E-05,-9.61E-05,1500.991152
2.41E-05,2.38E-05,-6.69E-05,1500.025187
-4.61E-05,2.28E-05,-0.000133637,1499.586818
1.34E-05,6.00E-05,-3.95E-05,1499.160222
-0.000248358,3.11E-05,-0.0001143,1497.99652
-1.54E-05,3.51E-05,-0.000113771,1497.987946
-0.000257572,6.45E-05,-9.47E-05,1497.751858
-1.39E-05,7.57E-06,-0.000128195,1495.990364
-0.000287737,6.52E-05,-8.49E-05,1495.798668
-7.94E-05,4.89E-05,-0.000122953,1495.493449
1.51E-05,5.09E-05,-5.20E-05,1495.113583
-1.64E-05,1.81E-05,-0.000126163,1494.736944
1.18E-05,1.18E-05,-9.76E-05,1494.629147
-5.05E-06,3.24E-06,-0.000122454,1493.658137
-6.19E-05,0.000105577,0,1492.549399
-6.19E-05,0.000105577,0,1492.549399
-6.19E-05,0.000105577,0,1492.549399
-6.19E-05,0.000105577,0,1492.549399
-2.84E-05,2.99E-05,-0.000125625,1491.753485
-0.00010044,2.80E-05,-0.000134754,1491.731535
-4.55E-05,1.34E-05,-0.000136898,1491.366438
-0.000378722,6.23E-05,0,1491.057377
-0.000378722,6.23E-05,0,1491.057377
-0.000378722,6.23E-05,0,1491.057377
-0.000378722,6.23E-05,0,1491.057377
-4.53E-05,2.97E-05,-0.00013081,1487.429892
-0.000416064,3.51E-20,0,1487.378805
-0.000416064,3.39E-20,0,1487.378805
-0.000416064,3.51E-20,0,1487.378805
-0.000416064,3.39E-20,0,1487.378805
-0.000355039,2.81E-05,-7.42E-05,1485.422322
-0.000375019,7.31E-21,-6.58E-05,1485.410753
-6.71E-05,2.52E-05,-0.000135518,1485.386222
-0.000278442,3.55E-05,-0.000105518,1485.103355
-5.64E-05,9.29E-05,-5.70E-05,1484.629026
-0.000267266,4.87E-05,-0.000102643,1484.511507
-9.00E-06,4.53E-05,-9.72E-05,1484.19954
-3.45E-05,6.01E-06,-0.000136529,1483.480987
-7.35E-05,4.26E-05,-0.000127463,1481.937799
-7.15E-05,7.31E-21,-0.000140292,1481.870909
-0.000120727,9.94E-05,-7.25E-05,1481.103791
-1.79E-05,7.31E-21,-0.000131425,1480.23761
9.73E-07,2.94E-05,-0.000103,1479.440533
-1.46E-05,5.51E-05,-9.00E-05,1478.898915
-4.02E-05,1.09E-05,-0.000136973,1478.842462
-3.26E-05,8.57E-05,-5.17E-05,1477.327235
-5.02E-05,1.16E-05,-0.000138242,1476.316052
-0.000360872,7.34E-05,-2.74E-05,1476.167983
-0.000119369,0.000111404,-4.18E-05,1475.556387
-0.000217398,7.31E-21,-0.000127431,1475.022347
-3.14E-05,4.05E-05,-0.000119496,1474.007755
-5.30E-05,6.79E-06,-0.000139408,1473.11243
-5.18E-05,7.31E-21,-0.000139645,1472.877761
-0.000256155,1.01E-05,-0.000118486,1472.31591
-0.000255286,8.59E-05,-7.91E-05,1471.527736
-0.00040751,2.72E-05,-2.41E-05,1471.423558
-2.11E-05,6.78E-05,-7.60E-05,1471.382064
-0.000136172,1.83E-05,-0.000136374,1470.9206
-0.000171856,0.000108271,-5.99E-05,1470.508681
-0.000270762,9.84E-05,-5.52E-05,1470.139372
-5.71E-05,1.24E-05,-0.000139043,1469.137527
-3.98E-05,2.35E-05,-0.000133343,1468.561237
1.31E-05,6.29E-06,-9.83E-05,1467.92604
-0.000105374,0.000107237,-4.64E-05,1467.710446
-1.42E-05,9.01E-05,0,1467.42065
-1.42E-05,9.01E-05,0,1467.42065
-1.42E-05,9.01E-05,0,1467.42065
-1.42E-05,9.01E-05,0,1467.42065
-1.42E-05,9.01E-05,0,1467.42065
-1.42E-05,9.01E-05,0,1467.42065
-1.42E-05,9.01E-05,0,1467.42065
-1.42E-05,9.01E-05,0,1467.42065
-1.42E-05,9.01E-05,0,1467.42065
-1.42E-05,9.01E-05,0,1467.42065
-1.42E-05,9.01E-05,0,1467.42065
-2.65E-05,3.60E-05,-0.000121311,1466.665448
-0.000128698,4.63E-05,-0.000127556,1465.661441
-4.44E-05,0.000101036,-1.78E-05,1464.994971
-9.59E-05,8.99E-05,-8.28E-05,1463.259274
-3.26E-05,4.73E-05,-0.00011431,1463.040176
-3.60E-06,1.17E-05,-0.000120146,1462.374427
-7.92E-05,3.60E-05,-0.00013258,1462.046776
-0.000351067,8.58E-05,0,1461.657599
-0.000351067,8.58E-05,0,1461.657599
-0.000351067,8.58E-05,0,1461.657599
-0.000351067,8.58E-05,0,1461.657599
-4.07E-05,3.64E-05,-0.000126627,1461.533118
-6.55E-06,5.71E-05,-7.82E-05,1461.380888
2.66E-05,7.52E-06,-7.16E-05,1461.233947
-0.000221575,0.00010342,-6.48E-05,1461.13857
-0.000145446,0.000117626,-2.98E-05,1460.976932
-1.86E-05,7.33E-05,-6.39E-05,1460.838433
-2.43E-05,1.30E-05,-0.000132774,1460.240433
-5.85E-06,1.74E-05,-0.000119932,1459.926155
-0.000285451,8.66E-05,-6.93E-05,1459.851779
-0.000347327,7.22E-05,-5.12E-05,1459.269165
1.45E-05,1.83E-05,-9.10E-05,1459.077634
-2.23E-05,2.57E-05,-0.000126634,1457.714403
-0.000391874,5.57E-05,-2.11E-05,1457.075623
-2.60E-05,6.74E-05,-8.29E-05,1456.407857
-0.000343853,5.36E-05,-7.26E-05,1456.231579
6.08E-06,2.90E-05,-9.71E-05,1455.426613
-0.000162747,0.000102827,-7.44E-05,1455.25341
-0.000101942,7.31E-21,-0.000141129,1453.868064
-6.67E-05,0.000107456,-1.72E-05,1453.720583
-4.92E-05,9.03E-05,-5.95E-05,1452.827503
-3.27E-05,5.15E-05,-0.000110255,1451.257758
3.67E-05,7.31E-21,-5.31E-05,1451.18126
-2.92E-05,9.44E-05,-2.30E-05,1450.630065
-0.000146438,0.000121557,0,1446.966417
-0.000146438,0.000121557,0,1446.966417
-0.000146438,0.000121557,0,1446.966417
-0.000146438,0.000121557,0,1446.966417
-0.000311506,5.73E-05,-8.78E-05,1446.549206
-2.13E-05,3.05E-06,-0.000133679,1446.01104
-2.16E-05,6.22E-05,-8.81E-05,1445.894219
8.65E-06,3.63E-05,-8.57E-05,1445.782282
-0.000322873,3.96E-05,-9.22E-05,1445.370907
-0.000297902,9.82E-05,-4.74E-05,1443.258666
2.15E-06,3.39E-05,-9.86E-05,1442.918943
1.10E-05,4.94E-05,-6.47E-05,1441.707234
-9.69E-06,3.16E-05,-0.000114507,1441.329147
-0.000184639,0.000123119,0,1441.202194
-0.000184639,0.000123119,0,1441.202194
-0.000184639,0.000123119,0,1441.202194
-0.000184639,0.000123119,0,1441.202194
3.21E-06,1.08E-05,-0.00011347,1440.562314
-5.13E-05,1.80E-05,-0.000138262,1440.526762
-0.000177648,9.10E-05,-9.01E-05,1440.104449
-7.72E-05,0.00011158,0,1439.969113
-7.72E-05,0.00011158,0,1439.969113
-7.72E-05,0.00011158,0,1439.969113
-7.72E-05,0.00011158,0,1439.969113
2.06E-05,6.94E-06,-8.54E-05,1438.961331
-0.00039053,2.01E-05,-6.14E-05,1438.571294
1.82E-05,7.31E-21,-9.09E-05,1437.887196
-3.09E-05,6.61E-05,-9.10E-05,1437.672064
-4.87E-05,0.000101271,-3.26E-05,1437.019928
-5.40E-05,2.73E-05,-0.000135379,1436.939896
-1.59E-05,2.33E-05,-0.000125219,1436.748959
-7.86E-05,7.53E-05,-0.000101444,1436.321593
-3.27E-05,2.35E-05,-0.000132595,1435.754322
-6.44E-05,7.43E-05,-9.78E-05,1434.948681
-3.38E-05,3.64E-05,-0.000125462,1434.878199
-0.00031259,8.65E-05,-6.15E-05,1433.41261
-0.000154245,2.62E-05,-0.00013578,1431.205071
-0.000146026,0.000114792,-4.50E-05,1429.474438
-2.92E-05,7.54E-05,-7.44E-05,1427.586202
-9.02E-05,5.62E-05,-0.000122862,1427.229715
-4.29E-06,2.44E-05,-0.00011557,1426.788446
-1.50E-05,3.57E-06,-0.000131113,1426.680539
-1.45E-05,1.38E-05,-0.000128856,1426.428132
-0.000188481,4.57E-05,-0.000126097,1425.317477
-0.000206868,9.75E-05,-8.34E-05,1423.046242
-8.32E-05,8.46E-05,-9.09E-05,1422.365235
7.67E-06,5.56E-06,-0.000109474,1421.87339
3.87E-06,1.47E-05,-0.000111779,1421.481328
3.76E-06,7.31E-21,-0.000115281,1420.602127
7.59E-06,2.22E-05,-0.000102124,1420.442309
-0.000205491,9.95E-06,-0.000132449,1419.957756
-2.87E-05,9.84E-06,-0.000136253,1419.601948
-0.000326188,7.35E-05,-7.24E-05,1418.853603
-0.000155022,4.54E-05,-0.000129767,1418.806309
6.20E-06,1.20E-05,-0.000109815,1418.286555
-6.63E-05,3.73E-05,-0.00013297,1418.038276
-0.000239809,7.35E-05,-0.000103062,1417.884922
-0.000300139,7.49E-05,-8.34E-05,1417.63469
-3.31E-05,1.73E-05,-0.000135723,1417.155343
-2.17E-05,7.84E-06,-0.000134165,1417.154928
-3.93E-05,1.75E-05,-0.000137269,1415.903238
-9.59E-06,1.19E-05,-0.000126432,1415.832438
-1.73E-05,7.65E-06,-0.000132191,1415.520357
-4.06E-05,6.27E-05,-0.000103497,1415.039649
-1.25E-05,3.00E-05,-0.000119341,1413.741209
-2.00E-05,3.59E-05,-0.00011991,1413.082888
-3.50E-06,5.04E-05,-8.73E-05,1412.978473
-0.000246591,0.000100636,-7.20E-05,1412.717504
-0.000374023,6.68E-05,-4.84E-05,1412.682764
-2.51E-05,9.19E-05,-3.30E-05,1411.992128
-5.16E-05,9.95E-05,-4.32E-05,1411.73131
-0.000237816,2.33E-05,-0.00012688,1411.677867
-3.53E-05,4.59E-05,-0.000119403,1410.736342
-0.000285479,5.05E-05,-0.000106211,1409.771961
6.05E-07,4.33E-05,-9.18E-05,1409.513689
-4.55E-05,4.26E-05,-0.00012588,1409.015285
1.88E-05,1.38E-05,-8.80E-05,1408.966985
-0.00037055,4.81E-05,-6.98E-05,1408.73739
-0.000330203,0.0001036,0,1407.357767
-0.000330203,0.0001036,0,1407.357767
-0.000330203,0.0001036,0,1407.357767
-0.000330203,0.0001036,0,1407.357767
-0.000106387,6.08E-05,-0.000122021,1406.923507
-0.000193486,7.31E-21,-0.000135669,1406.89469
-7.65E-06,3.20E-06,-0.000126999,1406.696546
-0.000246094,7.31E-21,-0.000127402,1405.718614
-0.000325041,9.80E-05,-3.96E-05,1404.846747
-0.000249503,5.78E-05,-0.000111032,1404.644571
-3.98E-05,5.55E-06,-0.000140121,1403.353867
-8.21E-05,0.000113459,-1.72E-05,1402.729672
-3.84E-05,0.000102091,0,1402.482272
-3.84E-05,0.000102091,0,1402.482272
-3.84E-05,0.000102091,0,1402.482272
-3.84E-05,0.000102091,0,1402.482272
-0.000152873,9.17E-06,-0.000140141,1402.006587
-5.39E-05,3.85E-05,-0.000131261,1401.914833
-0.000429273,3.56E-05,0,1401.685826
-0.000429273,3.56E-05,0,1401.685826
-0.000429273,3.56E-05,0,1401.685826
-0.000429273,3.56E-05,0,1401.685826
-0.000216763,2.75E-05,-0.000130243,1400.156731
-2.41E-05,4.14E-05,-0.000118322,1399.770937
-4.09E-05,5.44E-05,-0.000114433,1399.185779
-1.49E-05,6.25E-05,-8.38E-05,1398.667615
-2.19E-05,5.83E-05,-9.76E-05,1398.06875
-0.000146606,0.000111957,-6.02E-05,1397.971945
-5.15E-06,3.43E-05,-0.000109552,1396.921238
-0.000402945,4.73E-05,-4.52E-05,1396.512558
-0.00042793,2.05E-20,-4.04E-05,1394.47131
-1.05E-05,2.44E-05,-0.000122167,1393.555971
-4.09E-05,0.000100812,-3.09E-05,1393.413226
-1.05E-05,7.31E-21,-0.000129491,1392.94824
-8.40E-06,7.53E-06,-0.000127442,1391.645679
-0.000259197,4.20E-05,-0.000119001,1391.40422
-2.89E-05,6.13E-05,-9.97E-05,1389.972416
1.41E-05,1.59E-05,-9.68E-05,1389.388342
-0.000329145,1.98E-05,-0.000103823,1389.229012
-3.72E-06,7.11E-05,-5.55E-05,1388.700868
-1.93E-05,8.62E-05,-4.33E-05,1386.308509
-9.43E-05,0.000117015,-1.59E-05,1385.031549
6.37E-07,7.65E-06,-0.000119459,1385.014836
-5.25E-05,5.12E-05,-0.000122487,1384.798652
-0.000179248,0.000104326,-7.91E-05,1384.742583
-6.09E-05,7.31E-21,-0.000143897,1384.634041
2.92E-06,1.79E-05,-0.000112998,1383.99805
-1.64E-05,4.19E-05,-0.000113304,1383.97755
-0.000266994,2.10E-05,-0.000123187,1383.872181
-6.83E-05,8.40E-05,-8.99E-05,1382.69877
1.46E-05,2.41E-05,-9.10E-05,1382.427198
1.52E-05,3.13E-05,-8.36E-05,1380.877022
-6.56E-05,1.26E-05,-0.000143381,1380.695776
2.52E-05,7.18E-06,-7.97E-05,1380.487727
-0.000153487,0.000125797,-1.49E-05,1380.436354
-1.07E-05,1.79E-05,-0.000126201,1380.066738
2.67E-05,4.04E-05,-5.28E-05,1380.033287
-1.74E-05,5.26E-05,-0.000102376,1379.652213
-0.000231549,4.75E-05,-0.000122754,1379.370489
-7.15E-05,0.000109335,-3.44E-05,1378.605155
-0.000181163,0.000120602,-4.77E-05,1376.993494
-0.000274217,7.88E-05,-9.50E-05,1376.81603
-1.62E-05,4.71E-05,-0.00010783,1376.260138
2.43E-06,1.47E-05,-0.000115445,1376.223053
-0.000448898,3.38E-20,0,1376.064002
-0.000448898,3.38E-20,0,1376.064002
-0.000448898,3.38E-20,0,1376.064002
-0.0003021,0.000116378,0,1375.467514
-0.0003021,0.000116378,0,1375.467514
-0.0003021,0.000116378,0,1375.467514
-0.0003021,0.000116378,0,1375.467514
-3.17E-05,5.79E-05,-0.00010692,1374.704454
-3.37E-05,1.29E-05,-0.000138572,1374.484459
4.50E-06,6.20E-05,-6.08E-05,1373.413838
-9.26E-05,0.000117582,0,1373.291431
-9.26E-05,0.000117582,0,1373.291431
-9.26E-05,0.000117582,0,1373.291431
-9.26E-05,0.000117582,0,1373.291431
-9.26E-05,0.000117582,0,1373.291431
-9.26E-05,0.000117582,0,1373.291431
-3.76E-05,2.94E-05,-0.000133522,1372.611139
-1.86E-05,9.48E-05,-9.90E-06,1370.885516
-4.55E-06,3.06E-05,-0.0001133,1370.141109
-9.14E-05,4.40E-05,-0.000134306,1369.770835
-0.000231115,8.82E-05,-9.59E-05,1368.115902
4.13E-05,2.34E-05,-4.05E-05,1367.084288
1.09E-06,3.97E-05,-9.79E-05,1366.498408
-2.39E-05,5.28E-05,-0.00010815,1365.484364
-0.000193583,1.99E-05,-0.000137467,1364.893166
-0.000132505,9.17E-06,-0.000143982,1364.536239
-8.38E-05,0.000112891,-3.31E-05,1364.304056
-0.000440345,2.72E-05,-2.41E-05,1364.015922
1.68E-05,3.79E-05,-7.53E-05,1363.929088
-0.000409648,7.12E-05,0,1362.457268
-0.000409648,7.12E-05,0,1362.457268
-0.000409648,7.12E-05,0,1362.457268
-0.000409648,7.12E-05,0,1362.457268
4.50E-05,7.31E-21,-4.20E-05,1362.106317
2.75E-05,4.98E-05,-4.07E-05,1361.901721
-0.000141034,8.45E-05,-0.000106547,1361.207034
5.80E-05,2.71E-05,0,1361.103134
5.80E-05,2.71E-05,0,1361.103134
5.80E-05,2.71E-05,0,1361.103134
-2.34E-05,7.31E-21,-0.000136953,1361.032703
-0.000196773,0.000126763,-2.80E-05,1360.259691
3.31E-06,7.22E-05,-4.51E-05,1359.79143
-1.01E-05,4.78E-05,-0.000102472,1358.73341
1.97E-05,7.35E-06,-9.13E-05,1357.887836
-2.54E-05,2.40E-05,-0.000132424,1357.67183
-0.000143799,6.42E-05,-0.000124188,1357.404685
5.77E-06,4.30E-06,-0.000114829,1356.442354
9.38E-06,3.50E-05,-9.16E-05,1355.967832
-2.75E-05,3.52E-05,-0.000126885,1355.557817
-3.88E-06,6.64E-06,-0.000125049,1355.334345
-0.000390324,5.27E-05,-6.57E-05,1354.496852
-0.000309249,4.26E-05,-0.000109151,1354.299064
-2.19E-05,1.88E-05,-0.0001332,1354.269458
-1.66E-05,2.85E-05,-0.000125571,1353.856189
-4.84E-05,6.84E-05,-0.00010511,1352.66357
-0.000163979,8.99E-05,-0.000102251,1352.463298
-0.000297882,6.02E-05,-0.000104779,1352.455561
1.80E-06,8.19E-05,-2.61E-05,1352.159863
-9.61E-05,0.000116447,-3.18E-05,1350.002957
-0.000181578,9.95E-06,-0.000140687,1348.99287
-4.21E-05,4.94E-05,-0.000122312,1348.272605
-2.82E-05,2.91E-05,-0.000131382,1348.081387
-5.74E-06,2.17E-05,-0.000121525,1347.373449
-0.000227756,1.33E-05,-0.000135796,1346.89463
-1.03E-05,5.31E-05,-9.66E-05,1346.8133
-0.000203262,0.000122599,-4.84E-05,1346.269789
-0.000391798,8.23E-05,-2.74E-05,1345.955867
-4.30E-05,7.45E-05,-9.35E-05,1345.916752
-6.58E-05,7.06E-05,-0.000109914,1345.425792
-0.000110432,4.57E-05,-0.000135875,1345.137059
-0.000119607,0.000124726,-1.46E-05,1344.887418
-0.000344937,4.79E-05,-9.48E-05,1344.139037
-0.000339689,0.000108093,-1.98E-05,1343.526349
-0.00042072,6.28E-05,-2.41E-05,1343.306751
1.24E-05,2.44E-05,-9.68E-05,1343.295024
-2.26E-05,4.74E-05,-0.000114385,1342.961986
-1.68E-05,1.24E-05,-0.000133123,1342.795822
-5.41E-05,0.000109008,-1.78E-05,1342.392451
-6.38E-05,0.000104239,-4.89E-05,1342.158645
-5.23E-05,6.20E-05,-0.000114758,1342.117693
-0.00027479,7.31E-21,-0.000127372,1342.079382
-0.000349494,9.57E-05,-4.72E-05,1340.503362
-0.000120831,8.69E-05,-0.000103906,1340.158529
-3.57E-06,4.24E-05,-0.000102672,1339.65407
-2.35E-05,5.76E-05,-0.000103779,1338.59271
-0.000284447,0.00012104,-2.76E-05,1338.430477
-0.000133411,0.000116058,-5.73E-05,1338.401308
-4.50E-05,8.09E-06,-0.000143177,1337.236186
7.81E-06,1.70E-05,-0.000108758,1337.231183
6.65E-06,8.81E-06,-0.000113734,1335.963308
-6.88E-06,7.14E-05,-6.42E-05,1335.218699
-4.07E-05,9.60E-05,-5.18E-05,1333.418802
-0.000279299,0.000125555,0,1333.355882
-0.000279299,0.000125555,0,1333.355882
-0.000279299,0.000125555,0,1333.355882
-0.000279299,0.000125555,0,1333.355882
-0.000169573,7.31E-21,-0.000143907,1333.092575
-0.000196167,8.97E-05,-0.000103908,1332.799277
-1.05E-05,4.39E-05,-0.000108693,1332.732374
-0.000271931,0.000100239,-7.94E-05,1332.438448
-0.000123999,0.000125875,-3.42E-05,1331.864911
-2.11E-05,8.50E-05,-5.49E-05,1331.455051
-0.000381993,9.47E-05,0,1331.323227
-0.000381993,9.47E-05,0,1331.323227
-0.000381993,9.47E-05,0,1331.323227
-0.000381993,9.47E-05,0,1331.323227
-0.000381993,9.47E-05,0,1331.323227
-0.000419376,2.72E-05,-6.45E-05,1330.843076
-3.49E-07,3.90E-06,-0.000122817,1330.680511
-0.000188555,0.000116657,-6.70E-05,1329.129154
5.14E-05,4.20E-05,0,1328.857309
5.14E-05,4.20E-05,0,1328.857309
5.14E-05,4.20E-05,0,1328.857309
1.78E-05,1.11E-05,-9.54E-05,1328.791183
-8.55E-05,1.47E-05,-0.000146489,1327.877494
-5.55E-05,8.37E-05,-8.89E-05,1327.325525
-1.59E-05,1.78E-05,-0.000131387,1327.097198
-0.000305103,7.31E-21,-0.000121426,1326.393022
-3.54E-05,2.26E-05,-0.000137791,1326.201058
-3.03E-05,8.62E-05,-6.40E-05,1326.136766
-4.11E-05,8.46E-05,-7.75E-05,1325.944004
-0.000371189,7.31E-21,-9.81E-05,1325.445828
-1.79E-05,3.97E-06,-0.000135627,1324.943636
-2.88E-05,4.67E-05,-0.00011992,1324.353803
-4.62E-05,2.10E-05,-0.000141099,1324.304778
1.36E-05,9.92E-06,-0.000103505,1324.054257
9.20E-06,7.31E-21,-0.000111779,1323.560109
1.42E-05,3.05E-05,-9.02E-05,1323.443515
-6.37E-05,5.83E-05,-0.000123212,1322.541537
-0.000268419,6.62E-05,-0.000112502,1322.222979
-0.000406961,7.31E-21,-8.07E-05,1322.179644
-5.37E-05,7.55E-05,-0.000100683,1321.844057
-0.000327272,6.78E-05,-9.47E-05,1320.566308
-3.30E-05,3.45E-05,-0.000131291,1320.544901
-0.000301216,9.72E-05,-7.62E-05,1320.066347
6.93E-06,2.94E-05,-0.000102684,1320.018405
-0.000156893,0.000114275,-7.02E-05,1319.855755
3.35E-06,3.58E-06,-0.000119219,1318.868157
-0.00022242,0.000102895,-8.88E-05,1318.346883
-7.48E-05,9.43E-06,-0.000147339,1318.343
-7.54E-06,9.04E-05,-1.48E-05,1318.008564
-2.80E-05,5.25E-05,-0.000114193,1317.147002
-0.00012602,0.000127975,0,1316.322145
-0.00012602,0.000127975,0,1316.322145
-0.00012602,0.000127975,0,1316.322145
-0.00012602,0.000127975,0,1316.322145
-2.67E-05,6.57E-06,-0.000139408,1316.242654
1.86E-05,4.44E-06,-9.63E-05,1316.151216
-4.53E-05,1.48E-05,-0.000142927,1315.878754
1.32E-05,6.24E-05,-5.18E-05,1315.461243
-0.000123363,2.79E-05,-0.000145,1314.69933
-0.000108158,0.000118303,-4.31E-05,1314.416814
-1.84E-05,2.34E-05,-0.000130737,1313.007057
1.75E-05,7.31E-21,-9.88E-05,1312.932175
-0.000277411,4.38E-05,-0.000122569,1312.724192
-8.90E-05,3.03E-05,-0.000143379,1312.410397
-0.000386981,2.81E-05,-8.91E-05,1311.763282
-0.000190756,0.000104389,-9.17E-05,1311.605394
-0.000231731,0.000131342,-2.04E-05,1311.044583
-1.12E-05,5.74E-06,-0.00013215,1310.917532
7.89E-07,3.10E-05,-0.00010987,1310.780152
-2.91E-05,4.12E-05,-0.000125485,1310.774384
-5.11E-05,8.15E-06,-0.000145409,1310.208119
-5.02E-06,1.68E-05,-0.000124592,1309.719908
-0.000311586,0.000120871,-1.98E-05,1309.665806
-3.22E-05,7.56E-05,-8.71E-05,1309.540062
2.81E-06,3.50E-05,-0.000104173,1309.212967
-5.33E-05,9.06E-05,-7.72E-05,1308.999364
-2.23E-05,3.39E-05,-0.000127247,1308.107865
-0.000328356,9.70E-05,-6.84E-05,1307.998227
2.05E-05,2.27E-05,-8.60E-05,1306.622534
-0.000285207,2.27E-05,-0.000126755,1306.59648
-7.50E-05,2.39E-05,-0.000145111,1306.252358
-0.000132434,0.000111006,-7.27E-05,1306.208003
-5.60E-05,9.91E-05,-6.34E-05,1305.712136
-0.000248655,3.43E-05,-0.000131581,1305.085566
-2.21E-05,2.94E-05,-0.000130059,1304.903253
-0.00028662,8.85E-05,-9.35E-05,1304.508354
-2.27E-06,4.78E-05,-9.69E-05,1303.61636
-5.79E-05,7.04E-06,-0.000146579,1303.484925
2.52E-05,7.31E-21,-8.47E-05,1302.347088
-1.08E-05,4.00E-05,-0.000114558,1302.287593
7.29E-06,2.26E-05,-0.000108119,1301.508109
-4.51E-05,3.01E-05,-0.000138352,1301.097899
-4.81E-05,0.000110063,0,1300.85573
-4.81E-05,0.000110063,0,1300.85573
-4.81E-05,0.000110063,0,1300.85573
-4.81E-05,0.000110063,0,1300.85573
-4.30E-05,3.75E-05,-0.000133813,1300.626119
-0.000402869,7.39E-05,-5.15E-05,1300.265036
2.75E-05,1.54E-05,-7.66E-05,1300.234568
1.99E-06,7.31E-21,-0.00012154,1299.909185
-7.45E-05,9.22E-05,-8.83E-05,1299.709557
-0.000335416,7.31E-21,-0.00011548,1299.408499
-0.000259298,0.000129845,-2.38E-05,1299.225451
-0.000351208,2.81E-05,-0.000106502,1299.223413
1.08E-05,4.77E-05,-7.80E-05,1298.849272
-4.05E-05,2.46E-05,-0.000139618,1298.743648
-3.21E-05,7.31E-21,-0.000141986,1298.584659
3.70E-05,2.47E-05,-5.33E-05,1297.841171
-0.000165579,0.000103271,-9.13E-05,1297.101432
-2.75E-05,1.77E-05,-0.000137966,1296.5578
-0.000467715,2.05E-20,-3.60E-05,1295.628089
-0.000149205,7.31E-21,-0.000147749,1295.622227
-0.0002516,0.000133074,0,1294.683691
-0.0002516,0.000133074,0,1294.683691
-0.0002516,0.000133074,0,1294.683691
-0.0002516,0.000133074,0,1294.683691
-0.000364142,0.000105742,-2.74E-05,1294.006417
-0.000256455,8.78E-05,-0.000103354,1293.57896
-6.23E-05,4.79E-05,-0.000132666,1293.309591
-5.53E-06,4.09E-05,-0.000108937,1293.306685
1.39E-05,7.31E-21,-0.000106004,1292.770148
-0.000256452,1.33E-05,-0.000135767,1291.767137
-0.00031552,2.27E-05,-0.000120809,1291.175106
-0.000215223,1.11E-05,-0.000142679,1291.021118
-1.52E-05,6.11E-05,-9.50E-05,1289.842262
-0.000431791,5.45E-05,-4.83E-05,1289.59237
-2.16E-05,6.04E-06,-0.000138309,1288.655557
-0.000370474,7.47E-05,-7.61E-05,1287.812382
3.57E-06,2.28E-05,-0.000113597,1287.624996
-2.20E-05,1.20E-05,-0.00013761,1287.611886
-0.000315905,8.54E-05,-9.03E-05,1286.773019
-9.90E-05,1.60E-05,-0.000148962,1286.748189
-0.000225242,0.000135506,0,1286.475416
-0.000225242,0.000135506,0,1286.475416
-0.000225242,0.000135506,0,1286.475416
-0.000225242,0.000135506,0,1286.475416
-1.94E-05,5.14E-05,-0.000111231,1285.991044
-0.000161527,0.000133967,0,1285.559437
-0.000161527,0.000133967,0,1285.559437
-0.000161527,0.000133967,0,1285.559437
-0.000161527,0.000133967,0,1285.559437
-0.000161527,0.000133967,0,1285.559437
1.29E-05,1.80E-05,-0.000103196,1285.07919
-6.76E-05,9.76E-05,-7.70E-05,1284.357623
-0.000239429,0.000128114,-4.42E-05,1282.772036
-3.15E-05,9.90E-05,-3.92E-05,1282.101215
-2.84E-06,7.31E-21,-0.000127121,1280.593273
-0.000120216,0.000120159,-5.44E-05,1278.830671
-0.000426854,7.31E-21,-7.85E-05,1278.811485
-0.000133524,9.97E-05,-9.64E-05,1278.685666
4.18E-05,1.49E-05,-5.00E-05,1278.188326
-0.000373947,9.33E-05,-5.48E-05,1277.819565
-2.43E-05,0.000102325,0,1277.126537
-2.43E-05,0.000102325,0,1277.126537
-2.43E-05,0.000102325,0,1277.126537
-2.43E-05,0.000102325,0,1277.126537
-0.000470211,4.58E-05,0,1276.872392
-0.000470211,4.58E-05,0,1276.872392
-0.000470211,4.58E-05,0,1276.872392
-0.000470211,4.58E-05,0,1276.872392
7.97E-07,1.81E-05,-0.000119719,1276.414509
-0.00016562,0.00012944,-4.29E-05,1276.279761
-0.000111474,1.29E-05,-0.000150272,1276.187102
-0.000200704,0.000136698,0,1275.068163
-0.000200704,0.000136698,0,1275.068163
-0.000200704,0.000136698,0,1275.068163
-0.000200704,0.000136698,0,1275.068163
-2.31E-05,9.95E-05,-1.98E-05,1274.350382
-0.000406755,3.26E-05,-8.50E-05,1273.602762
8.24E-06,3.55E-05,-9.80E-05,1272.065392
-3.89E-05,1.32E-05,-0.000143634,1271.458938
2.51E-05,1.32E-05,-8.44E-05,1271.320079
-3.38E-05,7.90E-06,-0.000143124,1271.31626
-0.000106221,0.000115993,-5.90E-05,1270.984729
-4.25E-05,9.41E-05,-6.65E-05,1269.558145
-8.01E-05,7.74E-05,-0.000113084,1269.479372
-5.90E-05,0.000110887,-3.50E-05,1269.260929
-3.52E-05,4.67E-05,-0.000125999,1267.382834
-3.96E-05,1.98E-05,-0.000142422,1266.264176
-9.86E-06,1.16E-05,-0.000131699,1265.022411
-0.000264445,0.00012533,-5.14E-05,1264.806572
-3.19E-05,6.52E-05,-0.000105792,1264.728022
1.29E-05,5.67E-06,-0.000108342,1264.477694
-0.000133069,0.000132215,-1.49E-05,1264.458219
-0.000491748,3.20E-20,0,1264.027174
-0.000491748,3.20E-20,0,1264.027174
-0.000491748,3.39E-20,0,1264.027174
-9.22E-05,0.000111826,-6.37E-05,1263.138788
-8.33E-05,7.31E-21,-0.00015112,1261.76494
-0.00021069,7.19E-05,-0.000124912,1261.309582
-3.34E-05,5.36E-05,-0.000119648,1260.678803
1.22E-05,1.19E-05,-0.000108394,1260.379732
-0.000417966,9.01E-05,-1.81E-05,1260.102685
-0.000354337,0.000118145,0,1259.893896
-0.000354337,0.000118145,0,1259.893896
-0.000354337,0.000118145,0,1259.893896
-0.000354337,0.000118145,0,1259.893896
-0.000354337,0.000118145,0,1259.893896
-0.0001662,0.000126606,-5.81E-05,1259.883584
-2.35E-06,1.22E-05,-0.000125682,1259.187892
-0.000128837,7.31E-21,-0.00015159,1258.151879
-6.75E-06,6.06E-05,-8.88E-05,1257.085308
-1.03E-05,3.60E-05,-0.000119883,1256.928726
-0.000105227,3.37E-05,-0.000146643,1256.881011
-1.67E-05,4.70E-05,-0.000115293,1256.725452
-1.57E-05,3.48E-05,-0.000124762,1256.374237
-5.66E-05,2.36E-05,-0.000145308,1256.21125
-5.32E-05,1.50E-05,-0.000146863,1255.734901
-1.80E-05,8.35E-06,-0.000137441,1255.120919
-7.56E-05,5.11E-05,-0.00013531,1254.953393
-0.000417925,1.42E-05,-8.74E-05,1254.579415
-9.55E-05,8.95E-05,-0.000104449,1254.494244
-0.000166112,7.42E-05,-0.000126518,1254.230809
-0.000147381,0.000108579,-8.91E-05,1253.426297
-0.000367,5.61E-05,-9.75E-05,1253.306315
-4.24E-05,7.31E-21,-0.000146451,1252.773159
5.42E-05,1.05E-05,-2.67E-05,1252.314672
2.03E-06,1.15E-05,-0.000121908,1252.295809
-0.00041917,5.98E-05,-6.87E-05,1250.400353
9.72E-06,6.36E-06,-0.000113978,1250.229103
-0.00024776,0.000102498,-9.62E-05,1249.808513
-2.18E-05,1.73E-05,-0.000137412,1248.339496
-0.000119239,0.000115107,-6.98E-05,1246.637366
-3.39E-05,1.28E-05,-0.000143315,1246.584877
-6.47E-05,3.29E-05,-0.00014383,1245.972037
-0.000298421,0.000121802,-5.48E-05,1245.909147
-0.000166809,1.25E-05,-0.000149972,1245.773961
-8.50E-06,7.01E-05,-7.69E-05,1245.426292
-0.000250656,7.53E-05,-0.000120891,1245.119351
-3.18E-05,2.93E-05,-0.000137085,1244.200052
-0.000204107,0.000122075,-7.23E-05,1244.159292
-0.000459162,2.72E-05,-6.01E-05,1244.154615
-1.43E-05,6.42E-06,-0.000136194,1243.591969
-1.67E-05,4.22E-05,-0.000120288,1243.396547
7.24E-06,4.23E-05,-9.43E-05,1242.809881
2.63E-05,2.62E-05,-7.66E-05,1242.439605
-0.000295624,4.55E-05,-0.000126137,1242.342614
-0.000390248,7.93E-05,-7.20E-05,1242.19383
9.52E-06,8.51E-05,-1.12E-05,1242.176886
-2.09E-05,6.27E-05,-0.000102113,1242.01869
-0.000167179,0.000116592,-8.03E-05,1241.739565
-0.000241261,8.64E-05,-0.000115096,1241.142188
-0.000352809,9.46E-05,-7.60E-05,1240.566842
-0.000284362,7.38E-05,-0.000114892,1240.315466
2.84E-05,3.52E-05,-6.55E-05,1240.153836
-0.000105243,0.000110941,-7.45E-05,1238.791425
-5.00E-06,3.67E-05,-0.000115296,1238.009299
-2.75E-05,9.49E-05,-5.20E-05,1237.599699
-2.90E-05,1.21E-05,-0.00014224,1236.343489
-0.000203315,2.10E-05,-0.000147697,1235.956528
2.69E-05,5.04E-05,-5.16E-05,1235.601011
-0.000446747,7.31E-21,-7.63E-05,1235.443325
-2.30E-05,4.60E-05,-0.000122144,1234.079333
-0.000222858,0.000126075,-6.56E-05,1233.385139
-5.12E-05,0.000105791,-4.95E-05,1232.81442
-1.65E-05,5.48E-05,-0.000108496,1232.608648
-0.00026035,5.95E-05,-0.00012886,1231.879
-0.000429037,8.17E-05,-4.23E-05,1230.938051
-0.000450586,8.14E-05,0,1230.716523
-0.000450586,8.14E-05,0,1230.716523
-0.000450586,8.14E-05,0,1230.716523
-0.000450586,8.14E-05,0,1230.716523
-1.78E-05,8.47E-05,-6.38E-05,1230.039594
-2.23E-05,6.82E-05,-9.69E-05,1229.842082
-2.93E-05,2.43E-05,-0.000139004,1229.335523
-0.00032556,0.000121633,-4.70E-05,1229.322387
-0.000313647,7.07E-05,-0.000111669,1228.586115
5.43E-05,7.31E-21,-2.99E-05,1228.378036
-7.69E-05,3.80E-05,-0.000144176,1227.424683
3.50E-06,6.12E-05,-7.66E-05,1226.357722
-0.000137461,0.000133364,-3.45E-05,1226.212325
1.91E-05,1.71E-05,-9.69E-05,1225.919629
-0.000349335,7.60E-05,-9.74E-05,1225.913008
6.38E-05,1.33E-05,0,1225.772902
6.38E-05,1.33E-05,0,1225.772902
6.38E-05,1.33E-05,0,1225.772902
6.38E-05,1.33E-05,0,1225.772902
-0.000173661,0.000137611,-2.80E-05,1224.82506
-4.63E-06,4.81E-05,-0.000104824,1224.802232
-0.000326234,0.000130924,0,1224.795581
-0.000326234,0.000130924,0,1224.795581
-0.000326234,0.000130924,0,1224.795581
-0.000326234,0.000130924,0,1224.795581
-0.000326234,0.000130924,0,1224.795581
-5.54E-05,7.36E-05,-0.000111674,1223.41992
-1.75E-07,2.44E-05,-0.000120049,1221.91967
-1.17E-05,7.80E-05,-7.03E-05,1221.890507
-5.75E-06,5.28E-05,-0.000100768,1221.541197
-1.20E-05,9.51E-05,-2.47E-05,1221.47343
7.56E-06,1.61E-05,-0.000115285,1220.922617
-3.36E-05,1.79E-05,-0.000142997,1220.025664
-2.17E-05,5.44E-05,-0.000113964,1219.988195
-0.000327645,4.40E-05,-0.0001212,1219.965542
-3.93E-05,8.56E-06,-0.000146631,1219.551927
-3.53E-05,4.18E-05,-0.000132421,1219.439926
-0.000461657,7.30E-05,-2.41E-05,1218.998593
-0.000238113,2.65E-05,-0.000144161,1218.766913
-0.000386775,6.07E-05,-9.34E-05,1218.369129
-1.17E-05,1.64E-05,-0.000133326,1217.802973
-2.05E-05,2.68E-05,-0.000134343,1217.569144
1.37E-05,3.21E-05,-9.62E-05,1217.486459
7.40E-06,2.83E-05,-0.00010856,1217.227679
-3.48E-05,0.000105984,-2.77E-05,1217.133543
-2.20E-05,4.03E-05,-0.000126902,1217.087818
-4.38E-06,3.02E-05,-0.00012079,1214.771096
-0.000247874,0.000123292,-7.27E-05,1214.639972
-0.000118261,0.000110055,-8.53E-05,1214.444062
-1.51E-05,5.90E-05,-0.000103422,1214.41333
-3.20E-05,7.23E-05,-0.000100646,1212.831958
-0.000176227,5.69E-05,-0.000140192,1212.369762
-0.00039031,0.000113554,-1.81E-05,1212.36625
-2.21E-05,2.26E-05,-0.000137258,1211.529365
-0.000437817,1.42E-05,-8.52E-05,1211.211256
-0.000400115,0.000101151,-4.55E-05,1210.777372
-2.97E-05,5.03E-05,-0.000123761,1210.267383
3.80E-06,7.48E-06,-0.000122746,1210.153923
5.41E-06,3.98E-05,-0.000102002,1209.412149
-0.000144793,0.00012533,-6.68E-05,1209.002738
2.35E-05,6.75E-05,-3.08E-05,1208.965571
-0.000146441,1.25E-05,-0.000153813,1208.303613
5.22E-05,2.38E-05,-2.85E-05,1208.262478
1.80E-07,9.35E-05,0,1208.025586
1.80E-07,9.35E-05,0,1208.025586
1.80E-07,9.35E-05,0,1208.025586
1.80E-07,9.35E-05,0,1208.025586
1.80E-07,9.35E-05,0,1208.025586
-0.000108396,0.000131626,-1.59E-05,1207.818638
-9.97E-06,5.39E-05,-0.000104954,1207.602665
-9.92E-06,2.94E-05,-0.00012654,1207.292501
-0.000206308,0.000109807,-9.70E-05,1206.906034
-1.43E-07,3.41E-05,-0.000114094,1206.724408
1.30E-05,2.49E-05,-0.000103564,1206.038755
-3.06E-05,8.65E-05,-7.74E-05,1205.178266
-5.39E-06,5.87E-06,-0.000131837,1204.468034
-0.000106636,0.000132193,0,1204.158878
-0.000106636,0.000132193,0,1204.158878
-0.000106636,0.000132193,0,1204.158878
-0.000106636,0.000132193,0,1204.158878
-0.000106636,0.000132193,0,1204.158878
-0.000106636,0.000132193,0,1204.158878
-0.000260489,4.43E-05,-0.000138376,1202.762965
-0.000489028,4.58E-05,-3.60E-05,1202.079779
-4.30E-05,4.66E-05,-0.000133496,1201.863338
-1.93E-05,7.46E-05,-8.66E-05,1198.494492
-3.32E-05,6.22E-05,-0.000114768,1197.565163
-1.17E-05,2.33E-05,-0.000131407,1197.394176
-0.000499796,2.29E-05,-3.60E-05,1196.968664
-8.24E-05,0.000100999,-8.93E-05,1196.801544
7.11E-06,4.99E-05,-8.94E-05,1196.70235
-2.87E-05,0.000107039,-9.90E-06,1196.52752
1.87E-05,6.33E-06,-0.00010299,1195.096778
-0.000138041,0.000130529,-4.97E-05,1194.709832
-0.000422159,7.31E-21,-0.000100148,1194.437225
-0.00038984,2.10E-05,-0.000110509,1194.173575
-6.88E-05,1.88E-05,-0.000151607,1194.087986
6.83E-06,1.02E-05,-0.000119363,1193.838294
-2.51E-05,3.54E-05,-0.000133169,1193.720302
-0.000215982,9.47E-05,-0.000115008,1193.459364
1.81E-05,1.35E-05,-0.000102041,1193.447663
-5.33E-05,7.31E-21,-0.000151307,1193.34364
-0.000268285,2.33E-05,-0.000142562,1192.31877
-6.04E-05,0.000120313,0,1192.128397
-6.04E-05,0.000120313,0,1192.128397
-6.04E-05,0.000120313,0,1192.128397
-6.04E-05,0.000120313,0,1192.128397
-0.000510565,1.88E-20,-3.60E-05,1191.85755
-7.34E-05,6.83E-05,-0.000126235,1191.749817
-0.000232567,0.000101106,-0.000107945,1191.373168
-4.49E-05,1.31E-05,-0.000148601,1191.143905
-0.000501044,4.58E-05,-1.80E-05,1190.278409
-0.000293078,0.000116419,-8.00E-05,1189.64038
3.34E-05,7.31E-21,-7.61E-05,1189.471278
-0.000119428,7.05E-05,-0.00013349,1188.370387
-0.000350013,0.000119283,-5.45E-05,1187.50641
-0.000428888,2.85E-05,-9.41E-05,1186.979186
2.67E-05,5.99E-06,-8.90E-05,1186.83188
-1.38E-05,7.31E-21,-0.000138279,1186.216347
-3.09E-05,3.77E-05,-0.000135011,1186.214549
-0.00048778,2.29E-05,-5.39E-05,1185.951685
-3.60E-05,2.32E-05,-0.00014376,1185.797412
-0.000185151,7.20E-05,-0.000134236,1185.755708
-9.20E-05,7.65E-05,-0.000123804,1183.826527
-7.22E-05,8.93E-05,-0.000103852,1183.436036
-0.000406549,6.52E-05,-8.92E-05,1182.991976
-8.19E-05,0.000126267,-2.12E-05,1182.712516
-0.000302385,9.90E-05,-0.000100424,1181.769498
-0.000176487,0.000128923,-6.81E-05,1181.767394
-3.57E-05,3.59E-05,-0.000138186,1181.14459
-0.0002731,0.0001021,-0.000103646,1180.846819
-0.000498549,1.30E-20,-5.39E-05,1180.840571
3.76E-05,1.46E-05,-6.52E-05,1179.847206
-6.64E-05,7.31E-21,-0.000154036,1179.825831
-0.000340208,0.000131686,-2.72E-05,1179.755564
-2.78E-05,4.10E-05,-0.000131616,1178.699446
-0.000513061,4.58E-05,0,1178.47704
-0.000513061,4.58E-05,0,1178.47704
-0.000513061,4.58E-05,0,1178.47704
-0.000513061,4.58E-05,0,1178.47704
-0.000513061,4.58E-05,0,1178.47704
-0.000513061,4.58E-05,0,1178.47704
-0.000141109,0.000140386,0,1178.086873
-0.000141109,0.000140386,0,1178.086873
-0.000141109,0.000140386,0,1178.086873
-0.000141109,0.000140386,0,1178.086873
-4.03E-06,2.31E-05,-0.000126563,1176.325683
-0.000441303,5.57E-05,-7.78E-05,1175.603918
1.13E-06,3.94E-05,-0.000109787,1175.579127
-7.05E-06,8.50E-05,-5.42E-05,1175.41759
-7.57E-05,0.000126316,0,1174.681097
-7.57E-05,0.000126316,0,1174.681097
-7.57E-05,0.000126316,0,1174.681097
-7.57E-05,0.000126316,0,1174.681097
-7.57E-05,0.000126316,0,1174.681097
-7.57E-05,0.000126316,0,1174.681097
-5.22E-05,5.17E-05,-0.000134666,1174.462026
-2.60E-05,5.90E-05,-0.000115267,1174.274232
-2.73E-05,4.68E-05,-0.000127548,1173.981928
-0.000212816,4.66E-05,-0.00014566,1173.8528
-7.14E-05,0.000122143,-3.84E-05,1172.883825
-0.00033167,9.60E-05,-9.72E-05,1172.808977
-5.38E-05,3.71E-05,-0.000143966,1171.120928
-0.000112788,0.000132774,-3.55E-05,1170.725338
-0.000486532,7.31E-21,-7.19E-05,1169.823592
-0.000178688,0.000116655,-9.28E-05,1168.602376
-9.17E-07,9.06E-05,-2.97E-05,1168.596477
-0.000534598,3.02E-20,0,1168.412038
-0.000534598,3.02E-20,0,1168.412038
-0.000534598,3.02E-20,0,1168.412038
-0.000534598,3.02E-20,0,1168.412038
-0.000534598,3.02E-20,0,1168.412038
-1.61E-05,5.27E-05,-0.000114758,1168.291298
2.09E-06,2.90E-05,-0.000117401,1168.014263
-0.000131568,6.05E-05,-0.000141957,1167.993205
-6.52E-05,0.000122192,-1.72E-05,1167.918261
-0.000298131,0.000143702,0,1167.819747
-0.000298131,0.000143702,0,1167.819747
-0.000298131,0.000143702,0,1167.819747
-0.000298131,0.000143702,0,1167.819747
-0.000298131,0.000143702,0,1167.819747
-4.27E-05,2.66E-05,-0.0001457,1166.920559
-2.54E-05,6.62E-05,-0.000107236,1166.595933
-3.48E-06,1.06E-05,-0.000130789,1166.55293
-2.21E-05,5.16E-06,-0.000143204,1166.399387
3.80E-05,3.65E-05,-5.13E-05,1166.092642
-0.000278564,6.13E-05,-0.000132428,1165.366936
-0.000425404,8.44E-05,-6.85E-05,1165.179814
2.53E-05,1.28E-05,-9.12E-05,1164.780432
1.27E-05,1.76E-05,-0.000110849,1163.88493
-0.000490275,6.87E-05,-1.80E-05,1163.425614
-0.00022558,2.43E-05,-0.000151044,1162.893401
-1.56E-05,9.83E-05,-3.54E-05,1162.225937
1.14E-06,7.61E-06,-0.000127512,1162.029693
-9.37E-05,0.000132583,-1.30E-05,1160.9603
-4.64E-05,0.000112439,-3.57E-05,1159.916704
-0.000454535,7.35E-05,-6.10E-05,1159.281588
-8.37E-05,0.000125699,-3.71E-05,1158.582727
-1.14E-05,4.71E-05,-0.000116627,1158.510745
-0.000164045,2.50E-05,-0.000156036,1158.455347
1.29E-05,3.12E-05,-0.000102169,1158.350835
-0.000333917,2.42E-05,-0.000132858,1157.478194
-0.000145501,0.000141534,-1.96E-05,1157.346795
2.34E-05,8.38E-06,-9.70E-05,1157.202518
-1.69E-05,3.28E-05,-0.000131863,1157.111397
-0.000354068,2.10E-05,-0.000127898,1157.028096
-0.000376138,9.95E-05,-8.06E-05,1156.740171
-2.72E-05,5.10E-06,-0.000145688,1156.650808
-0.000221539,0.00011224,-0.00010355,1156.301291
-5.76E-05,8.42E-05,-0.000106292,1156.024139
-2.38E-05,5.29E-05,-0.000121116,1155.860414
-0.000448781,2.85E-05,-9.19E-05,1154.784909
-0.000205723,7.31E-21,-0.000155802,1154.169047
2.01E-05,2.33E-05,-9.65E-05,1153.965131
-4.01E-07,5.55E-05,-9.65E-05,1153.458614
-0.000271286,0.000123671,-8.24E-05,1153.445132
-2.77E-05,1.62E-05,-0.000144383,1152.014979
-0.000502292,6.87E-05,0,1151.624245
-0.000502292,6.87E-05,0,1151.624245
-0.000502292,6.87E-05,0,1151.624245
-0.000502292,6.87E-05,0,1151.624245
4.31E-05,4.08E-05,-3.74E-05,1151.555099
-0.000442052,7.31E-21,-9.80E-05,1151.069066
-0.000484219,2.31E-05,-7.24E-05,1150.550712
-0.000120494,4.22E-05,-0.000152122,1149.611371
-9.55E-05,0.000132015,-2.90E-05,1149.316063
-1.73E-05,4.93E-05,-0.000120221,1149.290521
-1.59E-05,1.83E-05,-0.000138154,1148.828135
-8.99E-06,0.000104822,0,1148.595334
-8.99E-06,0.000104822,0,1148.595334
-8.99E-06,0.000104822,0,1148.595334
-8.99E-06,0.000104822,0,1148.595334
4.61E-05,5.04E-05,-1.54E-05,1148.053331
2.29E-05,7.71E-05,-1.57E-05,1147.40864
-2.34E-05,2.91E-05,-0.000137976,1147.188455
-9.70E-05,0.000129073,-4.44E-05,1146.727403
-4.46E-05,7.50E-05,-0.000111726,1146.34463
-0.000426283,0.000108963,-3.62E-05,1145.534727
-1.22E-05,1.14E-05,-0.000137903,1145.139602
-0.00051906,4.18E-05,-3.71E-05,1143.923251
4.32E-05,5.92E-05,0,1143.718788
4.32E-05,5.92E-05,0,1143.718788
4.32E-05,5.92E-05,0,1143.718788
4.32E-05,5.92E-05,0,1143.718788
2.44E-05,1.96E-05,-9.15E-05,1142.832919
-2.91E-05,3.38E-05,-0.000138514,1142.801646
-0.000190963,2.39E-05,-0.000156597,1142.72122
-0.000458903,0.000100289,-1.81E-05,1142.721122
-1.19E-06,4.60E-05,-0.000108772,1142.656011
9.70E-06,7.31E-21,-0.000119637,1142.209138
-0.000166256,4.50E-05,-0.000151501,1142.021282
-0.000177592,0.000147546,0,1141.464856
-0.000177592,0.000147546,0,1141.464856
-0.000177592,0.000147546,0,1141.464856
-0.000177592,0.000147546,0,1141.464856
-0.00036986,4.91E-05,-0.00011892,1141.417189
-0.000328875,0.000120589,-7.58E-05,1141.364551
-0.000349709,5.23E-05,-0.00012388,1140.855906
-0.000372665,8.09E-05,-0.00010198,1140.669676
2.48E-06,7.54E-05,-6.39E-05,1140.383456
2.70E-05,4.74E-05,-6.39E-05,1140.119331
-0.000141788,4.78E-05,-0.000151011,1139.98463
-0.000267302,8.96E-05,-0.000121183,1139.82386
-4.02E-05,1.90E-05,-0.000148454,1139.36826
-4.04E-05,0.000113494,-1.78E-05,1139.310681
-4.29E-05,8.99E-05,-9.00E-05,1138.96235
-0.000529829,1.89E-05,-3.71E-05,1138.812137
-4.74E-05,1.98E-05,-0.000150377,1138.27383
-0.000411489,1.98E-05,-0.000112523,1138.032143
6.29E-05,7.31E-21,-1.57E-05,1136.927037
-0.000396482,0.000103809,-7.18E-05,1136.787392
-8.57E-06,1.41E-05,-0.000135285,1136.586057
-1.93E-05,6.08E-05,-0.000110925,1136.522549
-4.49E-05,9.77E-05,-7.89E-05,1135.653938
-2.32E-05,0.000107137,-2.57E-05,1135.3802
-0.000124846,0.00013463,-4.68E-05,1135.139195
-0.000278702,4.61E-05,-0.000141944,1134.670346
1.66E-05,3.98E-05,-9.05E-05,1134.659533
4.45E-06,1.53E-05,-0.000123611,1134.534
-5.65E-05,7.16E-05,-0.000122106,1134.157835
-0.00027813,0.000147993,-2.38E-05,1133.747368
-4.11E-05,6.12E-05,-0.000125189,1133.496247
-3.49E-05,2.94E-05,-0.000143484,1132.996842
-7.36E-06,5.04E-05,-0.000111233,1132.712932
-0.000415014,0.000123175,0,1132.531747
-0.000415014,0.000123175,0,1132.531747
-0.000415014,0.000123175,0,1132.531747
-0.000415014,0.000123175,0,1132.531747
-0.000531077,4.18E-05,-1.92E-05,1132.121882
-0.00038796,0.000120054,-5.20E-05,1131.374858
-0.000481906,4.62E-05,-7.28E-05,1131.277832
-0.000312105,0.000144464,-2.72E-05,1131.176599
-8.91E-05,0.000134854,0,1131.025195
-8.91E-05,0.000134854,0,1131.025195
-0.000155079,0.000127647,-7.68E-05,1130.886548
-0.000187995,0.000128986,-8.06E-05,1130.866596
-6.61E-05,0.000114882,-6.02E-05,1130.165553
-0.000507044,4.18E-05,-5.51E-05,1129.477979
-4.87E-06,1.68E-05,-0.00013189,1129.314601
-0.000257907,0.000100709,-0.000115388,1129.267184
-1.69E-05,2.41E-05,-0.00013752,1129.262062
-9.62E-05,0.000111134,-8.78E-05,1128.903026
-2.14E-05,1.24E-05,-0.000143485,1128.428892
-0.000378155,0.000132457,-2.46E-05,1128.408751
-4.14E-05,5.99E-06,-0.000151592,1127.704167
-7.72E-05,1.22E-05,-0.000157665,1127.560166
-5.02E-06,4.33E-05,-0.000116291,1127.405595
-1.86E-06,6.71E-05,-8.48E-05,1127.130888
-0.000541846,1.89E-05,-1.92E-05,1127.089381
-6.57E-05,0.000100114,-9.08E-05,1127.042677
-9.50E-06,5.76E-06,-0.000137857,1127.031264
-0.000223703,0.000125551,-8.95E-05,1126.911127
-0.000532161,1.88E-20,-4.80E-05,1126.864773
-0.000508292,6.47E-05,-3.71E-05,1126.854517
-0.000433122,1.42E-05,-0.000106823,1126.836996
-0.000178958,1.39E-05,-0.000159817,1126.820924
1.36E-05,2.32E-05,-0.000108765,1126.347098
-0.000270432,0.000151221,0,1125.388907
-0.000270432,0.000151221,0,1125.388907
-0.000270432,0.000151221,0,1125.388907
-0.000270432,0.000151221,0,1125.388907
-1.91E-05,8.52E-05,-7.61E-05,1125.062095
-0.000491523,9.16E-05,0,1124.771449
-0.000491523,9.16E-05,0,1124.771449
-0.000491523,9.16E-05,0,1124.771449
-0.000491523,9.16E-05,0,1124.771449
-0.000491523,9.16E-05,0,1124.771449
-0.000491523,9.16E-05,0,1124.771449
-0.000491523,9.16E-05,0,1124.771449
-0.000491523,9.16E-05,0,1124.771449
-0.000491523,9.16E-05,0,1124.771449
-0.000491523,9.16E-05,0,1124.771449
-0.000517813,1.89E-05,-5.51E-05,1124.366864
-2.96E-05,2.22E-05,-0.000144625,1124.178612
3.27E-05,8.50E-06,-8.17E-05,1124.138738
-0.000231044,7.31E-21,-0.000156953,1123.823894
-0.000468674,2.85E-05,-8.97E-05,1122.590632
-0.000538727,4.92E-05,0,1122.552397
-0.000538727,4.92E-05,0,1122.552397
-0.000538727,4.92E-05,0,1122.552397
-0.000538727,4.92E-05,0,1122.552397
1.82E-05,4.27E-06,-0.000108727,1122.345788
-0.000185794,0.000141254,-5.59E-05,1121.795222
-3.33E-05,1.35E-05,-0.000148377,1121.677453
-2.91E-05,8.58E-05,-8.72E-05,1120.924159
-9.12E-05,6.65E-05,-0.000138027,1119.834435
-9.32E-05,2.58E-05,-0.000157245,1119.186613
-0.000190359,4.38E-05,-0.000153651,1119.0734
-0.000214263,0.000149997,-2.80E-05,1118.881085
-0.000229782,6.53E-05,-0.00014311,1118.818859
-0.000520308,6.47E-05,-1.92E-05,1118.773228
-3.43E-05,0.000114549,0,1118.704658
-3.43E-05,0.000114549,0,1118.704658
-3.43E-05,0.000114549,0,1118.704658
-3.43E-05,0.000114549,0,1118.704658
-3.43E-05,0.000114549,0,1118.704658
-3.43E-05,0.000114549,0,1118.704658
-3.43E-05,0.000114549,0,1118.704658
-3.43E-05,0.000114549,0,1118.704658
-3.43E-05,0.000114549,0,1118.704658
5.21E-05,1.14E-05,-4.16E-05,1118.613915
2.10E-05,3.08E-05,-9.25E-05,1118.297129
-4.58E-05,8.54E-05,-0.000101601,1117.570661
-0.000560336,2.92E-20,0,1117.038924
-0.000560336,2.92E-20,0,1117.038924
-0.000560336,2.92E-20,0,1117.038924
-0.000560336,2.92E-20,0,1117.038924
1.30E-05,1.24E-05,-0.000114796,1116.950561
-0.000249947,3.66E-05,-0.000150956,1116.444312
-0.000544177,2.45E-20,-3.00E-05,1115.142017
2.62E-05,7.31E-21,-9.55E-05,1114.907855
6.25E-06,4.64E-06,-0.000124798,1114.310473
1.78E-05,2.79E-05,-0.000100238,1114.215527
-0.000332044,7.22E-05,-0.000123718,1113.489889
-0.000505796,1.89E-05,-7.31E-05,1113.349885
-0.000439852,4.27E-05,-0.000100728,1113.331519
-0.000190162,9.29E-05,-0.000127252,1113.002659
-0.000112321,9.00E-05,-0.000122283,1112.564509
-0.000314021,4.70E-05,-0.000138186,1112.348433
-0.000392439,8.55E-05,-9.78E-05,1111.12282
-0.000428682,6.11E-05,-9.83E-05,1110.632806
-9.56E-06,4.22E-05,-0.000122516,1110.112999
-0.000213047,2.21E-05,-0.000157926,1107.019889
-0.000193816,9.95E-06,-0.00016082,1106.718886
-5.27E-05,9.85E-05,-8.72E-05,1106.376073
-0.000520144,1.30E-20,-6.59E-05,1105.851096
-1.59E-05,5.89E-06,-0.000142496,1105.131165
-0.000484401,9.20E-05,-3.68E-05,1104.594687
-4.86E-05,8.75E-06,-0.000154399,1102.984549
-1.59E-05,6.64E-05,-0.000104343,1102.616452
1.35E-05,5.73E-06,-0.0001165,1102.055439
-0.000369812,0.000119743,-7.30E-05,1101.250607
-3.94E-05,1.25E-05,-0.000151545,1101.22747
-3.92E-06,3.71E-05,-0.000122048,1100.800551
-6.67E-05,8.26E-05,-0.00011793,1100.566968
-0.000412783,8.97E-05,-8.90E-05,1099.265856
-0.000451781,0.000100709,-5.50E-05,1098.841501
-0.000221961,0.000146769,-5.17E-05,1098.453572
-3.37E-05,6.82E-06,-0.000150509,1097.931079
-0.000527958,7.21E-05,0,1097.717846
-0.000527958,7.21E-05,0,1097.717846
-0.000527958,7.21E-05,0,1097.717846
-0.000527958,7.21E-05,0,1097.717846
-0.000139526,2.98E-05,-0.000160157,1097.614651
-0.000160392,7.31E-21,-0.000163896,1097.267081
7.87E-06,2.75E-05,-0.00011581,1096.822163
1.32E-06,1.81E-05,-0.000127657,1096.33838
1.84E-05,1.07E-05,-0.00010879,1095.743873
-0.000245643,7.12E-05,-0.000140915,1095.586319
-0.000190196,0.000116718,-0.00010532,1095.465186
-0.000246879,0.000111842,-0.000110993,1095.43706
-0.000181811,7.31E-21,-0.00016404,1094.961566
-6.50E-05,4.82E-05,-0.000145467,1094.674654
-0.000503483,4.20E-05,-7.35E-05,1094.077005
-0.000189726,0.000151189,-2.80E-05,1093.718241
-0.000391508,4.79E-05,-0.000120935,1092.84048
-0.000481837,7.31E-21,-9.36E-05,1092.533862
-0.000355,0.000100841,-0.000101819,1092.412281
-0.000363886,7.06E-05,-0.000119673,1091.227491
5.08E-06,4.77E-05,-0.000103171,1091.032735
-0.000394356,7.31E-21,-0.000127465,1090.853642
2.06E-05,6.11E-05,-6.22E-05,1090.001374
-0.00042265,0.000111621,-6.25E-05,1089.353406
-6.45E-05,5.99E-05,-0.000138159,1089.110509
-7.09E-06,8.51E-05,-6.58E-05,1088.771535
4.23E-05,7.31E-21,-6.56E-05,1088.207748
-0.000509539,8.76E-05,-1.92E-05,1088.200352
-5.37E-05,6.39E-05,-0.000131828,1086.334082
-0.000249043,0.000125153,-9.70E-05,1086.059913
-2.76E-05,1.07E-05,-0.000148394,1086.030116
-1.61E-06,5.40E-05,-0.000105298,1085.908589
1.58E-05,1.49E-05,-0.000112097,1085.804267
-0.000549093,3.79E-05,-3.83E-05,1085.766724
-2.76E-05,2.84E-05,-0.000143484,1084.495853
-2.10E-05,5.87E-05,-0.000118745,1084.262533
1.43E-06,3.47E-05,-0.000119355,1083.770853
-0.000479592,6.93E-05,-7.32E-05,1083.673846
-5.85E-06,6.12E-05,-0.000101624,1082.631301
4.43E-05,2.16E-05,-5.74E-05,1082.197333
-0.000347921,0.000149749,0,1082.122385
-0.000347921,0.000149749,0,1082.122385
-0.000347921,0.000149749,0,1082.122385
-0.000347921,0.000149749,0,1082.122385
-0.00025974,7.31E-21,-0.000156923,1081.825156
-0.00025043,0.000155512,-2.38E-05,1081.253281
-0.000459744,4.27E-05,-9.85E-05,1081.137242
3.87E-05,2.92E-05,-6.35E-05,1080.665873
-0.000235065,3.35E-05,-0.000157105,1080.22315
-0.000508128,7.31E-21,-8.39E-05,1079.948831
-0.000161279,0.000117251,-0.000104278,1079.902194
1.16E-05,2.27E-05,-0.000114736,1079.509402
-0.000170361,0.000129816,-8.96E-05,1079.006615
-3.14E-05,7.26E-05,-0.000111637,1078.919769
-0.000124287,2.66E-05,-0.000162035,1078.868899
7.01E-06,2.37E-05,-0.000120108,1078.514736
4.88E-05,7.31E-21,-5.44E-05,1078.400492
-3.23E-05,9.78E-05,-7.39E-05,1078.308199
-5.66E-05,9.49E-05,-9.90E-05,1078.030046
-2.90E-05,5.44E-05,-0.000128771,1077.6949
-8.52E-06,3.58E-05,-0.000128115,1077.378807
-1.87E-05,9.49E-05,-6.38E-05,1076.822143
-0.000556743,4.52E-05,-1.92E-05,1076.197239
-3.70E-06,7.31E-21,-0.000136152,1075.957611
-0.000567584,1.89E-05,-1.92E-05,1075.716267
-0.000414128,0.000127866,-4.27E-05,1075.212783
-6.35E-05,2.79E-05,-0.000155254,1074.797763
-0.000551425,1.89E-05,-4.91E-05,1073.81936
-0.000411283,5.24E-05,-0.000116778,1072.923549
-2.30E-05,2.20E-05,-0.000144241,1072.442721
-0.000169926,9.26E-06,-0.000165806,1072.382474
-0.000261503,7.71E-05,-0.000138719,1072.35378
-0.000292104,0.000148755,-5.09E-05,1072.170746
-2.11E-05,4.04E-05,-0.000134494,1071.621118
-0.000157635,0.000145178,-4.76E-05,1071.508801
-0.000517189,9.50E-05,0,1071.460431
-0.000517189,9.50E-05,0,1071.460431
-0.000517189,9.50E-05,0,1071.460431
-0.000517189,9.50E-05,0,1071.460431
6.18E-06,3.47E-05,-0.000114786,1071.387023
-0.000537077,3.79E-05,-5.63E-05,1071.321451
-1.36E-05,0.000105796,-2.67E-05,1070.925749
3.05E-05,7.76E-05,0,1070.924315
3.05E-05,7.76E-05,0,1070.924315
3.05E-05,7.76E-05,0,1070.924315
3.05E-05,7.76E-05,0,1070.924315
-0.000164387,0.000139978,-6.47E-05,1070.914377
-0.000102388,7.63E-05,-0.000137258,1070.201159
-0.00049296,1.88E-05,-9.27E-05,1070.063286
-0.000306829,7.18E-05,-0.000135455,1069.935794
-0.000323532,0.000115206,-0.000101002,1069.828275
-8.90E-05,5.38E-05,-0.000148923,1069.675638
6.10E-05,2.59E-05,-1.43E-05,1069.061584
-0.000569915,2.34E-20,-3.00E-05,1068.872508
-0.000538324,6.08E-05,-3.83E-05,1068.69799
-2.89E-05,4.09E-05,-0.000138733,1068.57297
-0.000242732,0.00015874,0,1068.37709
-0.000242732,0.00015874,0,1068.37709
-0.000242732,0.00015874,0,1068.37709
-0.000242732,0.00015874,0,1068.37709
-0.000252108,8.82E-05,-0.000132924,1068.376617
-6.26E-05,1.29E-05,-0.000158787,1068.197555
2.42E-05,4.76E-05,-7.55E-05,1068.052301
-5.26E-05,0.000123744,-1.78E-05,1067.993734
-1.95E-05,4.96E-05,-0.000127107,1067.815852
-0.000437357,7.31E-21,-0.000119593,1066.694806
-0.000564393,5.26E-05,0,1066.627755
-0.000564393,5.26E-05,0,1066.627755
-0.000564393,5.26E-05,0,1066.627755
-0.000564393,5.26E-05,0,1066.627755
-0.000564393,5.26E-05,0,1066.627755
-0.000564393,5.26E-05,0,1066.627755
-0.000564393,5.26E-05,0,1066.627755
-0.000564393,5.26E-05,0,1066.627755
-0.000245781,5.60E-05,-0.000150431,1066.470285
-0.000586075,2.71E-20,0,1065.66581
-0.000586075,2.81E-20,0,1065.66581
-0.000586075,2.81E-20,0,1065.66581
-0.000586075,2.81E-20,0,1065.66581
-0.000586075,2.81E-20,0,1065.66581
-0.000586075,2.81E-20,0,1065.66581
-0.000444086,2.85E-05,-0.000113498,1065.505036
2.47E-05,4.66E-06,-0.000101358,1065.213296
-0.000294247,0.00011828,-0.000104225,1065.138351
-0.000242713,9.93E-05,-0.000127129,1064.399454
-0.000326079,0.000145226,-5.43E-05,1064.295049
-5.11E-06,2.53E-05,-0.000132013,1064.227129
-0.000258128,0.000152283,-4.75E-05,1064.039732
-5.88E-05,0.000123695,-3.90E-05,1063.5396
3.15E-05,1.86E-05,-8.55E-05,1063.418428
-0.000553756,1.88E-20,-6.00E-05,1061.871995
-0.000138254,9.38E-05,-0.00012918,1061.845792
-1.42E-05,4.17E-05,-0.000129745,1061.544697
-0.000212794,6.83E-05,-0.000148525,1061.48043
-0.000498121,0.000104189,-2.09E-05,1061.212469
-3.07E-05,2.62E-05,-0.000146982,1060.686348
1.72E-05,7.31E-21,-0.000114176,1060.136013
-0.000321125,7.31E-21,-0.000149806,1060.098717
-0.000140024,7.31E-21,-0.000167737,1059.796733
-0.00050117,6.52E-05,-7.40E-05,1059.693582
-0.000539408,1.89E-05,-6.71E-05,1059.374087
-8.01E-06,7.37E-05,-8.97E-05,1059.173521
-0.000545974,6.81E-05,-1.92E-05,1059.128505
6.80E-06,9.38E-05,-1.48E-05,1058.6135
-2.88E-05,0.000114647,-1.58E-05,1057.557338
-2.98E-05,0.000107979,-5.07E-05,1057.314579
-0.00052506,3.79E-05,-7.43E-05,1056.876179
-0.000108846,2.23E-05,-0.000163865,1056.669537
-4.12E-05,4.27E-05,-0.000143885,1056.18253
-0.000387358,0.000146652,0,1055.702266
-0.000387358,0.000146652,0,1055.702266
-0.000387358,0.000146652,0,1055.702266
-0.000387358,0.000146652,0,1055.702266
-0.000387358,0.000146652,0,1055.702266
-2.87E-05,6.16E-05,-0.000123682,1055.002597
1.56E-05,3.94E-05,-9.95E-05,1054.739538
1.98E-05,2.28E-05,-0.00010448,1054.637073
-0.000290812,7.31E-21,-0.000155752,1054.636322
-0.000346221,9.05E-05,-0.000119512,1054.526255
-0.000526308,6.08E-05,-5.63E-05,1054.252717
-0.000116943,0.000107192,-0.000111284,1054.146225
-7.77E-05,2.74E-05,-0.000159517,1053.937152
4.16E-06,7.31E-05,-7.55E-05,1053.232201
-4.88E-06,1.06E-05,-0.000137277,1052.696227
-0.00013741,0.00011153,-0.000111027,1052.41039
5.19E-05,3.89E-05,-2.83E-05,1052.104239
-1.35E-05,0.000109536,-9.90E-06,1052.060199
-0.000218195,0.000159932,0,1051.785555
-0.000218195,0.000159932,0,1051.785555
-0.000218195,0.000159932,0,1051.785555
-0.000218195,0.000159932,0,1051.785555
-4.25E-05,0.000110124,-6.31E-05,1051.675809
-0.000120691,0.000146804,0,1051.651675
-0.000120691,0.000146804,0,1051.651675
-0.000120691,0.000146804,0,1051.651675
-0.000120691,0.000146804,0,1051.651675
-0.000120691,0.000146804,0,1051.651675
-0.000120691,0.000146804,0,1051.651675
-0.000527556,8.37E-05,-3.83E-05,1051.629255
-2.14E-05,3.56E-05,-0.000138733,1051.28473
-3.44E-05,2.37E-05,-0.000149811,1051.232538
1.09E-05,3.75E-05,-0.000107789,1050.851185
-0.000490647,4.19E-05,-9.31E-05,1050.790406
1.61E-05,6.20E-05,-7.30E-05,1050.196145
-3.19E-06,3.06E-05,-0.000128553,1049.333096
-0.000578575,3.11E-05,-1.61E-05,1049.261365
-2.32E-05,4.68E-05,-0.000133053,1049.211885
-0.000464047,7.47E-05,-9.05E-05,1048.998805
-3.28E-05,7.31E-21,-0.000153028,1047.555805
-5.61E-05,0.00010994,-7.71E-05,1047.501856
-4.66E-05,0.000124799,0,1047.387711
-4.66E-05,0.000124799,0,1047.387711
-4.66E-05,0.000124799,0,1047.387711
-4.66E-05,0.000124799,0,1047.387711
-0.000324852,9.70E-05,-0.000120987,1047.384945
-1.81E-05,2.43E-05,-0.000142246,1046.847689
-1.09E-05,2.47E-05,-0.000137656,1046.654481
-1.54E-05,2.97E-05,-0.000138198,1046.583019
-0.000348674,0.000121049,-9.42E-05,1045.778118
-0.0002932,6.01E-05,-0.000145951,1045.468264
2.80E-05,6.21E-05,-5.10E-05,1045.305273
-6.74E-06,8.22E-05,-7.62E-05,1045.077527
-0.000205427,0.000119151,-0.00011183,1044.860443
-2.09E-05,7.31E-21,-0.000148051,1044.786832
1.47E-05,1.79E-05,-0.000115175,1044.682308
-0.000387497,7.49E-05,-0.000119876,1044.34655
-9.91E-05,7.31E-21,-0.000165816,1044.313609
-8.39E-06,1.78E-05,-0.000138517,1043.909874
-4.34E-05,0.000105943,-7.41E-05,1043.889751
-0.000295567,0.000100099,-0.000124209,1043.786912
-9.09E-06,5.94E-05,-0.000110877,1043.74268
-0.000261642,6.18E-05,-0.000148235,1043.237745
-3.14E-05,4.93E-05,-0.000136155,1043.046291
-3.01E-05,8.56E-05,-9.72E-05,1043.033396
-0.000553624,7.55E-05,0,1042.388583
-0.000553624,7.55E-05,0,1042.388583
-8.25E-05,9.04E-05,-0.000121609,1042.237933
-0.0006,2.75E-20,0,1042.107635
-0.0006,2.75E-20,0,1042.107635
-0.0006,2.75E-20,0,1042.107635
2.41E-05,1.03E-05,-0.000103534,1042.048156
1.70E-05,7.41E-05,-5.29E-05,1041.369826
-0.000457249,7.31E-21,-0.000117399,1040.969469
-0.000434916,8.56E-05,-9.81E-05,1040.965892
-7.55E-05,4.61E-05,-0.000153118,1040.686181
-0.000574831,3.79E-05,-3.83E-05,1040.530332
-0.0004779,0.0001195,-2.39E-05,1040.431576
-0.000358584,7.31E-21,-0.000144855,1040.202199
-0.000450815,5.69E-05,-0.000107403,1039.683853
2.66E-05,1.47E-05,-9.80E-05,1039.30499
2.33E-05,7.31E-21,-0.000105906,1038.871175
-0.00020539,0.00014473,-7.31E-05,1038.847606
-2.00E-05,7.67E-05,-0.00010115,1038.481407
-2.88E-05,0.000103619,-6.32E-05,1038.149198
-8.36E-06,2.98E-05,-0.000133911,1038.052468
4.72E-05,2.76E-05,-5.17E-05,1036.90043
-0.000477279,9.25E-05,-7.37E-05,1036.06986
-6.65E-05,3.84E-05,-0.000154657,1035.634608
-0.000125083,0.000147953,-1.96E-05,1035.623335
-0.000527392,1.89E-05,-8.51E-05,1034.995154
7.18E-06,1.20E-05,-0.000126869,1034.922027
-0.000535206,9.10E-05,-1.92E-05,1034.889334
-0.000466925,0.000126444,-1.20E-05,1034.492345
-0.00054174,1.30E-20,-7.79E-05,1034.413236
6.95E-05,0,0,1034.301219
6.95E-05,0,0,1034.301219
6.95E-05,0,0,1034.301219
-0.000301229,2.27E-05,-0.000155134,1033.666401
-0.000463979,2.85E-05,-0.000111304,1033.310759
-1.64E-05,0.000101941,-5.02E-05,1033.288759
-0.00044528,0.000128175,-4.20E-05,1033.220984
4.16E-05,6.36E-05,-1.98E-05,1032.838877
1.90E-05,1.84E-05,-0.000109322,1032.639766
-0.000364026,0.000145997,-5.18E-05,1032.38186
2.88E-05,3.80E-05,-8.01E-05,1032.149293
-0.000582481,4.52E-05,-1.92E-05,1030.960847
-2.07E-05,7.60E-06,-0.000148466,1030.545103
-0.000593322,1.89E-05,-1.92E-05,1030.479874
-0.000423331,0.000142061,-1.81E-05,1030.422653
-2.71E-05,1.76E-05,-0.000149656,1030.384018
-5.04E-05,9.13E-05,-0.000106324,1030.211684
-1.66E-05,1.80E-05,-0.000144353,1030.089577
-0.000231685,0.000110451,-0.000122735,1029.327576
2.85E-05,2.68E-05,-8.96E-05,1029.030446
-0.000455951,0.000133387,0,1028.553114
-0.000455951,0.000133387,0,1028.553114
-0.000455951,0.000133387,0,1028.553114
-0.000455951,0.000133387,0,1028.553114
-0.000455951,0.000133387,0,1028.553114
-0.000455951,0.000133387,0,1028.553114
-0.000455951,0.000133387,0,1028.553114
-0.000455951,0.000133387,0,1028.553114
-0.000455951,0.000133387,0,1028.553114
7.50E-06,8.59E-05,-4.93E-05,1028.24579
-9.40E-06,7.03E-05,-9.93E-05,1028.156158
-0.000448148,0.000103366,-8.12E-05,1027.767401
-0.000577163,1.89E-05,-4.91E-05,1027.762126
-0.0006,1.21E-05,-1.22E-05,1027.461998
-0.000320736,0.000139843,-7.96E-05,1027.302777
-0.000207591,0.000132462,-9.78E-05,1026.54175
-0.000272455,0.000125533,-0.000106657,1025.420971
-0.000193657,0.000161124,0,1025.276863
-0.000193657,0.000161124,0,1025.276863
-0.000193657,0.000161124,0,1025.276863
-0.0006,2.46E-05,0,1025.172783
1.11E-06,6.05E-06,-0.000134298,1024.98607
-0.000222532,3.14E-05,-0.000163987,1024.349638
-0.000179669,0.000142147,-7.75E-05,1024.134746
2.05E-06,1.42E-05,-0.000132087,1023.823447
-0.000319818,0.000162527,0,1023.719074
-0.000319818,0.000162527,0,1023.719074
-0.000319818,0.000162527,0,1023.719074
-0.000319818,0.000162527,0,1023.719074
1.62E-06,4.10E-05,-0.000118667,1023.662912
-0.000407271,7.95E-05,-0.00011572,1023.141516
-0.000590131,5.26E-05,0,1022.827342
-0.000590131,5.26E-05,0,1022.827342
-0.000595654,2.24E-20,-3.00E-05,1022.642092
-0.000563991,6.41E-05,-3.83E-05,1022.617732
-0.000241557,0.000150245,-6.89E-05,1022.571243
-0.0006,2.36E-20,-2.19E-05,1022.502645
-0.000522747,6.10E-05,-7.47E-05,1022.492755
-0.000378329,0.000105729,-0.000106436,1022.229058
6.77E-06,1.97E-05,-0.000125719,1020.40885
-0.000142979,0.000138702,-7.34E-05,1020.033531
-0.000502111,0.000120711,0,1019.65603
-0.000502111,0.000120711,0,1019.65603
-0.000502111,0.000120711,0,1019.65603
-0.0006,1.89E-05,-1.92E-05,1019.182507
-0.000512224,3.77E-05,-9.39E-05,1018.632535
-0.000542856,9.84E-05,0,1018.149412
-0.000542856,9.84E-05,0,1018.149412
-0.000542856,9.84E-05,0,1018.149412
-0.000542856,9.84E-05,0,1018.149412
-0.000542856,9.84E-05,0,1018.149412
-0.000542856,9.84E-05,0,1018.149412
-0.000542856,9.84E-05,0,1018.149412
1.11E-05,1.74E-05,-0.000121677,1018.085436
-2.53E-06,0.000101339,-3.16E-05,1018.048797
-0.000398673,0.000110004,-9.76E-05,1017.648406
-0.000488334,6.50E-05,-9.35E-05,1017.413361
1.84E-05,8.49E-06,-0.000114506,1017.21037
-0.000241402,1.33E-05,-0.000165318,1016.862455
3.43E-06,2.58E-05,-0.000126503,1016.652681
-0.000271073,0.000108544,-0.000125371,1016.505732
-7.72E-05,6.38E-05,-0.00014491,1016.165971
8.75E-06,5.58E-05,-9.63E-05,1016.152322
-0.0006,3.52E-06,-2.80E-05,1016.011995
4.37E-06,6.40E-05,-9.18E-05,1015.570522
-0.000477142,7.31E-21,-0.000115205,1015.244132
-0.000372719,4.20E-05,-0.000140316,1015.1939
-0.0006,2.22E-20,-3.00E-05,1014.530151
-2.41E-05,9.31E-05,-8.29E-05,1014.387784
-0.00026178,4.66E-05,-0.000157751,1014.12171
-0.000200695,2.50E-05,-0.000166827,1013.784582
-0.000155991,0.00015745,0,1013.5999
-0.000155991,0.00015745,0,1013.5999
-0.000155991,0.00015745,0,1013.5999
-0.000155991,0.00015745,0,1013.5999
-0.000410495,0.000130523,-6.90E-05,1013.499914
5.71E-05,3.94E-05,-1.49E-05,1013.356168
-0.000571641,7.15E-05,-1.92E-05,1013.048247
-0.000556341,5.68E-05,-5.75E-05,1012.416026
-0.000498856,8.83E-05,-7.44E-05,1012.089596
-4.32E-05,7.31E-21,-0.000158319,1011.194911
-0.000115637,0.000134994,-7.17E-05,1011.034812
-8.93E-05,1.33E-05,-0.000166269,1010.958053
-0.000586811,5.82E-05,-1.32E-05,1010.263056
-2.52E-05,3.53E-05,-0.000143461,1010.259612
-0.000157628,1.25E-05,-0.00016996,1009.948467
-0.000579494,1.77E-20,-6.00E-05,1009.924286
-3.95E-05,5.70E-05,-0.000137337,1009.679438
-2.17E-05,6.61E-05,-0.000118183,1009.65031
-0.000419017,0.000114278,-8.88E-05,1008.855698
-0.000503433,7.31E-21,-0.000105568,1008.647836
-0.000164668,6.58E-05,-0.000155619,1008.35113
6.70E-06,7.31E-21,-0.000130121,1008.287088
-0.000523787,0.000107569,-2.09E-05,1007.901451
-0.000352568,4.52E-05,-0.000145276,1007.052764
-1.33E-05,5.72E-05,-0.000120225,1006.487738
-1.17E-05,1.36E-05,-0.000143703,1006.373631
2.99E-05,7.21E-06,-9.70E-05,1006.095508
-0.0006,5.26E-05,0,1006.033064
-0.0006,5.26E-05,0,1006.033064
-0.0006,5.26E-05,0,1006.033064
-0.00018187,0.000129879,-0.000102159,1005.869425
-0.000136227,0.000143902,-5.63E-05,1005.740625
-0.000553222,8.70E-05,-3.83E-05,1005.548998
3.30E-05,1.08E-05,-9.07E-05,1005.528704
-0.00044832,1.42E-05,-0.000126269,1005.362846
1.71E-05,2.95E-05,-0.00010848,1004.74564
-0.000558672,3.79E-05,-6.83E-05,1004.519429
1.30E-05,3.02E-05,-0.000114014,1004.260006
-0.000195806,7.14E-05,-0.000153939,1004.142002
3.81E-05,5.16E-05,-5.06E-05,1003.957673
-2.13E-05,3.04E-05,-0.000144051,1003.70706
-5.34E-05,2.29E-05,-0.000158932,1003.15644
7.21E-06,3.11E-05,-0.000120769,1002.765385
3.89E-05,2.54E-05,-7.39E-05,1001.999966
-3.52E-05,1.25E-05,-0.000155453,1001.509233
-4.73E-05,8.70E-05,-0.000113128,1001.473074
1.41E-05,1.14E-05,-0.000121028,1001.333398
-1.06E-05,3.54E-05,-0.000135038,1000.514778
-0.000529723,7.31E-21,-9.59E-05,1000.377786
-0.00010775,0.000147194,-1.30E-05,1000.140422
-2.36E-06,0.000105079,-1.48E-05,999.183247
-0.0006,1.98E-20,-4.36E-05,999.0420256
-0.0006,1.14E-05,-4.15E-05,998.8453495
-0.000345878,0.000145686,-7.28E-05,998.1986764
-0.000579291,7.89E-05,0,998.1070534
-0.000579291,7.89E-05,0,998.1070534
-0.000579291,7.89E-05,0,998.1070534
-0.0006,3.64E-05,-3.68E-05,998.0588084
-0.0006,3.64E-05,-3.68E-05,998.0588084
-0.000544324,5.68E-05,-7.55E-05,997.9707531
-0.000433416,4.83E-05,-0.000125874,997.9265883
-0.000226254,8.37E-05,-0.000147952,997.7706873
-0.000504719,0.000116763,-4.17E-05,997.6534887
-0.000333792,0.000163289,-2.72E-05,997.4503293
-0.0006,1.89E-05,-4.01E-05,997.3532091
-0.0006,3.81E-05,-3.77E-05,996.4168948
-0.0006,3.81E-05,-3.77E-05,996.4168948
-2.33E-05,0.000114745,-3.16E-05,996.4100186
-0.000140534,7.80E-05,-0.000149037,996.3564979
-0.0006,3.79E-05,-3.83E-05,996.2948667
-0.0006,3.79E-05,-3.83E-05,996.2948667
-0.0006,3.74E-05,-3.86E-05,996.0839092
-5.29E-05,4.53E-05,-0.000151008,996.0820977
-1.17E-05,1.85E-05,-0.000143057,996.0303226
-7.44E-05,0.000117285,-8.55E-05,995.8693775
-0.000470778,0.00011992,-6.08E-05,995.3587731
-0.000545572,7.97E-05,-5.75E-05,995.3472915
1.33E-05,5.38E-06,-0.000123542,994.8317206
-0.000332417,4.85E-05,-0.000150235,994.7961725
-0.0006,3.84E-05,-3.89E-05,994.4280415
-0.0006,3.84E-05,-3.89E-05,994.4280415
2.44E-05,1.75E-05,-0.000104201,994.3626538
-0.0006,3.92E-05,-3.83E-05,994.3529318
-0.0006,3.92E-05,-3.83E-05,994.3529318
-0.000220657,0.000121584,-0.00011834,994.255699
-4.26E-05,1.59E-05,-0.000157859,994.2415835
-0.0006,3.79E-05,-3.94E-05,994.0248079
-0.0006,3.79E-05,-3.94E-05,994.0248079
-2.12E-05,1.78E-05,-0.000148757,994.0074793
-0.000165966,0.000159691,-2.25E-05,993.0027051
-0.000401972,0.000146768,-4.92E-05,992.9126517
-0.000488265,1.88E-05,-0.00011431,992.7735567
-0.000561004,1.89E-05,-7.91E-05,992.5720644
1.34E-05,7.33E-05,-6.73E-05,992.476411
-1.55E-05,3.84E-05,-0.000137233,992.350015
-0.000455049,4.27E-05,-0.000120174,991.8573691
-0.000129475,0.000149101,-3.92E-05,991.4477185
-2.03E-05,8.71E-05,-9.19E-05,991.1243328
-4.30E-05,0.000124696,-3.63E-05,990.9364634
6.94E-06,6.58E-06,-0.00013075,990.7472198
-0.000298944,0.000147096,-8.20E-05,990.1288016
-0.000113809,6.12E-05,-0.000155508,990.1131535
-0.000546656,3.79E-05,-8.63E-05,990.074156
-0.000297341,0.000166906,-2.71E-05,989.98903
-0.000514556,1.88E-05,-0.000104673,989.6207898
2.32E-05,6.17E-06,-0.000109722,988.9899574
-0.000264969,0.000150624,-7.86E-05,988.3423832
-0.000520434,8.41E-05,-7.52E-05,988.1093318
-0.0006,1.89E-05,-4.91E-05,988.0120316
-0.000509911,6.08E-05,-9.43E-05,987.9523727
-0.000289769,8.76E-05,-0.000141746,987.9497228
-1.11E-05,4.93E-05,-0.000126818,987.9211125
-4.18E-05,7.50E-05,-0.00012487,987.3895442
-2.81E-05,2.33E-05,-0.000150998,987.0004775
7.78E-07,2.24E-05,-0.000132676,986.6893825
-0.0006,1.66E-05,-5.05E-05,986.304198
-0.000222822,0.000134895,-0.000104305,985.9301049
-0.000471088,0.000133443,-3.59E-05,985.7731897
-0.000369551,9.54E-05,-0.000124129,985.752279
-0.000212793,2.37E-05,-0.000169935,984.7787767
-3.71E-05,7.14E-06,-0.000157783,984.4367914
-0.000226994,6.81E-05,-0.000157854,984.2944737
-0.000460114,0.000140386,-2.39E-05,984.1855222
5.48E-05,2.64E-05,-4.16E-05,983.2430508
-3.67E-06,9.83E-05,-4.72E-05,982.3088893
-0.000372003,0.000125938,-9.89E-05,982.0092297
-0.000203548,1.11E-05,-0.00017105,981.9252228
2.63E-05,2.55E-05,-9.87E-05,981.1450713
2.25E-05,4.89E-05,-8.59E-05,980.2370039
-0.000468213,1.42E-05,-0.000124075,979.637509
-0.000366746,6.35E-05,-0.000141069,979.4939925
2.72E-06,4.94E-05,-0.000113888,979.2901662
-7.97E-06,6.90E-06,-0.000143763,979.2653958
-0.0006,2.19E-05,-5.22E-05,979.2475349
-5.43E-05,8.49E-05,-0.000122228,978.7311252
-0.0006,1.69E-20,-6.00E-05,978.6194088
-0.000449139,0.00014733,-1.20E-05,978.2462911
-0.000441647,0.000130832,-6.83E-05,978.1626093
-0.000257261,0.000124141,-0.000118398,978.0092522
-0.000246898,4.36E-05,-0.0001639,977.9005488
-0.000163496,0.000109741,-0.000127675,977.8004117
-0.0006,7.00E-05,0,977.4362581
-0.000589729,6.41E-05,-3.83E-05,977.3813394
-4.12E-05,3.03E-05,-0.000154633,976.8186956
-0.0006,1.89E-05,-5.45E-05,976.4977237
-2.53E-05,6.15E-06,-0.000153629,976.095186
-5.89E-05,0.000135049,0,976.0707635
-5.89E-05,0.000135049,0,976.0707635
-5.89E-05,0.000135049,0,976.0707635
-5.89E-05,0.000135049,0,976.0707635
-5.89E-05,0.000135049,0,976.0707635
-5.89E-05,0.000135049,0,976.0707635
-5.89E-05,0.000135049,0,976.0707635
-5.89E-05,0.000135049,0,976.0707635
-5.89E-05,0.000135049,0,976.0707635
-5.89E-05,0.000135049,0,976.0707635
-5.89E-05,0.000135049,0,976.0707635
-5.89E-05,0.000135049,0,976.0707635
-0.000392347,0.000130212,-9.00E-05,975.0747749
-1.71E-05,1.32E-05,-0.000148707,975.0582425
-0.000242115,8.96E-05,-0.000145757,974.5381481
-1.91E-05,0.000117046,0,974.2373371
-1.91E-05,0.000117046,0,974.2373371
-1.91E-05,0.000117046,0,974.2373371
-1.91E-05,0.000117046,0,974.2373371
-0.000568522,0.000101756,0,973.8678823
-0.000568522,0.000101756,0,973.8678823
3.61E-05,7.31E-21,-8.89E-05,973.6224186
-3.15E-05,3.81E-05,-0.000147464,973.4804895
-0.000394368,4.08E-05,-0.000142331,973.3311588
2.43E-06,3.40E-05,-0.000126133,973.2940484
3.88E-05,4.38E-05,-6.16E-05,972.7323734
-2.97E-05,1.17E-05,-0.0001552,971.946644
-6.51E-05,0.000135,-2.12E-05,971.61663
-0.000484325,0.000141597,0,971.5468627
-0.000484325,0.000141597,0,971.5468627
1.94E-05,1.55E-05,-0.000114791,971.1222433
-0.000145622,0.000131223,-9.89E-05,970.6994571
-0.0006,6.88E-05,-1.64E-05,970.6341195
-0.0006,6.88E-05,-1.64E-05,970.6341195
-0.000371739,0.00016406,-2.46E-05,970.5660395
-0.00023272,0.000100709,-0.000139962,970.5609848
-3.70E-05,0.000125751,-1.84E-05,970.3304402
-0.000499389,3.76E-05,-0.000113415,970.3029811
-0.000103202,0.000149465,0,970.2053171
-0.000103202,0.000149465,0,970.2053171
-0.000103202,0.000149465,0,970.2053171
-0.000383825,0.000146457,-7.02E-05,970.0844323
-0.000112142,0.000148342,-3.26E-05,970.0384433
-0.000486021,8.81E-05,-9.40E-05,969.8093755
-0.000527778,0.000124091,0,969.6602984
-0.000527778,0.000124091,0,969.6602984
-0.000527778,0.000124091,0,969.6602984
-0.000527778,0.000124091,0,969.6602984
-0.000597379,7.15E-05,-1.92E-05,969.2478344
-1.20E-05,2.36E-05,-0.000143201,968.71323
-0.000158261,0.000140871,-8.62E-05,968.1535975
-2.22E-05,1.30E-05,-0.000151836,967.52673
-0.000113736,0.0001454,-4.81E-05,967.4497839
-4.28E-05,9.77E-05,-9.98E-05,967.3954357
-0.000582079,5.68E-05,-5.75E-05,967.1796334
-7.13E-05,0.000134951,-4.23E-05,967.1624965
-9.44E-05,4.46E-05,-0.000162903,967.1108645
-5.56E-05,0.000108272,-9.31E-05,967.0180553
-0.000346595,6.68E-05,-0.000146029,966.6691134
-3.05E-05,9.75E-05,-8.85E-05,966.6259679
-0.000549454,0.000110949,-2.09E-05,965.5905566
-9.69E-06,8.48E-05,-8.67E-05,965.5373332
-0.000265274,9.60E-05,-0.000142907,964.7146153
-0.000228869,1.11E-05,-0.0001722,964.6026369
-0.000276139,7.58E-05,-0.000152242,964.2994834
-0.000563335,1.30E-20,-9.00E-05,964.2171931
-0.0006,7.40E-05,-1.26E-05,964.1282783
-0.0006,5.36E-06,-6.54E-05,963.930442
-0.0006,5.36E-06,-6.54E-05,963.930442
-0.000242855,7.39E-05,-0.000155659,963.8759997
-0.000542011,7.99E-05,-7.59E-05,963.5873297
-0.000315393,0.00013446,-0.000104803,963.582016
-0.000325226,7.33E-05,-0.000147504,963.3507761
-0.0006,7.89E-05,0,962.8643835
-0.0006,7.89E-05,0,962.8643835
-0.000208503,4.50E-05,-0.00016791,962.3736237
-7.68E-05,0.000141316,-1.30E-05,962.3499658
-0.000433124,0.000147077,-4.85E-05,962.2389982
-0.000548987,1.89E-05,-9.71E-05,961.9901548
-0.000438165,0.000154273,0,961.7303367
-0.000438165,0.000154273,0,961.7303367
-0.000438165,0.000154273,0,961.7303367
1.84E-05,2.43E-05,-0.000113296,960.8937563
-4.84E-06,2.42E-05,-0.000138288,960.8810856
-0.000255879,0.000107152,-0.000137112,960.737452
-0.000531488,5.67E-05,-9.50E-05,960.0413652
4.14E-05,1.46E-05,-7.78E-05,960.0386251
-0.000578888,9.04E-05,-3.83E-05,959.4687398
2.14E-05,3.31E-05,-0.00010363,959.4352769
-0.00058441,3.79E-05,-6.83E-05,959.2830362
-1.72E-05,2.10E-05,-0.000147863,958.9640636
-8.30E-05,0.000141267,-3.42E-05,957.8958322
-0.000429404,7.53E-05,-0.000124816,957.8712626
3.93E-06,7.40E-05,-8.56E-05,956.9227788
-5.29E-05,5.83E-05,-0.000146653,956.3089724
-1.96E-05,7.49E-05,-0.000111497,956.2629044
1.50E-05,4.99E-05,-9.97E-05,956.2517073
-0.000508709,0.000133285,-2.09E-05,956.0970499
-0.000224986,0.000148206,-9.03E-05,955.6812586
-5.50E-05,7.31E-21,-0.000165078,955.6400687
-0.000530385,0.000120143,-4.17E-05,955.3425948
-0.0006,1.51E-20,-6.97E-05,955.282288
-0.000316714,0.000116279,-0.000124788,955.1171137
-3.05E-05,7.28E-05,-0.00012278,955.0252032
-3.43E-05,1.93E-05,-0.000156526,954.7363919
1.34E-05,2.31E-05,-0.00012117,954.3891677
8.17E-06,8.46E-05,-6.27E-05,953.9047933
-0.000411176,0.000160964,-2.46E-05,953.3990184
-2.76E-05,3.01E-05,-0.000150616,952.937499
-0.0006,8.40E-05,-5.21E-06,951.6471151
-2.29E-05,4.35E-05,-0.000141958,951.5398629
-9.90E-05,9.26E-05,-0.000135626,950.2120212
-0.000571238,8.31E-05,-5.75E-05,949.2670337
-2.23E-06,4.22E-05,-0.000127395,948.8800561
1.45E-05,9.70E-05,0,948.6305221
1.45E-05,9.70E-05,0,948.6305221
1.45E-05,9.70E-05,0,948.6305221
1.45E-05,9.70E-05,0,948.6305221
1.45E-05,9.70E-05,0,948.6305221
1.45E-05,9.70E-05,0,948.6305221
1.45E-05,9.70E-05,0,948.6305221
1.45E-05,9.70E-05,0,948.6305221
-9.48E-05,0.000147583,-2.61E-05,948.629168
-0.000340535,0.000140303,-9.80E-05,947.5533517
1.21E-06,1.16E-05,-0.000137786,947.1558595
-0.000586742,1.89E-05,-7.91E-05,946.9517019
-0.000413505,0.000104005,-0.000115515,946.412092
-9.64E-05,0.000144641,-4.15E-05,946.0405086
-0.000507598,8.40E-05,-9.47E-05,945.8291112
-0.00029008,0.000176086,0,945.7076169
-0.00029008,0.000176086,0,945.7076169
-0.00029008,0.000176086,0,945.7076169
-0.00029008,0.000176086,0,945.7076169
-0.00029008,0.000176086,0,945.7076169
1.85E-05,1.23E-05,-0.00011892,945.1046207
-0.000189996,9.08E-05,-0.000149267,944.5818782
-0.000586538,9.78E-05,-1.92E-05,944.527546
-0.000459284,2.85E-05,-0.000132944,944.0308856
-0.000393161,9.97E-05,-0.000124332,943.8230922
1.30E-05,7.14E-05,-7.79E-05,943.7873692
-9.80E-05,0.000141699,-5.70E-05,943.4518492
-0.00053382,3.77E-05,-0.000105856,943.3315183
-0.0006,9.10E-05,0,942.8395235
-0.0006,9.10E-05,0,942.8395235
-0.0006,9.10E-05,0,942.8395235
-0.000595323,9.34E-05,-8.73E-06,942.7568631
-0.000342852,0.000118547,-0.000121849,942.4111023
-0.000232016,4.06E-05,-0.000170048,941.6793873
-0.000199265,0.000145623,-9.46E-05,941.6602346
5.40E-05,1.44E-05,-5.39E-05,941.1929499
-0.000147569,4.35E-05,-0.000170591,940.930868
-5.55E-05,9.75E-05,-0.000112402,940.8660448
-0.000311315,0.000167668,-5.43E-05,940.8393671
-0.000209266,8.67E-05,-0.000153367,940.432259
1.62E-05,6.01E-05,-8.79E-05,940.1227325
-0.000202421,0.000115925,-0.000131468,939.6387267
-0.000452554,7.31E-21,-0.000139039,939.4046832
-4.53E-06,1.34E-05,-0.000142609,939.1795694
-0.000563588,7.57E-05,-7.67E-05,939.0653276
6.76E-06,1.10E-05,-0.00013336,939.0174696
-0.000246233,0.000135275,-0.000114004,938.9452982
-0.000390356,6.79E-05,-0.000141272,938.3153367
-1.02E-05,6.97E-05,-0.000111073,937.6192117
1.12E-05,9.95E-05,-3.11E-05,937.1542777
-2.49E-05,2.07E-05,-0.000153379,937.1172913
-0.000497075,6.07E-05,-0.000113852,936.9259359
-2.17E-05,2.32E-05,-0.000151006,936.5133463
-4.74E-07,1.76E-05,-0.000138514,936.4282366
-3.24E-05,8.51E-05,-0.000112153,936.4165909
-0.000221692,0.000111842,-0.000135567,935.4891075
-0.000276278,6.06E-05,-0.000161758,935.4397846
6.70E-06,5.97E-05,-0.000102907,935.4155496
1.27E-05,2.92E-05,-0.000120449,934.0040274
-0.000488488,0.000148596,-2.39E-05,933.7059575
2.06E-05,8.70E-05,-3.47E-05,933.6491411
-0.000469573,0.000103181,-0.000101534,933.6085816
-0.000311596,6.15E-05,-0.000158,933.3368804
-0.0006,8.96E-05,-3.65E-05,933.191848
-0.0006,8.96E-05,-3.65E-05,933.191848
-0.0006,9.08E-05,-3.38E-05,932.3836705
-0.000497597,0.000117183,-7.86E-05,932.2821811
-0.000416016,3.96E-05,-0.000144345,932.1206635
-0.0006,1.84E-05,-7.80E-05,932.1118073
-7.01E-05,0.000100439,-0.000118353,932.0423022
-0.000242993,5.87E-05,-0.000165175,931.9458996
2.43E-05,1.23E-05,-0.00011178,931.3997902
-0.00056592,5.68E-05,-8.75E-05,931.1687305
-0.000464276,0.000147386,-4.78E-05,931.1148032
-0.000253235,2.33E-05,-0.000172113,930.9888179
-0.000299523,4.79E-05,-0.000163422,930.858046
-1.86E-05,6.06E-05,-0.000128222,930.2012415
-0.000167329,9.14E-05,-0.000150034,930.0386751
-6.27E-05,7.71E-05,-0.000138968,929.9754753
1.90E-05,6.99E-06,-0.000120365,929.5882583
-0.000594188,0.000105136,0,929.5863522
-0.000594188,0.000105136,0,929.5863522
-0.000594188,0.000105136,0,929.5863522
-0.000594188,0.000105136,0,929.5863522
-0.000594188,0.000105136,0,929.5863522
-0.000594188,0.000105136,0,929.5863522
-0.000594188,0.000105136,0,929.5863522
-0.000594188,0.000105136,0,929.5863522
-0.000594188,0.000105136,0,929.5863522
-0.000594188,0.000105136,0,929.5863522
1.24E-05,3.59E-05,-0.000117301,929.5639909
-0.000453302,0.000154329,-3.59E-05,929.5271356
-0.000456341,8.54E-05,-0.000118398,928.9541304
-0.000360772,8.51E-05,-0.000141822,928.9437134
-0.00027734,0.000171197,-5.09E-05,928.8304343
-0.000450847,6.31E-05,-0.000129653,928.7691553
-0.000553444,0.000127471,0,928.1228704
-0.000553444,0.000127471,0,928.1228704
-0.000553444,0.000127471,0,928.1228704
-0.000553444,0.000127471,0,928.1228704
-0.000293601,0.000141713,-0.000107235,928.1136966
-1.27E-05,5.72E-06,-0.000149899,928.0651415
-0.0006,8.73E-05,-4.22E-05,928.0327602
-0.000442328,0.000161273,-2.39E-05,927.9394681
-0.000525028,7.31E-21,-0.000117571,927.7815466
-0.000178099,0.000163335,-5.04E-05,927.7741548
-0.0006,9.73E-05,-1.80E-05,927.7721691
-0.000477514,0.000155539,-1.20E-05,927.7667264
-0.000165543,0.000151718,-7.79E-05,927.6731955
-3.59E-06,5.27E-05,-0.00012234,927.6448116
-0.000365677,0.000146146,-9.13E-05,927.0059186
-0.000210006,7.11E-05,-0.000163269,926.9560455
-2.75E-05,1.82E-05,-0.000155834,926.4993199
-4.26E-05,7.37E-06,-0.000163255,926.2266604
-0.000193352,0.000130598,-0.000121271,925.9626812
-4.26E-05,8.48E-05,-0.000121351,925.9626452
-2.81E-05,6.17E-05,-0.000134505,925.740741
-0.000551319,7.31E-21,-0.000107934,925.5744483
-7.49E-05,1.57E-05,-0.000170335,925.190017
9.73E-06,4.30E-05,-0.000115768,925.1184826
-0.000498738,7.31E-21,-0.000127208,924.8613395
-0.0006,9.36E-05,-3.69E-05,924.5411518
-5.30E-05,3.60E-05,-0.000160188,924.400742
-0.0006,0.000102106,-6.30E-06,924.3434311
-0.0006,0.000102106,-6.30E-06,924.3434311
-0.000529175,7.98E-05,-9.55E-05,924.2461715
-0.000339403,9.16E-05,-0.000143297,923.4675179
-0.000286851,0.000123864,-0.00012746,923.3485266
-0.000568251,3.79E-05,-9.83E-05,923.2721334
-0.000589073,1.20E-20,-9.00E-05,923.2298286
-0.000594709,8.22E-05,-5.55E-05,923.0483097
-0.0006,9.32E-06,-8.33E-05,921.9120994
-9.48E-05,0.000115029,-0.000112812,921.9034685
2.65E-05,5.79E-05,-7.49E-05,921.7951379
-4.17E-05,0.000108497,-8.75E-05,921.6723862
-0.0006,0.000105551,0,921.6477274
-0.0006,0.000105551,0,921.6477274
-0.0006,0.000105551,0,921.6477274
-0.00057512,0.00011433,-2.09E-05,921.3090265
-0.000248398,0.000148586,-1.00E-04,921.1369585
-1.48E-05,4.79E-05,-0.000136213,920.8014847
-1.69E-05,2.71E-05,-0.000148223,920.7638114
-0.000188343,2.78E-05,-0.000175727,920.5492739
-0.000377235,2.10E-05,-0.000157273,919.986386
-0.000534376,0.000136665,-2.09E-05,919.8211286
6.59E-05,3.95E-05,0,919.45681
6.59E-05,3.95E-05,0,919.45681
6.59E-05,3.95E-05,0,919.45681
-0.000284307,2.33E-05,-0.000170941,918.9452993
-9.03E-05,0.000149854,-1.30E-05,918.6940634
-2.43E-05,6.73E-05,-0.000127782,918.3839975
-0.000511317,0.000129337,-6.26E-05,918.2545319
5.96E-05,7.31E-21,-4.60E-05,918.093192
-0.000463412,0.000126215,-8.87E-05,917.5774826
-0.000172056,0.000171029,0,917.1436401
-0.000172056,0.000171029,0,917.1436401
-0.000172056,0.000171029,0,917.1436401
-7.29E-06,7.31E-21,-0.000147148,917.0901771
-3.20E-05,0.00011013,-7.59E-05,916.8847856
-0.000135573,0.000163869,0,916.8813914
-0.000135573,0.000163869,0,916.8813914
-0.000135573,0.000163869,0,916.8813914
-0.000135573,0.000163869,0,916.8813914
-6.83E-05,0.000110839,-0.000105001,916.8531196
-0.0006,8.20E-05,-5.50E-05,916.4632176
-0.000173543,0.000143039,-9.90E-05,916.273664
-0.000472447,7.31E-21,-0.000136845,915.9140856
-1.19E-05,1.17E-05,-0.00014942,914.8181968
-2.21E-05,5.41E-05,-0.000137412,914.6971637
-0.0005127,0.000149806,0,914.5406112
-0.0005127,0.000149806,0,914.5406112
-0.0005127,0.000149806,0,914.5406112
-0.0005127,0.000149806,0,914.5406112
-0.0005127,0.000149806,0,914.5406112
-0.0005127,0.000149806,0,914.5406112
-0.0005127,0.000149806,0,914.5406112
-0.0005127,0.000149806,0,914.5406112
1.83E-05,1.81E-05,-0.000119841,914.2621969
-0.000319626,2.42E-05,-0.000167183,913.8400035
-4.27E-05,9.50E-05,-0.00011056,913.3778472
-0.000440442,0.000114093,-0.000109097,913.168861
-0.0006,0.000109164,-4.68E-06,913.0947381
-0.0006,0.000109164,-4.68E-06,913.0947381
-1.36E-05,0.000117144,-1.58E-05,913.0900176
-0.000556052,0.000123524,-4.17E-05,913.0317008
-0.000518653,5.65E-05,-0.000114598,912.9222465
3.94E-05,3.75E-05,-7.32E-05,912.9098361
-0.000587059,7.48E-05,-7.47E-05,912.8466036
-2.97E-05,0.000130283,0,912.4365176
-2.97E-05,0.000130283,0,912.4365176
-0.000536151,1.88E-05,-0.000116676,911.7736683
-0.000431353,0.000168216,-1.20E-05,911.4235137
-0.000318034,9.81E-05,-0.000144772,911.3633042
-0.000466539,0.000162483,0,910.901544
-0.000466539,0.000162483,0,910.901544
-0.000466539,0.000162483,0,910.901544
-0.000466539,0.000162483,0,910.901544
-0.000466539,0.000162483,0,910.901544
-0.0006,7.94E-05,-6.12E-05,910.8690325
-0.0006,7.94E-05,-6.12E-05,910.8690325
-7.35E-05,7.31E-21,-0.000172112,910.4865484
-2.93E-05,6.27E-06,-0.000159384,910.0706653
1.23E-05,1.76E-05,-0.000127919,909.4137859
-6.53E-06,1.94E-05,-0.000144552,909.2156899
-0.000509861,1.88E-05,-0.000126313,909.193429
-0.000357084,2.42E-05,-0.000162232,908.08121
-0.000165222,4.37E-05,-0.000174524,907.8497016
-0.0006,1.20E-20,-9.03E-05,907.8263458
-0.000344102,0.000172659,-5.20E-05,907.633361
-0.0006,2.85E-05,-8.77E-05,907.6015049
-0.000341505,0.000181352,0,907.5280444
-0.000341505,0.000181352,0,907.5280444
-0.000341505,0.000181352,0,907.5280444
-0.000341505,0.000181352,0,907.5280444
-0.000341505,0.000181352,0,907.5280444
-7.07E-05,0.00013203,-6.93E-05,906.0461197
-0.000270079,0.000180377,-2.38E-05,906.0160735
-0.000232646,0.000177568,-2.81E-05,905.6601564
-0.000204177,0.000168825,-5.60E-05,905.4876854
-0.000139965,0.000165017,-1.96E-05,905.3158296
-0.000589391,5.59E-05,-8.55E-05,904.9500065
-0.000119302,0.000134419,-9.81E-05,904.8391486
1.42E-05,1.26E-05,-0.000127461,904.5573241
1.12E-05,2.44E-05,-0.000126999,904.2747208
-0.000380942,0.000178256,0,904.1614636
-0.000380942,0.000178256,0,904.1614636
-0.000380942,0.000178256,0,904.1614636
-0.000380942,0.000178256,0,904.1614636
-0.000494762,8.38E-05,-0.00011429,903.5488906
-0.000412005,6.67E-05,-0.000143287,903.4048752
-3.12E-05,9.64E-05,-0.000100756,903.0104226
2.33E-05,5.48E-06,-0.000116968,902.3549823
-0.000222277,3.29E-05,-0.000175996,902.1085257
-0.0006,8.71E-05,-6.01E-05,901.0538848
5.36E-06,0.000108259,0,900.7490832
5.36E-06,0.000108259,0,900.7490832
5.36E-06,0.000108259,0,900.7490832
5.36E-06,0.000108259,0,900.7490832
-0.000597317,0.000115606,-5.49E-06,900.6815237
-0.000515307,0.000145859,-4.17E-05,900.5238216
-0.000139991,0.000116106,-0.000129814,900.4754611
-8.94E-05,2.87E-05,-0.000172518,900.4236855
8.15E-06,3.85E-05,-0.000123153,899.8472269
-0.00048357,1.88E-05,-0.00013595,899.7575485
-0.000550752,7.56E-05,-9.62E-05,899.7241694
-5.11E-05,1.11E-05,-0.000167241,899.6914584
-0.000182031,0.00017327,-2.25E-05,899.6091153
4.63E-06,8.38E-05,-7.75E-05,899.4535514
-3.03E-05,4.90E-05,-0.000146851,899.3506544
-0.000540752,0.000108816,-8.01E-05,899.1084395
-4.92E-05,0.000136001,-1.84E-05,899.0134931
-0.0006,7.43E-05,-7.35E-05,898.3910483
-0.0006,7.43E-05,-7.35E-05,898.3910483
-0.0006,0.000116422,0,898.2726579
-0.0006,0.000116422,0,898.2726579
-4.11E-05,5.69E-05,-0.000147481,897.5996593
-0.000240344,0.00017434,-5.18E-05,897.2794823
-9.88E-06,3.20E-05,-0.000143166,897.2038668
3.91E-05,2.65E-05,-8.37E-05,897.0883083
-0.000591722,3.70E-05,-9.63E-05,897.0008776
-2.37E-05,3.65E-05,-0.000149883,896.7735869
-2.90E-05,1.51E-05,-0.000159152,896.5741009
-1.97E-05,0.000103386,-7.75E-05,896.5594307
-0.0006,6.49E-05,-7.90E-05,895.7548162
-0.0006,6.49E-05,-7.90E-05,895.7548162
1.79E-05,2.47E-05,-0.000119243,895.6857578
-0.000420379,0.000175159,0,894.9075593
-0.000420379,0.000175159,0,894.9075593
-0.000420379,0.000175159,0,894.9075593
-0.000420379,0.000175159,0,894.9075593
-0.000420379,0.000175159,0,894.9075593
-0.000420379,0.000175159,0,894.9075593
-0.000420379,0.000175159,0,894.9075593
-0.000420379,0.000175159,0,894.9075593
-0.000420379,0.000175159,0,894.9075593
-0.000420379,0.000175159,0,894.9075593
7.81E-06,1.93E-05,-0.000133189,894.7251463
1.53E-06,2.94E-05,-0.000135189,894.685169
-5.55E-05,0.000135952,-3.96E-05,894.5593596
-2.98E-06,3.47E-05,-0.000136668,894.3790596
5.20E-05,1.23E-05,-6.49E-05,894.2558853
-0.000407978,0.000150828,-8.55E-05,894.1916139
3.60E-05,4.97E-05,-7.16E-05,893.7462512
-0.0006,5.55E-05,-8.46E-05,893.0751247
-0.0006,0.000110367,-3.10E-05,892.7801907
-0.000553084,5.67E-05,-0.00010704,892.72638
-0.000304405,8.64E-05,-0.000155268,892.7077037
-6.44E-06,9.88E-05,-6.84E-05,892.5817264
-0.000262381,0.000183605,0,892.5237988
-0.000262381,0.000183605,0,892.5237988
-0.000262381,0.000183605,0,892.5237988
-0.000262381,0.000183605,0,892.5237988
-9.74E-06,8.45E-05,-9.71E-05,892.4134976
-0.000570583,1.89E-05,-0.000109117,892.3834823
-0.000384383,8.94E-05,-0.000142025,892.1761374
-0.000425758,0.000153372,-7.64E-05,891.7068682
-0.0006,0.000114282,-1.97E-05,891.071107
-0.000434281,0.000137127,-9.62E-05,890.9952694
-0.000381592,5.81E-05,-0.000154066,890.4304025
-0.0006,4.40E-05,-9.13E-05,889.8264321
-0.000118352,0.000108871,-0.000133475,889.7163285
-0.000382048,0.00017343,-4.95E-05,889.6512169
-0.00029354,0.000106543,-0.000145934,889.3638876
-8.57E-05,0.000152125,0,888.7589588
-8.57E-05,0.000152125,0,888.7589588
-8.57E-05,0.000152125,0,888.7589588
-0.000191196,1.39E-05,-0.00017995,888.6899152
-0.000585195,0.000119362,-4.06E-05,888.6817699
-0.000129676,0.000150542,-7.61E-05,888.0582338
-0.000491096,0.000144649,-6.56E-05,887.8864065
-0.000186209,5.06E-05,-0.00017441,887.8406384
-1.61E-05,3.80E-05,-0.000145445,887.8000922
6.22E-05,3.44E-05,-2.80E-05,887.7698611
-0.0006,3.67E-05,-9.56E-05,887.7356324
-0.0006,3.67E-05,-9.56E-05,887.7356324
-9.45E-05,0.000135546,-8.52E-05,887.7096423
-0.00057911,0.000130852,0,887.6216368
-0.00057911,0.000130852,0,887.6216368
-0.00057911,0.000130852,0,887.6216368
-0.00057911,0.000130852,0,887.6216368
-2.34E-05,1.24E-05,-0.000157593,887.5962034
-0.000520984,3.76E-05,-0.000125418,887.3843292
-0.000270427,0.000131976,-0.000128381,887.2487996
-3.38E-05,7.31E-21,-0.000162995,887.0254696
-0.0006,1.80E-05,-9.61E-05,886.7875294
-2.19E-05,1.79E-05,-0.000155731,886.7272422
-0.000156692,0.000162059,-5.92E-05,886.503052
-1.13E-05,1.85E-05,-0.000149586,886.078883
-0.000144136,0.000150442,-8.66E-05,885.8708999
2.82E-05,3.55E-05,-9.90E-05,885.3568617
-0.000184185,0.000110266,-0.000144595,885.0217543
-0.000271809,0.000148965,-0.000109667,884.6641542
-0.000577545,0.000112009,-5.98E-05,884.5459312
-1.71E-05,7.64E-06,-0.000155121,883.8023839
-0.000366182,0.000123435,-0.000126466,883.7468101
4.34E-05,6.29E-05,-3.68E-05,883.7235478
-2.99E-05,2.63E-05,-0.000157872,883.2435748
-0.000560042,0.000140045,-2.09E-05,883.0216122
-1.71E-05,0.000110496,-6.21E-05,882.6277052
-0.000516339,7.96E-05,-0.000115036,881.9659509
-0.000238353,2.03E-05,-0.000178261,881.932386
-0.000415244,0.00012954,-0.000111656,881.7840326
3.10E-05,9.93E-06,-0.00010633,881.3550327
-0.00048153,6.61E-05,-0.000131154,880.9218377
-0.000203456,0.000106183,-0.000148695,880.8721351
2.85E-07,7.35E-05,-0.000101477,880.6584852
-0.000398884,1.98E-05,-0.000159287,880.6425213
6.32E-05,1.23E-05,-4.03E-05,880.5547013
1.87E-05,7.31E-21,-0.000125045,880.3715163
-6.45E-08,7.63E-06,-0.000143802,880.1509494
-3.37E-05,1.31E-05,-0.00016256,879.8890626
-0.000399455,0.000167073,-6.57E-05,879.8095585
-9.92E-05,7.42E-05,-0.000157408,879.6699506
-1.87E-05,8.61E-05,-0.000106435,879.5531433
-0.0003949,0.000125265,-0.000120474,879.34078
-0.000481676,0.000162539,-3.59E-05,879.047571
-0.000208108,0.00017876,-2.81E-05,878.4870666
-0.000463518,1.42E-05,-0.000145715,878.072723
-2.56E-05,9.16E-05,-0.000105956,877.5241221
-0.000325765,0.00016899,-7.85E-05,877.3011379
-0.000494694,3.76E-05,-0.000135055,877.2869729
-0.000319028,0.000185731,-2.71E-05,876.9147346
-0.000222726,0.0001021,-0.000152794,876.722516
-0.000538366,0.000153187,0,876.3827903
-0.000538366,0.000153187,0,876.3827903
-0.000538366,0.000153187,0,876.3827903
-0.000538366,0.000153187,0,876.3827903
1.37E-05,6.79E-06,-0.000131094,876.2400549
-0.000536983,0.000132717,-6.26E-05,875.943638
-0.000208582,0.000133031,-0.000127781,875.3579377
4.12E-05,1.15E-05,-8.83E-05,874.9801479
1.55E-05,2.66E-05,-0.000123292,874.97948
7.08E-05,1.54E-05,-1.57E-05,874.8504221
-0.000240691,0.000123166,-0.000138236,874.7832015
-0.000441884,1.98E-05,-0.000151415,874.7588351
-0.000569895,0.000104655,-7.90E-05,874.3442251
-0.000119019,4.32E-05,-0.000175017,874.3007889
1.71E-05,1.67E-05,-0.000125257,874.2322575
-6.27E-05,3.47E-05,-0.000167406,874.2109629
-0.000122924,0.000155741,-5.90E-05,873.7653276
-0.000592845,0.000126716,-2.15E-05,873.7405761
-0.00027991,9.48E-05,-0.00015643,873.4264279
-0.000470702,0.000169482,-2.39E-05,873.2187328
-0.0006,0.000106453,-5.74E-05,872.5782495
-2.39E-05,2.38E-05,-0.000156489,872.4532731
7.47E-06,6.26E-06,-0.000138098,872.0539263
-0.000555415,3.77E-05,-0.000117859,871.2010719
-0.0006,0.000125004,-2.05E-05,871.1166068
-0.000433448,5.44E-05,-0.000148124,870.9532752
-0.000505888,0.000163749,-1.20E-05,870.7604749
-0.000182246,0.00016281,-7.66E-05,870.3786978
-0.0006,0.000118798,-3.94E-05,870.2545269
-0.00014994,0.000167258,-4.21E-05,870.1081973
-0.0006,1.41E-05,-0.000103576,869.4157195
-6.15E-05,1.08E-05,-0.000172576,868.5862403
-0.00045691,0.000153681,-7.57E-05,868.488227
-0.00028418,0.000169538,-8.19E-05,868.2166333
-0.0006,2.31E-05,-0.000103503,868.0880852
3.24E-05,3.90E-05,-9.08E-05,867.9256939
-4.14E-06,0.000112063,-3.36E-05,867.5011164
-0.0006,0.000110164,-5.69E-05,867.3208697
-0.0006,0.000122986,-2.92E-05,867.2859286
-0.000594054,1.80E-05,-0.000107111,867.0542722
-0.000245886,0.000108544,-0.000149945,866.8989831
4.79E-05,3.66E-05,-6.30E-05,866.7644701
3.03E-06,6.20E-05,-0.000112519,866.4380258
5.21E-05,2.50E-05,-6.23E-05,866.3864831
5.96E-05,5.16E-05,-1.58E-05,866.2357881
-0.000179311,2.32E-05,-0.000181716,866.1108238
-0.0006,9.22E-05,-7.53E-05,865.6421289
-7.27E-05,9.27E-05,-0.0001361,865.6282112
-0.000573777,0.00013591,-4.23E-05,865.4632504
-0.000210747,0.000146342,-0.000113746,864.9177335
-1.60E-05,1.41E-05,-0.00015492,864.6347114
-0.0006,0.000111644,-5.67E-05,864.5428365
-4.19E-05,0.000119825,-7.73E-05,864.3881885
6.61E-06,1.48E-05,-0.000137994,864.3794915
-0.000474641,3.30E-05,-0.000144819,864.1509251
-0.0006,0.000111153,-5.79E-05,863.8238986
-0.000223466,8.65E-05,-0.000162696,863.2463024
-0.000363901,0.000173119,-7.05E-05,863.2426104
-1.87E-05,7.41E-05,-0.00012275,863.0230137
-0.0006,4.77E-05,-0.000100493,863.0021473
-0.000290775,7.46E-05,-0.000165764,862.8931709
-0.000463887,0.000163536,-5.75E-05,862.8066082
-0.000212538,2.52E-05,-0.000181944,862.5376642
-0.0006,5.79E-05,-9.60E-05,862.2452895
-0.0006,0.000130247,-1.23E-05,862.2173315
-2.41E-05,7.31E-21,-0.000160412,861.9870067
-0.000195815,8.55E-05,-0.000165739,861.859266
-0.000540974,0.000149239,-4.17E-05,861.5570745
-0.0006,0.000110138,-6.03E-05,861.4964861
-6.00E-06,4.26E-05,-0.000137577,861.4913578
-0.00015121,7.31E-21,-0.000183884,861.441588
-0.0006,6.96E-05,-9.09E-05,861.3752393
-0.000452912,0.000170479,-4.55E-05,861.2189406
2.30E-06,2.32E-05,-0.0001398,860.9293007
-0.0006,7.73E-05,-8.75E-05,860.79132
2.85E-05,2.48E-05,-0.000107212,860.7113313
5.70E-06,4.86E-05,-0.000122597,860.5790407
-0.000459728,0.000176426,-1.20E-05,860.3987276
-0.000537917,7.55E-05,-0.000115781,860.3830113
-0.0006,3.85E-05,-0.000104514,860.1403211
-0.0006,0.00011288,-5.80E-05,859.9783755
-1.56E-05,9.70E-05,-8.98E-05,859.8005386
-0.000203293,1.26E-05,-0.000183059,859.6841104
-0.0006,0.00013367,0,859.6336255
-3.16E-05,7.32E-05,-0.000133481,859.4105656
-0.0006,1.80E-05,-0.000107293,859.2898865
2.18E-05,4.29E-05,-0.000106354,859.0929537
-0.000519298,0.00016238,-2.09E-05,858.9673828
-0.000494914,0.000170692,0,858.7616006
-0.000494914,0.000170692,0,858.7616006
-0.000494914,0.000170692,0,858.7616006
-0.000441938,0.000177422,-3.35E-05,858.1426051
3.77E-05,5.82E-05,-6.29E-05,857.8702209
-1.66E-05,2.03E-05,-0.000154248,857.700092
-6.74E-05,2.44E-05,-0.000172583,857.4420058
4.71E-05,7.31E-21,-7.98E-05,857.3644543
-0.000407993,9.37E-05,-0.000142228,857.2885826
-0.000583426,7.95E-05,-9.64E-05,857.2342095
-0.000269045,0.000114987,-0.000147095,857.0754503
-0.000194048,7.31E-21,-0.000184173,856.8305565
-0.000110256,0.000166543,0,856.6269421
-0.000110256,0.000166543,0,856.6269421
-0.000110256,0.000166543,0,856.6269421
-0.000110256,0.000166543,0,856.6269421
-7.00E-05,6.47E-05,-0.000158444,856.4358029
-0.00040324,5.69E-05,-0.00015608,856.3936771
2.52E-05,1.80E-05,-0.000115464,856.2383748
-0.000325276,0.00019118,-7.13E-06,855.5963646
-0.000114454,0.000159856,-4.61E-05,855.3571934
1.96E-05,1.10E-05,-0.000125292,855.0455556
-0.000572914,7.31E-21,-0.000119937,854.6516861
2.35E-05,2.34E-05,-0.000116037,854.3167524
-0.000223773,0.000172301,-7.32E-05,853.9121537
-0.0006,0.000131675,-2.72E-05,853.4374753
-0.000334714,0.000137801,-0.00012565,853.3680859
-0.000505817,5.64E-05,-0.000134159,853.3509189
-0.000408659,0.000181269,-4.11E-05,853.3340137
-0.000593366,0.000103761,-7.70E-05,852.4215344
-5.62E-05,0.00012301,-8.89E-05,852.1142136
-0.000375618,7.96E-05,-0.000154819,852.0815101
-0.000546624,7.31E-21,-0.000129574,851.1459721
-6.42E-05,0.000149185,-1.59E-05,849.879467
-0.000224206,7.08E-05,-0.000172598,849.7700889
9.59E-06,0.000100194,-4.56E-05,849.388513
-3.97E-06,0.000115803,-1.68E-05,848.6355665
-3.08E-05,0.000121537,-6.37E-05,848.5833929
-0.000585758,6.05E-05,-0.000107183,847.9196995
-0.0006,8.80E-21,-0.000111068,847.8865104
-0.000564031,9.46E-05,-9.91E-05,847.5542762
-5.60E-06,1.28E-05,-0.000149624,847.4445504
-0.000391252,0.000187626,-2.49E-05,847.3058644
-0.0006,2.57E-05,-0.000110129,847.2209888
1.28E-05,1.36E-05,-0.000133252,847.1913066
-0.000351815,0.000190722,-2.49E-05,847.0840981
-0.00024342,0.000188888,-1.08E-05,846.9694575
3.81E-05,9.71E-06,-9.76E-05,846.6539948
-0.000123071,2.16E-05,-0.000182146,846.5298267
-0.0006,0.000103508,-7.64E-05,846.3835391
-2.01E-05,9.53E-05,-9.99E-05,846.3197799
1.93E-05,3.89E-05,-0.000114175,846.3126193
-4.36E-05,2.75E-05,-0.000165856,845.9941037
-0.000343637,0.000193347,-8.18E-06,845.8822849
-0.000117011,9.28E-05,-0.000153114,845.7360545
-0.000359856,0.000143644,-0.000118882,845.5714281
-7.04E-05,0.000149136,-3.70E-05,845.4253335
-0.000381308,0.000166762,-8.68E-05,845.3986437
-0.0006,1.90E-05,-0.000111838,845.0844179
-0.000388574,0.000145474,-0.000112889,844.6766659
-4.27E-05,7.16E-05,-0.000142601,843.7232698
3.33E-05,7.67E-05,-4.68E-05,843.6185638
-0.000307997,0.000140044,-0.000128038,843.4231983
1.95E-05,3.09E-05,-0.000119206,843.3945227
3.65E-05,2.19E-05,-9.65E-05,843.2952345
-0.000229663,0.000134299,-0.000133842,843.0615969
-0.000520333,7.31E-21,-0.000139211,843.0134795
-0.0006,9.14E-05,-8.55E-05,842.922188
-0.000231827,0.00014761,-0.000119806,842.8405778
-5.42E-07,1.99E-05,-0.000144607,842.6897322
-0.000448753,0.000183369,0,842.4086913
-0.000448753,0.000183369,0,842.4086913
-0.000448753,0.000183369,0,842.4086913
-0.000448753,0.000183369,0,842.4086913
-0.000448753,0.000183369,0,842.4086913
-0.000448753,0.000183369,0,842.4086913
-0.000228614,1.26E-05,-0.000184209,842.3615245
5.70E-05,5.06E-05,-2.91E-05,842.0430672
-2.96E-05,0.000109045,-8.92E-05,841.902175
-0.000430964,0.000184366,-2.16E-05,841.6266508
6.52E-05,4.15E-05,-2.27E-05,841.4974377
-0.000564032,0.000156567,0,841.4793096
-0.000564032,0.000156567,0,841.4793096
-0.000564032,0.000156567,0,841.4793096
-0.000564032,0.000156567,0,841.4793096
-0.000268219,0.000192512,-7.91E-06,841.3578921
-4.19E-05,0.000140533,0,841.1195705
-4.19E-05,0.000140533,0,841.1195705
-4.19E-05,0.000140533,0,841.1195705
-0.000258305,0.000176204,-7.58E-05,840.8645472
-3.19E-06,2.80E-05,-0.000144287,840.6916323
-0.000540248,5.65E-05,-0.000126601,840.412638
-0.0006,7.88E-05,-9.49E-05,840.1538619
5.46E-05,3.60E-05,-5.23E-05,839.7439863
-0.000357403,0.0001131,-0.000144159,838.9423926
-0.000517915,0.000141911,-8.34E-05,838.8555751
-0.000526498,9.20E-05,-0.000117477,838.7654803
-0.0006,0.000133527,-4.08E-05,838.4787791
-0.0006,0.000133527,-4.08E-05,838.4787791
-0.000219369,7.31E-21,-0.000185324,838.2531442
-0.0006,0.000140611,-2.15E-05,838.0730665
-0.000222925,0.000188718,0,838.0609174
-0.000222925,0.000188718,0,838.0609174
-0.000222925,0.000188718,0,838.0609174
-0.000222925,0.000188718,0,838.0609174
2.45E-05,1.29E-05,-0.000119632,838.0009567
-0.0006,7.27E-05,-9.85E-05,837.8986905
-0.0006,8.33E-06,-0.000114546,837.8069015
-0.00043493,0.000103819,-0.00013581,837.7542608
-0.000557747,1.88E-05,-0.000128679,837.2715843
-0.000429436,8.15E-05,-0.000147066,837.1547136
-0.000489891,0.000127909,-0.000106417,837.0069539
-0.000311767,0.000194911,0,836.9812123
-0.000311767,0.000194911,0,836.9812123
-0.000311767,0.000194911,0,836.9812123
-0.000311767,0.000194911,0,836.9812123
-2.64E-05,1.17E-05,-0.000162642,836.9132246
-3.45E-05,0.000106429,-9.94E-05,836.4320295
-6.31E-05,5.20E-05,-0.000164501,836.389662
-0.000185025,0.000143759,-0.00011811,836.3669202
-8.22E-05,0.000155452,-2.89E-05,836.1586692
1.65E-05,6.07E-05,-0.000100689,835.8371881
2.91E-05,1.75E-05,-0.000111546,835.648505
-7.70E-05,3.96E-05,-0.000172751,835.4598389
2.82E-05,8.47E-06,-0.000115471,835.4357376
-0.000259632,4.98E-05,-0.000179231,834.7717814
-6.58E-06,6.76E-05,-0.000121222,834.5228571
6.77E-06,9.63E-05,-6.30E-05,834.3796666
-0.000182164,9.26E-06,-0.000185939,834.2514651
-0.000577767,0.000152431,-2.15E-05,834.1318469
-0.0006,6.00E-05,-0.000105966,834.0706243
-0.000159418,0.000152611,-9.94E-05,833.9909665
-9.71E-05,0.000159097,-3.96E-05,833.9479182
-0.000405532,0.000191135,-7.71E-06,832.7712905
-8.75E-05,8.80E-05,-0.000149843,832.7615425
-0.000264661,9.19E-05,-0.000164499,832.6756097
-8.47E-05,0.000152492,-4.66E-05,832.6207195
-2.27E-05,4.37E-05,-0.000151381,831.7567262
-4.18E-05,4.90E-05,-0.000158422,831.7480009
1.77E-06,1.45E-05,-0.00014486,831.4094634
-0.000369541,4.96E-05,-0.000167684,831.0370607
-0.000114648,0.000167691,-1.96E-05,830.8533775
-0.000554708,0.000145103,-6.32E-05,830.6479546
-0.000320422,0.000163607,-0.000103748,830.4275251
-5.32E-05,2.39E-05,-0.000171288,830.2924997
-0.000531456,1.88E-05,-0.000138316,830.1029766
-3.81E-06,0.000119543,0,829.7700166
-3.81E-06,0.000119543,0,829.7700166
-3.81E-06,0.000119543,0,829.7700166
-3.81E-06,0.000119543,0,829.7700166
-3.81E-06,0.000119543,0,829.7700166
-3.81E-06,0.000119543,0,829.7700166
-3.81E-06,0.000119543,0,829.7700166
-3.81E-06,0.000119543,0,829.7700166
-3.81E-06,0.000119543,0,829.7700166
-3.81E-06,0.000119543,0,829.7700166
-3.81E-06,0.000119543,0,829.7700166
-3.81E-06,0.000119543,0,829.7700166
-0.0006,0.000105008,-8.35E-05,829.2842191
-0.000588089,4.16E-05,-0.000118003,829.2271668
-3.62E-06,6.17E-06,-0.000150299,829.2092565
-0.000494043,7.31E-21,-0.000148848,829.181246
-2.66E-05,1.88E-05,-0.000162262,828.651067
-0.000544964,0.000165761,-2.09E-05,828.6283499
-0.000146882,6.43E-05,-0.000175013,828.4487712
-0.000101364,1.96E-05,-0.000182416,828.2946416
-0.000155532,0.000136282,-0.000123507,827.878396
-4.15E-05,1.65E-05,-0.000168989,827.8528245
-0.0006,0.000133202,-5.37E-05,827.4366837
2.47E-05,3.09E-05,-0.00011356,827.3071934
1.89E-05,0.000102719,-1.63E-05,827.1713
-0.000597397,0.000148542,-6.06E-06,827.0409143
-0.000499076,0.000177692,-2.39E-05,826.9803387
-0.0006,5.18E-05,-0.000110776,826.8997739
-9.77E-06,5.93E-05,-0.000132645,825.5696828
-2.00E-05,0.000122663,-4.77E-05,825.3801913
-0.000459316,3.46E-05,-0.000155194,825.1238643
-0.000209617,0.000123289,-0.000145008,824.2471468
1.47E-05,5.28E-05,-0.000112022,824.0907495
-0.000336034,0.00011962,-0.000145634,823.9126398
2.85E-05,7.31E-21,-0.000116636,823.4032843
7.38E-05,2.67E-05,0,823.2261172
7.38E-05,2.67E-05,0,823.2261172
7.38E-05,2.67E-05,0,823.2261172
-2.18E-05,3.17E-05,-0.000156642,823.1636869
-5.15E-06,9.53E-05,-8.53E-05,822.8629278
-0.00024469,7.31E-21,-0.000186474,822.1853848
-3.44E-05,7.37E-06,-0.000167551,822.1097935
-3.96E-05,0.000136952,-3.69E-05,821.9562226
-0.000456373,9.15E-05,-0.000140648,821.9261268
-0.000521905,0.000158433,-6.26E-05,821.1248648
-0.000317919,4.94E-05,-0.000175471,820.9099518
-0.000523288,0.000178902,0,820.7920472
-0.000523288,0.000178902,0,820.7920472
-0.000523288,0.000178902,0,820.7920472
-0.000190346,0.000127372,-0.000140909,820.7409653
-0.000345564,0.00016945,-9.70E-05,820.7271406
-0.000296551,0.00019011,-5.42E-05,820.6461936
-4.25E-05,9.66E-05,-0.000121826,820.5537623
-0.000399229,8.39E-05,-0.000155022,820.5315063
-0.0006,0.000151238,0,820.4802485
-0.0006,0.000151238,0,820.4802485
-0.0006,9.05E-05,-9.61E-05,820.0098572
-0.000503504,7.95E-05,-0.000134597,819.9738736
-4.38E-05,8.55E-05,-0.000134642,819.376252
-0.0006,7.31E-21,-0.000120766,819.3681381
-0.000343247,0.0002,0,819.3377431
-0.000343247,0.0002,0,819.3377431
5.31E-06,7.31E-21,-0.000143935,819.1760018
-0.0006,4.11E-05,-0.000116985,818.7910317
-1.78E-05,4.96E-05,-0.00014645,818.1575953
-0.000591502,0.000148296,-4.29E-05,817.8947999
-0.000282601,4.85E-05,-0.000179229,817.8116103
-0.000505166,1.88E-05,-0.000147953,817.4078649
-0.000309318,0.000121863,-0.000148023,817.2844318
-0.00051508,0.00010856,-0.000119173,817.1479494
2.36E-05,2.07E-05,-0.000120916,816.6658402
-0.000420391,0.000194271,-1.14E-05,816.3606725
-0.000570591,7.93E-05,-0.000115925,816.2527269
-0.000461866,0.000113907,-0.000129392,815.8098708
-0.000201842,0.000166286,-9.37E-05,815.7783043
-0.00048373,0.000150944,-9.35E-05,815.5983395
1.39E-05,3.14E-05,-0.000128207,815.5846182
6.97E-05,4.21E-05,-7.43E-06,815.4292564
-0.000402458,0.000195946,0,815.3183254
-0.000402458,0.000195946,0,815.3183254
3.68E-05,7.31E-21,-0.000103798,815.0661948
-0.000488102,0.000184635,-1.20E-05,814.9814644
-5.20E-05,9.47E-05,-0.000131238,814.8452785
-0.0006,0.000146262,-4.18E-05,814.7782348
-0.0006,0.000146262,-4.18E-05,814.7782348
1.89E-05,2.37E-05,-0.000125927,814.6552529
-0.000301801,0.000198445,-8.04E-06,814.5821034
-0.000318574,0.0002,0,814.2261043
-0.000312242,0.0002,0,814.2212689
-0.000312242,0.0002,0,814.2212689
-0.000583852,0.000140942,-6.21E-05,813.7589613
-0.000424752,7.31E-21,-0.000166357,813.0611171
-4.59E-05,0.000111137,-0.000106657,812.7900005
-0.000558699,0.000161625,-4.23E-05,812.761011
-0.000446252,7.31E-21,-0.000162421,812.5878387
-1.31E-05,5.48E-05,-0.000140286,812.5548889
-4.11E-05,7.31E-21,-0.000171206,812.456252
2.27E-05,7.10E-05,-8.12E-05,812.320069
-0.000275762,7.31E-21,-0.000185303,812.2234377
-0.00034939,5.28E-05,-0.000172644,812.1720679
-0.000467752,7.31E-21,-0.000158485,812.1145604
-0.000324349,7.38E-05,-0.000170044,812.0360105
-0.000334465,0.0002,-1.54E-05,812.0120025
-0.000210609,0.000190859,-8.70E-06,811.8413978
-0.000309846,0.0002,-4.21E-06,811.7122445
-0.000170279,1.85E-05,-0.000187705,811.6723736
-0.000316898,0.0002,-7.42E-06,811.2293016
-0.000432345,0.000179377,-6.77E-05,811.0364159
-0.00054258,3.76E-05,-0.000137421,810.9748762
-0.000409732,0.000119266,-0.00013837,810.9321089
-0.000450879,6.92E-05,-0.000151903,810.8768333
-0.000362195,0.0002,0,810.7472595
-0.000481287,0.000178689,-4.55E-05,810.739376
-2.96E-05,3.76E-05,-0.000159511,810.6818584
-0.000455705,0.000136942,-0.000116523,810.5480058
8.29E-06,2.63E-05,-0.000137144,809.687944
-3.32E-05,8.56E-05,-0.000128771,809.6697385
-0.000576202,0.000133588,-8.13E-05,809.6231227
-0.000403251,7.31E-21,-0.000170293,809.6065092
-2.05E-05,7.03E-06,-0.000162271,809.2857744
-0.000284135,0.0002,0,809.0693474
-0.000284135,0.0002,0,809.0693474
-0.000381014,0.000117436,-0.000144362,809.0672775
-4.77E-05,0.000133019,-6.60E-05,809.0203094
-0.000382973,0.0002,0,808.9765448
-0.000382973,0.0002,0,808.9765448
-0.000264799,7.66E-05,-0.000174015,808.5238302
-1.06E-05,1.16E-05,-0.000156176,808.486556
-0.000349674,0.0002,-1.69E-05,808.348319
-0.000300606,0.0002,0,808.3413891
-0.000300606,0.0002,0,808.3413891
-0.000551195,9.45E-05,-0.000118673,808.213118
-0.0006,0.000127437,-7.40E-05,808.1764866
-0.000324668,0.0002,-2.65E-05,808.161918
-0.000352681,0.0002,-2.49E-05,808.0049189
-2.95E-05,6.14E-05,-0.000147232,807.9351136
-0.0006,7.87E-06,-0.000123666,807.9090986
-0.000198387,0.00018991,0,807.7229902
-0.000198387,0.00018991,0,807.7229902
-0.000198387,0.00018991,0,807.7229902
-0.000198387,0.00018991,0,807.7229902
-0.000470312,0.000185632,-3.35E-05,807.6630405
-0.00043757,0.00019443,-4.14E-06,807.4894719
-0.000363486,0.0002,-1.60E-05,807.3642969
-0.0006,0.00015249,-3.20E-05,807.357441
-0.000255239,0.00014799,-0.000129505,807.2959674
-0.0006,0.000155431,-2.15E-05,807.1437944
-0.000150454,0.000180933,0,806.8768431
-0.000150454,0.000180933,0,806.8768431
-0.000150454,0.000180933,0,806.8768431
-0.000344293,7.31E-21,-0.00017918,806.7831722
-0.0006,0.000143865,-5.22E-05,806.7486573
-0.0006,0.000143865,-5.22E-05,806.7486573
-0.000459297,0.000191781,-5.75E-06,806.2861611
-0.000381751,7.31E-21,-0.000174229,806.1519013
-0.000286205,0.000147296,-0.00013047,805.8900291
-0.000275336,0.0002,0,805.5872487
-0.000275336,0.0002,0,805.5872487
-0.000409805,0.000198023,-3.07E-06,805.3813845
-0.000594467,0.000160674,0,805.1982955
-0.000594467,0.000160674,0,805.1982955
-0.000594467,0.000160674,0,805.1982955
-0.000594467,0.000160674,0,805.1982955
-9.73E-05,0.000166932,-1.30E-05,805.1156884
-0.00034246,0.0002,-2.53E-05,804.823209
-0.000278426,0.0002,-7.17E-06,804.4936566
-4.47E-06,5.23E-05,-0.000135599,803.5780562
-0.000525896,0.000174955,-4.17E-05,803.3941545
-0.0006,3.08E-05,-0.00012301,803.3021186
-0.000477128,0.000191579,0,802.98259
-0.000477128,0.000191579,0,802.98259
-0.000477128,0.000191579,0,802.98259
-0.000477128,0.000191579,0,802.98259
-0.000477128,0.000191579,0,802.98259
-0.000477128,0.000191579,0,802.98259
-0.000477128,0.000191579,0,802.98259
-0.000477128,0.000191579,0,802.98259
-0.000477128,0.000191579,0,802.98259
-0.000477128,0.000191579,0,802.98259
7.08E-05,7.31E-21,-3.29E-05,802.5683856
-0.0006,0.000140327,-6.07E-05,802.3280554
-0.000190005,0.000104949,-0.000161067,802.2991421
1.23E-05,1.02E-05,-0.000138302,802.2029007
-0.0006,0.000159008,-8.65E-06,801.9714046
-0.000329338,0.000195101,-5.20E-05,801.9513026
1.75E-05,8.39E-05,-7.43E-05,801.937565
-0.00028929,0.00019929,-2.71E-05,801.4349037
5.21E-06,5.84E-05,-0.000121711,801.4284978
-0.000348312,0.0002,-3.25E-05,800.9511276
-0.000403311,0.0002,0,800.908641
-0.000589733,0.000108386,-9.87E-05,800.606122
1.65E-05,7.53E-05,-8.83E-05,800.3689254
-0.000306834,7.31E-21,-0.000184131,800.3545752
-0.000572922,6.04E-05,-0.000126744,800.0268122
5.13E-05,4.79E-05,-5.44E-05,800.0003888
-0.000388397,0.0002,-1.43E-05,799.8711216
-0.000398962,0.0002,0,799.7963764
-0.000398962,0.0002,0,799.7963764
-0.000398962,0.0002,0,799.7963764
-0.000516289,3.76E-05,-0.000147058,799.4738085
-0.000504116,0.00015943,-8.42E-05,799.2362379
7.81E-05,1.23E-05,0,799.1487555
7.81E-05,1.23E-05,0,799.1487555
-0.0006,0.00016142,0,799.0505624
-0.000380583,0.0002,-2.49E-05,799.0002487
-0.000590421,2.27E-05,-0.000128822,798.8609982
-1.23E-05,7.31E-21,-0.000158573,798.7485975
-0.000363568,7.11E-05,-0.000168437,798.6796094
-0.00040246,0.0002,-2.41E-06,798.6568957
-0.000408984,0.0002,0,798.6527935
-0.000408984,0.0002,0,798.6527935
-0.000291432,0.0002,-2.70E-05,798.5521226
-0.00024475,4.68E-05,-0.000185379,798.5506198
7.65E-06,1.18E-05,-0.000142869,798.4292114
-7.47E-06,2.65E-05,-0.000151556,798.4058247
-0.000525081,7.53E-05,-0.000135343,798.3909339
-0.00039119,4.84E-05,-0.000169699,798.3351232
-0.000288728,0.0002,-2.50E-05,798.2823726
-0.000289571,0.0002,-2.71E-05,798.2731593
-0.000478875,1.88E-05,-0.00015759,798.1927625
-0.000209275,0.000100866,-0.000165166,798.1495229
-7.15E-06,6.15E-06,-0.000155332,798.1288374
-0.000288927,0.0002,-2.75E-05,797.7417672
-0.000290006,0.0002,-2.81E-05,797.3935484
3.07E-05,1.34E-05,-0.000114869,797.2068077
-0.000230697,0.000124557,-0.000151069,796.94107
4.43E-06,8.60E-05,-9.16E-05,796.7913986
-0.00042561,0.0002,0,796.7557482
-0.000313641,0.0002,-3.89E-05,796.4686591
-0.000289028,0.0002,-2.87E-05,796.357454
-0.000421597,0.0002,-1.14E-05,795.9964188
6.12E-05,3.91E-05,-4.10E-05,795.7216302
-0.000459338,0.000192575,-2.16E-05,795.6641661
-0.000160429,0.000183174,-2.25E-05,794.7871314
-0.000422903,0.0002,-7.68E-06,794.7098858
-0.000405257,0.0002,-2.39E-05,794.7023108
-0.000391259,0.0002,-3.22E-05,794.6856849
8.11E-06,3.82E-05,-0.000133495,794.649438
1.59E-05,3.85E-05,-0.000124426,794.5088175
-0.000463497,0.000179686,-6.71E-05,794.4984132
-0.000415452,0.0002,-1.14E-05,794.4245288
-0.000116326,7.31E-21,-0.000188116,794.048805
2.74E-05,6.24E-05,-8.79E-05,793.675798
-0.00053564,0.000154297,-8.41E-05,793.5598917
-0.000280933,0.0002,-2.73E-05,793.5401194
-0.00029863,0.000170859,-0.00010618,793.4825089
-0.000251548,0.0002,0,793.4129198
-0.000342199,7.76E-05,-0.000169912,793.3415703
-0.0006,0.000107995,-9.78E-05,793.0061498
-0.000420395,0.0002,-1.48E-05,792.8141761
-0.000420395,0.0002,-1.48E-05,792.8141761
-3.05E-05,0.000100977,-0.000111008,792.6200407
6.18E-06,6.76E-06,-0.000145347,792.5679364
-0.00017612,0.000163703,-9.81E-05,792.3340029
-0.0006,8.26E-05,-0.000112826,792.2608596
-0.0006,7.90E-05,-0.000114411,792.2283331
5.05E-05,2.62E-05,-7.47E-05,791.9706161
-0.0006,0.000154185,-4.98E-05,791.6482126
-0.0006,0.000154185,-4.98E-05,791.6482126
-0.000452523,0.000186629,-5.51E-05,791.4220777
-0.000201165,6.94E-05,-0.000179916,791.3624255
-0.0006,0.000132125,-7.92E-05,791.3268791
-1.75E-05,1.42E-05,-0.000161474,791.1902067
-0.0006,0.000133008,-7.84E-05,790.8365455
-2.10E-05,7.12E-05,-0.000136166,790.5852044
-0.000599673,0.000132694,-7.93E-05,790.5546435
-0.0006,0.000132084,-7.97E-05,790.3775487
-0.0006,0.000132681,-7.92E-05,790.3572119
-0.000436668,0.000129354,-0.000131952,790.3032177
-8.14E-06,8.30E-05,-0.000112011,789.9590413
-0.000253857,0.000131001,-0.000148219,789.8889106
-0.000259555,0.000193253,-5.52E-05,789.5816704
-0.0006,0.000132755,-7.96E-05,789.5454771
-0.000224411,4.65E-05,-0.000186966,789.1962485
-2.64E-05,6.57E-06,-0.000166965,788.5267377
-0.000436712,0.0002,0,788.3969923
-0.000436712,0.0002,0,788.3969923
-0.000441549,0.000193572,-4.32E-05,788.3457422
-0.000145019,2.36E-05,-0.000188884,788.2088948
-0.0006,2.27E-05,-0.000129115,787.7594828
-0.000241734,0.000174166,-9.71E-05,787.744384
2.81E-05,5.06E-05,-9.89E-05,787.7406669
1.93E-05,1.15E-05,-0.000131753,787.7371015
-0.000449544,0.000159976,-0.000103653,787.5518512
2.21E-05,8.94E-05,-5.83E-05,787.5085151
-0.000136092,0.000168355,-6.74E-05,787.1855801
-0.0006,0.000134195,-7.94E-05,787.1447146
-0.0006,6.32E-05,-0.00012133,787.0539424
-0.000329433,0.0002,-4.47E-05,786.6571006
9.58E-06,0.000110264,-3.31E-05,786.6065972
-0.000539777,0.000111055,-0.000120369,786.5955871
-0.000423241,0.000173677,-9.30E-05,786.4634
-0.000284823,0.000130307,-0.000149184,786.4290346
-0.000548954,0.000182283,0,786.2918154
-0.000548954,0.000182283,0,786.2918154
-0.000548954,0.000182283,0,786.2918154
-0.000548954,0.000182283,0,786.2918154
-0.000415509,0.0002,-3.04E-05,785.9532093
-0.00012103,0.000133088,-0.000125387,785.5161149
-0.000210015,8.52E-05,-0.000175068,784.6733094
-0.0006,8.93E-05,-0.000111871,784.5639567
-0.000440192,0.0002,-1.14E-05,784.2853273
-0.000489999,3.76E-05,-0.000156695,784.2709646
-0.0006,5.70E-05,-0.000124048,784.2638547
-0.000452255,0.0002,0,783.9850561
-0.000487056,9.46E-05,-0.000142148,783.6370137
4.09E-06,4.77E-05,-0.000133097,783.6360637
-0.000426978,0.0002,-2.48E-05,783.2037024
-0.0006,8.28E-05,-0.000116054,783.1388716
-0.000572433,0.000157489,-6.38E-05,783.0795041
-0.000570338,0.000123569,-0.000101417,782.8331737
-0.000253597,0.0002,-2.44E-05,782.7734198
-0.000401355,0.0002,-4.39E-05,782.5071216
-0.000496757,0.000194407,-7.14E-06,782.4951668
-0.000562689,0.000178147,-2.15E-05,782.1816582
-1.49E-05,2.87E-05,-0.000157113,781.9000666
-0.000254256,0.0002,-2.76E-05,781.8777498
-0.000331274,0.0002,-5.18E-05,781.838973
-0.000379531,0.000193735,-6.60E-05,781.6134265
-0.000508106,0.000175951,-6.33E-05,781.5055276
-0.000404204,0.00016609,-0.000108405,781.143339
6.91E-05,2.47E-05,-3.28E-05,780.9156541
6.38E-05,5.67E-05,0,780.7909141
6.38E-05,5.67E-05,0,780.7909141
6.38E-05,5.67E-05,0,780.7909141
-0.00023184,0.0002,0,780.5449959
-0.00023184,0.0002,0,780.5449959
-0.000362023,0.0002,-4.95E-05,780.3245588
-0.000362339,0.0002,-4.96E-05,780.1617683
-0.000446328,0.0002,-1.28E-05,780.1515526
-0.000250371,0.0002,-2.81E-05,780.1044928
-0.000362064,0.0002,-4.98E-05,780.0917419
-0.00036152,0.0002,-4.98E-05,780.073428
-0.000362193,0.0002,-4.98E-05,780.0421031
-0.00036213,0.0002,-4.98E-05,779.9476522
-1.81E-05,6.24E-05,-0.000142097,779.8573546
-0.000597437,0.000170156,-6.11E-06,779.7919619
-0.000448764,0.0002,-9.90E-06,779.7443782
-3.98E-05,3.81E-05,-0.000166887,779.7242998
-0.000362376,0.0002,-5.00E-05,779.6908091
-0.000324398,0.0002,-5.22E-05,779.2713484
-0.000247084,0.0002,-2.31E-05,779.183194
-0.000361664,0.0002,-5.04E-05,779.068151
1.84E-05,1.81E-05,-0.000131989,778.2767947
-0.000363089,9.69E-05,-0.000163005,778.2668581
-0.000251259,0.0002,-3.01E-05,777.8137281
-0.000455218,0.0002,-8.79E-06,777.812021
-0.000455218,0.0002,-8.79E-06,777.812021
-0.0006,8.57E-05,-0.000116531,777.6905914
-0.000430974,0.0002,-3.09E-05,777.3708237
-0.000317158,9.86E-05,-0.000167313,777.259045
2.51E-06,4.99E-06,-0.000149896,777.1885312
-0.0006,0.000171418,0,776.8845589
-0.0006,0.000171418,0,776.8845589
-0.000513663,9.19E-05,-0.000137038,776.773403
-0.000451413,0.0002,-1.39E-05,776.7253637
-0.000157848,0.000173799,-7.24E-05,776.6321187
-4.16E-05,0.000123263,-9.06E-05,776.6150183
-0.00047103,0.0002,0,776.5257438
-0.00047103,0.0002,0,776.5257438
-0.000430507,0.000152389,-0.000119082,776.5104452
-0.00030046,0.0002,-5.38E-05,776.4793634
2.10E-05,0.000109785,0,776.3432994
2.10E-05,0.000109785,0,776.3432994
2.10E-05,0.000109785,0,776.3432994
-0.000478901,0.0002,0,776.1387174
-0.000527412,5.64E-05,-0.000146162,776.1363699
-0.0006,6.63E-21,-0.000132665,775.9112648
-0.00053963,0.000170819,-6.32E-05,775.8291814
-0.000477133,0.0002,-5.01E-06,775.4380634
-0.000477133,0.0002,-5.01E-06,775.4380634
-0.0006,4.38E-05,-0.000129833,775.4366958
-0.000510578,0.000150259,-0.000103133,775.415825
-2.08E-06,6.36E-05,-0.000127927,775.3685901
-5.29E-05,3.89E-05,-0.000172263,775.3003218
-0.0006,0.000152773,-6.19E-05,775.1497737
-0.000292926,0.000102383,-0.000167525,774.7872668
-0.00012934,0.000173555,-5.03E-05,774.5009101
-0.000575254,4.15E-05,-0.000137564,774.2282976
-0.0006,0.000164799,-4.29E-05,774.0984901
-0.00032772,0.0002,-5.73E-05,773.6569804
-0.000396938,0.000187378,-8.23E-05,773.494444
-0.000440022,0.0002,-2.93E-05,773.4727297
-2.12E-05,2.37E-05,-0.000163054,773.1766222
-0.000390464,7.42E-05,-0.000167815,773.0160828
-0.000254218,0.0002,-3.52E-05,772.6075367
-0.000185531,0.000193245,-6.15E-06,772.5961467
-0.000311001,0.000191432,-7.84E-05,772.5392647
-0.00040867,0.0002,-5.23E-05,772.5176681
-0.0006,0.000170526,-2.15E-05,772.216853
-0.000434687,0.0002,-3.65E-05,771.9494162
-0.000434687,0.0002,-3.65E-05,771.9494162
-4.68E-05,6.70E-05,-0.00015684,771.886257
-0.000481562,7.22E-05,-0.000153404,771.1985068
-2.32E-05,0.000106127,-0.000100396,770.7483272
2.75E-05,6.80E-06,-0.000123633,770.3551487
-3.01E-05,1.45E-05,-0.00016954,770.1098996
-0.000377904,1.43E-05,-0.000179435,769.6605745
-0.0006,6.36E-05,-0.000126863,769.4565624
-2.97E-05,9.51E-05,-0.000121846,768.9702229
-0.000583869,9.84E-05,-0.000118817,768.9316188
-0.000447865,0.0002,-3.95E-05,768.7615023
-0.000447865,0.0002,-3.95E-05,768.7615023
-0.000576424,0.000174011,-4.29E-05,768.2691385
-0.00034172,0.000103374,-0.00016448,768.1771003
3.86E-05,6.06E-05,-7.40E-05,768.1192497
5.97E-05,7.31E-21,-6.56E-05,768.0035917
-0.000265146,0.000174545,-0.000106819,767.8342353
9.74E-06,0.000114004,-1.63E-05,767.7410472
-0.000170404,0.000185415,-4.50E-05,767.655934
-0.00027413,6.38E-05,-0.000183237,767.4865945
-0.00021547,0.0002,0,767.3936897
-0.0006,8.32E-05,-0.000121043,767.0618865
-0.0002915,0.0002,-5.92E-05,766.668369
7.36E-05,1.09E-05,-2.90E-05,766.5770485
6.52E-05,1.10E-05,-5.34E-05,766.5400633
-0.0006,3.51E-05,-0.000133684,766.4540827
3.92E-05,5.06E-05,-8.28E-05,766.1311221
-0.000168169,0.000156309,-0.000118059,765.9547814
-2.80E-05,0.000119176,-8.48E-05,765.5016417
-0.000529886,0.000191476,-2.09E-05,765.2188188
1.27E-05,7.40E-05,-0.000100851,765.1246288
-0.000505502,0.000199788,0,765.0130366
-0.000505502,0.000199788,0,765.0130366
-0.000557755,7.92E-05,-0.000135486,764.7477765
-0.00050916,0.000133583,-0.000120999,764.5620122
-0.000504951,0.0002,-2.21E-07,764.5363954
-0.000441553,0.0002,-4.70E-05,764.4759108
-0.000441553,0.0002,-4.70E-05,764.4759108
-0.000505348,0.0002,0,764.425717
-0.000505348,0.0002,0,764.425717
-0.000505546,0.0002,0,764.3941195
-0.000505502,0.0002,-1.26E-07,764.3204576
-9.27E-05,6.21E-05,-0.000175233,764.1502948
-3.23E-05,0.000141484,-1.84E-05,764.0623
-0.000506234,0.0002,0,764.0337068
-0.000506234,0.0002,0,764.0337068
-0.000506234,0.0002,0,764.0337068
-0.000506234,0.0002,0,764.0337068
-0.000176955,0.000114465,-0.00016068,763.9849344
-0.000433398,0.0002,-4.83E-05,763.5648182
-0.00037375,0.000171723,-0.00011118,763.3951439
-7.76E-06,4.97E-05,-0.000144488,763.3200201
-0.000262727,0.0002,-5.23E-05,763.2091521
-0.0006,0.000110317,-0.000108867,763.0835389
-0.00048681,0.0002,-1.97E-05,763.0356032
-0.000438608,1.42E-05,-0.000171973,762.9696904
-0.000381822,0.0002,-6.24E-05,762.7201735
-0.000168884,8.56E-05,-0.000175783,762.5953722
-0.000460108,1.42E-05,-0.000168037,762.496412
-1.82E-05,0.000110011,-9.01E-05,762.1478522
-0.000528359,0.000127602,-0.000122065,761.8185822
-1.44E-07,1.15E-05,-0.000152755,761.6817939
-1.89E-05,0.000118313,-7.53E-05,761.1804586
-0.00021688,0.0002,-1.68E-05,761.1696134
-0.000426597,4.82E-05,-0.000170518,760.9593014
-6.32E-06,9.37E-05,-0.000101471,760.8212717
-9.00E-05,7.31E-21,-0.000188272,760.5946771
-0.000543621,0.000187341,-4.23E-05,760.4681091
-0.000501122,5.64E-05,-0.000155799,760.3349106
2.44E-05,1.88E-05,-0.000126208,760.0816536
-0.000463765,0.0002,-4.32E-05,759.8830278
-0.000463765,0.0002,-4.32E-05,759.8830278
-0.000196482,0.000190906,-5.05E-05,759.8591325
-0.000490317,0.000176948,-8.49E-05,759.6169007
2.45E-05,1.28E-05,-0.000128132,759.5697267
-0.000512096,0.000192473,-4.24E-05,759.5177751
-2.02E-05,8.63E-05,-0.000124783,759.0721333
-0.000217824,0.0002,-2.81E-05,759.0588977
-0.00024031,0.0002,-3.94E-05,758.96275
-0.000386622,0.0002,-6.55E-05,758.9455799
-2.78E-05,4.82E-05,-0.000159043,758.4757862
3.94E-06,9.92E-05,-7.90E-05,758.4566953
-0.000540674,0.00019372,-6.94E-06,758.2878402
-3.12E-05,2.68E-05,-0.000168565,757.9989076
7.75E-06,1.97E-05,-0.000144515,757.6311207
-8.49E-06,0.000113327,-7.16E-05,757.6307531
-0.000297098,6.25E-05,-0.000183235,757.483819
-0.000417108,1.42E-05,-0.000175909,757.2043197
-0.00041147,0.000144801,-0.000134511,756.9936034
-7.25E-07,2.00E-05,-0.00015199,756.7838653
-0.000142001,0.000117678,-0.000152416,756.6624944
-0.000265945,0.0002,-5.88E-05,756.6236073
-0.000196507,0.000144478,-0.000137222,756.4601763
-0.000377726,0.0002,-6.81E-05,756.3990448
-0.000116373,0.000162381,-7.88E-05,756.0829366
-0.000564474,0.000113549,-0.000121565,756.0432248
-0.000343787,0.000196423,-7.62E-05,755.9534215
1.39E-05,1.78E-05,-0.000139509,755.463748
-0.000555477,0.000191816,-6.68E-06,755.3724629
-0.000382752,0.000142971,-0.000140504,755.191598
-0.000579389,0.000186389,0,755.0979984
-0.000579389,0.000186389,0,755.0979984
-0.000579389,0.000186389,0,755.0979984
-0.000579389,0.000186389,0,755.0979984
4.17E-06,7.50E-05,-0.000113025,754.9123783
-0.000211598,0.0002,-2.81E-05,753.9780774
-7.33E-05,0.000132019,-0.000107611,753.9420918
-0.000521841,0.000171816,-8.48E-05,753.9405545
-0.000196166,0.000122055,-0.00015738,753.914746
3.17E-05,7.32E-05,-7.13E-05,753.9011324
-0.000130833,0.000162282,-8.93E-05,753.8956028
-0.000395608,1.42E-05,-0.000179845,753.7497118
-0.000524692,0.0002,-6.31E-06,753.4176325
-6.52E-05,0.000140413,-8.62E-05,753.1206222
-2.23E-05,1.39E-05,-0.000167336,753.0358476
6.41E-05,2.54E-05,-5.17E-05,752.8943079
-0.000530965,0.0002,0,752.8135383
-0.000530965,0.0002,0,752.8135383
-0.000530965,0.0002,0,752.8135383
-0.000240845,6.19E-05,-0.000186654,752.5959706
-0.000200045,0.0002,0,752.5393233
-0.000200045,0.0002,0,752.5393233
-0.000256109,0.0002,-5.86E-05,751.8583981
-0.000145292,0.000162182,-9.99E-05,751.708269
-0.000206655,0.0002,-1.61E-05,751.6652892
-0.0006,0.000130438,-1.00E-04,751.5095321
-0.0003867,0.000101191,-0.000163208,751.4872188
-0.000538359,9.44E-05,-0.000138234,751.3675036
-0.000593124,0.000182254,-2.15E-05,751.2829777
-5.81E-05,0.000113327,-0.000124399,751.211726
-0.0006,7.12E-05,-0.000130113,751.1712865
-8.63E-06,1.91E-05,-0.000158502,751.130566
-7.37E-06,0.000107654,-8.27E-05,750.8214732
-0.000498538,0.0002,-3.72E-05,750.0828901
-0.000214672,3.89E-05,-0.000192914,749.625387
-1.78E-05,9.64E-05,-0.00011251,749.5408995
-0.000381357,0.0002,-7.24E-05,749.5328508
-1.06E-05,5.77E-06,-0.000161856,748.9513982
-0.0006,0.000156038,-7.63E-05,748.8669625
-0.000471232,3.30E-05,-0.000167141,748.5746142
-0.00030973,0.0002,-6.99E-05,748.3871997
-0.000553365,0.000166683,-8.47E-05,748.2642083
-0.0006,4.44E-05,-0.000137673,748.0282371
-0.000222559,0.000196396,-5.61E-05,747.8177036
-0.000245272,0.000104384,-0.000171536,747.5534912
-7.66E-05,0.000117751,-0.000130232,747.2809159
-0.000268432,0.000110828,-0.000168687,747.0943367
-0.000361194,0.000190066,-9.25E-05,746.9980045
-0.000343257,0.0002,-7.27E-05,746.9309234
-0.000448939,0.0002,-5.82E-05,746.6101734
-0.000448939,0.0002,-5.82E-05,746.6101734
-0.000220966,0.000172405,-0.000110176,746.5697301
-0.0006,0.00016752,-6.31E-05,746.3574074
4.76E-05,7.31E-21,-9.37E-05,746.3414215
-0.000339742,0.000166947,-0.000124595,746.3216919
-0.000277517,0.000195118,-7.91E-05,746.254844
-0.000354034,0.000141141,-0.000146496,746.2316237
-0.000590158,0.000169875,-6.44E-05,745.5888583
-0.000531944,0.0002,-1.01E-05,745.5237492
-0.000531944,0.0002,-1.01E-05,745.5237492
-0.000538566,0.0002,0,745.4708193
-0.000538566,0.0002,0,745.4708193
-0.0006,0.000177192,-4.29E-05,745.4042319
-0.000142896,9.03E-05,-0.000172521,745.3036795
3.90E-05,1.50E-05,-0.000107812,745.0397267
2.68E-05,2.64E-05,-0.000122293,745.022336
-0.0006,0.000180183,-3.22E-05,745.0098675
-0.0006,0.000183181,-2.15E-05,744.8425334
3.22E-05,2.57E-05,-0.000115135,744.8307509
3.03E-05,1.92E-05,-0.000120123,744.5271942
-0.000303528,8.68E-05,-0.000177809,744.1727259
-0.000217588,0.000145746,-0.000143283,743.4556843
-0.000279297,9.06E-05,-0.000178021,743.4193161
-0.000251087,2.65E-05,-0.000193592,743.4129511
-0.0006,0.000106997,-0.000118539,743.3075904
-0.000346852,0.0002,-7.63E-05,743.2939731
-0.000220506,6.17E-05,-0.000188241,743.2415993
-4.97E-06,4.03E-05,-0.000149635,743.1996758
-1.49E-05,0.000123737,-6.31E-05,743.1712835
-2.79E-05,7.31E-21,-0.000171662,742.7704763
-0.000561045,5.49E-21,-0.000152453,742.3949223
-0.00059604,0.00013732,-0.000100974,741.9952758
-0.000572366,0.000192989,-6.09E-06,741.9328541
-4.11E-05,0.00010879,-0.000119528,741.6842465
-0.000560086,6.03E-05,-0.000146306,741.6781774
-0.000486824,0.0002,-5.10E-05,741.6395442
-0.0006,0.000174733,-5.18E-05,741.5601298
-0.00034018,0.0002,-7.64E-05,741.5431484
-0.000582508,0.000162522,-8.36E-05,741.4530196
-0.0006,0.000185647,-1.26E-05,741.123642
-0.000506167,0.0002,-4.27E-05,740.6658467
-0.000506167,0.0002,-4.27E-05,740.6658467
-0.000525831,0.000188337,-6.39E-05,740.6656459
1.64E-05,2.64E-05,-0.00013576,740.3485229
-0.000125137,0.000183607,0,740.1001976
-0.000125137,0.000183607,0,740.1001976
-0.000125137,0.000183607,0,740.1001976
-0.000125137,0.000183607,0,740.1001976
-0.000401554,0.0002,-7.51E-05,740.0570823
2.41E-05,6.90E-06,-0.000131523,740.0007539
-0.0006,0.000137169,-0.000100635,739.866372
-0.0006,6.42E-05,-0.000135416,739.7806872
-0.000507743,0.000116908,-0.000138864,739.6543868
1.27E-05,6.34E-06,-0.000144326,739.4277042
3.53E-05,8.19E-06,-0.000115951,739.2517978
-0.000301659,0.0002,-7.51E-05,739.1996395
-0.000314387,0.0002,-7.81E-05,739.1438172
-0.000282159,2.65E-05,-0.000192421,738.9052953
-0.0006,0.000129944,-0.000106066,737.9296423
-0.000107903,0.000166496,-6.60E-05,737.6748025
-0.000494307,0.00019347,-6.40E-05,737.6291482
-0.000327318,0.000143384,-0.000148885,737.6281623
3.19E-05,1.23E-05,-0.000120538,737.5913099
-5.45E-05,8.93E-05,-0.000149311,737.2715152
-0.00034483,0.0002,-7.99E-05,737.2669354
-0.000422585,7.52E-05,-0.00016946,736.5923604
-0.000512245,7.52E-05,-0.000154904,736.3988566
1.56E-05,6.62E-05,-0.000110818,736.2041787
-0.0006,0.00018917,0,735.8044901
-0.000496778,0.000167777,-0.000103848,735.7964878
-0.000230748,2.63E-05,-0.000195179,735.7653679
-0.000542084,0.0002,-2.13E-05,735.6781374
-2.86E-05,7.51E-05,-0.000145397,735.5167394
-0.000219417,0.0002,-4.70E-05,735.5113872
-0.0006,0.000147004,-9.32E-05,735.159626
1.85E-05,7.31E-21,-0.000138571,735.1442885
-0.000558078,0.0002,0,734.9441871
-0.000558078,0.0002,0,734.9441871
-0.000174551,0.000184891,-7.11E-05,734.7468
-5.05E-05,1.53E-05,-0.000180562,734.7289308
-0.000187602,0.000164422,-0.000117225,734.2904235
-6.50E-05,1.30E-05,-0.000184969,733.8575851
-0.000547851,0.0002,-1.76E-05,733.7470442
-8.02E-05,2.03E-05,-0.000187743,733.4916627
-0.000522868,0.0002,-4.28E-05,733.4315209
-0.000585316,0.000193576,-6.47E-06,733.3467679
1.55E-05,4.94E-05,-0.000125555,733.3072717
-0.000374057,2.86E-05,-0.000184641,733.1692478
-0.000178124,6.80E-05,-0.000187234,732.9547622
-0.000223585,0.0002,-5.47E-05,732.9391348
-0.000557355,0.000183205,-6.38E-05,732.903136
-0.000313026,0.00016919,-0.000126983,732.8864065
-0.0006,0.000164745,-7.51E-05,732.6809864
-0.000205421,0.0002,-3.83E-05,732.4702506
3.68E-06,8.55E-05,-0.00010519,731.6005673
6.17E-06,1.23E-05,-0.000150282,731.3885974
-0.000549875,0.0002,-2.15E-05,731.287576
-0.000553055,0.000130097,-0.000123261,731.2662199
-0.000225972,0.0002,-5.80E-05,731.2584123
-0.000546678,0.0002,-2.63E-05,731.2169304
3.92E-06,2.80E-05,-0.000148446,730.7781217
-0.000590429,8.31E-05,-0.00013563,730.7022897
-1.36E-05,4.00E-05,-0.000156952,730.4910182
-0.000526941,0.000110927,-0.00013993,730.4658285
-0.000528303,0.000162645,-0.000103742,730.1201416
-0.000278612,0.0002,-7.67E-05,729.8587648
-0.000188728,0.0002,-1.87E-05,729.7720011
-0.000482355,5.18E-05,-0.000166246,729.7669119
-0.000456131,0.000185981,-9.50E-05,729.4646642
-0.0006,0.000138065,-0.000104908,729.376388
5.83E-05,5.41E-05,-4.38E-05,729.2517904
-0.000563733,0.0002,-7.65E-06,729.2065325
-0.000306625,0.0002,-8.28E-05,729.1755238
-0.000246012,8.87E-05,-0.000181438,729.1384791
-0.0006,0.000161855,-8.21E-05,729.0712784
-0.000495884,0.0002,-5.58E-05,728.9384513
-0.000495884,0.0002,-5.58E-05,728.9384513
-0.000533649,0.0002,-4.28E-05,728.7614547
-8.19E-05,0.000147845,-9.40E-05,728.5322065
-0.000188644,0.0002,-2.30E-05,728.4163023
-0.000218929,0.0002,-5.52E-05,728.4156919
4.53E-05,3.91E-05,-8.68E-05,728.2632116
4.51E-05,8.37E-05,-2.63E-05,728.134193
5.03E-05,5.08E-05,-6.81E-05,728.0827051
-0.0006,2.27E-05,-0.000145664,728.0191919
-0.000222367,0.0002,-5.84E-05,727.5627269
-0.000186423,0.0002,-2.25E-05,727.1547705
-0.0006,6.24E-06,-0.000146216,727.0120671
5.66E-05,1.17E-05,-7.64E-05,726.4976637
-0.000186974,8.38E-05,-0.000182386,726.265646
-0.000305128,2.52E-05,-0.000192419,726.0957907
-0.000336599,2.86E-05,-0.000189592,726.0584169
-0.000571409,0.0002,0,725.8631325
-0.000571409,0.0002,0,725.8631325
1.92E-05,1.07E-05,-0.00013842,725.5483368
-0.0006,3.92E-05,-0.000144085,725.2817569
-0.00027141,0.0002,-7.72E-05,725.2420846
-0.00016966,0.000197543,-4.34E-06,724.976706
-5.26E-05,7.31E-21,-0.000182876,724.705711
-0.000576644,0.000152502,-0.000103722,724.661851
-0.000534754,5.49E-21,-0.00016209,724.5331152
-0.000269635,0.000146321,-0.000150308,724.3360262
-0.000393301,0.0002,-8.65E-05,724.3106689
-0.00051206,0.0002,-5.49E-05,724.2367241
-0.0006,5.52E-05,-0.000142277,723.9163993
-6.96E-05,0.000163321,-3.17E-05,723.6881705
-0.000528648,0.0002,-4.92E-05,723.6718004
-0.000200628,0.000190381,-7.67E-05,723.599718
-0.000118426,0.000117807,-0.000152221,723.4479151
-0.000300601,0.000145627,-0.000151273,723.1694332
-0.000281524,0.0002,-8.18E-05,723.114929
-0.000183895,0.0002,-2.25E-05,722.7008193
-0.000188552,0.0002,-2.77E-05,722.3682188
-0.000238668,0.000147014,-0.000149343,722.2578901
6.50E-07,0.00011762,-5.50E-05,722.0889383
-1.73E-05,7.31E-21,-0.000168415,722.0380031
-0.000573942,0.0002,-2.15E-05,721.8125898
-3.16E-05,0.000119413,-9.90E-05,721.6559919
-0.0006,8.42E-05,-0.000135672,721.5340195
-4.24E-05,2.40E-05,-0.000177675,721.5208175
-8.45E-05,0.000166966,-4.24E-05,721.4774194
-0.000406863,9.59E-05,-0.000168489,721.4537767
-0.000176786,0.000199814,0,721.3207029
-0.000176786,0.000199814,0,721.3207029
-0.000176786,0.000199814,0,721.3207029
-0.000176786,0.000199814,0,721.3207029
-0.000275023,0.0002,-8.16E-05,721.1621204
-0.0006,0.00011961,-0.00011973,721.1418617
-0.000451555,0.0002,-7.95E-05,721.0742458
-0.000177613,0.0002,-1.87E-06,720.7045242
-0.000489163,0.0002,-6.43E-05,720.7014817
6.24E-05,1.92E-05,-6.48E-05,720.6450844
-0.000177045,0.0002,0,720.6210532
-0.000184741,0.0002,-2.53E-05,720.5358747
-0.000217619,0.0002,-6.03E-05,720.4421318
-0.000176701,0.0002,0,720.3179182
-0.000176701,0.0002,0,720.3179182
-0.000363553,0.0002,-8.83E-05,720.3110559
-0.000578542,0.0002,-1.35E-05,720.2195264
7.62E-05,3.10E-05,-1.57E-05,720.1212798
-0.000223018,0.000100026,-0.000178069,720.1186818
5.18E-05,1.50E-05,-8.80E-05,720.0968309
3.25E-05,3.84E-05,-0.000111016,719.9885342
-3.12E-05,0.000130992,-7.82E-05,719.9884418
-0.000139405,5.13E-05,-0.000191099,719.8810186
-4.71E-05,0.000136465,-8.58E-05,719.8285322
-0.00017629,0.0002,-3.86E-07,719.5913376
-0.000195824,9.96E-05,-0.000177538,719.5765299
-0.000586398,0.0002,0,719.5680663
-0.000586398,0.0002,0,719.5680663
-0.000571033,9.82E-05,-0.000138378,719.5562169
-0.000161995,0.000173274,-9.85E-05,719.4585609
-0.000200158,2.88E-05,-0.00019785,719.3365437
-9.94E-05,0.00017061,-5.31E-05,719.2666683
-0.000175945,0.0002,0,719.1675885
-0.000175945,0.0002,0,719.1675885
6.21E-05,6.39E-05,-1.67E-05,719.1154087
-0.000508042,0.000189334,-8.55E-05,718.777019
-2.59E-05,9.25E-05,-0.000130088,718.7138591
8.07E-05,7.31E-21,-1.73E-05,718.1466191
-0.000560437,0.0002,-4.15E-05,717.8562314
-0.000560437,0.0002,-4.15E-05,717.8562314
-0.000429828,0.000199682,-8.43E-05,717.6822475
-0.0006,0.000195606,-2.15E-05,717.6430352
-0.00027245,0.000170118,-0.000129203,717.5959875
-0.000561346,0.000199727,-4.29E-05,717.5420636
-0.000559666,0.0002,-4.29E-05,717.4914224
-0.000559666,0.0002,-4.29E-05,717.4914224
-0.000429488,0.0002,-8.40E-05,717.2117914
-0.000561097,0.0002,-4.29E-05,716.9916923
-0.000561097,0.0002,-4.29E-05,716.9916923
-0.000429944,0.0002,-8.41E-05,716.9753446
-0.000561352,0.0002,-4.28E-05,716.9612285
-0.0005619,0.0002,-4.22E-05,716.9532998
1.19E-05,0.000121069,0,716.9130466
1.19E-05,0.000121069,0,716.9130466
-9.52E-05,0.000146104,-0.000109215,716.8592937
-0.00056147,0.0002,-4.29E-05,716.8493889
-0.000561251,0.0002,-4.32E-05,716.7058394
-0.000561251,0.0002,-4.32E-05,716.7058394
-0.0006,0.000189815,-4.29E-05,716.654955
-0.000429736,0.0002,-8.44E-05,716.61732
-0.000429182,0.0002,-8.44E-05,716.5609342
-0.000190913,1.62E-05,-0.000198964,716.4829898
-0.000430679,0.0002,-8.44E-05,716.4166865
-0.000197167,0.0002,-5.03E-05,716.3548077
-0.000503652,0.0002,-6.43E-05,716.0972059
-0.000545878,1.88E-05,-0.000161195,715.9360539
-0.000577665,0.0002,-2.65E-05,715.8665988
-0.000582719,0.0002,-2.15E-05,715.7530186
-0.000563372,0.0002,-4.29E-05,715.7194244
-0.000463007,0.0002,-7.92E-05,715.4378291
-0.0006,0.000176696,-7.23E-05,715.193806
-0.000378414,6.57E-05,-0.000181434,715.1169821
-7.53E-05,0.000157048,-6.95E-05,715.115457
2.61E-05,3.75E-05,-0.000122201,714.522552
-0.00032545,0.000192753,-0.000102693,714.5109533
-0.000476517,0.000194467,-8.56E-05,714.2055725
-0.000590176,0.0001273,-0.000121122,713.9960005
2.57E-05,6.62E-05,-9.98E-05,713.9626675
-0.000591408,5.49E-21,-0.000152453,713.8808059
-0.000429343,0.0002,-8.59E-05,713.853318
-0.00013983,0.000189471,-3.07E-05,713.5167591
-0.000369706,0.0002,-9.28E-05,713.4987569
-0.000415684,0.000178638,-0.000117373,712.9323595
-0.000452465,2.84E-05,-0.000177588,712.8782637
-0.000593972,0.0002,-1.02E-05,712.592742
-0.000597025,0.000195382,-3.29E-05,712.4597012
-1.03E-05,1.28E-05,-0.000164474,712.2597339
-0.000556464,0.0002,-4.89E-05,712.1084307
-0.000556464,0.0002,-4.89E-05,712.1084307
-0.00050324,0.000158606,-0.000122824,711.9760749
-0.000516644,0.0002,-6.44E-05,711.4554256
-0.0006,0.0002,0,711.033605
-0.00057109,0.000179069,-8.53E-05,710.7735625
-0.000335158,0.000120111,-0.000168175,710.4353765
-0.0006,0.0002,-4.24E-06,710.1140649
-0.000444028,6.29E-05,-0.000174297,710.0496092
3.94E-05,3.82E-05,-0.000101975,710.0029069
-0.000240521,0.000198261,-8.00E-05,709.8279883
-8.06E-06,7.26E-05,-0.000134968,709.7246176
4.50E-06,6.99E-05,-0.000125031,709.6536581
-0.00059276,6.41E-05,-0.000146449,709.5613819
-2.53E-05,6.74E-05,-0.000152833,709.344541
-0.000522439,0.000152625,-0.00012389,709.232645
3.85E-05,9.84E-05,0,709.0840613
3.85E-05,9.84E-05,0,709.0840613
3.85E-05,9.84E-05,0,709.0840613
3.85E-05,9.84E-05,0,709.0840613
3.85E-05,9.84E-05,0,709.0840613
-3.73E-06,1.25E-05,-0.000160326,708.7568006
-0.000119071,7.37E-05,-0.000182388,708.6890756
-0.0006,0.0002,-1.84E-05,708.2158576
1.14E-06,7.31E-21,-0.000157394,708.2040309
-0.000180484,7.31E-21,-0.00020042,707.9172583
-0.000358331,0.0002,-9.58E-05,707.7112367
-0.0006,0.0002,-2.15E-05,707.635754
-0.000377935,9.14E-05,-0.000176002,707.2635427
-0.000430964,2.84E-05,-0.000181524,707.112893
4.13E-06,5.99E-05,-0.00013375,707.0858143
7.14E-06,3.83E-05,-0.000143958,707.028327
-9.96E-05,0.000178446,-2.65E-05,706.911177
-0.0006,0.000172018,-8.31E-05,706.8784498
-0.0006,0.000172018,-8.31E-05,706.8784498
-0.000477854,0.0002,-7.86E-05,706.8413872
-0.000494275,0.0002,-7.48E-05,706.6155427
-0.000541637,0.000146644,-0.000124956,706.4892151
-2.50E-05,0.000146016,0,706.1683774
-2.50E-05,0.000146016,0,706.1683774
-2.50E-05,0.000146016,0,706.1683774
-2.50E-05,0.000146016,0,706.1683774
-2.50E-05,0.000146016,0,706.1683774
-2.50E-05,0.000146016,0,706.1683774
-2.50E-05,0.000146016,0,706.1683774
-0.000187322,0.0002,-4.81E-05,705.9593805
-1.69E-05,5.31E-05,-0.000155964,705.8361485
-0.000493478,7.06E-05,-0.000165351,705.8308579
-2.92E-05,0.000112344,-0.00011139,705.7623962
2.33E-05,0.000108464,-3.26E-05,705.7120779
-0.0006,5.49E-21,-0.000152716,705.4728315
-0.0006,0.0002,-2.54E-05,705.3482987
-0.000389381,0.000192339,-0.000106695,705.0452393
-0.000429496,0.000105366,-0.000165772,704.911273
5.01E-05,2.78E-05,-8.94E-05,704.6939067
-0.000510617,0.0002,-7.20E-05,704.5823139
-0.0006,0.000101401,-0.000134839,704.13152
-0.000240911,0.0002,-7.92E-05,704.1190072
-8.31E-06,0.000105384,-9.86E-05,704.014469
-0.000248575,0.00017357,-0.000126657,703.5421471
-0.00035972,0.000124896,-0.000165342,703.1223336
-0.0006,6.50E-05,-0.000146481,703.052991
-0.000216234,1.62E-05,-0.000200115,703.0047379
5.37E-05,3.92E-05,-7.55E-05,702.8213704
-0.000544919,7.91E-05,-0.000155048,702.5725598
-0.000238798,0.0002,-7.91E-05,702.5351696
-0.000596541,0.000192668,-5.30E-05,702.4359219
-0.000242168,0.0002,-8.10E-05,702.3407583
-0.000180573,0.000145021,-0.000145363,702.0908054
-0.000366402,0.0002,-9.96E-05,701.9984076
-0.000508464,5.49E-21,-0.000171727,701.7536292
-0.000196287,0.0002,-6.08E-05,701.6099511
-0.000551638,0.000113421,-0.000141126,701.5840035
-3.34E-05,8.57E-05,-0.000145066,701.4278329
-0.000409464,2.84E-05,-0.00018546,701.3475222
-0.000324376,0.0002,-9.55E-05,701.2209524
-0.000543559,0.0002,-6.33E-05,701.1296656
-0.000592019,0.0002,-3.91E-05,701.0290236
-0.000240428,0.0002,-8.11E-05,700.8300976
-0.0006,9.68E-05,-0.000137714,700.8152638
-0.0006,0.000155488,-0.000102421,700.5749903
-0.0006,0.000132556,-0.000120952,700.5364044
-0.000308441,0.000122354,-0.000170563,700.4797825
5.47E-05,7.97E-05,0,700.3847882
5.47E-05,7.97E-05,0,700.3847882
5.47E-05,7.97E-05,0,700.3847882
5.47E-05,7.97E-05,0,700.3847882
-0.000542521,0.0002,-6.45E-05,700.2461613
-0.000589807,0.0002,-4.29E-05,700.2122149
-2.59E-05,0.000138469,-5.85E-05,699.9014022
9.83E-06,6.06E-06,-0.000151182,699.8758067
-0.000472159,0.0002,-8.58E-05,699.8616741
-0.000472159,0.0002,-8.58E-05,699.8616741
-0.000183116,0.000131571,-0.000156993,699.7041454
-0.000482979,0.000185296,-0.000104564,699.3782164
-0.000506325,0.000100232,-0.00015673,699.2798404
-2.38E-05,1.95E-05,-0.000172615,698.3179297
-0.000456433,0.000115454,-0.000159354,698.2371807
-0.00057078,0.000142483,-0.00012387,697.8719021
-0.0006,0.0002,-3.70E-05,697.8441933
-0.0006,0.000188987,-6.44E-05,697.5035602
-0.000594028,0.0002,-4.29E-05,697.4154246
-0.00016277,4.60E-05,-0.000196405,697.2624961
4.98E-05,6.80E-05,-5.38E-05,696.8119369
-0.000459682,0.0002,-9.03E-05,696.7561349
6.05E-05,3.62E-05,-6.44E-05,696.43075
-0.000591598,0.0002,-4.54E-05,696.4294803
-0.000484436,0.0002,-8.59E-05,696.2754993
-0.000114348,0.000159389,-0.000105457,696.2003724
-0.000223758,8.44E-05,-0.000187971,696.0766979
-0.0006,0.000109003,-0.000133754,696.0217694
-0.000396647,0.00017105,-0.000132802,695.9536164
-3.01E-05,6.07E-05,-0.000161157,695.8372085
-0.000496934,8.57E-05,-0.000163507,695.685477
-0.00057508,0.000195591,-6.44E-05,695.4124901
-6.51E-05,4.59E-05,-0.000182853,694.8932663
-5.81E-05,6.83E-05,-0.000170875,694.8795357
-0.0006,0.0002,-4.29E-05,694.7630175
1.50E-05,1.37E-05,-0.000145979,694.6047161
6.77E-05,5.38E-05,-2.36E-05,694.3770582
-0.000519587,1.88E-05,-0.000170832,694.371534
-0.000463588,4.72E-05,-0.000176693,694.0705614
-0.000171503,0.0002,-4.46E-05,693.574985
-0.000206315,7.61E-05,-0.000190711,692.9035436
-0.0006,0.00010166,-0.000138505,692.6789043
-8.47E-05,0.000174801,-1.59E-05,692.6451896
-0.000584014,0.0002,-5.29E-05,692.6102894
-0.000253243,0.000126841,-0.000169811,692.565266
-0.000458375,5.49E-21,-0.000181364,692.1795398
-0.000317549,0.0002,-9.98E-05,692.0907023
-0.000291966,0.000196439,-0.000103332,691.9576468
-1.25E-05,0.000137186,-3.21E-05,691.9438272
-0.00049964,0.0002,-8.59E-05,691.5584181
2.71E-05,4.97E-05,-0.000116095,691.4237184
-0.000331659,0.0002,-0.000102893,691.0388451
-0.000324398,0.0002,-0.000102712,690.8721241
-2.64E-05,8.13E-06,-0.000175908,690.7901923
-0.00028421,0.000126148,-0.000170776,690.4333838
-0.0006,8.49E-05,-0.000145137,690.3754898
-5.72E-05,2.79E-05,-0.000185313,690.3202706
-0.00037021,4.29E-05,-0.000189846,690.1214126
-3.37E-05,4.88E-05,-0.000169906,689.9243736
-0.000149805,0.000191712,-5.32E-05,689.3580927
1.34E-05,6.32E-05,-0.000123721,689.09392
-0.000571076,0.0002,-6.33E-05,688.9287718
-0.000525524,9.43E-05,-0.000157796,688.7716042
-0.000388833,0.0002,-0.000103075,688.5034004
-0.0006,1.11E-05,-0.000156813,688.4635838
-0.000575181,0.0002,-6.18E-05,688.2142808
-0.000152774,0.0002,-2.25E-05,688.1110054
-0.000367929,0.00016922,-0.000138794,687.7827335
-1.84E-05,7.26E-05,-0.000147063,687.6210865
-0.000178697,0.000184366,-9.72E-05,687.2088528
-0.000436875,5.49E-21,-0.0001853,687.073192
-0.000501823,0.000141931,-0.00014069,687.0684495
-0.0006,0.000105,-0.000139047,686.7011161
-9.30E-05,0.000162705,-8.60E-05,686.5297211
-0.000578552,2.27E-05,-0.000161338,686.4476358
-0.000184017,0.0002,-6.11E-05,686.1787243
3.14E-05,1.41E-05,-0.000127792,686.0929225
-7.06E-05,0.000108291,-0.000148531,686.0846933
-0.000179651,0.000157028,-0.000137171,686.0480376
-0.000525775,0.0002,-8.32E-05,685.9992348
-0.000525775,0.0002,-8.32E-05,685.9992348
-2.10E-05,8.52E-05,-0.000138676,685.9554332
5.94E-06,0.000110701,-7.22E-05,685.881625
-0.000577081,0.0002,-6.44E-05,685.5013109
-4.81E-05,5.00E-05,-0.000176307,685.3034733
-0.000450939,9.31E-05,-0.00017061,685.2584927
3.77E-05,1.81E-05,-0.000117287,685.0257564
-0.000413821,6.54E-05,-0.000182253,684.9283127
-0.000197465,6.03E-05,-0.000195559,684.8339359
-1.36E-05,2.04E-05,-0.000167956,684.4295057
-0.000521021,0.00013595,-0.000141756,684.3250196
-0.000475216,0.000144604,-0.0001458,684.3061909
-0.000122789,0.000180195,-7.01E-05,684.0885308
-9.50E-05,0.000116232,-0.000152545,683.8896459
-0.000370387,5.49E-21,-0.000193172,683.8047492
-0.0006,0.000165812,-0.000100948,683.7709218
-0.0006,7.35E-05,-0.000150124,683.7382123
-0.000154043,0.00016588,-0.000118485,683.6720839
-0.000523305,0.0002,-8.60E-05,683.6084272
-0.000523305,0.0002,-8.60E-05,683.6084272
-0.0006,0.0002,-5.43E-05,682.9315245
-0.000292765,0.0002,-0.000101591,682.7123349
2.65E-05,1.47E-05,-0.000134353,682.6591726
-0.000157412,0.0002,-3.20E-05,682.6588501
-1.60E-05,9.62E-06,-0.000171186,682.3718371
-0.00053071,3.76E-05,-0.000169936,682.2289576
-0.000490662,0.0002,-9.20E-05,682.1159534
-0.000573551,0.0002,-6.84E-05,681.9312409
2.18E-05,4.28E-05,-0.000129601,681.9185012
-0.000137249,0.000180095,-8.06E-05,681.901197
-0.000527121,0.0002,-8.60E-05,681.3895608
-0.000182774,0.000109148,-0.000177151,681.2623222
-7.41E-06,8.42E-05,-0.000127868,681.167337
4.93E-05,1.18E-05,-0.000100024,681.1461437
-0.0006,0.0002,-5.67E-05,680.5276506
-0.0006,0.000164998,-0.00010332,680.4725308
-0.000288084,0.0002,-0.000101924,680.1381665
3.88E-05,6.31E-05,-8.78E-05,679.8675948
-0.000145441,0.0002,-7.49E-06,679.4818901
-0.000524868,0.0002,-8.76E-05,679.2950946
-3.18E-05,0.000108654,-0.000124241,679.1112104
2.72E-05,6.02E-05,-0.000109496,679.040109
-0.000469055,0.000167639,-0.00013293,678.774127
-0.000141779,0.0002,0,678.4824373
-0.000141779,0.0002,0,678.4824373
-0.000415375,5.49E-21,-0.000189236,678.3688818
1.60E-05,9.87E-05,-7.90E-05,678.3134745
-3.41E-05,1.49E-05,-0.000180155,677.8133943
-0.000387173,0.0002,-0.00010924,677.6404093
-7.96E-06,6.20E-05,-0.000147593,677.6160818
-0.0006,0.000129148,-0.00013088,677.3629485
-0.000422416,0.0002,-0.000106341,677.2991812
-0.000536331,0.0002,-8.61E-05,677.1572776
-0.000536331,0.0002,-8.61E-05,677.1572776
-0.000198858,0.0002,-7.74E-05,676.9765487
-4.22E-05,6.18E-05,-0.000169555,676.8631806
-0.00054022,0.000129969,-0.000142822,676.8069986
-0.0006,0.0002,-6.07E-05,676.5285424
-0.000400617,0.000159243,-0.000147549,676.073497
-0.000219752,0.0001965,-9.31E-05,676.0569178
-0.000584312,0.000117281,-0.00014127,675.9610791
-0.000430693,0.0002,-0.000105285,675.8129547
-0.000409861,0.0002,-0.000107942,675.7798381
-0.000557291,0.000196588,-8.60E-05,675.6100269
-0.000489441,0.000176125,-0.00012354,675.5578035
-0.0006,0.000170623,-0.000100262,675.5560485
-0.0006,0.000170623,-0.000100262,675.5560485
-6.25E-05,0.000167961,-1.59E-05,675.4942783
-0.000520965,0.000170992,-0.000123434,675.4596919
-0.000474711,6.60E-05,-0.000175798,675.2628591
-0.0006,0.000198953,-6.44E-05,675.0602373
-3.20E-05,9.88E-05,-0.000136084,674.9801847
-0.000398099,8.62E-05,-0.000181283,674.9482639
-0.00032377,0.0002,-0.000109844,674.6639651
-0.000353637,0.000195026,-0.000116893,674.4426397
-0.000526978,0.0002,-8.97E-05,674.2805358
-0.000526978,0.0002,-8.97E-05,674.2805358
-0.000471653,0.0002,-9.86E-05,674.2737655
-0.0006,0.000188779,-8.44E-05,674.1563611
-0.0006,0.000188779,-8.44E-05,674.1563611
-0.000577593,8.29E-05,-0.000155191,673.9041177
-0.0006,0.000102061,-0.000144171,673.8631259
-0.0006,0.00016809,-0.000103612,673.6688039
-0.000402881,0.000122251,-0.000169228,673.6126375
-0.000482173,5.49E-21,-0.000181364,673.5404367
-3.36E-05,0.00013218,-9.25E-05,673.5065801
-4.17E-05,3.63E-05,-0.000179634,673.4739863
-0.000588815,0.000191455,-8.59E-05,673.2829166
-0.0006,0.0002,-6.44E-05,672.9671555
3.20E-06,7.31E-06,-0.000159388,672.9481147
-0.000297386,0.0002,-0.000107419,672.8153869
-0.000431235,0.000130901,-0.000161914,672.7854102
-0.000393875,5.49E-21,-0.000193172,672.70747
3.14E-05,7.31E-21,-0.00013061,672.6296621
-1.96E-05,3.89E-05,-0.000168087,672.6039126
4.21E-05,2.58E-05,-0.00011039,672.5990921
-0.00029114,0.0002,-0.000106845,672.3707752
1.29E-05,4.90E-05,-0.000137467,672.0793846
-0.0006,0.000196975,-7.15E-05,671.456365
-0.0006,0.000196975,-7.15E-05,671.456365
-0.000170092,0.0002,-6.15E-05,670.9759818
-4.18E-05,0.000119686,-0.000121015,670.9468593
-0.000554191,0.0002,-8.51E-05,670.5920106
-4.78E-05,0.000133469,-0.000105823,669.9332245
-0.000515092,0.0002,-9.42E-05,669.6751736
-0.000515092,0.0002,-9.42E-05,669.6751736
7.32E-05,4.37E-05,-3.05E-05,669.6387078
-0.0006,0.000162244,-0.000111341,669.313884
-6.92E-06,0.000100951,-0.000110855,669.3132688
-0.0006,2.27E-05,-0.000161338,669.2426042
-0.000206726,0.000170541,-0.000133652,669.1155777
-0.000341281,0.000163419,-0.000150254,669.103862
-4.37E-06,2.95E-05,-0.000161737,668.9586471
-0.000230989,0.000122483,-0.000176344,668.8092613
-4.62E-05,0.000109993,-0.000136555,668.7208226
-0.000371899,0.000157413,-0.000153541,668.6301256
-1.56E-05,2.86E-05,-0.000169355,668.5935433
-0.000559655,0.0002,-8.48E-05,668.583832
7.22E-05,5.44E-05,-8.36E-06,668.308877
-0.000220032,0.0002,-8.92E-05,668.2310147
-0.000421095,0.0002,-0.000110246,667.8455399
-0.000196766,0.000157227,-0.000148977,667.6685413
-0.000143859,0.0002,-2.66E-05,667.3242698
-0.0006,0.0002,-6.98E-05,667.2455223
-0.000493297,1.88E-05,-0.000180469,667.2109602
3.64E-05,7.28E-06,-0.000124347,666.7708759
-0.0006,4.53E-05,-0.000159425,665.9199477
-0.000114319,0.000184309,-5.73E-05,665.6803967
-1.79E-05,0.000132734,-7.19E-05,665.4371717
-0.000185791,0.0002,-7.50E-05,665.2108034
-0.000556463,0.0002,-8.85E-05,665.0159106
-0.000257278,0.0002,-0.000102366,664.5627251
-0.000222756,0.0002,-9.31E-05,664.5058865
-0.000353281,0.0002,-0.000114542,664.0872522
-0.000158055,0.0002,-4.99E-05,664.0199908
-7.15E-06,9.35E-05,-0.000121495,663.7041845
-0.000258957,0.0002,-0.000103349,663.4304166
-0.0006,0.00015348,-0.000122929,662.7856801
-0.0006,0.00015348,-0.000122929,662.7856801
-0.000267369,0.000136772,-0.000169692,662.6755592
-0.000138788,0.0002,-1.36E-05,662.5625135
-0.00013719,0.000177743,-9.97E-05,662.5125885
-0.000562504,0.0002,-8.92E-05,662.4698769
-0.00049907,0.0002,-0.000100376,662.4652396
2.03E-05,8.93E-05,-8.98E-05,662.3696815
-0.000259618,0.0002,-0.000103948,662.3493024
-0.000215437,0.0002,-9.05E-05,662.3320705
-0.000258481,0.0002,-0.000103823,662.248244
-0.0006,6.55E-05,-0.000157814,662.1918205
-0.000500405,0.000125255,-0.000158556,662.1608241
2.85E-05,7.65E-05,-9.48E-05,662.1187477
-0.000133612,0.0002,0,661.9555433
-0.000133612,0.0002,0,661.9555433
-0.000326989,0.000189225,-0.000128352,661.9229869
-0.000258401,0.0002,-0.000103937,661.9187816
-0.000258515,0.0002,-0.000103984,661.8305202
-9.98E-05,0.000186281,0,661.6022087
-9.98E-05,0.000186281,0,661.6022087
-9.98E-05,0.000186281,0,661.6022087
-9.98E-05,0.000186281,0,661.6022087
-9.98E-05,0.000186281,0,661.6022087
-9.98E-05,0.000186281,0,661.6022087
-9.98E-05,0.000186281,0,661.6022087
-9.98E-05,0.000186281,0,661.6022087
-9.98E-05,0.000186281,0,661.6022087
-0.000258435,0.0002,-0.000104077,661.5087675
-0.00058901,0.0002,-8.08E-05,661.4888717
-4.36E-07,0.000116406,-7.99E-05,661.3530902
-0.000558198,9.81E-05,-0.000157939,661.3326294
-0.000471396,0.0002,-0.000105164,661.2613186
1.85E-05,3.95E-05,-0.000137884,661.2267771
-0.000581054,0.0002,-8.37E-05,660.7176566
-0.000581054,0.0002,-8.37E-05,660.7176566
-0.000210474,0.000124971,-0.000174609,660.6886484
-0.000564916,0.000132463,-0.000144018,660.4558929
-0.000258688,0.0002,-0.000104602,660.3937461
-0.000357898,0.0002,-0.000117029,660.0691802
-2.03E-05,0.000102877,-0.000124758,659.5866125
8.96E-06,9.83E-05,-9.62E-05,659.2840882
-0.000148984,0.0002,-3.98E-05,659.269408
-0.000596483,0.000156234,-0.000123427,659.24176
-1.84E-05,6.39E-05,-0.00015708,659.1906229
-8.67E-05,0.000138773,-0.000130138,659.1402839
-0.000257008,0.0002,-0.000104897,658.9878654
-1.54E-05,0.000109575,-0.000111279,658.9256838
-0.000219566,0.0002,-9.53E-05,658.7139775
1.50E-05,8.74E-05,-0.000102486,658.7056549
-0.000491014,0.00011068,-0.000165333,658.5664607
-0.000500704,0.000197682,-0.000105173,658.5383347
-0.000532228,0.000192549,-0.000105067,658.4402231
-0.000449669,0.0002,-0.000112403,658.1286159
-3.05E-05,7.45E-05,-0.000158411,658.0752469
2.61E-05,6.56E-06,-0.000139429,657.9658132
7.68E-05,1.42E-05,-4.37E-05,657.3841123
-0.000153951,0.000191187,-7.93E-05,656.929365
-0.000227807,0.000171809,-0.000139713,656.8510852
-6.95E-05,9.09E-05,-0.00016584,656.8120009
-0.00050442,3.76E-05,-0.000179573,656.8001901
-0.000450018,0.000160051,-0.000148359,656.5924603
-0.000582951,0.000181436,-0.000106027,656.491748
-0.000486464,0.0002,-0.000105221,656.473279
-0.000314565,0.000165662,-0.000152642,656.3574074
-0.00017177,0.0002,-7.23E-05,656.2082939
-0.000563753,0.000187417,-0.000104961,656.1131128
-0.000425913,0.0002,-0.000114276,656.0569453
-0.0006,8.56E-05,-0.000155289,655.534376
4.06E-06,5.30E-05,-0.000145807,655.4889507
-5.79E-06,0.000125367,-7.29E-05,655.4869802
-0.000257484,5.29E-05,-0.00020071,655.4218523
-0.000444821,4.25E-05,-0.00018714,655.0959571
-0.000481622,9.61E-05,-0.00017211,654.9720974
2.54E-05,0.00011553,-1.63E-05,654.8840773
-0.000563384,4.15E-05,-0.00017008,654.7611007
-0.000519604,0.000119274,-0.000159622,654.6428032
-0.000286846,0.000168449,-0.000150006,654.637637
-0.000182951,5.02E-05,-0.000200495,654.5450926
-0.000135039,0.0002,-3.07E-05,654.507098
-0.000499829,0.0002,-0.000104974,654.4859237
-0.000299271,0.000192012,-0.000125716,654.4219249
-0.0006,0.000149682,-0.00012795,654.2456932
-0.0006,0.000125674,-0.000140999,654.0246424
-0.000345349,0.0002,-0.00011883,653.9443109
-0.000150429,0.0002,-5.30E-05,653.8836124
-0.000502439,0.0002,-0.000104926,653.7061024
2.79E-05,2.68E-05,-0.000133501,652.7880805
-0.000262651,7.98E-05,-0.000195494,651.7519501
-0.0006,0.000199832,-8.75E-05,651.6292147
-0.0006,0.000199832,-8.75E-05,651.6292147
-0.000170746,0.000176972,-0.000117174,651.4223758
-0.0006,0.0002,-8.74E-05,651.4009471
-0.000341322,7.81E-05,-0.000192453,651.2891473
-0.0006,0.0002,-8.76E-05,651.1564363
-0.000214954,0.0002,-9.72E-05,650.9804951
-0.000500142,0.0002,-0.00010687,650.9457811
3.37E-06,1.77E-05,-0.000160865,650.915758
-0.000158741,0.0002,-6.21E-05,650.6989901
-0.000114513,0.000192145,-3.07E-05,650.6782974
-0.000280453,5.17E-05,-0.000200708,650.555056
1.68E-05,2.69E-05,-0.000146545,649.5266679
-0.000471162,0.0002,-0.000111101,649.4173102
-0.000471162,0.0002,-0.000111101,649.4173102
-0.000423321,4.25E-05,-0.000191076,649.3305864
-0.000438473,0.000183997,-0.000133509,649.1915779
-0.000352483,0.0002,-0.000121801,649.1581948
-0.000365885,8.29E-05,-0.00018962,649.1410846
-0.000504246,0.0002,-0.000107365,648.9502399
-0.000586742,0.0002,-9.21E-05,648.8681207
-0.000586742,0.0002,-9.21E-05,648.8681207
4.34E-05,1.08E-05,-0.000116404,648.48683
-0.000309851,7.47E-05,-0.00019528,648.0035803
-0.00025588,0.000169143,-0.000149041,647.7722455
-0.000164639,0.000145563,-0.000153503,647.7214344
-9.01E-05,4.48E-05,-0.000193927,647.4972082
-0.0006,4.64E-21,-0.000167559,647.3205282
-0.00036654,1.43E-05,-0.000198378,647.3134225
-0.00028562,7.85E-05,-0.000195492,647.2232105
-0.000538802,0.000113293,-0.000160688,647.1247822
-0.000187444,0.0002,-8.79E-05,647.1126811
-0.000366363,5.72E-05,-0.000195052,647.0735774
-0.000350628,5.55E-05,-0.000196466,646.9455633
-0.000334892,5.38E-05,-0.000197879,646.8175491
-0.000142421,0.0002,-4.58E-05,646.7183953
-0.000217846,0.000158495,-0.000155038,646.5061196
-0.000237145,5.27E-05,-0.000202297,646.067481
-0.000209567,9.88E-05,-0.000190441,645.6862682
-0.000529416,0.0002,-0.000104427,645.4717784
-0.000167182,0.000132114,-0.000165134,645.3347745
3.01E-05,8.96E-05,-7.83E-05,645.0216676
-0.000319157,5.21E-05,-0.000199293,644.4672403
-7.76E-05,0.000179441,0,644.4512975
-7.76E-05,0.000179441,0,644.4512975
-7.76E-05,0.000179441,0,644.4512975
-7.76E-05,0.000179441,0,644.4512975
2.37E-05,6.13E-05,-0.000120395,644.0717644
-0.000316281,9.91E-05,-0.000189853,643.8397124
-0.000537805,0.0002,-0.000104272,643.7326654
-0.000495903,0.000166954,-0.000142516,643.7016963
7.78E-05,4.43E-05,-1.52E-05,643.5705265
-1.96E-05,9.65E-05,-0.000134547,643.524512
-0.00059568,0.000197704,-9.54E-05,643.1423981
-0.000340844,0.000103865,-0.000187021,642.994776
-0.000169724,0.000118664,-0.000176764,642.9481146
-4.95E-05,0.000158059,-6.37E-05,642.906901
-0.000303421,5.04E-05,-0.000200706,642.1169315
-0.000450732,1.42E-05,-0.000190915,642.0870892
-0.000515543,5.64E-05,-0.000178678,642.0380446
-0.000149627,0.0002,-6.26E-05,642.0142328
-5.03E-06,5.21E-05,-0.000156461,641.8164108
-3.07E-05,2.63E-05,-0.000181194,641.6304715
1.51E-05,7.35E-05,-0.00012076,641.5479663
-0.0006,9.48E-05,-0.000156789,641.2336031
-0.00029205,0.000102874,-0.000190066,641.1697107
4.40E-06,8.36E-05,-0.000123586,640.936947
-0.000396701,0.0002,-0.000122855,640.7941625
3.89E-05,1.46E-05,-0.000123782,640.6886135
-0.000132671,0.000154287,-0.00013872,640.3655241
-0.000197821,0.000190485,-0.000113655,640.1093525
-0.0006,1.58E-05,-0.000168509,639.8559316
-0.000577087,0.000171416,-0.000126175,639.7005793
-9.67E-05,9.32E-05,-0.000177626,639.5860267
-0.0006,0.000189953,-0.00010369,639.4926366
-0.0006,0.000189953,-0.00010369,639.4926366
-0.000365406,0.00010865,-0.000184188,639.3667416
-0.0006,3.84E-05,-0.000167499,639.3308467
-0.000557889,0.000177397,-0.000125109,639.3219441
-0.000475642,0.000193643,-0.000124255,639.1395321
-5.05E-06,1.69E-05,-0.000168795,639.1284416
-0.000507166,0.000188511,-0.000124149,639.0414205
-7.57E-05,0.000179519,-3.89E-05,639.0389081
-5.61E-06,7.31E-21,-0.000170311,638.965024
-0.00053869,0.000183378,-0.000124043,638.9433089
3.97E-06,7.37E-05,-0.000134509,638.3360776
-3.35E-05,7.31E-21,-0.000185419,637.7268814
-0.000117679,0.0002,0,637.3827976
-0.000185689,0.0001742,-0.000136019,636.973976
-0.000404619,0.000147786,-0.00016537,636.8564352
-9.06E-05,0.000183163,-4.95E-05,636.828157
-0.00012584,0.0002,-1.59E-05,636.7738626
-7.21E-06,0.000121204,-8.81E-05,636.7302678
-0.000216805,5.25E-05,-0.000203884,636.7131097
2.06E-05,8.29E-06,-0.000148287,636.6606069
-0.000455944,6.13E-05,-0.000186244,636.2882548
-0.000559002,0.0002,-0.000103881,636.2657746
-0.000390028,1.43E-05,-0.000198378,636.2161432
4.96E-05,3.58E-05,-9.89E-05,636.2133789
-0.0006,4.84E-05,-0.000167052,636.0996836
-0.000590872,0.00010197,-0.000158083,636.0023734
-0.000120261,0.000108917,-0.00017489,635.999026
-1.95E-05,0.000131498,-8.76E-05,635.6875734
-8.47E-06,0.000146355,0,635.4678572
-8.47E-06,0.000146355,0,635.4678572
-0.000530421,0.0002,-0.000110522,634.7716188
4.29E-05,7.31E-21,-0.000119569,634.7270862
-0.000384067,5.70E-05,-0.000195462,634.5343206
-0.000174227,0.0002,-8.82E-05,634.3242385
4.96E-05,1.96E-05,-0.00010641,634.0595301
-0.000573171,0.0002,-0.000103619,633.9081081
-1.71E-05,0.000121105,-0.000102767,633.5896407
-0.000429231,1.42E-05,-0.000194851,633.3280307
-7.45E-05,7.26E-05,-0.000182567,633.26907
-4.24E-05,1.01E-05,-0.000189023,633.2148809
-0.000306558,0.0002,-0.000125359,632.7543467
-0.00032419,0.0002,-0.000126823,632.719343
4.51E-05,4.97E-05,-9.87E-05,632.5859733
-0.000161283,0.0002,-7.65E-05,631.8867257
-4.05E-05,0.000100143,-0.000148961,631.7512259
-0.000267818,0.000106668,-0.000190278,631.7498156
-4.28E-05,8.75E-05,-0.000160618,631.6997512
6.46E-05,2.70E-05,-7.53E-05,631.6850566
-3.06E-05,0.000123997,-0.000114391,631.6192604
2.39E-05,7.30E-05,-0.000112195,631.4900517
-6.09E-05,0.000176063,-3.24E-05,631.1926338
-0.000381823,0.000197299,-0.000131092,630.754634
2.78E-05,3.79E-05,-0.000132284,630.5389237
8.83E-05,0,0,630.2761585
8.83E-05,0,0,630.2761585
-0.000153892,0.000188835,-9.84E-05,630.2628804
-0.0006,0.00013887,-0.000142246,629.9331335
-0.000543611,0.0002,-0.000112113,629.7494515
-0.0006,0.000192639,-0.000106795,629.5264166
-0.0006,0.000103048,-0.000158123,629.5068815
-0.000596058,4.53E-05,-0.000170223,629.2669464
-0.000295542,0.0002,-0.000125599,628.9875069
-0.000265787,0.000195698,-0.000126354,628.8607956
-0.0006,7.89E-05,-0.000163593,628.7200509
-0.000237714,0.000198364,-0.000117026,628.5960876
7.65E-05,7.31E-21,-5.24E-05,628.5444699
-0.000419436,0.000176409,-0.000148938,628.4901703
-0.000115461,0.000140854,-0.000149605,628.3000652
-3.69E-05,0.000161867,-3.03E-05,628.0053012
1.62E-05,7.31E-21,-0.000154059,627.7326804
2.16E-05,0.000111285,-6.10E-05,627.5097205
-5.55E-05,0.0001726,0,627.3003862
-5.55E-05,0.0001726,0,627.3003862
-5.55E-05,0.0001726,0,627.3003862
-5.55E-05,0.0001726,0,627.3003862
-5.55E-05,0.0001726,0,627.3003862
-5.55E-05,0.0001726,0,627.3003862
-5.55E-05,0.0001726,0,627.3003862
-5.55E-05,0.0001726,0,627.3003862
-0.000197364,0.00014616,-0.000166823,627.1924733
-0.000176207,8.45E-05,-0.000197413,626.9153241
-0.000463757,0.0002,-0.00012448,626.7428569
-0.0006,4.53E-05,-0.000170223,626.6529552
-0.000474103,0.0002,-0.000124085,626.555652
-0.000474103,0.0002,-0.000124085,626.555652
-0.00038163,0.0002,-0.000129816,626.4961544
-0.000237844,0.0002,-0.000115181,626.4109473
-0.0004804,0.0002,-0.000123577,626.2146694
-0.000162086,0.000185974,-0.000111086,626.0250568
-0.000507454,8.31E-05,-0.000178678,625.8724794
-0.00047453,1.42E-05,-0.000190915,625.7181892
3.78E-05,3.48E-05,-0.000121257,625.5898993
-0.000197117,0.0002,-0.00010053,625.166565
-0.0006,0.0002,-0.000102457,624.9230999
3.80E-05,5.39E-05,-0.000109575,624.3878111
7.45E-05,1.42E-05,-5.88E-05,624.3281218
-0.000375901,0.000145956,-0.000171362,624.2386778
-0.000236093,0.0002,-0.000116121,623.7357738
-0.000442526,0.0002,-0.00012817,623.374093
-6.82E-05,7.31E-21,-0.000198254,623.3482934
-0.000335228,0.0002,-0.000132393,623.2620096
-0.000385794,0.000185492,-0.000145839,623.1469156
-0.000594203,0.0002,-0.000105174,622.6105816
-0.00023777,0.0002,-0.000117485,622.4581981
-1.99E-05,1.63E-05,-0.000180058,622.0352869
-0.00040177,5.69E-05,-0.000195872,621.9950638
4.49E-06,9.86E-05,-0.000111143,621.9691266
-0.000118574,0.0002,-3.07E-05,621.8146363
-2.77E-05,3.79E-05,-0.000179118,621.4380396
-0.000571476,0.000117153,-0.000160831,621.4292615
-0.000377322,0.0002,-0.000132144,621.3604313
6.79E-06,0.000111375,-8.92E-05,621.3237571
-0.000381737,0.0002,-0.000132831,620.660589
-0.000102924,2.57E-05,-0.000203311,620.6062731
-1.60E-05,7.27E-05,-0.000155951,620.521035
-0.000590619,0.000146214,-0.000143575,620.4811685
-0.000338001,0.000147404,-0.000173343,620.3743457
-0.000407731,1.42E-05,-0.000198787,620.3052805
-0.000185057,0.000100254,-0.000192565,620.226208
-0.0005607,0.0002,-0.000114173,620.1595043
-0.000118992,4.84E-05,-0.00020204,619.9064049
-0.000502829,0.0002,-0.000123163,619.5345356
-0.000236162,0.0002,-0.000118536,619.5176356
-0.000125197,2.05E-05,-0.000206766,619.3585696
-2.17E-05,5.58E-05,-0.000169611,619.2199471
-0.000152329,0.0002,-8.00E-05,618.8658257
-0.000494485,0.000150278,-0.000160381,618.7940709
1.54E-05,8.46E-05,-0.000114165,617.8113604
-0.000269711,0.0002,-0.000126162,617.7451582
-0.000485653,3.30E-05,-0.00019002,617.5301406
8.24E-05,4.49E-05,0,617.5023453
8.24E-05,4.49E-05,0,617.5023453
8.24E-05,4.49E-05,0,617.5023453
8.24E-05,4.49E-05,0,617.5023453
8.24E-05,4.49E-05,0,617.5023453
8.24E-05,4.49E-05,0,617.5023453
8.24E-05,4.49E-05,0,617.5023453
8.24E-05,4.49E-05,0,617.5023453
8.24E-05,4.49E-05,0,617.5023453
-0.000548217,6.03E-05,-0.000178822,617.3930156
3.44E-05,7.86E-06,-0.000134997,617.3044522
-0.000475702,0.000121128,-0.000173936,617.258347
-0.000513684,0.000144297,-0.000161447,617.1732456
-2.60E-05,4.74E-05,-0.000176099,616.9522039
-0.0006,0.000120232,-0.000156852,616.8882461
-0.000283147,0.000152092,-0.000171781,616.881809
-0.0006,5.04E-05,-0.000172224,616.6963308
-0.000515766,0.0002,-0.000122924,616.6361915
-0.000355176,0.000191498,-0.000142552,616.4252735
-0.000113736,0.0002,-1.80E-05,616.3633557
-0.000240397,7.54E-05,-0.000202027,615.7804468
-5.17E-05,9.83E-05,-0.000161223,615.7025068
-0.000162794,0.000169578,-0.00013712,615.6358988
-0.000596501,0.000179616,-0.000127604,615.5567195
1.42E-05,1.30E-05,-0.000156813,615.4992919
-0.000163454,0.0002,-8.88E-05,615.388872
-9.08E-05,0.000190999,-2.30E-05,615.3412017
-0.000386048,7.77E-05,-0.000194901,614.9576222
6.12E-05,2.37E-05,-8.72E-05,614.8648864
-0.00017582,0.0002,-9.85E-05,614.6678523
-0.000261183,0.0002,-0.00012586,614.3632776
-8.65E-06,7.53E-05,-0.000149334,614.1074701
-0.00038557,0.000103398,-0.000189469,613.9787979
-0.00025218,0.000152786,-0.000170816,613.5396541
-0.000264889,0.0002,-0.000127352,613.5155682
-0.000180832,0.00015777,-0.000157118,613.2991704
-0.000475731,0.0002,-0.000131274,612.3698153
-0.000475731,0.0002,-0.000131274,612.3698153
-0.00015455,0.000143659,-0.000162504,612.1531869
-0.0006,0.000115061,-0.000160071,612.1194265
2.69E-05,1.72E-05,-0.000143531,612.104783
-0.000129205,0.000198008,-6.14E-05,612.094125
-0.000532415,0.0002,-0.000122616,611.8781522
-0.000297419,0.0002,-0.000133598,611.7031731
-0.000110896,0.0002,-2.82E-05,611.5448384
-0.000466311,0.000106553,-0.000180713,611.2687194
-0.0006,0.000181094,-0.000127862,611.2052533
-0.0006,0.000181094,-0.000127862,611.2052533
-0.000485353,0.0002,-0.000130266,611.1686651
1.61E-05,6.06E-05,-0.000136513,610.8408128
-0.000362693,2.86E-05,-0.000203583,609.9804198
-0.000106913,0.0002,0,609.8013766
-0.000106913,0.0002,0,609.8013766
-0.000157092,0.000130209,-0.000174134,609.766527
-0.000532882,0.000138316,-0.000162513,609.6552246
-0.000419474,5.68E-05,-0.000196281,609.6543572
-0.000551132,0.0002,-0.00012227,609.6119156
-0.000551132,0.0002,-0.00012227,609.6119156
5.40E-05,7.31E-21,-0.000106717,609.2114151
4.33E-05,7.26E-05,-8.65E-05,609.1950628
-7.99E-06,3.83E-05,-0.00016957,609.156376
-0.000308507,0.0002,-0.000135804,608.9293231
-1.69E-05,7.31E-21,-0.000180705,608.9091115
-0.000549176,3.66E-21,-0.000184969,608.5376099
-5.28E-05,1.52E-05,-0.00019531,608.5004869
-0.000534258,8.42E-05,-0.000178678,608.4698776
-0.000131188,0.0002,-6.07E-05,607.9445293
-0.000152141,0.0002,-8.74E-05,607.9344758
3.91E-05,2.48E-05,-0.000126223,607.7804904
-0.00014537,7.49E-05,-0.0001998,607.447142
-0.000482103,0.000184472,-0.000143231,607.2834249
-0.000272334,0.0002,-0.000131292,607.2067429
-0.000513628,0.00017934,-0.000143125,607.1853133
-1.37E-05,0.000155114,-1.69E-05,607.1724809
-0.0006,0.000128741,-0.000155638,607.1561933
-0.0006,0.000128741,-0.000155638,607.1561933
-0.000173649,6.72E-05,-0.000204264,606.655723
-0.000129008,0.0002,-5.82E-05,606.5677711
-0.000496776,5.18E-05,-0.000189125,606.4724269
-0.000202292,4.24E-05,-0.00020882,606.4242664
-0.000311285,0.000149647,-0.000175732,606.2435633
7.05E-05,4.52E-05,-5.47E-05,606.2419732
-0.000552081,0.000132335,-0.000163579,605.9966716
-5.50E-06,0.000137792,-6.13E-05,605.9466927
-0.000552025,0.000167378,-0.000145257,605.9431231
4.53E-05,9.24E-05,-5.28E-05,605.9338525
-0.000218445,0.000147428,-0.000172883,605.8125272
-0.000532826,0.000173359,-0.000144191,605.5644879
-0.000261707,0.0002,-0.000130326,605.5358345
-4.07E-05,2.48E-05,-0.000190295,605.4914678
3.29E-06,4.43E-05,-0.000158991,605.332786
-0.000186092,0.0002,-0.000106569,605.1765149
-0.000220058,7.52E-05,-0.000203614,605.1686755
-0.000131353,0.0002,-6.36E-05,605.1363822
-0.000128678,0.0002,-6.11E-05,605.0877145
-0.000128678,0.0002,-6.11E-05,605.0877145
7.83E-05,2.96E-05,-4.60E-05,604.6413277
-0.000324491,0.0002,-0.000138985,604.6033761
-0.0006,0.000199384,-0.000114593,604.4942499
6.33E-05,7.31E-21,-8.90E-05,604.2659564
-0.000266136,0.0002,-0.000131927,604.2543944
-1.02E-05,6.11E-05,-0.00016158,604.2046376
-0.000128636,0.0002,-6.30E-05,604.1247636
-0.000128636,0.0002,-6.30E-05,604.1247636
2.76E-05,0.000122595,0,604.0560767
2.76E-05,0.000122595,0,604.0560767
2.76E-05,0.000122595,0,604.0560767
2.76E-05,0.000122595,0,604.0560767
2.76E-05,0.000122595,0,604.0560767
-0.0006,0.000120522,-0.000160956,603.8232788
-0.000393309,0.0002,-0.000139225,603.459473
-0.000389764,0.000173684,-0.000160586,603.2877922
-0.0006,0.0002,-0.000114752,603.1873726
-5.12E-05,0.000156939,-8.92E-05,603.1775389
-5.29E-05,3.98E-05,-0.000192249,602.7736578
-0.0006,0.0002,-0.000114993,602.7609065
-0.000599851,0.0002,-0.000115044,602.7351265
-7.60E-05,0.000187543,-1.65E-05,602.680326
-0.000386181,2.86E-05,-0.000203583,602.396013
-0.000176784,0.000194144,-0.000116021,602.3483143
-0.000571223,0.000161397,-0.000146323,602.2845702
-0.0006,0.0002,-0.000115305,602.2094735
-0.0006,0.0002,-0.000115305,602.2094735
-0.000245564,0.00010231,-0.000196811,602.0758098
-9.35E-06,9.65E-05,-0.000133717,601.9405462
5.23E-05,6.85E-05,-7.41E-05,601.8374804
-0.00019607,0.0002,-0.000114421,601.5166948
-0.0006,0.000179146,-0.000133176,600.7681903
2.17E-05,1.86E-05,-0.000151179,600.6212989
-0.000504378,0.0002,-0.00013256,600.2063609
-0.0006,4.53E-05,-0.000177154,599.5402757
2.69E-05,5.11E-05,-0.000131998,599.1047437
-7.31E-06,8.56E-05,-0.000142966,598.7852536
1.27E-05,2.61E-05,-0.000158286,598.7498174
-4.24E-05,7.73E-05,-0.000173463,598.2884706
-0.000577503,0.0002,-0.000122747,598.277819
-0.000577503,0.0002,-0.000122747,598.277819
-0.000352967,0.0002,-0.000141345,598.2168273
-0.000328528,0.000185696,-0.000154011,598.1842632
-0.000164611,0.0002,-9.88E-05,597.744388
3.68E-05,4.68E-05,-0.000121905,597.6457251
-0.0006,0.000124261,-0.000161563,597.3682833
-0.0006,0.000124261,-0.000161563,597.3682833
-0.000437177,5.67E-05,-0.000196691,597.3136505
6.02E-05,3.71E-05,-8.79E-05,596.7652092
-0.000197023,0.000123737,-0.000186981,596.6442719
-0.000580449,0.0002,-0.000123116,596.4060021
-0.000123964,0.0002,-6.29E-05,596.3638783
-0.000123964,0.0002,-6.29E-05,596.3638783
-0.000488687,7.85E-05,-0.000189125,595.3044806
5.60E-05,2.57E-05,-0.000100611,595.1963932
-0.0006,0.000105701,-0.000167941,594.8408428
-0.000580891,6.41E-05,-0.000178965,594.4790437
-0.000100595,0.0002,-1.27E-05,594.1071195
-0.000421455,7.74E-05,-0.000195721,593.8717998
-0.000101595,0.000159845,-0.000130932,593.7254835
-0.00030081,0.000188484,-0.000151375,593.6172785
-0.0006,0.000118602,-0.00016457,593.0669657
5.15E-05,1.31E-05,-0.000113269,593.0409651
-0.000129146,0.000195656,-8.05E-05,592.7055166
-1.99E-05,9.66E-05,-0.000145598,592.6955495
-0.000245018,0.000193937,-0.00013941,592.6777364
-0.00016911,0.0002,-0.000104132,592.5743501
-0.000101074,0.000187601,-7.90E-05,592.4680046
-5.57E-06,2.84E-05,-0.00017307,592.3845651
-0.000359843,0.000170997,-0.000166993,592.3171287
-3.23E-05,0.000147462,-8.94E-05,592.2965341
-0.000405837,0.0002,-0.000143925,591.6849017
-0.000216945,0.000196603,-0.000130082,590.9270347
-6.79E-06,0.00010786,-0.000121244,590.3943168
-0.000175749,0.0002,-0.000109756,589.9509135
-0.000524717,0.0002,-0.000135013,589.7883213
-0.000124192,0.0002,-6.92E-05,589.1621801
-0.000579539,3.66E-21,-0.000184969,588.8203623
-0.000501534,0.000108114,-0.000180504,588.7534631
2.49E-06,1.09E-05,-0.00017099,588.1701703
-2.69E-05,0.000116398,-0.000132595,587.874108
-2.75E-05,9.48E-05,-0.000154332,587.8609294
-0.000217217,0.0002,-0.000126251,587.764524
-0.000443088,2.84E-05,-0.000200467,586.9978045
-1.79E-05,8.45E-05,-0.000155134,586.9683423
-0.000566932,8.81E-05,-0.000178822,586.9476661
-0.000409435,0.0002,-0.000145274,586.9383992
-1.84E-05,0.000118223,-0.000122372,586.7402899
-0.000403942,0.0002,-0.000146015,586.6357083
-0.000444088,8.69E-05,-0.000193004,586.6151716
-0.000273091,0.000191271,-0.000148738,586.5592339
-0.000596798,0.0002,-0.00012516,586.0174251
-0.000520733,0.000102133,-0.00018157,585.9910408
-0.000151837,0.0002,-9.93E-05,585.6403569
-8.28E-05,2.48E-05,-0.000205073,585.5696218
-9.55E-05,0.0002,-2.30E-05,585.3996982
-0.000341008,0.0002,-0.000145863,585.3863241
-0.000575407,0.0002,-0.000129692,585.186885
-0.000492143,9.35E-05,-0.000187281,585.1590998
-5.43E-05,0.000117872,-0.000152565,585.0591107
-0.000206985,0.00018329,-0.000145407,584.9019705
-0.000181184,0.0002,-0.000115935,584.7623761
-0.000405733,9.81E-05,-0.00019475,584.6819566
-0.000478345,0.0002,-0.000142817,584.417353
-0.000534658,0.0002,-0.000136212,584.2077107
8.00E-07,0.000114012,-0.000106573,584.0441745
-0.0006,0.0002,-0.00012556,583.9824863
-0.0006,0.0002,-0.00012556,583.9824863
-0.000401698,0.0002,-0.000147013,583.8061889
6.11E-05,5.26E-05,-7.76E-05,583.7365781
-0.000133317,0.0002,-8.07E-05,583.2529967
-0.000195547,7.67E-05,-0.000205738,583.2470049
-0.000105498,0.000196862,-5.37E-05,583.2418854
-0.000584755,0.000136195,-0.000163723,583.0651594
6.94E-07,9.21E-05,-0.000132685,583.0326014
-5.38E-05,0.000180703,-1.65E-05,582.9987417
-0.000590637,0.000169597,-0.000147752,582.4314823
-0.0006,6.64E-05,-0.000179049,582.1724196
-0.000172007,0.00010977,-0.000192178,581.9120003
-0.000406113,0.0002,-0.000147402,581.8534185
-0.000493726,0.0002,-0.000141575,581.6326852
-0.000243568,0.0002,-0.000135856,581.6118865
-0.000212758,0.0002,-0.000127552,581.4356785
-7.00E-05,0.000161693,-0.000108674,581.289947
1.89E-06,9.88E-05,-0.000125024,580.5425045
4.37E-06,8.37E-05,-0.000137162,580.3125004
-0.000128027,0.0002,-8.03E-05,580.1152268
-0.000469782,0.000146151,-0.000175762,579.5445967
-0.000108911,0.0002,-5.01E-05,579.5424405
-2.16E-05,0.000156805,-5.29E-05,579.4737142
-0.000217062,0.0002,-0.000131034,579.1333472
-0.000421588,2.84E-05,-0.000204403,579.0444004
-0.000175706,0.0002,-0.000116493,578.9439705
3.98E-06,7.20E-05,-0.000147127,578.9257103
-0.000197024,0.000169976,-0.000160732,578.8769063
-0.000505828,0.0002,-0.000141351,578.6978486
1.81E-05,5.04E-05,-0.00014704,578.4625716
1.51E-05,7.37E-05,-0.000134195,578.3060764
-0.000350618,0.0002,-0.000150111,578.0577233
-0.00015563,0.0002,-0.000105666,577.8864123
-0.00013383,0.0002,-8.51E-05,577.7474802
-0.000428366,0.000107573,-0.000192033,577.7134769
-6.99E-05,3.85E-05,-0.000200459,577.6926463
-0.000522885,3.66E-21,-0.000194606,577.6768964
-0.000108422,0.0002,-5.43E-05,577.3457759
6.20E-05,1.26E-05,-9.79E-05,577.3264308
-7.23E-05,0.000135303,-0.000148203,576.7392569
4.16E-05,6.73E-05,-0.000102029,576.73405
-0.000452106,0.0002,-0.000145527,576.6234346
-0.00014446,0.000141754,-0.000171504,576.5849394
-0.0006,3.66E-21,-0.000184969,576.5500579
-1.49E-05,2.88E-05,-0.000180764,576.1636942
-0.000187778,3.23E-05,-0.000213755,576.1354231
-0.000115619,0.000131384,-0.000170887,575.9492772
-0.000170209,0.0002,-0.000115041,575.8980456
7.53E-05,2.90E-05,-6.37E-05,575.8074446
-3.28E-05,5.35E-05,-0.000183477,575.6922646
-0.000300666,0.000172052,-0.000170158,575.5912671
-0.000488565,0.000175301,-0.000162207,575.4273176
-0.000127906,0.0002,-8.38E-05,575.3265478
-4.70E-05,6.73E-05,-0.000184868,575.2555807
3.45E-06,2.31E-05,-0.000170642,574.9729445
-0.000105188,0.0002,-4.86E-05,574.8917683
-0.000529092,0.0002,-0.000140922,574.5789017
-9.84E-05,0.000116773,-0.00017657,574.192828
-0.000466886,2.84E-05,-0.000200467,574.1387217
-0.000534008,1.88E-05,-0.00019371,574.1248942
-1.38E-05,0.000166759,0,573.9209583
-1.38E-05,0.000166759,0,573.9209583
-1.38E-05,0.000166759,0,573.9209583
2.76E-05,8.34E-05,-0.000109246,573.8714795
-0.000507764,0.00016932,-0.000163273,573.8064923
-0.000460391,0.000131576,-0.000182539,573.5549691
-0.00023853,0.0002,-0.000138714,573.4124824
-0.000129087,0.000193304,-9.95E-05,573.3169081
-0.000547537,0.000103249,-0.00018157,573.1538992
-0.000405506,0.0002,-0.000150548,573.1292796
-0.00018143,0.000146702,-0.000174963,572.8231024
-0.000533214,0.0002,-0.000140996,572.6535712
-0.000104668,0.0002,-5.31E-05,572.2046784
-0.000526962,0.000163339,-0.000164339,572.185667
-0.000552708,0.0002,-0.000140653,572.1573453
9.16E-06,0.000126708,-7.79E-05,572.001028
-0.000245226,0.0002,-0.000141109,571.9459648
-0.000571692,0.000193653,-0.000142455,571.7623527
-8.49E-05,0.0002,0,571.5644327
-8.49E-05,0.0002,0,571.5644327
-0.000552494,0.000199634,-0.000141389,571.3837175
-0.00055132,0.0002,-0.000141323,571.037181
4.70E-05,7.07E-06,-0.000126268,570.9726922
-0.0006,0.000123012,-0.000170173,570.8327874
-0.000552499,0.0002,-0.000141345,570.8318614
8.85E-05,1.97E-05,-2.95E-05,570.7874166
-0.0006,0.000173552,-0.000148441,570.7873616
-0.000552768,0.0002,-0.00014135,570.7383104
-0.000381587,0.00012971,-0.000190208,570.7072917
-0.000266755,0.000132613,-0.000191284,570.6928236
-0.000183973,0.000133253,-0.000186594,570.4364424
-0.000552405,0.0002,-0.000141656,570.2346344
-0.000159504,0.0002,-0.000112215,569.9661382
-0.000552804,0.0002,-0.000141779,569.8636916
-0.000552804,0.0002,-0.000141779,569.8636916
-0.00022331,9.80E-05,-0.000203344,569.833674
-0.0006,2.27E-05,-0.00018576,569.5973751
-0.000138537,0.000108411,-0.000192458,569.5817784
-0.000137281,0.000190443,-0.000112216,569.0790845
-0.0006,9.17E-05,-0.000178092,569.0352283
-0.000546161,0.000157358,-0.000165405,568.527114
-0.000596547,0.0002,-0.000133953,568.5169318
-0.000311316,0.0002,-0.000150861,568.4820225
-2.69E-05,0.000139321,-0.000107082,568.2250438
-0.000324813,0.0002,-0.000151981,567.8055219
-8.30E-06,5.18E-05,-0.000170961,567.6453394
-0.000177349,1.62E-05,-0.000215211,567.5696916
-0.000297818,0.0002,-0.00014974,567.5672331
-0.000450999,0.000117001,-0.000189316,567.5653415
4.08E-05,1.57E-05,-0.000134396,567.5614748
-0.0006,0.000142634,-0.000164845,567.4748508
-2.92E-05,6.84E-05,-0.000176316,567.1670141
-0.000281055,0.0002,-0.000148349,567.0997545
-1.96E-05,0.000149957,-7.63E-05,567.0439868
-0.00023302,0.000127255,-0.000193351,567.0088147
-0.000358846,4.29E-05,-0.000208789,566.9325846
-0.000343687,0.000131158,-0.000192189,566.9093567
-0.0006,9.22E-05,-0.000178624,566.809017
-0.000343111,4.12E-05,-0.000210203,566.8045705
-0.000448999,3.66E-21,-0.000204243,566.6890755
-0.000168833,0.00018675,-0.000135968,566.5618373
-0.000319125,0.000126373,-0.000195022,566.5312955
-1.81E-05,7.07E-05,-0.000168647,566.2857369
-0.0006,9.13E-05,-0.000178969,566.2493165
-0.000599606,9.19E-05,-0.000178965,566.0407018
-0.000431096,0.0002,-0.0001534,565.9821158
-8.35E-05,0.0002,-8.42E-06,565.9608194
-0.0006,0.0002,-0.000134595,565.9022556
-0.0006,0.0002,-0.000134595,565.9022556
-0.0006,9.20E-05,-0.000178967,565.8249258
-3.29E-05,0.000115513,-0.000145226,565.6934251
-2.22E-05,1.04E-05,-0.000189578,565.2845612
-0.000478009,4.72E-05,-0.000199572,565.1997259
-0.0006,9.25E-05,-0.000179051,565.1718992
1.72E-05,9.81E-05,-0.000110536,564.9415058
-0.000565359,0.000151377,-0.000166471,564.868561
-0.000145474,0.000187581,-0.000124945,564.8412609
8.07E-06,0.000146694,0,564.767337
8.07E-06,0.000146694,0,564.767337
8.07E-06,0.000146694,0,564.767337
8.07E-06,0.000146694,0,564.767337
8.07E-06,0.000146694,0,564.767337
-0.000393766,0.000162227,-0.000178407,564.7479847
-3.33E-05,0.000132258,-0.000126273,564.5863298
-5.13E-05,0.000137239,-0.000135088,564.4608037
5.07E-05,2.48E-05,-0.000118092,564.4314632
-0.0006,9.21E-05,-0.00017939,564.2817132
-0.000495614,0.000133137,-0.00018233,563.8347595
2.47E-05,9.35E-05,-0.000105313,563.7163492
-0.000237762,0.000172484,-0.000168894,563.7105892
3.23E-05,7.31E-21,-0.000147319,563.6583922
-0.0006,0.000196821,-0.00013856,563.3184435
-0.0006,0.000196821,-0.00013856,563.3184435
3.55E-05,7.16E-05,-0.000112798,563.0292845
-0.000571785,0.0002,-0.000141693,562.5649029
-0.000198699,3.66E-21,-0.000217087,562.2133604
6.97E-05,1.37E-05,-8.59E-05,562.1773874
-0.000292669,3.78E-05,-0.00021303,562.1250718
-0.000263751,0.0002,-0.000147736,561.9257636
5.22E-05,3.51E-05,-0.000111689,561.644019
-0.000359024,3.66E-21,-0.000212115,561.4575972
-0.000269392,0.000174914,-0.000170514,561.3194741
2.73E-06,0.000144926,-4.64E-05,561.237462
-0.000408583,0.000190851,-0.000161976,561.1861459
-1.78E-05,0.00010838,-0.00014049,560.9510568
-0.000119743,0.000180483,-0.000123272,560.9216362
-0.000327375,3.95E-05,-0.000211616,560.8911523
-6.67E-05,5.84E-05,-0.000197495,560.7817461
-0.000486223,0.000118562,-0.000189107,560.2403961
-9.49E-05,0.000180867,-0.000105018,560.1875951
-8.10E-05,0.0002,-2.30E-05,560.0012538
-6.60E-06,7.24E-05,-0.000160294,559.874392
-0.000119799,9.29E-05,-0.000197322,559.6150745
-0.000382334,4.29E-05,-0.000208789,559.3481778
7.57E-05,1.69E-05,-7.21E-05,559.3469532
-0.0006,0.000147658,-0.000165742,559.3012406
-0.000294893,0.000130167,-0.000195234,559.277594
-0.000381705,0.0002,-0.000156178,559.2657227
-0.000325248,0.000169681,-0.000177101,559.1943762
-0.000135516,0.0002,-9.98E-05,559.0404988
-0.000135516,0.0002,-9.98E-05,559.0404988
-7.89E-05,0.0002,0,559.0357127
-0.000166919,7.31E-21,-0.000216667,559.0039601
-0.00027127,0.0002,-0.000150763,558.9567484
-0.00031164,3.78E-05,-0.00021303,558.5408435
-0.000192989,5.95E-05,-0.000212589,558.4929781
-4.59E-05,5.28E-05,-0.000192232,558.2969501
-7.22E-06,1.61E-05,-0.000181766,557.851743
-9.58E-05,7.00E-05,-0.000201268,557.7021311
1.04E-05,7.31E-21,-0.000170169,557.2784281
-9.30E-05,0.000142916,-0.000157182,556.974307
-0.000197417,0.0002,-0.000132279,556.8413451
-0.000197417,0.0002,-0.000132279,556.8413451
-0.000514813,0.000127156,-0.000183396,556.8372902
-7.83E-05,0.0002,-4.86E-06,556.6470508
-0.000195959,0.0002,-0.000131944,556.5135273
-0.0006,8.97E-05,-0.000181803,556.4800287
-0.000195088,0.0002,-0.000131744,556.2727789
-0.000537975,0.0002,-0.000147767,555.5728608
1.61E-05,6.13E-05,-0.000147603,555.3068513
-0.000196004,0.0002,-0.000132459,555.222256
-0.0006,0.0002,-0.000140722,555.0991965
-0.000195805,0.0002,-0.000132484,555.0410254
2.67E-05,7.02E-05,-0.00012877,554.8653
-0.000566682,2.27E-05,-0.000193854,554.7571698
-0.000196079,0.0002,-0.000132649,554.6821194
1.79E-05,8.47E-05,-0.000127632,554.4159161
-8.18E-05,0.000195716,-4.60E-05,554.3896457
9.03E-05,7.31E-21,-3.70E-05,554.3395534
-0.000427498,3.66E-21,-0.000208179,554.1757445
-0.000472797,3.66E-21,-0.000204243,554.1071402
-0.000195712,0.0002,-0.000132751,554.0886101
-0.000580211,0.000107108,-0.000181713,553.9901493
-0.000127363,0.0002,-9.93E-05,553.9097763
-0.000127363,0.0002,-9.93E-05,553.9097763
-3.84E-06,0.000139981,-7.96E-05,553.7722147
-0.000372456,0.0002,-0.000158257,553.6371339
-0.00046992,7.38E-05,-0.000199572,553.4160928
-0.000594382,0.0002,-0.000141923,553.4012711
-0.000594382,0.0002,-0.000141923,553.4012711
-0.000591556,0.0002,-0.000142527,553.2812211
-0.000373737,0.000199076,-0.000159291,553.23695
-3.06E-05,8.83E-05,-0.000169231,553.1903015
-3.44E-05,3.84E-05,-0.00019264,553.1123007
-0.000586718,0.0002,-0.000143561,553.0757221
-0.000142067,0.0002,-0.000107477,552.8494308
-6.44E-05,2.07E-05,-0.000205726,552.7560346
-0.000291791,5.75E-05,-0.00021303,552.6485733
-0.0006,0.00019056,-0.000146371,552.627193
-0.000570153,0.0002,-0.000147101,552.3720531
-0.000570153,0.0002,-0.000147101,552.3720531
-0.000195824,0.0002,-0.000133603,552.3646728
-0.000373981,0.0002,-0.000158965,552.196683
-0.000175638,0.0002,-0.000127277,551.5257213
-0.000175638,0.0002,-0.000127277,551.5257213
-0.00022402,3.66E-21,-0.000218237,551.4182848
-0.000354487,7.40E-05,-0.000208789,551.3272548
-0.000338752,7.23E-05,-0.000210203,551.1992407
-0.000534011,0.000121175,-0.000184462,551.1015648
-0.000457983,0.000191659,-0.000162786,551.0886436
-0.000425381,0.0002,-0.000159706,550.7251964
3.93E-05,8.51E-05,-9.71E-05,550.4341319
-0.000372197,0.0002,-0.000159651,550.4041521
-7.83E-06,0.000122777,-0.000116043,550.3077384
-0.000373707,0.0002,-0.000159886,550.246428
-8.59E-06,0.000108639,-0.000134321,549.991646
-8.65E-05,0.0002,-4.11E-05,549.796859
-0.000382511,3.66E-21,-0.000212115,549.772423
-0.000374725,6.98E-05,-0.000208789,549.7079979
-0.000283623,3.66E-21,-0.000217066,549.6789513
-7.21E-05,0.000182833,-8.27E-05,549.6641718
-0.000591079,0.0002,-0.000144106,549.6188765
-0.000303594,0.0002,-0.000157828,549.4344711
-5.23E-05,0.000190572,-1.07E-05,549.2414939
1.93E-06,6.36E-05,-0.00016073,549.1844562
-0.000443167,0.000163036,-0.000179218,548.9866094
-2.37E-05,2.42E-05,-0.000191237,548.929352
-0.000530009,0.0002,-0.000151614,548.840859
-0.000252551,3.66E-21,-0.000218237,548.763307
-0.000401751,0.000124458,-0.000195489,548.7303457
-0.000146456,0.0002,-0.000112634,548.7017276
-0.000592566,0.0002,-0.000144292,548.4405256
2.09E-05,0.000107424,-9.90E-05,548.1920886
-0.000185948,0.000186949,-0.000147774,548.182341
-0.0001988,9.94E-05,-0.000205468,547.8407645
-8.37E-05,0.000152653,-0.000144937,547.7953264
-0.0006,0.000137273,-0.000172745,547.5525796
3.98E-05,3.49E-05,-0.00013506,547.4012627
-6.43E-05,0.000197752,-3.53E-06,546.9525536
-0.000400037,4.28E-05,-0.000209199,546.808921
-0.000170943,2.95E-05,-0.00021707,546.7024563
5.04E-05,4.81E-05,-0.000111943,546.5436844
-6.70E-05,0.000192261,-3.95E-05,546.5433715
-8.58E-05,0.0002,-4.68E-05,546.3402726
-8.58E-05,0.0002,-4.68E-05,546.3402726
-0.0006,1.75E-05,-0.000191812,546.2208862
-0.000323016,7.06E-05,-0.000211616,546.204918
-0.0006,2.49E-05,-0.000191477,546.0024153
-8.03E-06,9.78E-05,-0.000146075,545.6930145
2.13E-05,0.000135115,-3.35E-05,545.5790465
-0.000584773,0.000159577,-0.0001679,545.0154732
-7.28E-05,0.0002,-2.01E-05,544.9712594
5.10E-05,1.67E-05,-0.000124558,544.7460123
-0.000377668,0.0002,-0.000162075,544.2587067
4.55E-05,0.000113818,-2.98E-05,544.1121825
-0.000192851,0.0002,-0.000136074,544.0084463
2.67E-05,1.36E-05,-0.000157357,543.8595799
-0.000307281,6.89E-05,-0.00021303,543.8546091
-0.000151694,0.0002,-0.000118787,543.7524751
-0.000151694,0.0002,-0.000118787,543.7524751
-0.0006,0.000109446,-0.0001818,543.5436305
-0.000476831,0.000103987,-0.000195884,543.3775916
-0.000150945,0.000129901,-0.000190812,543.2998
-0.000167959,0.000169123,-0.000168871,543.1525814
-8.13E-05,0.0002,-4.65E-05,542.8906808
-8.13E-05,0.0002,-4.65E-05,542.8906808
-0.0006,0.00016834,-0.000162662,542.8587476
-0.0006,0.00016834,-0.000162662,542.8587476
9.50E-05,2.26E-05,0,542.7120919
9.50E-05,2.26E-05,0,542.7120919
9.50E-05,2.26E-05,0,542.7120919
9.50E-05,2.26E-05,0,542.7120919
9.50E-05,2.26E-05,0,542.7120919
9.50E-05,2.26E-05,0,542.7120919
9.50E-05,2.26E-05,0,542.7120919
9.50E-05,2.26E-05,0,542.7120919
-0.000496595,3.66E-21,-0.000204243,542.1549629
-0.000482321,0.0002,-0.000160376,541.8940647
3.88E-05,6.03E-05,-0.000122832,541.7369944
3.17E-05,3.77E-05,-0.000145236,541.5292882
-0.000418612,0.0002,-0.000162716,541.5253391
-0.000424384,0.000133886,-0.000192772,541.5065102
-0.000590021,0.0002,-0.000147611,541.4906794
-0.000160173,0.000195752,-0.00012988,541.1645183
-0.000505824,0.0002,-0.000157914,540.804882
6.06E-06,0.000108488,-0.000120862,540.7596355
1.32E-05,9.91E-05,-0.000122332,540.6812899
-4.74E-05,2.91E-05,-0.000201421,540.5832274
-0.0006,0.000183484,-0.000155198,540.5448027
-0.0006,5.75E-05,-0.00019002,540.5118126
-3.15E-05,1.31E-05,-0.000197433,540.0747791
-0.000507718,1.88E-05,-0.000203347,539.9238843
2.77E-05,8.19E-05,-0.000121219,539.8934583
-1.84E-05,4.94E-05,-0.000183503,539.8895787
-7.51E-05,0.000113425,-0.000178078,539.6160555
5.54E-06,3.91E-05,-0.000170616,539.5818732
-0.000560815,0.000122291,-0.000184462,539.4981288
-0.000417741,4.26E-05,-0.000209609,539.3681712
-0.000405998,3.66E-21,-0.000212115,539.2630387
-0.000508615,0.0002,-0.00015825,539.2398922
-9.28E-05,0.0002,-7.72E-05,539.2116852
-0.000482587,0.0002,-0.000161548,539.0563033
-0.000482587,0.0002,-0.000161548,539.0563033
-0.000321565,3.66E-21,-0.000217066,539.0439425
-0.000597046,2.27E-05,-0.000193854,538.9432172
-0.000462288,0.0002,-0.000162322,538.8654099
-0.000455964,0.0002,-0.000162563,538.7274554
-5.21E-05,0.000188805,-3.30E-05,538.6970972
-0.000197623,0.000158909,-0.000178578,538.4008383
-7.83E-05,0.0002,-3.90E-05,537.6885534
-7.83E-05,0.0002,-3.90E-05,537.6885534
-0.0006,2.27E-05,-0.000193854,537.498222
-0.000442389,0.0002,-0.000163081,537.4280505
-0.000210766,0.000122897,-0.000199884,537.3911641
-8.64E-06,4.05E-05,-0.000180931,537.3703629
-0.000132692,0.000149738,-0.000172557,537.3047941
-0.000171341,0.000144798,-0.000183964,537.2548548
-0.000392428,6.97E-05,-0.000209199,537.1687411
-0.000337772,0.0002,-0.000163227,536.979319
-0.00054663,0.000189615,-0.000161537,536.8117192
1.84E-05,4.16E-05,-0.000158927,536.7121405
-8.19E-05,0.0002,-5.21E-05,536.6740289
-0.000159421,0.0002,-0.000125334,536.6106464
-0.000507053,0.0002,-0.000159573,536.5371851
2.86E-06,0.000155453,-1.69E-05,536.4719607
2.90E-05,2.53E-05,-0.00015392,536.2942811
-0.000565828,0.000183634,-0.000162603,535.9995572
-0.00050821,0.0002,-0.000159594,535.99762
-6.24E-05,0.0002,0,535.9402092
-6.24E-05,0.0002,0,535.9402092
-0.000482103,0.0002,-0.000162752,535.6751685
-0.000527431,0.000195596,-0.000160471,535.6043418
-5.71E-05,0.000198362,0,535.4729421
-5.71E-05,0.000198362,0,535.4729421
-5.71E-05,0.000198362,0,535.4729421
-5.71E-05,0.000198362,0,535.4729421
-5.71E-05,0.000198362,0,535.4729421
7.61E-05,6.83E-05,-3.44E-05,535.4274344
-0.000117198,0.0002,-0.000102225,534.8052975
-0.000317559,0.0002,-0.0001629,534.6762798
-0.0006,0.000146404,-0.000174392,534.6668633
4.91E-05,3.97E-05,-0.000122737,534.6605702
-0.000518841,3.76E-05,-0.000202452,534.5802167
-2.91E-05,0.000180051,0,534.4869627
-2.91E-05,0.000180051,0,534.4869627
-0.000513294,0.0002,-0.000159686,534.4630741
-0.000483785,0.0002,-0.000163081,534.3615519
-4.36E-05,7.31E-21,-0.000203371,534.2018167
-0.0001623,0.0002,-0.000127773,533.9501125
-0.000377708,0.000187268,-0.000174038,533.755198
-4.27E-05,0.000156824,-0.000111552,533.5550244
-0.000131149,7.31E-21,-0.000217935,533.3725278
-0.00034709,0.000193274,-0.000170751,533.2581316
-0.000176299,0.0002,-0.000134974,533.2547119
-0.000176299,0.0002,-0.000134974,533.2547119
1.55E-05,1.40E-05,-0.000169675,532.4895607
-7.57E-05,0.0002,-4.68E-05,532.188205
-7.57E-05,0.0002,-4.68E-05,532.188205
6.20E-05,4.13E-05,-0.000100462,531.6420326
-0.000410132,6.96E-05,-0.000209609,531.3165012
-6.29E-06,8.55E-05,-0.000158106,531.073276
5.78E-05,6.10E-05,-9.39E-05,530.7879792
-0.0006,2.65E-05,-0.000195353,530.6487289
-0.000527495,0.0002,-0.000159942,530.636112
4.82E-05,6.16E-05,-0.000110834,530.5684961
8.02E-05,7.31E-21,-7.39E-05,530.3071317
5.22E-06,8.46E-05,-0.000148317,530.2951753
-4.14E-05,1.75E-05,-0.000202527,530.2760087
-0.00012608,0.0002,-0.000113604,530.0821486
-0.00012608,0.0002,-0.000113604,530.0821486
7.42E-05,4.19E-05,-7.42E-05,530.0319781
-0.000530728,0.0002,-0.000160001,529.8913372
-1.18E-06,0.000113287,-0.000127897,529.7606635
-0.000507739,0.0002,-0.000161911,529.7522359
-5.72E-05,0.0002,0,529.6324721
-5.72E-05,0.0002,0,529.6324721
-5.72E-05,0.0002,0,529.6324721
-5.72E-05,0.0002,0,529.6324721
-0.0006,0.000166009,-0.000169021,529.444083
-0.0006,0.000166009,-0.000169021,529.444083
-6.24E-05,0.0002,-1.65E-05,529.2662376
-0.000100717,0.0002,-9.44E-05,528.9067327
-0.000167815,0.0002,-0.000132446,528.8530758
-0.000167815,0.0002,-0.000132446,528.8530758
-0.000314629,0.000192087,-0.000171527,528.7153762
-0.000173492,0.0002,-0.000135078,528.6960491
-0.000173492,0.0002,-0.000135078,528.6960491
4.70E-05,7.31E-21,-0.000136257,528.2920019
6.71E-05,9.17E-05,-2.58E-05,528.269003
-0.000178476,4.94E-05,-0.000217525,528.2460535
7.05E-05,6.34E-05,-6.30E-05,528.1255153
-0.000288808,0.0002,-0.000163302,527.8630732
-0.0006,0.000121054,-0.000183682,527.6754694
-0.000510752,6.43E-05,-0.000202452,527.4283609
-0.000435444,4.25E-05,-0.000210018,527.0274645
-5.58E-05,0.0002,-1.14E-06,526.877356
7.49E-05,2.75E-05,-8.23E-05,526.6297585
-0.000412585,0.000179394,-0.000179797,526.576974
-5.67E-05,0.0002,-3.33E-06,526.5141955
-3.96E-06,0.000137352,-9.91E-05,526.3879284
-1.90E-05,6.25E-05,-0.000181563,526.3784258
-1.65E-05,0.00013485,-0.000119047,526.1715771
1.80E-05,0.000137103,-5.76E-05,525.7605071
4.04E-05,1.00E-05,-0.000145469,525.7403378
-6.84E-05,0.0002,-3.23E-05,525.7139969
-0.000546781,0.0002,-0.000160291,525.4495245
-3.03E-05,0.000167118,-7.85E-05,525.4190863
3.97E-05,4.75E-05,-0.00013451,525.2280521
-0.000286911,0.000194874,-0.00016889,525.2280351
-0.000423251,0.0002,-0.000167967,524.9363724
-0.00017743,0.0002,-0.000137809,524.5804574
-0.00017743,0.0002,-0.000137809,524.5804574
6.17E-05,1.54E-05,-0.000112302,524.4066954
-0.000355177,1.43E-05,-0.00021732,524.1245945
-1.95E-05,3.77E-05,-0.000190508,524.1151227
-0.000508893,0.000152179,-0.000185221,523.8183602
-0.000554403,0.0002,-0.000160429,523.7736745
-0.000593489,0.00012615,-0.000184605,523.0941323
-0.0006,0.000173094,-0.000168158,522.8043892
-0.0006,0.000173094,-0.000168158,522.8043892
-1.40E-06,9.10E-05,-0.000151722,522.5606883
-0.000345342,0.0002,-0.000169796,522.4842322
-3.98E-05,0.000192762,-1.40E-05,521.5329718
2.74E-05,6.19E-05,-0.000143135,521.4698044
-0.000528091,0.000146198,-0.000186287,521.4355549
-0.000174289,0.000100875,-0.000207592,520.875886
1.34E-05,6.06E-05,-0.000158522,520.786634
-0.000400462,0.0002,-0.000171036,520.777941
-0.000489694,0.00015816,-0.000184155,520.4680062
-4.95E-05,8.86E-05,-0.000185726,520.4394264
-0.000226901,0.000197278,-0.000159264,520.4297983
-0.00028257,0.0002,-0.000165743,520.2278936
1.30E-05,2.90E-05,-0.000171816,520.1195866
1.51E-05,8.46E-05,-0.000140876,519.9883494
-0.000459242,4.25E-05,-0.000210018,519.9635124
-8.67E-05,0.000103183,-0.000192987,519.8364784
-0.000566066,0.0002,-0.00016064,519.6745663
-0.000229539,0.0002,-0.000157385,519.6143279
4.12E-05,0.000115526,-5.89E-05,519.4271011
-0.000225774,0.0002,-0.000156466,519.3504132
-0.000427835,6.95E-05,-0.000210018,518.9757946
6.85E-05,4.74E-05,-8.89E-05,518.4000755
-4.96E-05,0.000198498,-3.06E-06,518.180708
1.53E-05,0.000110898,-0.00011438,518.0559527
-0.000322175,0.0002,-0.000170225,517.927811
-0.000551515,4.15E-05,-0.000202596,517.7379851
-0.00054729,0.000140217,-0.000187353,517.6099881
6.28E-05,2.90E-05,-0.000109146,517.3511953
-0.000154108,2.66E-05,-0.000220385,517.2694896
-0.000526269,0.0002,-0.000165982,517.1809344
-0.0006,0.0001289,-0.000185084,517.1085433
1.65E-05,7.44E-05,-0.000148127,517.0483884
-6.07E-05,0.0002,-2.70E-05,516.3710783
-0.0006,2.27E-05,-0.000199048,516.1201851
-0.000254974,0.000194612,-0.000168592,515.9039252
-0.0006,0.000169269,-0.000172749,515.6466506
-0.000252744,0.0002,-0.000163053,515.5842638
-0.000537556,6.54E-05,-0.000202452,515.5569143
-0.000502663,9.10E-05,-0.000202452,515.3461022
-0.000291587,0.0002,-0.000168661,515.326656
-0.000265692,0.000158557,-0.000192289,515.2657334
2.70E-06,3.03E-05,-0.000180407,515.2078146
-0.000378664,1.43E-05,-0.00021732,515.087958
-5.13E-05,0.0002,0,515.0615879
-5.13E-05,0.0002,0,515.0615879
-0.000194112,0.000194643,-0.00015716,514.7553815
4.07E-05,2.44E-05,-0.000144848,514.6643808
-0.000585242,0.000191834,-0.000164032,514.4932557
-0.000451153,6.92E-05,-0.000210018,514.4414885
-5.50E-05,0.0002,-1.65E-05,514.2123705
-0.000199214,0.0002,-0.000152693,514.0826604
-0.000312573,0.0002,-0.000170403,514.01109
-9.16E-05,7.31E-21,-0.00021697,513.9443404
-0.000186255,0.000124358,-0.000202008,513.8529288
-4.95E-06,6.67E-05,-0.000172803,513.4025814
-4.45E-05,0.000109631,-0.000172399,513.3483296
-4.68E-05,0.000178056,-8.71E-05,513.0202173
-0.000257913,0.0002,-0.000165391,512.8827419
-0.000397768,0.00015077,-0.000196228,512.7880285
-0.000441355,1.42E-05,-0.000213794,512.7848653
-8.61E-05,0.000198263,-9.11E-05,512.6724446
-0.000226994,0.0002,-0.000160026,512.4509932
2.53E-07,7.31E-21,-0.000185962,512.2477896
-0.000369529,0.0002,-0.000173966,511.623013
-0.000285841,0.0002,-0.000170079,511.5502972
2.94E-05,4.97E-05,-0.000150106,511.4711274
-0.0006,0.000160624,-0.000176956,511.4582535
-1.21E-05,8.20E-05,-0.000170261,511.4449344
-0.000578811,0.0002,-0.000162233,510.8716102
-0.000578811,0.0002,-0.000162233,510.8716102
-0.000231957,0.000153199,-0.000194356,510.5465499
-0.000222588,0.0002,-0.000159843,510.4768241
-0.000129263,0.000177881,-0.00015417,510.2762803
-0.000138313,0.000141446,-0.000188182,510.1182125
4.97E-05,9.18E-05,-8.58E-05,509.6603451
-0.000391665,0.0002,-0.000175069,509.6047423
-0.00029383,0.000156112,-0.00019624,509.3680569
-0.000194598,0.0002,-0.000153713,509.3445635
-5.51E-05,0.00019184,-6.26E-05,509.0788073
-7.73E-05,0.0002,-7.86E-05,508.8132034
-0.000184152,0.000181329,-0.000172485,508.7303173
-5.42E-05,0.0002,-2.25E-05,508.5679095
-5.42E-05,0.0002,-2.25E-05,508.5679095
-8.57E-05,0.0002,-8.95E-05,508.5660901
-2.35E-06,0.000164212,-3.37E-05,508.1765845
-2.66E-05,0.000185869,-8.11E-06,507.9485097
-0.000585361,0.0002,-0.000163052,507.9098188
-8.84E-05,0.0002,-9.34E-05,507.6761886
-0.000574094,0.000141333,-0.000187353,507.6510834
-0.00015787,0.000167218,-0.000177871,507.5843338
-0.000359868,0.000152218,-0.000198209,507.413634
-0.000533518,0.0002,-0.0001695,507.348258
-0.00021694,0.000183965,-0.000174589,507.2921816
-0.000133061,0.0002,-0.000132562,507.1310864
-9.86E-05,0.0002,-0.000105732,506.8431377
-0.000106734,0.0002,-0.000111686,506.7334424
4.80E-06,9.65E-05,-0.000145792,506.5268943
-0.0006,0.000103484,-0.000193019,506.1451183
-0.00039937,0.0002,-0.000176201,505.688438
-7.15E-05,0.000185757,-0.00010638,505.6656902
-0.000470911,0.00012901,-0.00019771,505.6638412
-0.000402151,1.43E-05,-0.00021732,505.4429085
4.88E-05,5.08E-05,-0.000125568,505.4105736
-2.24E-05,0.000180879,-2.40E-05,505.1963818
-6.93E-05,0.000164601,-0.00013665,505.0036868
-9.77E-05,9.29E-05,-0.000203025,504.9775201
-9.49E-05,0.000181786,-0.000132804,504.924521
4.88E-06,0.000121439,-0.00012046,504.5266831
-1.83E-05,0.000121069,-0.000146054,504.203575
3.73E-05,7.66E-05,-0.000124605,504.08508
-0.000438202,0.000114705,-0.000204487,503.8960134
5.97E-05,7.31E-21,-0.000123274,503.8547406
-0.000529467,9.21E-05,-0.000202452,503.8235491
-0.000260305,0.0002,-0.000169889,503.5496
-0.000478058,0.000181993,-0.000184155,503.4365931
4.55E-06,0.000108283,-0.000135333,503.3607077
1.45E-05,9.66E-05,-0.00013534,503.3554092
2.71E-06,0.000167098,0,503.2204381
2.71E-06,0.000167098,0,503.2204381
3.84E-05,8.53E-05,-0.000115511,503.1624747
-0.000465153,1.42E-05,-0.000213794,503.0080857
-0.0006,0.000198068,-0.000165118,502.8352166
-0.000249208,0.0002,-0.000167973,502.7176383
6.93E-06,1.65E-05,-0.00018229,502.5678473
2.91E-05,3.69E-05,-0.000157547,502.4878013
-0.000584189,4.53E-05,-0.000202739,502.1359651
4.07E-06,5.52E-05,-0.000173868,502.0066132
-7.04E-06,0.000122755,-0.000133501,501.8584665
-0.000253849,0.0002,-0.000169841,501.8473157
-8.34E-05,0.0002,-9.31E-05,501.3015858
-0.0006,0.0002,-0.000164882,501.289949
-0.0006,0.0002,-0.000164882,501.289949
9.15E-05,1.68E-05,-5.50E-05,501.0544637
-0.000171731,8.37E-05,-0.000214443,500.6162849
-5.15E-05,0.0002,-3.96E-05,500.5058497
-0.0006,7.19E-05,-0.000199602,500.2786148
-0.000394231,0.0002,-0.000177973,500.2604635
-2.54E-05,0.000111638,-0.000160942,500.2564146
-0.00046152,0.000114435,-0.000204487,499.6742137
-7.33E-05,0.0001347,-0.000171789,499.5171723
-0.00057023,6.93E-05,-0.000202596,498.8575898
-0.000161641,4.65E-05,-0.00022084,498.8130867
-0.000194296,0.0002,-0.000158662,498.7576644
3.79E-05,6.24E-05,-0.000136061,498.2177873
-0.000321968,0.000153666,-0.00020019,498.0524587
-0.000120923,0.000157721,-0.00017361,498.0246489
-0.000419855,1.42E-05,-0.00021773,498.0021586
-0.000198221,0.000147841,-0.000196423,497.9247703
2.68E-05,9.68E-05,-0.000121802,497.6494707
0.000102243,7.31E-21,-1.92E-05,496.6213579
-6.43E-05,0.0002,-6.67E-05,496.1649516
-9.40E-05,0.000138783,-0.000179509,496.0921885
-0.0006,0.0002,-0.000167327,496.0244726
2.19E-05,6.78E-05,-0.000152556,495.9063697
-4.03E-05,0.0002,-1.40E-05,495.7311763
-0.0006,4.53E-05,-0.000202739,495.7094782
9.65E-07,0.000158848,-6.18E-05,495.6980118
-0.0006,0.000144451,-0.000187862,495.2423524
9.43E-05,4.24E-05,-3.26E-05,495.2169348
-0.00038171,0.000175811,-0.000191859,495.1723977
6.96E-05,2.05E-05,-0.000106437,494.5177822
-2.18E-05,0.000134176,-0.000138332,494.4251431
7.26E-05,2.81E-05,-9.81E-05,494.4072716
-0.000459275,0.000152843,-0.00019771,494.1158159
-1.30E-05,2.65E-05,-0.000195235,493.7455119
-0.000488951,1.42E-05,-0.000213794,493.6521254
-0.000556272,9.32E-05,-0.000202452,493.5271971
3.38E-06,4.42E-05,-0.000180532,493.4776072
-0.000543889,0.0002,-0.000174533,493.313965
-0.000120133,0.0002,-0.000133618,492.5968496
8.54E-05,7.49E-05,0,492.3470968
8.54E-05,7.49E-05,0,492.3470968
8.54E-05,7.49E-05,0,492.3470968
8.54E-05,7.49E-05,0,492.3470968
-7.48E-06,0.000100543,-0.000158758,491.9635786
-0.000503359,0.000186007,-0.000184155,491.5701312
-0.000500074,3.30E-05,-0.000212899,490.9119401
-0.000522558,0.000180026,-0.000185221,490.8167117
-0.000496743,0.000115995,-0.000204278,490.4273985
-0.000593508,0.000149533,-0.000188782,490.208994
-0.000173618,0.0002,-0.00015206,489.9555983
-0.000173618,0.0002,-0.00015206,489.9555983
-0.000283211,0.000178517,-0.000190666,489.8514229
5.24E-05,2.60E-05,-0.000135713,489.6384766
-0.000541756,0.000174045,-0.000186287,489.4490967
-9.66E-05,0.000166717,-0.000158813,489.3352249
-2.96E-05,0.000193266,-4.87E-06,489.2681733
-3.40E-05,6.79E-05,-0.000195738,489.0206667
2.94E-05,7.31E-21,-0.000166683,488.8705115
-9.85E-05,0.0002,-0.000115203,488.8581481
-3.97E-06,5.04E-05,-0.000184881,488.8525776
-0.0006,6.88E-05,-0.000202739,488.4716522
-0.000449883,0.000138268,-0.000204487,488.1261883
-0.00034381,0.000177259,-0.00019384,487.732331
3.77E-05,1.52E-05,-0.00015775,487.7099184
-0.000560955,0.000168064,-0.000187353,487.2830189
-5.36E-05,0.0002,-5.87E-05,487.2758193
-0.0006,7.28E-05,-0.000202726,487.1079754
3.65E-05,0.000114922,-8.61E-05,486.9417912
-0.00035133,2.86E-05,-0.000222526,486.7915918
-0.0006,0.0002,-0.000171296,486.7743925
1.64E-05,5.23E-05,-0.00016844,486.3567965
-5.38E-06,0.000112241,-0.000149167,486.286613
-7.20E-05,8.97E-05,-0.000201499,486.2762158
-0.000139112,5.08E-05,-0.00022125,485.4280301
-0.000258948,2.65E-05,-0.000225355,485.3649537
-0.000491985,5.97E-05,-0.000212899,485.3238101
-0.000311349,0.000176072,-0.000194616,485.1225288
-0.0006,7.81E-05,-0.000202709,484.6993806
-1.83E-05,9.85E-05,-0.000171273,484.4697447
7.72E-05,3.91E-05,-8.86E-05,484.3334109
-0.000515942,0.000110014,-0.000205344,484.2610299
-0.0006,0.000152275,-0.00018926,484.2097358
-0.000583087,0.0002,-0.000174251,484.2077429
-0.000251274,0.000178255,-0.000190367,484.1560118
5.28E-05,3.91E-05,-0.000132355,483.7166034
7.52E-05,1.21E-05,-0.000101566,483.6174788
-3.42E-05,0.0002,-1.90E-05,483.5597343
-3.42E-05,0.0002,-1.90E-05,483.5597343
-9.12E-06,1.32E-05,-0.000196508,483.4892637
-0.000158879,9.71E-05,-0.000214643,482.9704789
-0.000154143,5.86E-05,-0.000221272,482.892357
-0.000153228,0.000121006,-0.000206226,482.2636858
-0.000281916,2.52E-05,-0.000225353,482.1332122
2.67E-05,2.56E-05,-0.000168386,482.0049629
-3.91E-05,0.0002,-3.07E-05,481.6352103
4.59E-05,6.63E-05,-0.000128704,481.4521792
-7.99E-06,6.05E-05,-0.000185536,481.0399513
-0.000335594,2.69E-05,-0.00022394,480.8781737
-1.74E-05,7.31E-21,-0.0002018,480.8406489
-7.76E-05,0.0002,-0.000103579,480.7519645
-4.59E-05,0.00016176,-0.000132804,480.7134479
7.22E-05,7.31E-21,-0.000108706,480.7074921
-0.000169173,6.65E-05,-0.000221294,480.3566839
5.31E-05,6.03E-05,-0.000121678,480.0319004
-0.000363564,0.0002,-0.000185608,480.0167038
-7.06E-05,0.0002,-9.62E-05,479.9650353
-0.000588946,9.71E-05,-0.000202596,479.8945255
-0.000489603,0.0002,-0.00018374,479.4295169
2.66E-05,1.35E-05,-0.000172034,478.9221214
9.15E-05,3.75E-05,-5.65E-05,478.7894962
-2.68E-05,4.94E-05,-0.000200298,478.7063646
-0.000174692,0.0002,-0.000158111,478.5821403
-0.000374817,2.86E-05,-0.000222526,478.5532672
-0.000300887,2.52E-05,-0.000225353,478.5489839
7.24E-06,8.68E-05,-0.000160221,478.1810903
-0.000173075,0.000198302,-0.000159527,478.035752
-0.000513834,0.0002,-0.000182663,477.8475478
-3.47E-05,0.0002,-6.24E-06,477.7855682
-0.0006,7.09E-05,-0.000205075,477.6823166
3.87E-05,9.87E-05,-0.000110325,477.6159635
-3.36E-05,0.000146659,-0.000143205,477.434214
2.95E-05,8.63E-05,-0.000136141,477.3494354
-1.34E-05,0.000171996,-7.07E-05,477.3083623
-0.000366407,0.0002,-0.000186646,477.0660008
9.77E-06,6.47E-05,-0.000171809,476.950009
-0.000473699,0.0002,-0.000183675,476.9192831
-2.48E-05,8.62E-05,-0.000184808,476.7995702
-0.000365485,0.0002,-0.000186905,476.6697045
-3.69E-05,0.000100246,-0.000184427,476.6014995
-0.000262359,9.27E-05,-0.000220139,476.5634644
-0.000499972,0.0002,-0.000183782,476.4569856
4.05E-05,5.21E-05,-0.000146393,476.1326574
-0.0006,9.84E-05,-0.000202644,475.7692988
-0.000542746,0.00011113,-0.000205344,475.6540011
-0.000101382,0.000119023,-0.00019913,475.5002943
-0.000217539,0.000172897,-0.000192434,475.4414315
-0.000522848,0.0002,-0.000182826,475.3274048
-0.000210078,2.63E-05,-0.000226942,475.3100992
-0.000175007,0.0002,-0.000159884,475.2491284
-3.36E-05,3.02E-05,-0.000207567,475.1139808
-0.000319859,2.52E-05,-0.000225353,474.9647556
2.97E-05,7.54E-05,-0.000145853,474.9290076
-2.50E-06,0.000175857,-1.69E-05,474.9250618
-0.000346971,5.97E-05,-0.000222526,474.6912293
2.05E-05,3.98E-05,-0.000172956,474.6904449
6.54E-05,5.20E-05,-0.000108773,474.6249534
8.42E-05,1.58E-05,-8.62E-05,474.5898468
-9.35E-06,3.64E-05,-0.000195354,474.0781397
-0.000366197,0.0002,-0.000187639,474.0176004
-0.000238608,2.63E-05,-0.000226942,473.9258288
6.34E-05,2.79E-05,-0.000123375,473.8253887
-0.000364862,0.0002,-0.000187719,473.7946532
2.95E-06,7.74E-05,-0.000171709,473.6176892
-0.000487352,0.00010142,-0.000211055,473.564594
-0.000483896,8.63E-05,-0.000212899,473.4577143
-2.05E-05,1.93E-05,-0.000204051,473.3802017
-0.0006,0.000118663,-0.00020017,472.9443554
-2.38E-05,0.000167902,-0.000101517,472.9330182
7.02E-05,8.85E-05,-6.09E-05,472.915114
5.81E-05,1.38E-05,-0.00013538,472.764635
-4.82E-05,4.71E-05,-0.000210287,472.7040467
-0.000281038,4.49E-05,-0.000225353,472.6567137
-0.00018475,0.000170262,-0.000190331,472.6566205
-0.000537509,0.0002,-0.000183091,472.6520229
-0.000141644,0.0002,-0.000153805,472.1757185
-0.000342361,0.0002,-0.000188047,472.0082699
-0.000333315,0.0002,-0.0001879,471.8625576
-0.000165194,0.000144489,-0.000200641,471.7663419
-0.000332726,0.0002,-0.000187891,471.6802159
-0.000398304,2.86E-05,-0.000222526,471.6227782
-0.000333191,0.000199665,-0.000188266,471.5104528
-0.000109919,0.0002,-0.000137247,471.4848647
-0.000542134,0.0002,-0.000183174,471.3223564
-0.000367208,5.55E-05,-0.000222526,471.2841712
-0.000580369,0.000176264,-0.000188782,471.0309912
-5.03E-05,7.18E-05,-0.000204285,470.9717332
-2.45E-05,0.000186187,-5.61E-05,470.8874661
-0.000126545,0.000149429,-0.000189235,470.8380672
-0.000123621,0.0002,-0.00014538,470.8225545
-0.000333449,0.0002,-0.000188419,470.7073286
-0.00033289,0.0002,-0.000188442,470.5998931
-6.59E-05,0.000156915,-0.000158422,470.5661815
-5.02E-05,0.000135088,-0.000169375,470.328521
-1.04E-05,4.85E-05,-0.000193889,470.1891773
-0.00030001,4.49E-05,-0.000225353,470.0550056
4.95E-05,9.49E-05,-0.000101316,469.4052568
-0.000560981,0.0002,-0.000182828,469.0764078
-0.000301294,0.0002,-0.000187382,468.9447833
-0.000301294,0.0002,-0.000187382,468.9447833
8.24E-05,7.31E-21,-9.32E-05,468.8997394
-0.000331235,5.80E-05,-0.00022394,468.8681212
-0.000562323,0.0002,-0.000182751,468.7803972
6.46E-05,0.000113544,0,468.4847027
6.46E-05,0.000113544,0,468.4847027
6.46E-05,0.000113544,0,468.4847027
6.46E-05,0.000113544,0,468.4847027
6.46E-05,0.000113544,0,468.4847027
6.46E-05,0.000113544,0,468.4847027
6.46E-05,0.000113544,0,468.4847027
2.97E-05,0.000112185,-0.000113453,468.3496931
-0.000561509,0.0002,-0.000183084,468.3121413
-0.000146101,0.000175202,-0.000178924,468.3041886
1.75E-05,0.000130598,-0.000105937,468.0353947
-0.00030073,0.000198477,-0.000189042,467.9414756
-7.05E-05,0.0002,-0.000104229,467.8856207
-0.000561184,0.0002,-0.000183519,467.2614148
-0.000444886,0.0002,-0.000190145,467.2281998
-0.00056955,0.000112246,-0.000205344,467.2147169
-0.000561419,0.0002,-0.000183523,467.1891493
1.94E-06,1.27E-05,-0.00019394,467.1292989
-0.00029944,0.0002,-0.000188107,467.0569353
-0.00029944,0.0002,-0.000188107,467.0569353
-0.000561676,0.0002,-0.000183555,467.0414803
6.31E-05,3.87E-05,-0.000122443,466.9502047
-0.000217606,4.63E-05,-0.000226942,466.7257512
5.07E-05,7.42E-05,-0.000120759,466.2641004
1.81E-05,2.57E-05,-0.000180995,465.937121
-0.000561324,0.0002,-0.000183994,465.9309178
-0.0006,0.000115197,-0.000203085,465.7325156
-1.81E-05,6.06E-05,-0.000195446,465.5602053
-0.000490823,0.000141018,-0.000206104,465.5086948
-3.08E-05,0.000133502,-0.000158886,465.441
-0.000382608,0.000108233,-0.000217094,465.408285
4.11E-05,7.47E-05,-0.000134645,465.3383988
-0.00056062,0.0002,-0.000184276,465.3253755
2.86E-05,6.14E-05,-0.000158223,465.1374728
4.02E-05,3.21E-05,-0.000157808,465.0861693
-0.000300116,0.0002,-0.000189562,464.8462529
-0.000300116,0.0002,-0.000189562,464.8462529
-0.000257192,6.59E-05,-0.000225355,464.6974924
-0.000390695,5.55E-05,-0.000222526,464.6617752
-0.000342133,0.000116537,-0.000217094,464.3366071
-0.000301904,0.0002,-0.000189735,464.3219353
-0.000562056,0.0002,-0.000184622,464.2612809
-0.000416008,2.85E-05,-0.000222936,464.1820284
6.14E-05,6.17E-05,-0.00011364,463.8433654
-9.23E-06,7.54E-05,-0.00018445,463.7524006
-2.86E-06,0.000163886,-8.48E-05,463.6703067
-0.0003155,5.63E-05,-0.000225353,463.5453517
2.25E-05,0.000142889,-7.89E-05,463.3993154
-3.03E-05,0.0002,0,463.3765228
-3.03E-05,0.0002,0,463.3765228
-0.000142894,0.0002,-0.000159541,463.3056773
-0.000280161,6.46E-05,-0.000225353,463.1802151
-1.99E-05,3.60E-05,-0.000203302,462.9622423
-2.40E-05,0.000156238,-0.00012741,462.4369997
-4.82E-05,0.0002,-7.73E-05,462.160468
6.58E-05,1.25E-05,-0.000127348,462.1203426
-0.000118666,7.69E-05,-0.000218959,461.9848845
1.84E-05,7.55E-05,-0.000162155,461.9014992
-4.56E-05,0.000153868,-0.000152217,461.7284403
9.03E-05,2.91E-05,-7.35E-05,461.6650842
9.76E-05,7.31E-21,-5.94E-05,461.5253655
1.67E-06,2.47E-05,-0.000193867,461.0830516
-0.000510022,0.000135037,-0.00020717,461.0256325
0.000110308,2.00E-05,-8.07E-06,460.8879238
-0.0006,2.13E-21,-0.000212095,460.841711
-4.94E-05,0.0002,-8.22E-05,460.6662752
-0.0006,7.45E-05,-0.000209177,460.6170983
7.08E-05,3.95E-05,-0.00011118,460.5288981
-8.32E-05,0.0002,-0.000119986,460.5254382
7.18E-05,2.68E-05,-0.000114699,460.4785346
-0.000268793,0.000198215,-0.000188744,460.3813556
-0.000269767,0.0002,-0.000187683,459.940624
-0.0006,0.000112916,-0.000205003,459.8470082
-0.0006,0.000183641,-0.000189181,459.488622
-0.000267282,0.0002,-0.000187648,459.329596
7.42E-05,4.90E-05,-0.000101095,459.1086491
9.22E-05,1.32E-05,-7.57E-05,458.7608669
-0.000537306,1.83E-21,-0.000217484,458.6919914
1.68E-05,1.30E-05,-0.000185549,458.4959705
6.19E-05,4.99E-05,-0.000123197,458.2328738
-0.0006,0.000185158,-0.000189108,458.0012526
-0.000408399,5.54E-05,-0.000222936,457.8902794
5.23E-05,8.73E-05,-0.000109946,457.876569
-0.000580714,0.0002,-0.000185936,457.4739849
-0.000270527,0.0002,-0.000189369,457.3731951
-6.16E-06,0.000155685,-0.00010923,457.3277059
-3.58E-05,0.0002,-5.35E-05,457.2010106
5.34E-05,1.45E-05,-0.000147477,457.0041192
-0.000433711,2.84E-05,-0.000223346,456.7412786
-0.0006,0.000115843,-0.000205477,456.5897701
-0.0006,0.000184387,-0.000190034,456.5610495
-0.00052922,0.000129056,-0.000208236,456.5275542
-4.78E-05,0.000186553,-0.00011116,456.4789469
-0.0006,0.000184022,-0.000190211,456.3486885
-0.000268073,0.0002,-0.000189353,456.3301583
-0.000599783,0.000184464,-0.000190211,456.0810211
-4.90E-05,2.21E-05,-0.000216957,456.066699
-0.0006,0.000184556,-0.000190227,455.9303831
-0.000342612,9.08E-05,-0.000222526,455.5809322
-0.000236853,6.56E-05,-0.000226942,455.5510536
5.15E-05,3.72E-05,-0.000145053,455.5041274
4.23E-05,8.83E-05,-0.00012724,455.4608997
4.49E-05,4.20E-05,-0.000152251,455.1903433
1.92E-05,0.000159349,-5.44E-05,455.0556439
-0.0006,0.000184214,-0.000190731,454.8321175
-0.000317571,0.000111752,-0.000219927,454.675474
-0.000295651,7.60E-05,-0.000225353,454.386251
-0.000138948,0.0002,-0.000161076,454.3476377
-0.0006,0.000117846,-0.000205802,454.3239088
-4.60E-05,0.0002,-8.27E-05,454.0672841
8.02E-05,5.52E-05,-8.70E-05,454.0385602
1.97E-05,0.000117956,-0.000129081,453.9922602
-0.000362849,8.66E-05,-0.000222526,453.9616753
3.87E-06,3.77E-05,-0.000191817,453.8488704
-0.000587548,0.0002,-0.00018679,453.837766
-0.0006,0.000136071,-0.000203244,453.6937922
-0.000236009,0.0002,-0.000186341,452.5333536
-0.000236009,0.0002,-0.000186341,452.5333536
-0.000236856,0.000197953,-0.000188445,452.4360695
-0.000383087,8.25E-05,-0.000222526,452.3424183
-0.000205515,6.62E-05,-0.000226942,452.1862239
-1.01E-07,0.000140592,-0.000127963,452.0590796
-0.000237973,0.0002,-0.000187229,451.9477143
-0.000237973,0.0002,-0.000187229,451.9477143
-7.99E-05,0.000111724,-0.000203731,451.8909293
1.55E-05,3.83E-05,-0.00018366,451.8740068
-2.34E-05,0.0002,-2.64E-05,451.8320455
-0.000293339,0.000115546,-0.000220139,451.7647179
-0.000470093,0.0002,-0.000192654,451.704745
-0.000470093,0.0002,-0.000192654,451.704745
-2.66E-05,0.000186399,-8.61E-05,450.9485016
-4.25E-05,0.0002,-7.80E-05,450.8097519
-0.000426102,5.53E-05,-0.000223346,450.6662182
-0.000326876,8.91E-05,-0.00022394,450.5866095
7.47E-05,7.31E-05,-8.37E-05,450.5024276
-0.000208527,0.0002,-0.000182437,450.3115803
5.18E-05,2.64E-05,-0.000150407,450.2895547
-0.0006,0.000114814,-0.000207414,449.6803952
-0.000556024,0.000130172,-0.000208236,449.6078134
-0.000364951,0.0002,-0.000196185,449.5889004
-0.000204068,0.000195318,-0.000186342,449.5718446
-6.13E-05,0.0002,-0.000106138,449.5461393
2.97E-05,5.01E-05,-0.000167877,449.5060046
3.28E-05,3.79E-05,-0.000169264,449.4926876
-0.000457509,2.84E-05,-0.000223346,449.340202
-3.16E-06,9.28E-05,-0.000176074,449.2900822
-0.00020213,0.0002,-0.000181528,448.9361529
-0.000481432,0.000126443,-0.000212881,448.6458903
-0.000238844,0.0002,-0.000189162,448.5399782
-4.62E-05,0.0002,-8.69E-05,448.531066
-0.000479187,0.000164851,-0.000206104,448.4772817
-0.0006,0.000199398,-0.00018842,448.3897111
-0.00056767,1.83E-21,-0.000217484,448.3700533
-0.000234683,0.0002,-0.000188881,448.2716233
-0.000234683,0.0002,-0.000188881,448.2716233
-0.0006,0.0002,-0.000188347,448.0837152
-0.0006,0.0002,-0.000188391,447.9785061
-4.28E-05,0.0002,-8.28E-05,447.616708
-7.19E-05,0.0001938,-0.000129121,447.3781554
5.69E-05,0.000103363,-9.08E-05,447.2253378
5.01E-05,0.000138161,-2.76E-05,446.9463391
-0.000540253,0.0002,-0.000192435,446.8051071
-0.0006,3.41E-05,-0.000214445,446.537951
-0.00040079,8.24E-05,-0.000222936,446.4901785
-7.10E-05,0.0002,-0.000118137,446.4316726
4.65E-05,0.000109769,-0.000103167,445.9178706
-0.000311141,8.74E-05,-0.000225353,445.5922868
2.10E-05,7.31E-21,-0.000186349,445.5514607
2.17E-05,9.18E-05,-0.000153811,445.4758329
8.67E-05,2.93E-05,-9.17E-05,445.4307042
-0.00044942,5.50E-05,-0.000223346,445.30371
-0.0006,0.000142067,-0.000204303,445.3017138
-0.000143468,9.34E-05,-0.000221693,445.0650719
0.000107196,5.01E-05,0,445.0562689
0.000107196,5.01E-05,0,445.0562689
0.000107196,5.01E-05,0,445.0562689
0.000107196,5.01E-05,0,445.0562689
5.27E-05,6.18E-05,-0.000135966,445.0021738
-0.000237216,0.0002,-0.00019096,444.7517549
-0.0006,1.52E-06,-0.000215902,444.7297025
-0.00026395,0.00012517,-0.000220139,444.4749891
-0.000137817,0.000117259,-0.000213276,444.3582787
-0.000482638,0.0002,-0.000195107,444.3518892
-3.29E-05,1.38E-05,-0.000215491,444.2534791
8.25E-05,7.60E-05,-6.86E-05,443.9199124
-0.000101784,4.81E-05,-0.000225316,443.8458966
-0.000132166,0.000141137,-0.000204859,443.6514855
-0.000118683,2.33E-05,-0.000228906,443.6291568
0.00011259,2.93E-05,-1.13E-05,443.2748169
6.35E-05,7.31E-21,-0.000139861,443.2375477
-0.000150695,0.0002,-0.000169488,443.0191028
-0.000582829,0.000131288,-0.000208236,442.8208655
-0.000481307,2.84E-05,-0.000223346,442.7477808
-0.0006,0.000162337,-0.000200765,442.5293675
-1.95E-05,7.56E-05,-0.000196197,442.4866672
-2.43E-05,0.0002,-4.16E-05,442.4090503
-2.18E-05,0.0002,0,442.346564
-2.18E-05,0.0002,0,442.346564
7.51E-05,1.44E-05,-0.000119543,442.3321863
-2.66E-05,0.0002,-5.89E-05,442.2473511
-0.000206708,0.0002,-0.000187668,441.8053508
-2.66E-06,0.000187501,0,441.6735392
-2.66E-06,0.000187501,0,441.6735392
-2.66E-06,0.000187501,0,441.6735392
-2.66E-06,0.000187501,0,441.6735392
-2.66E-06,0.000187501,0,441.6735392
-2.66E-06,0.000187501,0,441.6735392
-2.66E-06,0.000187501,0,441.6735392
-2.66E-06,0.000187501,0,441.6735392
-2.66E-06,0.000187501,0,441.6735392
-0.000151723,0.00016691,-0.000194549,441.1176069
-0.000178248,0.0002,-0.000178136,440.9385394
-0.000178248,0.0002,-0.000178136,440.9385394
-7.48E-05,0.0002,-0.000128127,440.8275006
-0.000418494,8.23E-05,-0.000223346,440.6379386
4.28E-05,6.44E-05,-0.00015007,440.539149
-0.000504488,0.000168865,-0.000206104,440.274309
-0.000425405,0.000112408,-0.000219658,440.2266852
-9.19E-05,0.0002,-0.000143833,440.2016153
0.000113666,0,0,440.1896962
0.000113666,0,0,440.1896962
-0.000240105,8.84E-05,-0.000226672,440.1312977
-0.000133777,0.0002,-0.000165947,439.7103345
-0.000494492,0.0002,-0.000197424,439.4557009
6.31E-05,3.74E-05,-0.000135588,439.3963891
5.59E-06,6.63E-05,-0.000185552,439.1675457
-0.000199096,0.0002,-0.000187338,439.0578496
-0.000598033,1.83E-21,-0.000217484,439.0334343
-0.000473218,5.50E-05,-0.000223346,438.8547836
-0.000171279,0.000192682,-0.000184238,438.5837283
-0.0006,1.83E-21,-0.000217484,438.4681569
1.14E-05,0.000111225,-0.000153695,438.4626968
-0.0006,0.000117177,-0.000210417,438.3865288
6.40E-05,7.67E-05,-0.000107202,438.2927616
-0.000523687,0.000162884,-0.00020717,438.2448099
-0.000195564,1.62E-05,-0.000231878,438.1794769
-0.000432175,0.0002,-0.000201397,438.1678621
-0.000402772,0.00010298,-0.000222375,437.6991819
6.95E-05,0.000114227,-4.29E-05,437.3826923
4.11E-05,4.92E-05,-0.000159844,437.3406759
-0.000181249,3.50E-05,-0.000231878,437.0677115
-0.000208767,8.89E-05,-0.000226672,436.6026174
2.65E-05,0.000165221,-3.26E-05,436.4447561
-0.000441811,8.20E-05,-0.000223346,436.1036325
-9.35E-05,0.0002,-0.0001481,436.0288765
-0.000448722,0.000112138,-0.000219658,436.0048855
-0.000172223,0.0002,-0.000179553,435.7035182
-0.000542885,0.000156903,-0.000208236,435.4703407
5.21E-05,7.31E-21,-0.000157691,435.4114993
-0.000526407,0.0002,-0.000197982,434.9887504
-7.33E-05,0.0002,-0.000133575,434.9238037
-9.08E-05,0.000198741,-0.00014887,434.820159
-0.000439622,1.83E-21,-0.000227121,434.524502
-3.04E-05,0.000177228,-0.000123267,434.2249597
5.01E-05,2.05E-05,-0.000159792,434.2205618
-0.0006,2.55E-06,-0.000218483,434.2067247
1.75E-05,5.23E-05,-0.000183,433.9744802
4.18E-05,1.23E-05,-0.0001705,433.8744815
-9.06E-05,0.0002,-0.000147729,433.8254527
-0.000112921,0.0002,-0.000158932,433.6351188
1.33E-05,0.00015586,-9.80E-05,432.8894406
5.30E-05,5.10E-05,-0.000146969,432.7618464
-0.000203093,3.62E-05,-0.000231878,432.7131117
-2.93E-06,0.000130873,-0.000152942,432.6129716
-4.73E-05,0.0002,-0.00010763,432.4680086
-2.09E-06,4.26E-05,-0.000200567,432.4602064
-0.000437712,0.0002,-0.000203386,432.4338441
-9.02E-05,0.0002,-0.000149037,432.4110189
-7.58E-05,3.34E-05,-0.000225372,432.1844959
-0.000166707,0.0002,-0.000180046,432.1711009
-9.48E-06,1.60E-05,-0.000208959,432.0226086
-0.00047204,0.000111868,-0.000219658,431.7830858
8.83E-05,1.71E-05,-9.96E-05,431.6586463
-0.0006,0.000101582,-0.000214534,431.5751654
-0.000465129,8.17E-05,-0.000223346,431.5693264
-0.000467551,0.000188684,-0.000206104,431.4458685
-1.41E-05,0.0002,-1.40E-05,431.3605047
-0.0006,0.000138541,-0.000209499,431.2953715
4.25E-05,2.61E-05,-0.000169103,430.9483574
-4.72E-06,0.000112379,-0.000171882,430.564904
4.43E-06,5.29E-05,-0.000194232,430.4476546
7.48E-05,6.46E-05,-0.000105424,430.1262331
-0.00056969,0.000158019,-0.000208236,429.9166568
-1.36E-05,0.0002,-1.39E-05,429.8317023
-0.00034766,1.83E-21,-0.000231057,429.7287986
-5.79E-05,7.31E-21,-0.000224427,429.6988528
-1.32E-05,0.0002,-1.38E-05,428.935601
-1.32E-05,0.0002,-1.38E-05,428.935601
-0.00017082,1.89E-05,-0.000233334,428.5019801
-0.00016042,3.66E-21,-0.000233334,428.5019801
-2.09E-05,0.0002,-6.98E-05,428.4286238
8.43E-05,9.82E-06,-0.000111008,428.3599981
-0.000519183,0.0002,-0.000200877,428.3519038
-5.33E-05,0.000115455,-0.000197946,428.3105857
7.02E-05,9.05E-05,-8.88E-05,428.2809237
-0.000513554,0.0002,-0.000201152,428.2689414
-0.00046342,1.83E-21,-0.000227121,428.2532772
-8.98E-05,0.0002,-0.000152298,428.0876296
-6.38E-05,0.0002,-0.000129558,427.8637955
-0.000175406,0.0002,-0.000186311,427.8039098
-0.000175406,0.0002,-0.000186311,427.8039098
-0.0006,0.000144051,-0.000209665,427.684163
-0.000185135,3.66E-21,-0.000233334,427.0252849
6.94E-05,4.50E-05,-0.000128737,427.0058455
8.34E-05,2.54E-05,-0.000110309,426.8750059
7.04E-05,2.50E-05,-0.000133657,426.7782987
1.65E-05,2.50E-05,-0.000193886,426.2125775
-0.000578171,0.0002,-0.000198458,426.1420507
-1.38E-05,0.0002,-5.78E-05,426.1378585
-7.46E-05,0.000182836,-0.000161003,426.1344651
9.34E-05,4.52E-05,-8.00E-05,426.1276267
-2.68E-05,0.000117622,-0.000186046,425.7183958
9.53E-05,6.19E-05,-5.96E-05,425.4954922
-0.000371147,1.83E-21,-0.000231057,425.4763225
1.35E-05,1.19E-05,-0.000197446,425.3654836
5.41E-05,0.000134187,-5.69E-05,425.2448447
7.59E-05,3.81E-05,-0.000121411,424.9226042
-7.14E-05,0.000160147,-0.000179483,424.8304139
-6.32E-06,3.08E-05,-0.00020716,424.5995295
6.58E-05,0.000111502,-7.22E-05,424.5977505
6.45E-05,2.62E-05,-0.000144083,424.5448146
4.32E-05,0.000156618,0,424.4820773
4.32E-05,0.000156618,0,424.4820773
4.32E-05,0.000156618,0,424.4820773
4.32E-05,0.000156618,0,424.4820773
4.32E-05,0.000156618,0,424.4820773
4.32E-05,0.000156618,0,424.4820773
4.32E-05,0.000156618,0,424.4820773
-0.000437086,0.000135971,-0.000219658,424.4568601
-8.43E-05,0.0002,-0.000151091,424.350019
-0.000492852,0.000192698,-0.000206104,424.3314606
-0.000136745,0.0002,-0.000174812,424.2992849
-0.000163668,0.0002,-0.000186012,424.0671296
-0.000163668,0.0002,-0.000186012,424.0671296
-0.0006,1.63E-21,-0.000220943,424.0313783
-0.0006,0.000140287,-0.000211496,423.8129096
-1.29E-06,0.0002,0,423.2474585
-1.29E-06,0.0002,0,423.2474585
-0.000464812,0.0002,-0.000205802,423.0277678
-0.000464812,0.0002,-0.000205802,423.0277678
-0.000191001,5.61E-05,-0.000231878,422.8526797
9.00E-05,8.36E-05,-5.31E-05,422.8296436
-2.22E-05,0.00018679,-0.00010747,422.7359037
-0.000599153,0.000197624,-0.000199882,422.6507462
-0.000487218,1.83E-21,-0.000227121,422.4074588
8.89E-05,9.86E-05,-2.75E-05,422.0801218
-4.91E-05,0.0002,-0.000121937,421.8760587
2.27E-05,6.86E-05,-0.000176724,421.8096249
-0.000474805,0.0002,-0.000205842,421.7918633
-0.000446395,0.0002,-0.000206504,421.1315852
0.00012,0,0,420.8924342
8.77E-05,4.03E-05,-9.98E-05,420.8629792
-0.000394634,1.83E-21,-0.000231057,420.5363473
0.00012,7.31E-21,-2.03E-05,420.3015007
-0.000460404,0.000135701,-0.000219658,420.2350604
-0.000398789,0.000129293,-0.000223114,419.6927243
-2.19E-05,0.0002,-8.36E-05,419.4711692
3.49E-05,1.57E-05,-0.00018248,419.3835156
-0.000184257,9.04E-05,-0.000228796,419.2645093
-0.000491085,0.0002,-0.000205909,419.1488833
-0.000497533,0.0002,-0.000205935,418.8700467
-0.000418122,1.83E-21,-0.000231057,418.6315193
-0.000518154,0.000196712,-0.000206104,418.3260957
-7.13E-05,6.41E-05,-0.00022306,418.0055766
-0.000522139,1.88E-05,-0.000226226,417.9099135
4.44E-05,0.000139835,-8.19E-05,417.8459684
-0.0006,0.000135657,-0.000213749,417.7130602
6.45E-05,9.61E-05,-0.000103552,417.7051823
-0.000589104,0.000166219,-0.000209665,417.4507107
-0.000537352,0.000190731,-0.00020717,417.2140353
0.00012,2.58E-05,0,416.9287147
0.00012,2.58E-05,0,416.9287147
0.00012,2.58E-05,0,416.9287147
-0.000358314,0.000137597,-0.000223114,416.9163
-0.000511016,1.83E-21,-0.000227121,416.7214632
1.97E-06,0.0002,-9.13E-06,416.7001611
-0.000520615,0.0002,-0.000205753,416.6456265
0.00012,3.54E-21,-1.00E-05,416.5141877
-9.00E-05,0.000156107,-0.000194191,416.4658047
4.37E-05,0.000107624,-0.000129495,416.3766248
-0.000517358,0.0002,-0.000206016,416.2505797
-9.49E-05,2.02E-05,-0.000231122,416.2397789
-0.0006,4.94E-05,-0.000221702,416.147539
-0.00051405,4.55E-05,-0.000226226,416.0685346
6.69E-05,6.63E-05,-0.00012684,416.0197484
-0.000216423,0.000114057,-0.000226672,415.7438391
0.000113628,7.31E-21,-4.12E-05,415.7068815
-0.000170546,0.0002,-0.000192947,415.6612757
-1.85E-05,1.11E-05,-0.000216925,415.631161
-0.000556551,0.00018475,-0.000208236,415.6101603
0.00012,2.10E-05,-3.92E-06,414.9917327
6.73E-05,1.43E-05,-0.000146949,414.9804695
-0.000103328,0.000183704,-0.000182824,414.9138041
7.64E-05,5.26E-05,-0.000120251,414.4502736
3.05E-05,4.19E-05,-0.000183107,414.4365683
-2.49E-05,6.51E-05,-0.000211302,414.3980445
-4.33E-05,0.000180537,-0.000147551,414.1940841
7.89E-05,7.31E-21,-0.000128742,414.1155968
-9.67E-06,4.92E-05,-0.000208352,413.9161726
-0.000537487,0.0002,-0.000206058,413.6746635
-7.45E-05,0.000137409,-0.000200446,413.5086648
0.000104766,1.40E-05,-7.34E-05,413.3845375
0.00012,1.53E-05,0,413.3535488
0.00012,1.53E-05,0,413.3535488
0.00012,1.53E-05,0,413.3535488
-3.17E-05,0.0002,-0.000108814,413.2396837
-1.90E-05,0.000156191,-0.000153924,413.0496892
-0.000241696,0.000120812,-0.000226672,412.9084473
-0.00054429,0.0002,-0.000206181,412.8984367
-0.0006,8.42E-05,-0.00022013,412.6714869
7.45E-05,1.41E-05,-0.00013712,412.6280039
-5.07E-06,6.68E-05,-0.000201736,412.526904
-2.98E-05,9.18E-05,-0.000205295,412.3830705
0.000108153,5.36E-05,-4.32E-05,411.9969108
-0.000262887,0.000151114,-0.000221145,411.8676938
-0.000505961,7.22E-05,-0.000226226,411.8483052
-0.000434359,0.0002,-0.000209577,411.4536078
2.09E-05,0.000168468,-8.03E-05,411.4091774
6.67E-05,5.19E-05,-0.000138142,411.1603523
-2.39E-05,0.0002,-9.96E-05,411.0406651
-0.0006,0.000170822,-0.000210467,410.9494705
1.05E-05,0.000183836,-6.08E-05,410.8496864
-6.30E-05,0.0002,-0.00014577,410.5913103
-0.000556772,0.0002,-0.000206407,410.5846331
-2.07E-05,2.63E-05,-0.000217673,410.5043131
8.48E-06,7.31E-21,-0.000205883,410.1145014
5.39E-05,3.93E-05,-0.00016163,409.7557515
-0.000167298,0.000108473,-0.000228796,409.437943
-0.000540854,4.66E-05,-0.000226226,409.4152115
-0.000554813,2.27E-05,-0.00022637,409.2660433
1.63E-05,0.000132116,-0.000144827,409.245312
0.000101254,7.31E-21,-8.47E-05,409.0106811
-0.000448768,0.000159534,-0.000219658,408.6870351
-4.27E-05,0.00015952,-0.000173332,407.9945261
-3.99E-06,0.00019036,-8.43E-05,407.9809096
-0.000320414,0.000139045,-0.000225095,407.9735133
-0.000164414,3.22E-05,-0.000235193,407.6347448
-0.000142472,3.03E-05,-0.000235193,407.6347448
-0.000154014,1.33E-05,-0.000235193,407.6347448
4.19E-06,1.92E-05,-0.000208286,407.5598029
0.00012,3.25E-05,0,407.4442455
-4.65E-06,0.000163667,-0.000134538,407.3801842
0.00010904,6.53E-05,-2.90E-05,407.077798
-0.000115825,0.000111764,-0.000221722,407.0623304
-0.000497872,9.89E-05,-0.000226226,406.6730511
4.47E-05,8.46E-05,-0.000152833,406.4453606
-0.000179264,0.000131956,-0.000223212,406.4307993
-0.000203879,0.000139001,-0.000223212,406.2023077
1.51E-05,0.000106389,-0.000170801,405.9346174
-0.000532765,7.33E-05,-0.000226226,405.8845111
8.23E-05,2.61E-05,-0.000125768,405.8329555
1.64E-05,8.75E-05,-0.000181145,405.351894
-2.57E-05,4.61E-05,-0.000218034,405.3289927
-0.000229152,0.000145756,-0.000223212,405.2292678
-0.000129233,0.000165583,-0.00020723,405.1269038
4.66E-05,2.13E-05,-0.000176857,404.9163809
4.36E-05,0.000156436,-5.93E-05,404.7315209
0.00012,5.27E-05,0,404.5814556
0.00012,5.27E-05,0,404.5814556
-0.000570413,0.0002,-0.000208112,404.4603724
-0.0006,0.0002,-0.000206724,404.3011917
-0.000575965,0.00019295,-0.000209665,404.2448977
9.99E-05,1.43E-05,-9.32E-05,403.9490904
0.00012,7.31E-21,-3.13E-05,403.8370667
3.24E-05,0.000111487,-0.000148349,403.3342835
-0.0006,0.000199504,-0.000207319,403.2786051
-0.00014879,0.000191355,-0.000196919,402.5930252
-9.24E-05,9.32E-05,-0.000224361,402.5449271
5.11E-06,0.000101622,-0.000184983,402.5300097
-0.000585176,2.27E-05,-0.00022637,402.4742477
-0.000573528,5.05E-05,-0.00022637,402.2169728
-0.000576067,0.0002,-0.000208819,402.1624893
9.29E-05,6.71E-05,-8.32E-05,401.8124308
-4.78E-05,0.0002,-0.000136314,401.7234762
-2.23E-05,0.0002,-0.000107457,400.9796627
-1.02E-05,0.0002,-8.30E-05,400.8725402
4.55E-05,4.23E-05,-0.00017483,400.8610375
-0.0006,0.0002,-0.000208227,400.8266326
-0.000191913,0.000115518,-0.000228796,400.7321899
2.93E-05,2.81E-05,-0.000193052,400.5904895
-0.000291025,0.000148669,-0.000225095,400.5064712
8.80E-05,3.86E-05,-0.000115031,400.4387236
-0.000598608,0.0002,-0.000208456,400.4250645
-4.83E-05,0.000142809,-0.000192609,400.4076976
0.00012,7.31E-21,-4.18E-05,400.3671295
-0.00055957,7.44E-05,-0.000226226,400.249747
-0.000148794,0.0002,-0.000194114,400.0002295
-0.000524676,1.00E-04,-0.000226226,399.6414726
-0.0006,2.27E-05,-0.00022637,399.3525255
4.41E-05,7.31E-21,-0.000183168,399.0814366
8.79E-05,5.25E-05,-0.00010882,398.7559633
2.05E-05,4.35E-05,-0.000197182,398.7398091
0.000110955,4.25E-05,-5.74E-05,398.7393313
-0.000522697,0.0002,-0.000212845,398.564641
7.68E-05,3.90E-05,-0.000135521,398.4148359
-4.12E-06,0.0002,-7.34E-05,398.3704821
0.000102238,3.02E-05,-8.81E-05,398.2051833
-0.000595682,0.0002,-0.000209654,398.1011238
-0.0006,0.000191748,-0.000211094,398.0495124
5.60E-05,1.45E-05,-0.000170646,398.035635
4.14E-05,2.98E-05,-0.000183013,397.4878883
5.51E-06,0.000152479,-0.000144847,397.4857433
9.46E-05,7.31E-21,-0.000110044,397.1396241
4.50E-05,0.000137205,-0.000106443,397.1265032
-1.41E-05,0.0002,-9.71E-05,397.0056754
2.80E-05,1.43E-05,-0.000197549,396.8677446
2.14E-06,0.0002,-5.99E-05,396.7937601
4.13E-05,6.38E-05,-0.000173881,396.6170027
-0.0006,4.47E-05,-0.00022637,396.5410995
-0.0006,5.05E-05,-0.00022637,395.9106131
2.41E-05,0.00019513,-8.18E-06,395.5650749
-0.000110507,0.0002,-0.000186535,395.5366564
-0.000406523,0.0002,-0.000216169,395.4269053
7.20E-06,0.0002,-3.91E-05,395.390905
0.00012,2.23E-05,-3.33E-05,395.3207629
-0.000592655,0.0002,-0.000210893,395.2718658
0.00012,2.08E-05,-3.40E-05,395.1040474
-9.81E-06,0.000109879,-0.000193761,394.9406616
0.00012,2.22E-05,-3.48E-05,394.9347701
6.41E-05,8.89E-05,-0.000130493,394.6705135
-0.000595172,0.0002,-0.000211046,394.5862075
-0.000551481,0.000101086,-0.000226226,394.5340166
9.69E-05,2.78E-05,-0.000105155,394.4678888
8.93E-05,6.70E-05,-0.000101445,394.361221
-0.000595944,0.0002,-0.000211094,394.3265587
-0.0006,5.97E-05,-0.00022637,394.2968629
0.000118217,4.56E-05,-2.65E-05,394.1731717
0.00012,4.01E-05,-1.91E-05,394.1481705
-0.0006,0.0002,-0.000211094,393.8809402
9.88E-06,0.000198895,-4.00E-05,393.6487406
-0.0006,0.000147984,-0.000220297,393.0964875
8.72E-06,0.0002,-4.16E-05,393.0242773
-0.000592244,7.83E-05,-0.00022637,392.9281812
0.00012,2.32E-05,-3.49E-05,392.8674767
-7.92E-05,0.0002,-0.000173155,392.8259984
3.54E-05,8.39E-05,-0.000172174,392.8000369
0.00012,2.20E-05,-3.59E-05,392.6441752
-1.40E-05,3.64E-05,-0.000219083,392.6314758
6.66E-05,1.12E-05,-0.00016017,392.6150251
0.00012,1.85E-05,-3.61E-05,392.4498295
-0.000343813,1.43E-05,-0.000236263,392.3957959
-3.09E-05,7.31E-21,-0.000226146,392.3671475
9.99E-06,0.0002,-3.97E-05,392.3637934
-0.000404706,0.0002,-0.000217215,392.3424061
-0.000379192,0.000172749,-0.000223114,392.2394679
8.74E-06,0.000180387,-0.000103472,392.208485
1.02E-05,0.0002,-4.07E-05,392.08197
-0.000143739,6.16E-05,-0.000235625,391.714015
-0.000156916,4.43E-05,-0.000235625,391.714015
0.00012,2.29E-05,-3.60E-05,391.6913634
-0.000361684,0.0002,-0.000216603,391.6775253
-0.0006,7.83E-05,-0.00022637,391.5092791
-0.000333316,0.0002,-0.000216283,391.4424215
4.21E-05,0.000128366,-0.000128747,391.4182563
5.99E-05,6.53E-05,-0.000154937,391.349964
-6.82E-06,0.000182882,-0.000123832,391.2806921
-0.000328446,0.0002,-0.000216228,391.2402641
-0.000594705,0.0002,-0.00021232,391.1456608
5.52E-05,2.84E-05,-0.000173271,391.100849
-3.15E-05,0.0002,-0.000129685,390.9071262
-0.000276873,0.00017678,-0.000221145,390.8249711
-2.41E-05,0.000146969,-0.000180733,390.6906905
-0.000596718,0.0002,-0.000212524,390.5124141
0.00012,3.20E-05,-3.15E-05,390.4468404
1.09E-05,0.0002,-4.33E-05,390.4179719
0.00012,4.54E-05,-2.69E-05,390.407626
-0.0003673,1.43E-05,-0.000236263,390.2308609
-2.81E-05,0.000198074,-0.000129573,390.1434537
7.17E-06,4.08E-05,-0.000209747,390.1387591
-0.000339454,4.54E-05,-0.000236263,390.0991728
0.00012,4.66E-05,-2.40E-05,390.0843519
-0.000270286,3.23E-05,-0.000237677,390.0666061
-0.000271164,1.26E-05,-0.000237677,390.0666061
-0.000290135,1.26E-05,-0.000237677,390.0666061
-0.000244627,0.000173498,-0.000221145,389.993359
-0.000578285,0.000102202,-0.000226226,389.794027
-2.70E-05,0.0002,-0.000125199,389.7408618
6.61E-05,2.74E-05,-0.000159938,389.373612
0.00012,4.80E-05,-2.70E-05,389.3015348
-0.0006,0.0002,-0.000212855,389.2874802
-1.35E-05,0.0002,-0.000106316,389.2757934
-0.000204149,0.0002,-0.000208413,389.1876172
-0.000171947,5.21E-05,-0.000235647,389.1783419
-0.00016474,9.13E-05,-0.000235647,389.1783419
-0.000158769,6.94E-05,-0.000235647,389.1783419
0.00012,2.48E-05,-3.78E-05,389.1278028
-9.02E-05,0.0002,-0.000181392,389.1218824
-1.75E-05,0.0002,-0.000112585,389.1019064
-0.0006,8.98E-05,-0.00022637,389.09294
-0.000297651,0.0002,-0.000216341,388.9583794
-5.98E-05,0.0002,-0.000161207,388.8684358
0.000115672,2.22E-05,-6.17E-05,388.8581446
6.93E-05,4.30E-05,-0.00015245,388.5527162
-0.000359691,4.12E-05,-0.000236263,388.4735291
-0.000294003,0.0002,-0.000216548,388.4426208
6.51E-05,0.000113783,-0.000109106,388.3823865
-0.000363134,0.00019779,-0.000218745,388.1422606
0.00012,2.23E-05,-4.11E-05,388.0138573
-0.000512991,0.0002,-0.000216888,387.9584913
-2.80E-05,0.0002,-0.000129598,387.9255357
-0.000191997,0.0002,-0.000206631,387.9145358
1.42E-05,0.0002,-4.24E-05,387.8265567
-0.000422152,0.000176419,-0.000223114,387.6835958
6.07E-07,8.98E-05,-0.000199762,387.5363699
-0.000154677,0.0002,-0.00020295,387.4995781
-0.000289257,3.23E-05,-0.000237677,387.2069033
-0.000181699,7.32E-05,-0.000235647,387.0420943
-0.000390787,1.43E-05,-0.000236263,386.9444306
-0.000389009,0.0002,-0.000218745,386.9350126
9.26E-05,1.33E-05,-0.000123116,386.8710554
-0.0002263,0.0002,-0.000211662,386.8352543
-4.01E-06,1.17E-05,-0.000219016,386.7930586
-0.000364031,0.0002,-0.000218745,386.7771332
-1.95E-06,0.000133207,-0.000177075,386.6909417
-0.000328077,1.26E-05,-0.000237677,386.4823778
-0.000309106,1.26E-05,-0.000237677,386.4823778
-0.0006,0.000177454,-0.00021805,386.4598437
-0.000404726,0.0002,-0.000218967,386.4480849
9.34E-05,9.05E-05,-7.56E-05,386.239821
-0.000407029,0.0002,-0.000219,386.2280065
9.85E-05,1.72E-05,-0.000111357,386.1350526
-8.85E-08,0.0002,-9.38E-05,385.9972093
-0.000330673,0.000196602,-0.000219521,385.9676166
-0.0006,0.000104767,-0.000226321,385.7268558
-0.000308228,3.23E-05,-0.000237677,385.6580068
0.00012,7.31E-21,-5.83E-05,385.650261
-0.000139798,0.0002,-0.000199014,385.444078
-2.81E-05,0.0002,-0.000133075,385.3867351
0.00012,6.17E-05,-1.75E-05,385.1691
1.79E-05,2.80E-05,-0.000207021,385.0832233
-5.22E-05,0.0002,-0.000158135,384.9945662
-0.000414275,1.43E-05,-0.000236263,384.8113891
-0.000383179,4.12E-05,-0.000236263,384.778357
-0.000266529,0.0002,-0.000216086,384.5160026
7.37E-06,0.0002,-8.20E-05,384.4750959
-8.09E-06,2.34E-05,-0.000220714,384.3540752
-0.000361156,0.0002,-0.000219904,383.846007
-5.51E-05,0.000182941,-0.000177043,383.6934652
-0.000294392,0.00019674,-0.000219521,383.5000081
8.21E-05,0.000134631,-2.45E-05,383.4900145
-0.000305011,0.000174335,-0.000225095,383.2098068
0.00012,4.28E-05,-4.88E-05,383.155285
-0.000341292,0.000174197,-0.000225095,383.0377951
-0.000262035,0.0002,-0.00021601,382.7281176
0.0001012,5.25E-05,-9.54E-05,382.7144972
-0.000323718,4.37E-05,-0.000237677,382.6776732
-0.0006,0.000197182,-0.000216027,382.4409434
7.91E-05,2.29E-05,-0.000148921,382.3774364
-0.000363948,0.0002,-0.000220775,382.2887467
0.00012,1.85E-05,-5.87E-05,382.1176736
-0.000534906,0.0002,-0.000218769,382.0911741
-0.000511151,0.000117896,-0.000229118,382.084254
-0.000182024,0.000158677,-0.000223212,382.0394676
-2.20E-05,0.0002,-0.000130523,382.0072613
-0.000210892,0.00016814,-0.000223212,382.0053891
0.00012,6.75E-05,-2.97E-05,381.9952722
-0.000480316,0.00014771,-0.000228052,381.7543474
-0.000491952,0.000123877,-0.000228052,381.7543474
-0.000406666,4.12E-05,-0.000236263,381.6870792
0.00012,2.23E-05,-6.10E-05,381.6198266
0.00012,7.31E-21,-6.67E-05,381.5331936
-0.000335095,7.65E-05,-0.000236263,381.2689795
-0.000355332,7.23E-05,-0.000236263,381.0104286
0.000117392,7.17E-05,-7.44E-06,380.782723
-0.000147924,0.0002,-0.000207207,380.6001852
-0.00028402,8.31E-05,-0.000237677,380.5901076
-0.000288379,5.20E-05,-0.000237677,380.5901076
-0.00026853,7.17E-05,-0.000237677,380.5901076
-0.000269408,5.20E-05,-0.000237677,380.5901076
0.00012,4.38E-05,-5.73E-05,380.3229836
8.80E-05,1.31E-05,-0.000137106,380.1584215
-0.000333293,0.0002,-0.000221067,380.1201709
0.00012,2.72E-05,-6.08E-05,380.1033791
3.67E-05,0.000178994,-6.59E-05,379.9309808
-1.85E-05,0.000185229,-0.000146603,379.7441321
-0.000327192,0.0002,-0.000221056,379.689209
-0.00037557,6.82E-05,-0.000236263,379.5842236
7.86E-05,7.31E-21,-0.000152697,379.4699875
2.20E-05,0.000159374,-0.000129697,379.4225142
-0.000537955,0.000119012,-0.000229118,379.3440146
0.00012,2.36E-05,-6.56E-05,379.3112094
-0.000574104,0.0002,-0.000218487,379.2505097
1.82E-05,0.000190767,-8.61E-05,379.0408153
1.69E-05,0.0002,-7.12E-05,378.8554354
4.66E-05,0.000160021,-8.62E-05,378.7803533
-0.000293077,0.0002,-0.000220633,378.5617944
-0.000262455,0.000196478,-0.000219223,378.5338676
-0.000303869,6.34E-05,-0.000237677,378.4543137
-3.34E-05,0.0002,-0.000151433,378.2950141
-5.49E-05,0.0002,-0.000165262,378.1936223
9.23E-05,2.15E-05,-0.000130428,378.160053
0.00012,5.61E-05,-4.17E-05,378.1122543
-0.000502943,0.0002,-0.000221074,378.0814916
0.00012,1.01E-05,-6.51E-05,377.8580651
-0.000296905,0.0002,-0.000221004,377.8349628
0.000116352,7.67E-05,0,377.7180033
0.000116352,7.67E-05,0,377.7180033
0.000116352,7.67E-05,0,377.7180033
0.000116352,7.67E-05,0,377.7180033
0.000116352,7.67E-05,0,377.7180033
-0.000431978,1.42E-05,-0.000236673,377.3706393
0.00012,2.67E-06,-6.89E-05,377.2503313
-0.0006,0.000114639,-0.000227922,377.2342863
3.68E-05,0.0002,0,377.001826
3.68E-05,0.0002,0,377.001826
-0.000399057,6.82E-05,-0.000236263,376.8955115
-7.18E-05,0.0002,-0.000179184,376.8766606
-4.47E-05,4.12E-05,-0.000230796,376.8732225
-0.000350973,0.000103455,-0.000236263,376.7904661
-0.000330736,0.000107608,-0.000236263,376.7904661
-0.000424369,4.11E-05,-0.000236673,376.7305804
-3.08E-05,2.78E-05,-0.000228925,376.4944646
-0.000230209,0.000193196,-0.000219223,376.3842118
-0.000458082,0.0002,-0.000222555,376.2766114
-0.000197421,0.000190561,-0.000217119,375.9788792
-0.000259641,0.0002,-0.000219223,375.8594746
-0.000505617,0.000151724,-0.000228052,375.8255491
-0.000564759,0.000120128,-0.000229118,375.7626469
-0.0006,0.0002,-0.000218585,375.455653
5.42E-05,1.64E-05,-0.000185076,375.3120681
0.00012,7.31E-21,-7.06E-05,375.2122544
-0.000391448,9.52E-05,-0.000236263,375.1712092
-0.000371211,9.93E-05,-0.000236263,375.1712092
1.80E-05,1.36E-05,-0.000212983,375.0636297
8.77E-05,6.60E-05,-0.000125559,374.8580314
6.72E-05,0.000137685,-8.64E-05,374.6392898
-0.000319359,7.48E-05,-0.000237677,374.5311589
-0.000455776,1.42E-05,-0.000236673,374.4468266
2.22E-05,0.000128829,-0.000168235,374.0537372
-0.000265875,0.0002,-0.000220456,374.0088723
-0.000447687,4.09E-05,-0.000236673,373.7999231
3.75E-05,0.000162586,-0.000106472,373.5862857
6.70E-05,0.000159274,-3.82E-05,373.154094
-0.000168553,0.000181097,-0.000217119,373.1467464
0.00012,7.30E-05,0,373.0684383
0.00012,7.30E-05,0,373.0684383
-4.80E-05,0.0002,-0.00016518,372.9849988
9.81E-05,2.87E-05,-0.000122544,372.9233963
-1.25E-08,0.0002,-0.000112386,372.6373232
8.94E-05,2.85E-05,-0.000138246,372.5316459
-0.000232733,0.0002,-0.000219223,372.2771569
-0.000591563,0.000121244,-0.000229118,372.2763269
0.000117048,1.83E-05,-8.31E-05,372.2527115
-0.000416761,6.81E-05,-0.000236673,372.2290599
-0.000524816,0.000145743,-0.000229118,372.1617903
8.58E-05,0.000114255,-8.46E-05,372.0678227
6.01E-06,0.0002,-0.000104373,371.9863408
-0.000315,0.000105913,-0.000237677,371.7961434
-0.00029951,9.45E-05,-0.000237677,371.7961434
0.00012,7.56E-05,-5.59E-06,371.6592795
0.00012,7.87E-05,0,371.646317
0.00012,7.87E-05,0,371.646317
0.00012,6.21E-05,-5.08E-05,371.6323055
-0.000151888,0.000104725,-0.000235847,371.5325359
-5.13E-05,9.32E-05,-0.000224816,371.5087307
0.00012,6.31E-05,-4.94E-05,371.4511727
3.28E-05,7.31E-21,-0.000205712,371.2820701
-0.000479574,1.42E-05,-0.000236673,371.2685909
0.00012,6.06E-05,-5.22E-05,371.2114758
9.72E-05,0.000107732,-5.74E-05,371.1720746
-0.000146237,0.000128604,-0.00022743,370.8257428
-0.000127286,0.000142172,-0.00022743,370.8257428
0.00012,1.00E-05,-7.62E-05,370.6720378
1.20E-05,0.0002,-9.46E-05,370.6342738
9.29E-05,4.44E-05,-0.000129421,370.4398278
0.00012,6.29E-05,-5.19E-05,370.277114
-0.000471485,4.09E-05,-0.000236673,370.2644765
-0.000440078,6.78E-05,-0.000236673,370.0774597
6.61E-05,8.51E-05,-0.000153268,369.9811864
-0.000597062,0.0002,-0.000220904,369.9767571
0.000118289,8.09E-05,-1.04E-05,369.7410637
-0.000104533,0.0002,-0.000195312,369.6144635
4.87E-05,5.27E-05,-0.000187059,369.4672647
9.03E-05,9.11E-05,-0.000104365,369.4129251
-0.00043247,9.48E-05,-0.000236673,369.3189693
-0.000409152,9.50E-05,-0.000236673,369.3189693
-0.00055162,0.000146859,-0.000229118,369.2355404
-0.000424289,0.000133675,-0.000234829,369.1133426
-0.000412607,0.000110112,-0.000234829,369.1133426
-0.000435925,0.000109842,-0.000234829,369.1133426
0.000116287,4.80E-05,-7.70E-05,369.0020549
1.98E-05,0.0002,-8.30E-05,368.5427316
-0.000188248,0.0002,-0.000217119,368.3823447
-0.0006,0.000124807,-0.000229739,368.3693972
-3.71E-05,6.67E-05,-0.00022845,368.2956376
-0.000222985,0.0002,-0.000220671,368.0252371
-0.000503372,1.42E-05,-0.000236673,368.0128606
0.00012,5.94E-05,-5.76E-05,368.0018843
-2.01E-05,1.42E-05,-0.000229707,367.817233
0.00012,1.98E-05,-8.29E-05,367.6349025
-0.0006,0.000159868,-0.000226609,367.4695409
-0.000463396,6.75E-05,-0.000236673,367.4042625
0.00012,6.37E-05,-5.51E-05,367.3866989
-0.000263074,0.0002,-0.000223549,367.2120322
-0.000495283,4.09E-05,-0.000236673,367.2105974
3.77E-05,0.000139853,-0.00014884,367.1550887
-2.37E-05,0.0002,-0.000150615,367.0908475
0.000103197,4.55E-05,-0.000112877,367.0356163
-0.0001263,0.000190028,-0.0002096,366.6023221
-0.000493981,0.000175557,-0.000228052,366.5829587
0.00012,6.82E-05,-4.86E-05,366.4327179
-0.000578424,0.000147975,-0.000229118,366.3035716
3.48E-05,0.0002,-6.06E-05,366.1113909
-4.51E-06,0.0002,-0.000130967,366.057491
-0.000202745,0.0002,-0.000219794,365.9531405
-7.47E-05,0.000120347,-0.000225054,365.8231478
-0.000104067,0.000148629,-0.000222121,365.461647
6.67E-05,0.000136647,-0.000107621,365.2439249
0.000110952,7.01E-05,-8.23E-05,365.0130702
0.00012,4.77E-05,-7.34E-05,364.8999536
-0.000482561,0.000109302,-0.000234829,364.8915429
-0.000459243,0.000109572,-0.000234829,364.8915429
-0.000470924,0.000133135,-0.000234829,364.8915429
-0.000487194,6.75E-05,-0.000236673,364.8107357
-0.000479105,9.42E-05,-0.000236673,364.7846632
-0.000455787,9.45E-05,-0.000236673,364.7846632
-0.000457043,0.000195376,-0.000228052,364.7229342
-0.00046868,0.000171543,-0.000228052,364.7229342
4.50E-05,0.000190911,-3.31E-05,364.7139684
0.000107859,0.000109081,0,364.293926
0.000107859,0.000109081,0,364.293926
0.000107859,0.000109081,0,364.293926
0.000107859,0.000109081,0,364.293926
0.000107859,0.000109081,0,364.293926
0.000107859,0.000109081,0,364.293926
-0.000519283,0.000179571,-0.000228052,364.1945526
0.00012,1.35E-05,-8.91E-05,363.9579465
0.00012,4.48E-05,-7.78E-05,363.946325
2.73E-05,0.0002,-7.42E-05,363.9414555
-7.88E-06,0.0002,-0.00013711,363.7803817
-0.000126305,0.0002,-0.000206364,363.6115345
-0.000126305,0.0002,-0.000206364,363.6115345
-0.0006,0.000155405,-0.000228781,363.3196145
8.70E-05,0.000135933,-5.69E-05,363.2980142
3.74E-05,0.0002,-3.25E-05,363.2316905
-5.64E-06,7.31E-21,-0.000226951,363.0054145
-0.000168533,0.0002,-0.000217119,362.970591
0.00012,5.10E-05,-7.76E-05,362.6980967
-0.000460008,0.0002,-0.000227945,362.4477654
6.14E-05,6.09E-05,-0.000176581,362.4053695
2.86E-06,0.000178989,-0.000153072,362.3879714
-2.62E-05,0.000181363,-0.000177786,362.1814821
4.75E-05,2.13E-05,-0.000198887,362.0835882
-1.25E-06,0.000162126,-0.000174718,361.8126838
-0.000538481,0.00017359,-0.000229118,361.7366458
7.03E-05,7.31E-21,-0.000178098,361.7206328
0.00012,7.31E-21,-9.95E-05,361.6278997
-0.000481491,0.0002,-0.000227132,361.6220314
4.22E-05,4.01E-05,-0.000201553,361.5221797
-2.22E-05,0.000136689,-0.000205041,361.4804892
0.000115318,8.99E-05,-3.65E-05,361.3440055
0.00012,7.23E-05,-5.67E-05,361.3044461
-0.000455924,0.0002,-0.000227928,361.2827163
-0.000148996,0.000155325,-0.00022743,361.1561814
-0.000482482,0.0002,-0.000227326,360.969876
-0.000556178,0.0002,-0.000225825,360.9555747
-0.000550161,0.0002,-0.000226173,360.8672456
7.38E-06,1.15E-05,-0.000223534,360.8177254
-0.000117059,0.0002,-0.000207073,360.7389871
-3.97E-05,1.55E-05,-0.000235065,360.6957484
0.000115438,1.74E-05,-0.000102702,360.537493
3.99E-05,6.24E-05,-0.000197383,360.2600938
6.78E-06,2.74E-05,-0.000222861,360.0387498
4.70E-05,0.000151896,-0.000130814,360.0006715
1.89E-05,0.000155001,-0.000162498,359.9743073
-3.13E-05,0.000158679,-0.000199409,359.8302114
-0.0006,5.23E-05,-0.000234995,359.5815811
-0.000482345,0.00019939,-0.000228052,359.4763174
-0.000565285,0.000174706,-0.000229118,359.4607746
1.81E-05,6.74E-05,-0.000211267,359.3427529
-0.000482736,0.0002,-0.000228038,359.2640414
-0.000482197,0.0002,-0.000228035,359.2535774
-2.71E-05,0.0002,-0.00016281,359.1934111
-0.000486193,0.0002,-0.000228052,359.0273131
-0.0006,0.000151777,-0.000230547,358.6391691
4.14E-05,0.000185505,-8.86E-05,358.5951962
2.47E-05,0.0002,-9.88E-05,358.5906136
-2.31E-06,0.0002,-0.000137642,358.5682508
-5.46E-05,0.000168767,-0.000204162,358.5558744
1.15E-05,0.0002,-0.000117074,358.5413605
0.00012,3.23E-05,-9.31E-05,358.2964199
0.000111319,2.97E-05,-0.000112755,358.2920526
4.64E-05,0.0002,-3.37E-05,357.9943263
-0.000505976,0.0002,-0.000228052,357.7535446
-0.000597838,0.000156175,-0.000230547,357.7240684
-0.000509308,0.0002,-0.000228052,357.6195238
-0.000552525,0.0002,-0.00022732,357.5991277
0.00012,8.56E-05,-3.53E-05,357.5732499
0.000115862,0.000102473,-1.09E-05,357.5221635
-0.0006,0.000156369,-0.000230547,357.5195082
4.69E-06,0.0002,-0.000130304,357.3707899
1.66E-05,0.000191823,-0.00012596,357.1685419
4.21E-05,0.000110706,-0.000175247,357.0163131
1.75E-05,0.000114514,-0.000195508,356.9013671
6.73E-05,0.00013205,-0.000125917,356.8952766
6.55E-05,4.06E-05,-0.000183471,356.7161719
-0.000529308,0.0002,-0.000228052,356.7038708
6.33E-05,0.000155196,-0.000101528,356.6408206
7.22E-05,2.16E-05,-0.000178753,356.5390034
-0.0006,0.000160196,-0.000230547,356.5255791
0.00012,9.03E-05,-3.07E-05,356.4555201
0.00012,8.71E-05,-3.98E-05,356.4483354
3.08E-05,0.0002,-8.34E-05,356.4413994
3.40E-05,0.000184013,-0.000110912,356.3586782
0.00012,1.98E-05,-9.85E-05,356.2539144
2.42E-05,0.0002,-0.000106415,356.2173773
0.000102705,1.90E-05,-0.000135357,355.9888386
-0.000483188,0.0002,-0.000229303,355.9705221
0.00012,9.05E-05,-3.80E-05,355.9334603
-0.000534161,0.0002,-0.000228285,355.684063
-0.0006,8.03E-05,-0.000235672,355.5567594
0.000106625,0.000119284,-3.67E-05,355.5415214
0.00012,4.65E-05,-9.17E-05,355.3775398
0.00012,1.84E-05,-0.00010319,355.170255
-0.000231406,0.0002,-0.000227581,355.0958702
-0.000133092,0.0002,-0.000216556,354.790143
-0.000133092,0.0002,-0.000216556,354.790143
0.00012,9.45E-05,-3.49E-05,354.7791842
-7.79E-05,0.0002,-0.000197211,354.7121593
0.00012,7.31E-21,-0.000106959,354.5709912
0.00012,6.77E-05,-8.15E-05,354.449592
-4.98E-07,1.94E-05,-0.000228124,354.434337
9.09E-05,3.81E-05,-0.000153564,354.379994
0.00012,9.46E-05,-4.04E-05,354.2309388
6.39E-05,0.000114412,-0.00015051,354.1859939
-0.000481386,0.0002,-0.000230054,353.8675164
0.00012,1.12E-05,-0.000103861,353.4988706
-0.00043597,0.000157238,-0.000234829,353.3435175
-0.000459288,0.000156968,-0.000234829,353.3435175
-0.000447607,0.000133405,-0.000234829,353.3435175
-2.95E-05,0.000114787,-0.000221222,353.2231132
0.00012,0.000103516,0,353.2210055
0.00012,0.000103516,0,353.2210055
4.46E-05,0.0002,-6.21E-05,353.1503105
4.65E-05,0.0002,-4.72E-05,353.1386046
3.54E-05,1.89E-05,-0.000213702,353.05101
-3.14E-06,0.0002,-0.000152064,353.0480338
8.56E-05,6.35E-05,-0.000152845,352.9287165
0.000101781,0.00010454,-9.28E-05,352.8570535
-0.000157312,0.0002,-0.000223446,352.7684232
-0.000551441,0.0002,-0.000229118,352.6300004
0.000103962,7.31E-21,-0.00013774,352.6006741
-0.000552852,0.0002,-0.000229118,352.5283764
0.00012,4.33E-05,-0.000100621,352.3737932
-1.19E-05,8.68E-05,-0.000223805,352.3013203
0.000103224,0.000136157,-1.17E-05,352.0879513
0.00012,2.08E-05,-0.000107985,351.9060092
-3.16E-06,4.32E-05,-0.000227629,351.7161458
-0.0006,9.76E-05,-0.000235185,351.7134243
-0.000584699,0.000182906,-0.000230547,351.5959011
-6.88E-06,6.33E-05,-0.000226998,351.5301853
8.37E-05,0.000108666,-0.000129183,351.2737362
-1.09E-05,0.0002,-0.000163977,351.1843123
0.00012,3.48E-05,-0.000102612,351.0145156
0.000118124,8.76E-05,-6.50E-05,350.9503251
5.80E-05,0.0002,0,350.9231924
5.80E-05,0.0002,0,350.9231924
-0.0006,0.000154318,-0.000232854,350.6398283
1.80E-05,0.0002,-0.000127558,350.306209
-0.0006,0.000184279,-0.000230547,350.2131699
5.35E-05,0.0002,-1.50E-05,350.1906646
2.37E-05,0.0002,-0.000115412,350.130005
0.00012,4.63E-05,-0.000101643,350.0493558
2.66E-06,0.000133549,-0.000201518,350.0018925
8.87E-05,0.000122755,-0.000105885,350.0010146
0.00012,5.11E-05,-9.78E-05,349.8724538
0.00012,0.000112007,-9.16E-06,349.8257561
0.00012,8.65E-05,-6.44E-05,349.5487053
5.76E-05,0.0002,-4.17E-05,349.4123824
0.00012,8.50E-05,-6.66E-05,349.3724701
7.15E-05,0.000164632,-7.57E-05,349.3633146
-0.000196475,0.0002,-0.000228352,349.3386943
0.00012,8.80E-05,-6.35E-05,349.3381873
-0.000569829,0.0002,-0.000230153,349.0503004
9.34E-05,8.60E-05,-0.000130593,349.0371285
3.28E-05,0.0002,-0.000101711,348.9216386
0.000110559,7.02E-05,-0.000108146,348.9106235
0.00012,8.77E-05,-6.65E-05,348.7838463
0.00012,0.00011938,0,348.7739493
0.00012,0.00011938,0,348.7739493
-2.87E-05,0.0002,-0.000179841,348.710147
0.00012,8.99E-05,-6.47E-05,348.5451575
0.00012,4.16E-05,-0.000105016,348.4000516
0.00012,4.54E-05,-0.000104012,348.3279388
4.54E-05,0.0002,-7.11E-05,348.2675056
8.71E-05,1.94E-05,-0.000168922,348.2432414
3.05E-05,0.0002,-0.000108353,348.0133851
7.70E-05,7.69E-05,-0.000165482,347.9579747
-0.000576297,0.0002,-0.000230547,347.4316569
9.24E-05,0.000155311,0,347.3380206
9.24E-05,0.000155311,0,347.3380206
9.24E-05,0.000155311,0,347.3380206
9.24E-05,0.000155311,0,347.3380206
9.24E-05,0.000155311,0,347.3380206
9.24E-05,0.000155311,0,347.3380206
0.000114196,1.49E-05,-0.000124305,347.3267261
9.92E-05,1.98E-05,-0.000153029,347.2261269
0.00012,2.81E-05,-0.000115005,347.1517406
-4.72E-05,0.0002,-0.000193944,346.7706064
-0.000593889,0.0002,-0.000230547,346.5907867
1.15E-05,0.0002,-0.000142496,346.2945257
-2.26E-05,4.21E-05,-0.000234612,346.2140983
-0.0006,0.0002,-0.000230547,346.179271
0.00012,5.10E-05,-0.000103821,346.0832662
4.37E-05,0.00013741,-0.0001689,345.8664972
6.66E-05,0.000183247,-5.75E-05,345.5532425
0.000116355,8.72E-05,-8.85E-05,345.3684812
-0.00054982,0.0002,-0.000231806,345.1668487
0.00012,0.000113263,-5.86E-05,345.1470171
5.88E-05,7.31E-21,-0.000203498,345.1427782
4.55E-06,0.0002,-0.000154495,345.1170513
4.31E-05,8.57E-05,-0.000199546,345.0431923
-0.00050787,0.0002,-0.00023241,344.9039849
0.00012,7.31E-21,-0.000116758,344.7851547
0.00012,8.77E-06,-0.000116731,344.6167602
-7.57E-05,0.000194099,-0.000206748,344.4332307
-0.000553395,0.0002,-0.000232104,344.3926839
-4.42E-05,0.0002,-0.000194172,344.3036528
9.27E-05,0.000140086,-8.45E-05,344.253113
-0.0006,1.07E-05,-0.00023887,344.1970638
0.00012,6.76E-05,-9.75E-05,344.1437702
-0.000404894,0.0002,-0.00023364,344.1339043
0.00012,8.27E-05,-8.68E-05,343.6449751
-7.61E-05,0.0002,-0.000205481,343.4413683
-4.67E-05,0.0002,-0.000196476,343.3374469
0.00012,5.01E-05,-0.000110325,343.3161402
0.00012,0.000118703,-3.32E-05,343.3071838
5.42E-05,0.0002,-5.95E-05,343.2665988
8.37E-05,9.31E-05,-0.000153679,343.2051817
-8.33E-05,0.000168429,-0.000222675,343.1005908
0.00012,1.99E-05,-0.000121203,342.9792493
-2.86E-06,0.000182965,-0.000181391,342.9378143
0.00012,4.23E-05,-0.000114302,342.9215187
-1.28E-05,0.0002,-0.000175812,342.8914602
-5.38E-05,0.0002,-0.000198747,342.8791367
-0.000595766,1.52E-06,-0.000239614,342.7516966
-0.000595161,2.18E-07,-0.00023972,342.5452156
0.00012,8.75E-05,-8.75E-05,342.3516352
1.92E-05,7.31E-21,-0.000227625,342.2685288
-3.42E-06,0.0002,-0.000168192,342.2045153
3.47E-05,0.0002,-0.000114881,342.029692
0.00012,0.000119208,-4.50E-05,342.0290917
0.00012,8.47E-05,-9.14E-05,341.984395
0.00012,1.60E-05,-0.000125889,341.9232877
-4.48E-05,0.0002,-0.00019712,341.7620261
-4.93E-05,0.000143849,-0.000223697,341.7075664
6.73E-05,8.75E-05,-0.000177949,341.6770209
-0.000514499,0.0002,-0.000233742,341.3508858
-7.22E-06,1.32E-05,-0.000234913,341.1949877
8.35E-05,0.000143772,-0.000110346,340.9288481
7.75E-05,0.000182358,-2.60E-05,340.7847963
0.00012,7.04E-05,-0.000107985,340.7362793
8.76E-05,4.21E-05,-0.000173956,340.4984718
6.32E-05,6.14E-05,-0.00019708,340.4412146
0.00012,1.18E-05,-0.000131,340.340353
2.26E-05,4.55E-05,-0.00022455,340.1416145
4.79E-05,0.000162,-0.000151838,340.0189727
-7.55E-05,0.0002,-0.000210864,340.014762
6.70E-05,0.000157234,-0.000125428,339.8755353
7.94E-05,0.000184711,-5.35E-06,339.7981818
6.51E-05,0.0002,0,339.5223656
6.51E-05,0.0002,0,339.5223656
-9.38E-06,2.84E-05,-0.000235038,339.205989
6.56E-05,0.0002,-7.75E-06,338.9787139
2.11E-05,0.000150013,-0.000189776,338.944426
-3.47E-06,0.000161904,-0.000199944,338.8145361
0.00012,6.83E-05,-0.000114858,338.6972768
0.000114991,3.69E-05,-0.000135633,338.6793218
7.02E-05,2.05E-05,-0.000199599,338.3264072
-1.92E-06,0.000116648,-0.000219263,338.1085946
0.00012,3.28E-05,-0.000128364,338.0736074
0.000112507,6.32E-05,-0.00013143,338.0423235
5.45E-05,0.0002,-9.52E-05,337.441634
0.00012,7.73E-05,-0.000115852,337.3117646
1.72E-05,0.0002,-0.000152254,337.2424462
-6.73E-05,0.0002,-0.00021087,337.187373
-3.21E-05,0.000182573,-0.000206891,336.8411732
8.43E-05,6.54E-05,-0.000177545,336.7979029
-5.01E-06,0.0002,-0.000177138,336.7115824
-0.000595985,0.000193933,-0.000234913,336.6919242
5.32E-05,0.0002,-0.00010024,336.4652355
2.48E-05,0.000194911,-0.000150493,336.4468362
9.57E-06,0.0002,-0.000163021,336.2808511
0.00012,7.31E-21,-0.000145562,336.2758355
4.71E-05,0.000186209,-0.000131496,336.021058
6.50E-05,0.000144965,-0.000150529,335.9757022
-0.000463434,0.0002,-0.000237533,335.9003468
0.00012,3.83E-05,-0.000133551,335.4680777
-0.000180983,0.0002,-0.000234204,335.4613678
0.000114534,0.000117689,-8.23E-05,335.4436422
0.00012,3.39E-05,-0.000135009,335.433355
2.43E-05,0.0002,-0.000147198,335.4263786
0.000100406,7.31E-21,-0.00017065,335.0630317
4.55E-05,0.000113529,-0.000197558,334.7864475
0.000109566,0.000114187,-0.000106675,334.2602523
6.71E-05,0.0002,-6.75E-05,334.2246971
0.000112437,8.87E-05,-0.000124372,334.1999113
7.29E-05,0.0002,-5.67E-05,334.1894342
6.71E-05,0.000179318,-0.000107272,334.1128386
3.77E-05,0.0002,-0.000131725,334.0628291
0.00012,3.60E-05,-0.000139601,334.0499784
2.46E-05,0.0002,-0.000152123,334.0356397
6.03E-05,0.0002,-8.87E-05,333.9576821
0.00012,5.83E-05,-0.000129684,333.8212609
0.00012,0.00011155,-8.23E-05,333.4065773
0.00011931,9.64E-05,-0.000105436,333.2881833
0.00012,4.30E-05,-0.000139162,333.2450168
8.74E-05,0.000134632,-0.000133666,333.2285802
-0.0006,0.000133355,-0.000239512,333.1972767
0.00012,9.61E-05,-0.000104647,333.043768
0.00012,6.40E-05,-0.000129095,333.0016031
0.00012,9.55E-05,-0.00010551,332.9598124
6.01E-05,0.0002,-9.48E-05,332.9251768
0.00012,9.71E-05,-0.000105458,332.6744361
0.00012,9.61E-05,-0.000106388,332.6324992
2.38E-06,0.0002,-0.000177078,332.6007579
0.000100663,0.000166032,-3.05E-05,332.5527696
0.00012,0.000116387,-8.33E-05,332.4393419
0.000110197,5.64E-05,-0.000150601,332.4249085
-0.0006,0.000160885,-0.000238816,332.3377429
-0.000118199,0.000192364,-0.0002298,332.3011611
-0.00012618,0.0002,-0.0002298,332.3011611
-0.000124353,0.000166617,-0.0002298,332.3011611
-0.000146042,0.0002,-0.0002298,332.3011611
-0.000146063,0.00017977,-0.0002298,332.3011611
0.00012,0.000117946,-7.82E-05,332.1694476
0.00010328,0.000175917,-9.62E-06,332.1595818
5.58E-05,0.0002,-0.000105702,332.1043137
7.81E-05,0.0002,-4.21E-05,331.7083291
0.00012,7.15E-05,-0.000130859,331.4492698
6.02E-05,0.0002,-9.90E-05,331.4084255
0.00012,0.000147644,0,331.2816927
-0.000591207,1.74E-06,-0.000242281,331.1403135
0.00012,0.000116375,-8.85E-05,331.1293801
1.98E-05,0.000181217,-0.000181646,331.1003723
0.00012,6.24E-05,-0.000137542,331.0442231
1.88E-05,1.00E-04,-0.000222887,330.9889404
9.93E-05,0.000166061,-5.83E-05,330.9447754
0.00012,1.86E-05,-0.000149045,330.6428141
4.74E-05,0.0002,-0.000129309,330.5222959
0.000109348,0.00017061,-1.00E-05,330.4306986
2.42E-05,2.24E-05,-0.000231016,330.2867481
2.51E-05,0.0002,-0.000161868,330.2658702
0.00012,0.000126347,-8.15E-05,330.1319506
0.00012,2.04E-05,-0.00014972,330.1013065
3.34E-05,0.0002,-0.000153467,330.0518146
0.00012,1.89E-05,-0.00015062,330.0034281
0.00012,1.84E-05,-0.000150656,329.9610875
8.88E-05,0.000162145,-0.000101675,329.8752452
-0.000533436,0.0002,-0.000237549,329.7586014
0.00012,1.89E-05,-0.000151075,329.6959326
-4.76E-05,0.0002,-0.000211451,329.6368798
-0.0006,0.0002,-0.000236959,329.5628982
-0.000391943,0.000199226,-0.000239023,329.5092731
0.00012,1.85E-05,-0.000151487,329.4370729
6.46E-05,0.00011001,-0.000190028,329.1995995
0.00012,0.000144475,-2.85E-05,329.1791383
-0.000599395,1.74E-06,-0.000242775,328.9971627
0.00012,0.000144702,-2.92E-05,328.976182
0.00012,0.000145066,-2.90E-05,328.8539657
0.00012,0.000145066,-2.92E-05,328.7656809
0.00012,8.91E-05,-0.000125987,328.7564881
0.00012,0.00014521,-2.88E-05,328.6826134
0.00012,2.07E-05,-0.000152744,328.6722591
0.00012,1.88E-05,-0.000153274,328.629951
-4.40E-06,0.000143113,-0.000220332,328.6268901
6.83E-05,0.0002,-9.25E-05,328.5906822
0.00012,0.000145367,-2.91E-05,328.5773262
0.00012,0.000145352,-2.94E-05,328.5571571
0.00012,0.000144667,-3.19E-05,328.5229665
0.000117784,0.000140111,-5.98E-05,328.4407752
0.00012,0.000113574,-0.000106378,328.0848724
4.70E-05,0.000158384,-0.000179449,327.956267
0.00012,0.000138331,-5.98E-05,327.541174
3.94E-05,0.000135699,-0.000198617,327.4707623
-0.00059363,8.42E-05,-0.000242461,327.4569093
0.00012,0.000140905,-5.90E-05,327.3944278
4.21E-05,0.000181812,-0.000163705,327.2649185
-2.38E-05,0.00013906,-0.000229795,327.240591
9.84E-05,0.000108952,-0.000151474,327.0960863
0.00012,0.000141538,-6.21E-05,326.7508635
0.00012,0.000144878,-5.83E-05,326.5329784
4.49E-05,7.31E-21,-0.000227202,326.4148522
0.00012,5.82E-05,-0.000150132,326.3953245
4.46E-05,3.36E-05,-0.000226641,326.0586911
8.80E-05,7.31E-21,-0.000200023,326.0058003
7.10E-05,0.000136187,-0.000172618,325.8382742
0.000110336,0.000113362,-0.00012958,325.7290693
-3.53E-05,0.0002,-0.000215241,325.5872753
-0.000595948,4.17E-05,-0.000243645,325.417976
-1.55E-05,0.0002,-0.000204382,325.3217639
0.00012,7.31E-21,-0.000163836,325.1160617
9.81E-05,0.0002,-3.68E-06,325.1029901
5.01E-05,0.0002,-0.000147165,324.9052859
-0.000361569,0.000198178,-0.00024063,324.7446537
8.14E-06,1.58E-05,-0.000237882,324.7020254
-0.00021692,0.0002,-0.000237154,324.3517879
6.91E-05,8.89E-05,-0.000204016,324.3397793
0.000110551,0.00013854,-0.000109534,324.3370457
6.25E-05,0.0002,-0.000131686,324.3366343
0.000108397,0.000156839,-8.96E-05,323.9692098
4.56E-05,5.78E-05,-0.000226069,323.9497366
-0.0006,2.65E-05,-0.000244149,323.8700031
9.32E-05,3.28E-05,-0.000196389,323.8276095
8.47E-05,6.31E-05,-0.000197948,323.5334722
9.63E-05,8.94E-05,-0.000176299,323.3524599
9.26E-05,0.000159926,-0.000127123,323.3254073
-0.0001234,0.0002,-0.000235127,323.2560548
2.37E-05,0.0002,-0.000181928,323.1268367
0.00012,0.000113095,-0.000120472,323.1206103
8.59E-05,0.000115297,-0.00017563,323.062652
0.000113728,8.56E-05,-0.000152798,322.9956221
8.84E-05,0.0002,-6.78E-05,322.8770709
-0.000596958,6.60E-05,-0.0002438,322.7256812
7.81E-05,0.000180499,-0.000132641,322.4442109
0.00012,0.00010488,-0.000129579,322.4170908
6.13E-05,1.80E-05,-0.000223209,322.3385557
0.00012,0.00012871,-0.000108168,322.2934699
6.72E-05,4.27E-05,-0.000217187,322.28719
0.000115376,1.79E-05,-0.000175535,321.948758
9.73E-05,0.000186431,-7.84E-05,321.9452652
3.11E-05,0.0002,-0.00017597,321.937635
-0.000499299,0.000195988,-0.000241395,321.7644035
0.000114885,4.01E-05,-0.000171544,321.7460135
-0.000166659,0.0002,-0.000239614,321.7362056
7.19E-05,0.0002,-0.000123502,321.7090509
-0.000258123,0.000197131,-0.000240661,321.6753413
0.00012,0.000158144,-7.00E-05,321.6752645
9.47E-05,0.000132697,-0.000156281,321.4503326
0.00012,7.81E-05,-0.000151786,321.3209185
0.00012,8.68E-05,-0.000146489,321.2729254
0.00012,0.000176422,-3.77E-05,321.1907867
8.34E-05,0.0002,-0.000106106,321.1232656
-0.000225908,0.000195725,-0.000240565,321.1188386
0.00012,0.00012101,-0.000126334,321.0513399
-6.89E-06,0.0002,-0.000205706,320.8931567
-0.000279602,0.000198069,-0.000241173,320.8486158
-5.57E-06,0.0002,-0.000204948,320.6839796
0.00012,0.000143488,-9.83E-05,320.6800817
0.00012,4.55E-05,-0.000165802,320.6245592
0.00012,3.86E-05,-0.000168099,320.5658751
0.00012,1.47E-05,-0.000172166,320.563774
-0.000547373,0.000190989,-0.000241861,320.4708826
-0.000518194,0.000190378,-0.000242029,320.3499176
-0.000211799,0.000195348,-0.000240375,320.2384802
0.00012,0.000136972,-0.000113586,320.229271
-0.00056592,0.0002,-0.000240822,320.2146045
4.86E-05,0.0002,-0.000161516,320.1607652
0.00012,8.66E-05,-0.000154171,320.0845363
0.00012,0.000176783,-5.15E-05,320.030264
0.00012,0.000154796,-8.52E-05,319.9806645
0.00012,1.81E-05,-0.000175325,319.9386285
-0.0006,0.000190347,-0.000241657,319.865584
0.00012,8.17E-05,-0.000157768,319.8492341
0.00012,0.000114242,-0.000137828,319.8243283
0.00012,0.000190792,0,319.8152917
0.00012,0.000190792,0,319.8152917
0.00012,0.000190792,0,319.8152917
0.00012,0.000190792,0,319.8152917
0.00012,0.000190792,0,319.8152917
-5.53E-06,0.000199332,-0.000207127,319.7681704
2.16E-05,0.000139386,-0.00022053,319.746076
-3.39E-06,0.0002,-0.000205402,319.7353218
-5.41E-06,0.0002,-0.000206791,319.7106967
-5.86E-06,0.0002,-0.000207087,319.686831
-0.000246225,0.000196663,-0.000241237,319.6373673
0.00012,3.56E-05,-0.000172174,319.6119631
6.90E-05,0.000181074,-0.000155128,319.5943799
-6.61E-06,0.0002,-0.0002077,319.5395283
-4.63E-06,0.0002,-0.000207085,319.4998215
-2.13E-05,0.000166186,-0.00022746,319.4791911
-5.34E-06,0.0002,-0.000207895,319.3782648
0.00012,9.41E-05,-0.000152376,319.3512143
0.00012,4.08E-05,-0.000173591,319.3490663
0.00012,4.57E-05,-0.000172142,319.309742
-0.000596022,0.000142553,-0.000243273,319.0801676
0.00012,1.89E-05,-0.000179783,319.0477209
-0.000591636,9.99E-05,-0.000244441,318.9642992
0.00012,0.000147622,-0.000110537,318.9115351
9.31E-05,0.000185199,-0.000115725,318.8174019
0.00012,3.67E-05,-0.000176973,318.6422589
-0.000449782,0.0002,-0.00024322,318.610671
-0.000449782,0.0002,-0.00024322,318.610671
-0.0006,6.08E-05,-0.000244555,318.5948279
-0.000417636,0.000196173,-0.000243513,318.4350081
0.000104124,0.0002,-4.45E-05,318.4220836
0.000104378,0.0002,-4.38E-05,318.2999626
0.000113052,0.000193051,-3.12E-05,318.1542627
6.68E-05,6.62E-05,-0.000220095,318.0242413
0.000104873,0.0002,-4.40E-05,318.0004456
0.000104859,0.0002,-4.43E-05,317.9839748
0.000109735,6.75E-05,-0.000181847,317.9661981
0.000104724,0.0002,-4.51E-05,317.9529427
0.00012,0.000160065,-9.85E-05,317.9313681
7.57E-05,0.0002,-0.000132118,317.8456205
0.00012,6.48E-05,-0.000168455,317.7438845
0.000103495,0.000148155,-0.000142837,317.7340185
0.00010583,0.0002,-4.42E-05,317.6341835
6.96E-05,0.000165236,-0.00017634,317.5779523
0.00012,0.000166305,-7.88E-05,317.5552658
0.00012,0.000190823,-1.09E-05,317.4728823
0.00011541,0.000137423,-0.00013309,317.3832007
0.00012,0.000112837,-0.000151382,317.3235404
5.88E-05,0.0002,-0.000158254,317.1654961
9.64E-05,0.0002,-9.11E-05,317.063893
-0.000117578,0.000197061,-0.000238435,316.92095
7.25E-05,0.0002,-0.000140204,316.8702514
8.22E-05,0.0002,-0.000125105,316.7937157
0.00012,8.88E-05,-0.000167335,316.6551088
2.51E-05,0.0002,-0.000194296,316.5000443
0.00012,0.000136728,-0.000130423,316.4329063
0.000113781,0.0002,-2.31E-05,316.2718558
0.000105056,0.0002,-7.95E-05,316.0935584
-0.000582782,0.0002,-0.000242525,316.0922007
0.000112556,0.000196396,-6.01E-05,316.0682185
0.00012,0.00013921,-0.000134122,315.8853927
0.00012,0.0002,0,315.7717837
0.00012,0.0002,0,315.7717837
0.00012,0.000132528,-0.000137192,315.7595398
0.000119652,0.0002,-5.44E-06,315.6910291
0.00012,6.29E-06,-0.000189115,315.558597
0.00012,0.0002,-5.19E-06,315.5510582
0.00012,0.0002,-5.36E-06,315.5146251
0.00012,0.000186696,-6.05E-05,315.3739429
4.54E-05,8.69E-05,-0.000229696,315.3520643
6.59E-05,0.000134744,-0.000199938,315.3033436
9.42E-05,0.0002,-0.000110546,315.2587912
-3.24E-05,0.0002,-0.000225779,315.2256226
0.00012,6.79E-05,-0.000179498,315.1054319
5.18E-05,0.000112966,-0.000220317,314.8898464
7.28E-05,7.31E-21,-0.000226005,314.8040825
0.00012,7.31E-21,-0.000193564,314.6964587
-0.000141873,0.0002,-0.000240199,314.6429853
0.00012,0.000194504,-4.46E-05,314.3024237
9.36E-05,0.000161948,-0.000157219,314.1998162
-0.000341029,0.000196541,-0.0002442,314.1821157
0.00012,0.00019384,-8.44E-05,314.0541976
4.50E-06,0.000161952,-0.000227834,314.0015325
-0.000595126,0.000123659,-0.000245417,314.0010942
-0.000251959,0.0002,-0.000241855,313.9814894
0.00012,0.0002,-1.66E-05,313.8532165
0.00012,8.35E-05,-0.000179975,313.6632735
0.00012,9.10E-05,-0.000178569,313.6210301
-0.000304741,0.000196639,-0.000244239,313.5484455
0.00012,6.84E-05,-0.000190509,313.3542778
0.00012,0.0002,-5.94E-05,313.318501
0.00012,0.0002,-6.49E-05,313.2700158
0.00012,0.0002,-2.74E-05,313.2639173
0.00012,0.0002,-4.56E-05,313.1637677
0.00012,7.31E-21,-0.000196763,313.0948457
0.00012,0.000179423,-0.000100116,312.9703552
-0.000593305,0.0002,-0.000243588,312.8358587
0.000116396,0.000185548,-0.000104794,312.6461837
0.000114044,0.000115528,-0.000174911,312.5317096
0.00012,0.0002,-8.39E-05,312.2898001
0.000106086,0.0002,-0.000105018,312.1454792
0.000113342,2.03E-05,-0.000203748,312.140354
0.000118763,0.000136394,-0.000157564,312.1397352
0.00012,5.57E-06,-0.000198493,312.0967136
9.21E-05,0.0002,-0.000138722,312.0530797
0.00012,0.000102471,-0.000177151,311.9974269
0.00012,0.00013489,-0.00015711,311.9967532
0.00012,0.000182175,-0.000106062,311.9537028
0.00012,0.000136967,-0.000156917,311.8978598
0.00012,0.00011557,-0.000168451,311.8852876
4.75E-05,0.0002,-0.000192642,311.8466156
0.00012,0.000136874,-0.000158841,311.7425721
0.00012,0.000187635,-0.000103026,311.7313432
8.86E-05,1.99E-05,-0.000222978,311.6006431
0.00012,0.000163093,-0.000131426,311.5938721
0.000114353,0.0002,-9.21E-05,311.4933307
0.000118717,0.000165316,-0.000132249,311.4871317
-0.00057639,0.00019338,-0.000244842,311.4146723
0.00012,7.31E-21,-0.000200315,311.4106166
0.00012,0.000188098,-0.000109533,311.313598
0.00012,0.000165304,-0.000130947,311.2875428
-0.0006,0.0002,-0.000244264,311.2712486
0.00012,0.000164741,-0.000132601,311.262978
-9.89E-05,0.000197643,-0.000237361,311.2626561
2.41E-05,0.000182883,-0.000217467,311.2131394
5.31E-05,0.000165154,-0.000210953,311.1830637
9.37E-05,8.57E-05,-0.000209788,311.1744083
0.00012,0.000113441,-0.000177571,311.1109012
0.00012,0.000164513,-0.000134709,311.1051997
-5.83E-05,0.0001977,-0.000237497,311.063783
0.00012,0.00016775,-0.000132233,311.0337332
0.000118782,4.80E-05,-0.000200073,311.0101268
0.00012,0.000166851,-0.00013472,310.9964381
0.00012,4.92E-05,-0.000198695,310.9108127
0.00012,4.78E-05,-0.000199222,310.8814679
0.00012,0.000121253,-0.000177073,310.820825
-0.000357159,0.0002,-0.000244889,310.7815689
0.00012,2.11E-05,-0.000202264,310.7642086
0.00012,4.66E-05,-0.000199945,310.7587175
5.48E-05,0.0002,-0.000188388,310.6110846
0.00012,4.91E-05,-0.000200574,310.606575
0.00012,4.75E-05,-0.000201159,310.5449376
-0.000329468,0.0002,-0.000244992,310.5256243
0.000100835,0.0002,-0.000131493,310.4885234
0.00012,0.0002,-9.22E-05,310.4093502
9.21E-05,0.000113193,-0.000203245,310.2880154
-0.000594896,0.000182486,-0.000245583,310.0086391
0.000103274,0.000193341,-0.000143043,309.9899254
0.00012,0.0002,-0.000100099,309.8434194
0.00012,2.47E-05,-0.000207649,309.8235976
-0.000320968,0.0002,-0.000245023,309.7917905
-0.000293049,0.0002,-0.000245126,309.5473199
8.53E-05,0.0002,-0.000165556,309.500188
0.000102274,0.0002,-0.000141548,309.4893741
7.71E-05,0.0002,-0.000177607,309.4668253
2.97E-05,0.0002,-0.000213284,309.4097804
0.00012,1.40E-05,-0.000210444,309.257
5.54E-05,0.000196734,-0.000196466,309.1559007
0.00012,0.0002,-0.000117076,308.9530538
-0.000133612,0.000193797,-0.000243589,308.885743
5.42E-05,0.0002,-0.00019721,308.8641533
0.000102822,0.0002,-0.00014858,308.8509641
9.69E-05,0.000148015,-0.000192998,308.7608664
0.00012,0.000154819,-0.000171853,308.6864603
5.91E-05,0.0002,-0.000195073,308.6178826
-0.000159841,0.0002,-0.000243912,308.3380258
7.14E-05,9.06E-05,-0.000228379,308.2372902
-0.000287457,0.0002,-0.000245442,308.1944108
5.78E-05,0.0002,-0.000201218,308.1656262
9.30E-05,6.16E-05,-0.000225228,308.1577581
0.00012,0.000179314,-0.000168984,307.7772226
0.00012,0.0002,-0.000131955,307.5806358
0.00012,0.000196732,-0.000137595,307.5175808
0.00012,0.0002,-0.000136728,307.2087738
0.00010388,7.31E-21,-0.000224705,307.1222029
1.79E-05,0.0002,-0.000227829,307.0047903
0.00012,0.0002,-0.000140205,306.9337828
-0.000148147,0.000191997,-0.000244844,306.754596
0.00012,0.000193849,-0.000158253,306.69818
0.00012,0.00013051,-0.000195019,306.5996386
-0.0006,0.000169766,-0.000246879,306.5989885
0.00012,0.000147757,-0.000190231,306.1122073
9.26E-05,3.99E-05,-0.000232119,306.0636622
-2.28E-05,0.0002,-0.000236254,306.025247
0.00012,9.78E-05,-0.000210136,305.7012964
0.00012,9.98E-05,-0.000209086,305.6853382
0.00012,0.0002,-0.000163737,305.566182
0.00012,9.87E-05,-0.000210596,305.5453361
9.28E-05,0.000192685,-0.000188793,305.4747047
0.00012,9.87E-05,-0.000211089,305.3584849
0.00012,9.90E-05,-0.000211008,305.3431948
-5.86E-06,0.000193079,-0.000235897,305.3102403
0.00012,9.73E-05,-0.00021153,305.2731378
-0.000444571,0.0002,-0.000247833,305.2275569
0.00012,9.86E-05,-0.000211641,305.1805161
0.00012,9.93E-05,-0.000211738,305.1624223
0.000114185,7.12E-05,-0.000218539,305.1479264
-0.000596125,0.000195446,-0.000247073,305.1389559
-0.000112185,0.0002,-0.000242889,305.0541848
-0.000112185,0.0002,-0.000242889,305.0541848
9.40E-05,0.0002,-0.000187226,304.9882268
0.00012,7.31E-21,-0.000225026,304.8950534
0.000114805,3.74E-05,-0.000225083,304.8831279
0.00012,7.10E-05,-0.000216866,304.6966653
0.00012,4.34E-05,-0.000222363,304.5194947
0.00012,3.77E-05,-0.000224103,304.4016409
0.00012,2.77E-05,-0.000225145,304.355048
0.00012,0.000170091,-0.000187882,304.2339642
9.09E-05,0.0002,-0.000199755,304.1359489
0.00012,0.000129564,-0.000227301,303.965609
0.00012,0.000146609,-0.000219678,303.7241501
0.00012,0.000193694,-0.000183668,303.6740785
-0.000446644,0.0002,-0.000248525,303.3791198
0.00012,0.0002,-0.000182511,303.3233507
0.00012,7.71E-05,-0.000226928,303.2420531
0.00012,3.43E-05,-0.000231929,302.9919787
-2.88E-05,0.000186887,-0.000244083,302.6432752
-0.00010654,0.0002,-0.000243917,302.3905997
0.00012,1.40E-05,-0.000238373,302.1931005
0.000118135,0.0002,-0.000216475,302.0941269
0.00012,0.0002,-0.000215772,301.9891933
0.000102943,9.91E-05,-0.00023331,301.9310495
0.00012,0.0002,-0.000220018,301.6614436
0.000109931,0.000121905,-0.000234612,301.6308638
3.46E-05,0.000193694,-0.000240357,301.491488
5.10E-05,0.000195673,-0.000233556,301.3634305
-4.86E-05,0.0002,-0.000244864,300.9984884
0.000111962,8.42E-05,-0.00023673,300.7957851
0.000107875,0.0002,-0.00022725,300.7783039
0.00011006,0.000160498,-0.000233383,300.6830143
-0.0006,0.000111542,-0.000249288,300.534056
9.51E-05,0.000191389,-0.000230828,300.3412796
0.00012,0.000161528,-0.000221003,300.2960836
4.36E-05,0.0002,-0.000237205,300.2224864
0.00012,0.000184052,-0.000214598,300.0741544
0.000119021,6.10E-05,-0.000242086,299.7851913
0.00011911,4.93E-05,-0.000243757,299.7115219
-0.0006,0.000111077,-0.000249678,299.2426434
0.00012,5.55E-05,-0.000249133,298.1063598
0.00012,5.48E-05,-0.000249288,298.1055464
0.00012,8.79E-23,-0.000249703,298.058331
-0.000279382,0,-0.00025,298
-0.000279382,0,-0.00025,298
-0.000154336,9.42E-05,-0.00025,298
-0.000154336,9.42E-05,-0.00025,298
-0.000379573,0.000111967,-0.00025,298
-0.000379573,0.000111967,-0.00025,298
-0.000109287,6.49E-05,-0.00025,298
-8.56E-05,9.12E-05,-0.00025,298
-7.65E-05,5.88E-05,-0.00025,298
-5.08E-05,8.19E-05,-0.00025,298
-5.21E-05,5.28E-05,-0.00025,298
-3.00E-06,0.000135942,-0.00025,298
-3.00E-06,0.000135942,-0.00025,298
-3.00E-06,0.000135942,-0.00025,298
-3.00E-06,0.000135942,-0.00025,298
-3.00E-06,0.000135942,-0.00025,298
-3.00E-06,0.000135942,-0.00025,298
-3.00E-06,0.000135942,-0.00025,298
5.91E-05,0.000142641,-0.00025,298
2.77E-05,0.000120859,-0.00025,298
2.52E-05,0.000152942,-0.00025,298
2.77E-05,0.000120859,-0.00025,298
8.87E-07,0.0001044,-0.00025,298
5.91E-05,0.000142641,-0.00025,298
5.91E-05,0.000142641,-0.00025,298
5.91E-05,0.000142641,-0.00025,298
5.91E-05,0.000142641,-0.00025,298
9.68E-05,0.000173519,-0.00025,298
2.52E-05,0.000152942,-0.00025,298
4.46E-05,0.000186489,-0.00025,298
-1.81E-05,0,-0.00025,298
-4.26E-05,0,-0.00025,298
2.77E-05,0.000120859,-0.00025,298
2.52E-05,8.99E-05,-0.00025,298
8.87E-07,0.0001044,-0.00025,298
3.67E-06,8.09E-05,-0.00025,298
-0.00031886,0.000124424,-0.00025,298
-0.00031886,0.000124424,-0.00025,298
-0.00031886,0.000124424,-0.00025,298
-0.00031886,0.000124424,-0.00025,298
-0.00031886,0.000124424,-0.00025,298
-0.00031886,0.000124424,-0.00025,298
-0.00031886,0.000124424,-0.00025,298
-0.00031886,0.000124424,-0.00025,298
-0.00031886,0.000124424,-0.00025,298
-0.00039981,0.000107815,-0.00025,298
-0.00039981,0.000107815,-0.00025,298
-0.00039981,0.000107815,-0.00025,298
-0.00039981,0.000107815,-0.00025,298
-0.00039981,0.000107815,-0.00025,298
-0.00039981,0.000107815,-0.00025,298
-0.00039981,0.000107815,-0.00025,298
-0.00039981,0.000107815,-0.00025,298
-0.00039981,0.000107815,-0.00025,298
9.68E-05,0.000173519,-0.00025,298
0.00012,0.000189288,-0.00025,298
-5.10E-05,0.000194902,-0.00025,298
-3.47E-06,0.000176109,-0.00025,298
-3.83E-05,0.000148647,-0.00025,298
-2.89E-05,0.000112509,-0.00025,298
-3.83E-05,0.000148647,-0.00025,298
0.000102699,2.59E-05,-0.00025,298
0.00012,3.37E-07,-0.00025,298
8.57E-05,0,-0.00025,298
0.00011982,0,-0.00025,298
7.19E-05,2.42E-05,-0.00025,298
8.57E-05,0,-0.00025,298
5.59E-05,0,-0.00025,298
0.000102699,2.59E-05,-0.00025,298
7.19E-05,2.42E-05,-0.00025,298
8.57E-05,0,-0.00025,298
0.000102699,2.59E-05,-0.00025,298
0.000102699,2.59E-05,-0.00025,298
-0.00017472,3.78E-05,-0.00025,298
-0.000218407,4.01E-05,-0.00025,298
-0.000218407,4.01E-05,-0.00025,298
-0.000165826,0.000169512,-0.00025,298
-0.000165826,0.000169512,-0.00025,298
-0.000165826,0.000169512,-0.00025,298
-0.000165826,0.000169512,-0.00025,298
-0.000165826,0.000169512,-0.00025,298
-0.000223562,0.000188439,-0.00025,298
-0.000223562,0.000188439,-0.00025,298
-0.000223562,0.000188439,-0.00025,298
-0.000223562,0.000188439,-0.00025,298
-0.000223562,0.000188439,-0.00025,298
-0.000360616,0.000194727,-0.00025,298
-0.000360616,0.000194727,-0.00025,298
-0.000360616,0.000194727,-0.00025,298
-0.000360616,0.000194727,-0.00025,298
-0.000360616,0.000194727,-0.00025,298
2.99E-05,0,-0.00025,298
4.91E-06,0,-0.00025,298
-2.40E-05,1.93E-05,-0.00025,298
-2.40E-05,1.93E-05,-0.00025,298
-2.40E-05,1.93E-05,-0.00025,298
-2.40E-05,1.93E-05,-0.00025,298
-2.40E-05,1.93E-05,-0.00025,298
-2.40E-05,1.93E-05,-0.00025,298
-4.35E-06,2.03E-05,-0.00025,298
-1.81E-05,0,-0.00025,298
4.91E-06,0,-0.00025,298
-4.35E-06,2.03E-05,-0.00025,298
-4.35E-06,2.03E-05,-0.00025,298
6.82E-06,4.19E-05,-0.00025,298
-1.61E-05,3.94E-05,-0.00025,298
-1.81E-05,0,-0.00025,298
-0.000105207,0,-0.00025,298
-0.00015392,0,-0.00025,298
-0.00017472,3.78E-05,-0.00025,298
-0.00015392,0,-0.00025,298
-0.00017472,3.78E-05,-0.00025,298
-0.000130835,3.41E-05,-0.00025,298
-0.00015392,0,-0.00025,298
-0.000109287,6.49E-05,-0.00025,298
-0.000109287,6.49E-05,-0.00025,298
-0.000109287,6.49E-05,-0.00025,298
-0.000109287,6.49E-05,-0.00025,298
-9.30E-05,3.12E-05,-0.00025,298
-0.000130835,3.41E-05,-0.00025,298
-7.65E-05,5.88E-05,-0.00025,298
-0.000120424,0.000101529,-0.00025,298
-8.56E-05,9.12E-05,-0.00025,298
-9.44E-05,0.000122005,-0.00025,298
-0.000148365,7.24E-05,-0.00025,298
-0.000120424,0.000101529,-0.00025,298
9.48E-05,8.22E-05,-0.00025,298
0.000119482,5.52E-05,-0.00025,298
6.82E-05,6.96E-05,-0.00025,298
8.59E-05,5.05E-05,-0.00025,298
0.000119482,5.52E-05,-0.00025,298
0.000119482,5.52E-05,-0.00025,298
8.59E-05,5.05E-05,-0.00025,298
7.19E-05,2.42E-05,-0.00025,298
5.74E-05,4.67E-05,-0.00025,298
8.59E-05,5.05E-05,-0.00025,298
7.19E-05,2.42E-05,-0.00025,298
-0.000148365,7.24E-05,-0.00025,298
-0.000148365,7.24E-05,-0.00025,298
-0.000148365,7.24E-05,-0.00025,298
-0.000148365,7.24E-05,-0.00025,298
-0.000148365,7.24E-05,-0.00025,298
-0.000120424,0.000101529,-0.00025,298
-0.000120424,0.000101529,-0.00025,298
-0.000160307,0.00011607,-0.00025,298
-0.000160307,0.00011607,-0.00025,298
-0.000160307,0.00011607,-0.00025,298
-0.000160307,0.00011607,-0.00025,298
-0.000160307,0.00011607,-0.00025,298
-0.000160307,0.00011607,-0.00025,298
-0.000160307,0.00011607,-0.00025,298
-0.000160307,0.00011607,-0.00025,298
-0.000160307,0.00011607,-0.00025,298
-0.000160307,0.00011607,-0.00025,298
-0.000122405,0.000143206,-0.00025,298
-0.000122405,0.000143206,-0.00025,298
-0.000122405,0.000143206,-0.00025,298
-0.000122405,0.000143206,-0.00025,298
-0.000122405,0.000143206,-0.00025,298
-0.000122405,0.000143206,-0.00025,298
-9.44E-05,0.000122005,-0.00025,298
9.48E-05,8.22E-05,-0.00025,298
9.48E-05,8.22E-05,-0.00025,298
9.48E-05,8.22E-05,-0.00025,298
9.48E-05,8.22E-05,-0.00025,298
0.000119482,5.52E-05,-0.00025,298
2.52E-05,8.99E-05,-0.00025,298
4.27E-05,6.87E-05,-0.00025,298
3.67E-06,8.09E-05,-0.00025,298
1.74E-05,6.45E-05,-0.00025,298
-0.00017472,3.78E-05,-0.00025,298
-0.00017472,3.78E-05,-0.00025,298
-0.000130835,3.41E-05,-0.00025,298
-0.00017472,3.78E-05,-0.00025,298
-0.00017472,3.78E-05,-0.00025,298
-0.00017472,3.78E-05,-0.00025,298
-0.00017472,3.78E-05,-0.00025,298
-0.00017472,3.78E-05,-0.00025,298
-0.000110098,0.0001947,-0.00025,298
-0.000110098,0.0001947,-0.00025,298
-0.000110098,0.0001947,-0.00025,298
-0.000110098,0.0001947,-0.00025,298
-0.000110098,0.0001947,-0.00025,298
-0.000110098,0.0001947,-0.00025,298
-0.000110098,0.0001947,-0.00025,298
-0.000110098,0.0001947,-0.00025,298
-5.10E-05,0.000194902,-0.00025,298
-6.28E-05,0.000118603,-0.00025,298
-7.99E-05,0.000153987,-0.00025,298
-2.89E-05,0.000112509,-0.00025,298
-3.83E-05,0.000148647,-0.00025,298
-1.88E-05,8.35E-05,-0.00025,298
3.67E-06,8.09E-05,-0.00025,298
-3.02E-05,5.89E-05,-0.00025,298
-6.22E-06,6.15E-05,-0.00025,298
1.74E-05,6.45E-05,-0.00025,298
8.87E-07,0.0001044,-0.00025,298
-2.89E-05,0.000112509,-0.00025,298
-1.88E-05,8.35E-05,-0.00025,298
3.67E-06,8.09E-05,-0.00025,298
0.000119482,5.52E-05,-0.00025,298
0.000119482,5.52E-05,-0.00025,298
-9.30E-05,3.12E-05,-0.00025,298
-9.30E-05,3.12E-05,-0.00025,298
-9.30E-05,3.12E-05,-0.00025,298
-0.000130835,3.41E-05,-0.00025,298
-0.000130835,3.41E-05,-0.00025,298
4.42E-05,2.27E-05,-0.00025,298
4.42E-05,2.27E-05,-0.00025,298
4.42E-05,2.27E-05,-0.00025,298
4.42E-05,2.27E-05,-0.00025,298
1.88E-05,2.15E-05,-0.00025,298
1.88E-05,2.15E-05,-0.00025,298
6.82E-06,4.19E-05,-0.00025,298
3.13E-05,4.44E-05,-0.00025,298
2.99E-05,0,-0.00025,298
-5.10E-05,0.000194902,-0.00025,298
9.87E-05,0.000122874,-0.00025,298
9.68E-05,0.000173519,-0.00025,298
9.87E-05,0.000122874,-0.00025,298
-5.10E-05,0.000194902,-0.00025,298
-5.10E-05,0.000194902,-0.00025,298
-5.10E-05,0.000194902,-0.00025,298
-5.10E-05,0.000194902,-0.00025,298
-5.10E-05,0.000194902,-0.00025,298
-7.99E-05,0.000153987,-0.00025,298
-6.28E-05,0.000118603,-0.00025,298
-2.89E-05,0.000112509,-0.00025,298
-1.88E-05,8.35E-05,-0.00025,298
-8.56E-05,9.12E-05,-0.00025,298
-5.08E-05,8.19E-05,-0.00025,298
-6.28E-05,0.000118603,-0.00025,298
-7.99E-05,0.000153987,-0.00025,298
-8.56E-05,9.12E-05,-0.00025,298
-9.44E-05,0.000122005,-0.00025,298
-3.47E-06,0.000176109,-0.00025,298
-3.47E-06,0.000176109,-0.00025,298
-3.47E-06,0.000176109,-0.00025,298
-3.47E-06,0.000176109,-0.00025,298
-0.000493081,0.000106735,-0.00025,298
-0.000493081,0.000106735,-0.00025,298
-0.000493081,0.000106735,-0.00025,298
-0.000493081,0.000106735,-0.00025,298
-0.000493081,0.000106735,-0.00025,298
-0.000493081,0.000106735,-0.00025,298
-0.000493081,0.000106735,-0.00025,298
-0.000493081,0.000106735,-0.00025,298
-0.000493081,0.000106735,-0.00025,298
6.82E-06,4.19E-05,-0.00025,298
9.68E-05,0.000173519,-0.00025,298
9.87E-05,0.000122874,-0.00025,298
-6.28E-05,0.000118603,-0.00025,298
-7.99E-05,0.000153987,-0.00025,298
2.77E-05,0.000120859,-0.00025,298
2.77E-05,0.000120859,-0.00025,298
2.52E-05,8.99E-05,-0.00025,298
5.91E-05,9.94E-05,-0.00025,298
4.27E-05,6.87E-05,-0.00025,298
6.82E-05,6.96E-05,-0.00025,298
5.91E-05,9.94E-05,-0.00025,298
5.91E-05,9.94E-05,-0.00025,298
9.87E-05,0.000122874,-0.00025,298
5.74E-05,4.67E-05,-0.00025,298
5.74E-05,4.67E-05,-0.00025,298
5.74E-05,4.67E-05,-0.00025,298
5.74E-05,4.67E-05,-0.00025,298
4.27E-05,6.87E-05,-0.00025,298
4.27E-05,6.87E-05,-0.00025,298
6.82E-05,6.96E-05,-0.00025,298
3.13E-05,4.44E-05,-0.00025,298
6.82E-05,6.96E-05,-0.00025,298
6.82E-05,6.96E-05,-0.00025,298
8.59E-05,5.05E-05,-0.00025,298
9.87E-05,0.000122874,-0.00025,298
-1.88E-05,8.35E-05,-0.00025,298
-3.02E-05,5.89E-05,-0.00025,298
-5.08E-05,8.19E-05,-0.00025,298
-5.21E-05,5.28E-05,-0.00025,298
-0.000194224,7.99E-05,-0.00025,298
-0.000194224,7.99E-05,-0.00025,298
-0.000194224,7.99E-05,-0.00025,298
-0.000194224,7.99E-05,-0.00025,298
-0.000194224,7.99E-05,-0.00025,298
-9.44E-05,0.000122005,-0.00025,298
-0.000260082,0.000143671,-0.00025,298
-0.000260082,0.000143671,-0.00025,298
-0.000260082,0.000143671,-0.00025,298
-0.000260082,0.000143671,-0.00025,298
-0.000260082,0.000143671,-0.00025,298
-6.22E-06,6.15E-05,-0.00025,298
6.82E-06,4.19E-05,-0.00025,298
1.74E-05,6.45E-05,-0.00025,298
-1.61E-05,3.94E-05,-0.00025,298
8.87E-07,0.0001044,-0.00025,298
-2.89E-05,0.000112509,-0.00025,298
9.68E-05,0.000173519,-0.00025,298
9.68E-05,0.000173519,-0.00025,298
9.68E-05,0.000173519,-0.00025,298
9.68E-05,0.000173519,-0.00025,298
-6.30E-05,3.00E-05,-0.00025,298
-7.65E-05,5.88E-05,-0.00025,298
-5.21E-05,5.28E-05,-0.00025,298
-7.08E-05,0,-0.00025,298
-6.30E-05,3.00E-05,-0.00025,298
-3.02E-05,5.89E-05,-0.00025,298
-3.87E-05,3.43E-05,-0.00025,298
-5.21E-05,5.28E-05,-0.00025,298
-6.30E-05,3.00E-05,-0.00025,298
-6.30E-05,3.00E-05,-0.00025,298
-6.30E-05,3.00E-05,-0.00025,298
6.82E-06,4.19E-05,-0.00025,298
2.99E-05,0,-0.00025,298
4.91E-06,0,-0.00025,298
2.52E-05,0.000152942,-0.00025,298
4.46E-05,0.000186489,-0.00025,298
-4.26E-05,0,-0.00025,298
-7.08E-05,0,-0.00025,298
-3.87E-05,3.43E-05,-0.00025,298
-1.81E-05,0,-0.00025,298
-4.26E-05,0,-0.00025,298
-1.81E-05,0,-0.00025,298
4.91E-06,0,-0.00025,298
-0.000105207,0,-0.00025,298
-7.08E-05,0,-0.00025,298
-0.000105207,0,-0.00025,298
-0.00015392,0,-0.00025,298
-0.000105207,0,-0.00025,298
-7.08E-05,0,-0.00025,298
-0.000209536,0.000130161,-0.00025,298
-0.000209536,0.000130161,-0.00025,298
-0.000209536,0.000130161,-0.00025,298
-0.000288053,0.000195003,-0.00025,298
-0.000288053,0.000195003,-0.00025,298
-0.000288053,0.000195003,-0.00025,298
-0.000288053,0.000195003,-0.00025,298
-0.000288053,0.000195003,-0.00025,298
-0.000288053,0.000195003,-0.00025,298
-3.02E-05,5.89E-05,-0.00025,298
-6.22E-06,6.15E-05,-0.00025,298
-3.87E-05,3.43E-05,-0.00025,298
-1.61E-05,3.94E-05,-0.00025,298
7.19E-05,2.42E-05,-0.00025,298
6.82E-06,4.19E-05,-0.00025,298
5.59E-05,0,-0.00025,298
2.52E-05,0.000152942,-0.00025,298
2.99E-05,0,-0.00025,298
5.59E-05,0,-0.00025,298
9.87E-05,0.000122874,-0.00025,298
3.13E-05,4.44E-05,-0.00025,298
-3.87E-05,3.43E-05,-0.00025,298
4.46E-05,0.000186489,-0.00025,298
1.74E-05,6.45E-05,-0.00025,298
3.13E-05,4.44E-05,-0.00025,298
-0.0002569,7.88E-05,-0.00025,298
-0.0002569,7.88E-05,-0.00025,298
-0.0002569,7.88E-05,-0.00025,298
-0.0002569,7.88E-05,-0.00025,298
-0.0002569,7.88E-05,-0.00025,298
-0.0002569,7.88E-05,-0.00025,298
9.87E-05,0.000122874,-0.00025,298
4.46E-05,0.000186489,-0.00025,298
-0.000359335,0.00011612,-0.00025,298
-0.000339738,0.000159576,-0.00025,298
-0.000380213,0.000151271,-0.00025,298
-0.000359335,0.00011612,-0.00025,298
-0.000359335,0.00011612,-0.00025,298
-0.000359335,0.00011612,-0.00025,298
-0.000359335,0.00011612,-0.00025,298
-0.000359335,0.00011612,-0.00025,298
-0.000359335,0.00011612,-0.00025,298
-0.000359335,0.00011612,-0.00025,298
-0.000423173,0.000154941,-0.00025,298
-0.000380213,0.000151271,-0.00025,298
-0.000210879,2.00E-05,-0.00025,298
-0.000189035,1.89E-05,-0.00025,298
-0.00020335,0,-0.00025,298
-0.000210879,2.00E-05,-0.00025,298
-0.000189035,1.89E-05,-0.00025,298
-0.000196564,3.89E-05,-0.00025,298
-0.000206316,6.00E-05,-0.00025,298
-0.000210879,2.00E-05,-0.00025,298
-0.00020335,0,-0.00025,298
-0.000231881,0,-0.00025,298
-0.000210879,2.00E-05,-0.00025,298
-0.000210879,2.00E-05,-0.00025,298
-0.000206316,6.00E-05,-0.00025,298
-0.000237654,5.94E-05,-0.00025,298
-0.000239409,2.00E-05,-0.00025,298
-0.000194694,0.000178976,-0.00025,298
-0.000194694,0.000178976,-0.00025,298
-0.000194694,0.000178976,-0.00025,298
-0.000194694,0.000178976,-0.00025,298
-0.000187681,0.000149837,-0.00025,298
-0.000163067,0.000142791,-0.00025,298
-0.000241822,0.000166055,-0.00025,298
-0.000187681,0.000149837,-0.00025,298
-0.000216549,0.0001593,-0.00025,298
-0.000446446,0.000107275,-0.00025,298
-0.000509259,5.34E-05,-0.00025,298
-0.000509259,5.34E-05,-0.00025,298
-0.000509259,5.34E-05,-0.00025,298
-0.000509259,5.34E-05,-0.00025,298
-0.000509259,5.34E-05,-0.00025,298
-0.000171295,7.61E-05,-0.00025,298
-0.000171295,7.61E-05,-0.00025,298
-0.000171295,7.61E-05,-0.00025,298
-0.000171295,7.61E-05,-0.00025,298
-0.000184472,5.88E-05,-0.00025,298
-0.000177266,9.80E-05,-0.00025,298
-0.000184472,5.88E-05,-0.00025,298
-0.000184472,5.88E-05,-0.00025,298
-0.000184472,5.88E-05,-0.00025,298
-0.000446446,0.000107275,-0.00025,298
-0.000446446,0.000107275,-0.00025,298
-0.000446446,0.000107275,-0.00025,298
-0.000446446,0.000107275,-0.00025,298
-0.000446446,0.000107275,-0.00025,298
-0.000446446,0.000107275,-0.00025,298
-0.000446446,0.000107275,-0.00025,298
-0.000446446,0.000107275,-0.00025,298
-0.000446446,0.000107275,-0.00025,298
-0.000469809,0.000154401,-0.00025,298
-0.000423173,0.000154941,-0.00025,298
-0.000241822,0.000166055,-0.00025,298
-0.000234809,0.000136916,-0.00025,298
-0.000216549,0.0001593,-0.00025,298
-0.000241822,0.000166055,-0.00025,298
-0.000241822,0.000166055,-0.00025,298
-0.000274068,0.000169337,-0.00025,298
-0.000274068,0.000169337,-0.00025,298
-0.000255808,0.000191721,-0.00025,298
-0.000403576,0.000198397,-0.00025,298
-0.000423173,0.000154941,-0.00025,298
-0.000403576,0.000198397,-0.00025,298
-0.000403576,0.000198397,-0.00025,298
-0.000403576,0.000198397,-0.00025,298
-0.000339738,0.000159576,-0.00025,298
-0.000423173,0.000154941,-0.00025,298
-0.000380213,0.000151271,-0.00025,298
-0.000461663,5.34E-05,-0.00025,298
-0.000461663,5.34E-05,-0.00025,298
-0.000461663,5.34E-05,-0.00025,298
-0.000461663,5.34E-05,-0.00025,298
-0.000430245,0,-0.00025,298
-0.000289471,0.000134048,-0.00025,298
-0.000303457,0.000159714,-0.00025,298
-0.000339738,0.000159576,-0.00025,298
-0.000184922,0.000123116,-0.00025,298
-0.000177266,9.80E-05,-0.00025,298
-0.00020188,0.000105022,-0.00025,298
-0.000234809,0.000136916,-0.00025,298
-0.000233218,0.000104472,-0.00025,298
-0.00020188,0.000105022,-0.00025,298
-0.000234809,0.000136916,-0.00025,298
-0.000184922,0.000123116,-0.00025,298
-0.000187681,0.000149837,-0.00025,298
-0.000216549,0.0001593,-0.00025,298
-0.000255808,0.000191721,-0.00025,298
-0.000324335,0.000194865,-0.00025,298
-0.00028788,0.000101604,-0.00025,298
-0.000562868,5.56E-05,-0.00025,298
-0.000562868,5.56E-05,-0.00025,298
-0.000562868,5.56E-05,-0.00025,298
-0.000562868,5.56E-05,-0.00025,298
-0.000137962,0.000182106,-0.00025,298
-0.000137962,0.000182106,-0.00025,298
-0.000137962,0.000182106,-0.00025,298
-0.000255808,0.000191721,-0.00025,298
-0.000234809,0.000136916,-0.00025,298
-0.000233218,0.000104472,-0.00025,298
-0.000258491,0.000111227,-0.00025,298
-0.000324335,0.000194865,-0.00025,298
-0.000339738,0.000159576,-0.00025,298
-0.000184922,0.000123116,-0.00025,298
-0.000177266,9.80E-05,-0.00025,298
-0.000184922,0.000123116,-0.00025,298
-0.000187681,0.000149837,-0.00025,298
-0.000163067,0.000142791,-0.00025,298
-0.000336296,0,-0.00025,298
-0.000336296,0,-0.00025,298
-0.000298354,0,-0.00025,298
-0.000336296,0,-0.00025,298
-0.000336296,0,-0.00025,298
-0.000298354,0,-0.00025,298
-0.000189035,1.89E-05,-0.00025,298
-0.000189035,1.89E-05,-0.00025,298
-0.000189035,1.89E-05,-0.00025,298
-0.000196564,3.89E-05,-0.00025,298
-0.000196564,3.89E-05,-0.00025,298
-0.000469809,0.000154401,-0.00025,298
-0.000327578,6.22E-05,-0.00025,298
-0.000327578,6.22E-05,-0.00025,298
-0.000327578,6.22E-05,-0.00025,298
-0.000327578,6.22E-05,-0.00025,298
-0.000327578,6.22E-05,-0.00025,298
-0.000327578,6.22E-05,-0.00025,298
-0.00028788,0.000101604,-0.00025,298
-0.00028788,0.000101604,-0.00025,298
-0.00028788,0.000101604,-0.00025,298
-0.00028788,0.000101604,-0.00025,298
-0.00028788,0.000101604,-0.00025,298
-0.00028788,0.000101604,-0.00025,298
-0.000296598,3.94E-05,-0.00025,298
-0.000296598,3.94E-05,-0.00025,298
-0.000296598,3.94E-05,-0.00025,298
-0.000296598,3.94E-05,-0.00025,298
-0.000258656,3.94E-05,-0.00025,298
-0.00057402,0.000164661,-0.00025,298
-0.00057402,0.000164661,-0.00025,298
-0.00057402,0.000164661,-0.00025,298
-0.00057402,0.000164661,-0.00025,298
-0.00057402,0.000164661,-0.00025,298
-0.000469809,0.000154401,-0.00025,298
-0.000225562,7.93E-05,-0.00025,298
-0.000225562,7.93E-05,-0.00025,298
-0.000225562,7.93E-05,-0.00025,298
-0.000225562,7.93E-05,-0.00025,298
-0.000206316,6.00E-05,-0.00025,298
-0.000206316,6.00E-05,-0.00025,298
-0.000206316,6.00E-05,-0.00025,298
-0.000237654,5.94E-05,-0.00025,298
-0.000237654,5.94E-05,-0.00025,298
-0.000258656,3.94E-05,-0.00025,298
-0.000258656,3.94E-05,-0.00025,298
-0.000258656,3.94E-05,-0.00025,298
-0.000260411,0,-0.00025,298
-0.000258656,3.94E-05,-0.00025,298
-0.000258656,3.94E-05,-0.00025,298
-0.000258656,3.94E-05,-0.00025,298
-0.000258656,3.94E-05,-0.00025,298
-0.000260411,0,-0.00025,298
-0.000298354,0,-0.00025,298
-0.000163067,0.000142791,-0.00025,298
-0.000163067,0.000142791,-0.00025,298
-0.000152778,3.59E-05,-0.00025,298
-0.000152778,3.59E-05,-0.00025,298
-0.000152778,3.59E-05,-0.00025,298
-0.000178635,0,-0.00025,298
-0.00015392,0,-0.00025,298
-0.000178635,0,-0.00025,298
-0.00020335,0,-0.00025,298
-0.000178635,0,-0.00025,298
-0.000324335,0.000194865,-0.00025,298
-0.000233218,0.000104472,-0.00025,298
-0.000233218,0.000104472,-0.00025,298
-0.000258491,0.000111227,-0.00025,298
-0.000258491,0.000111227,-0.00025,298
-0.000258491,0.000111227,-0.00025,298
-0.000141356,0.000129638,-0.00025,298
-0.000289471,0.000134048,-0.00025,298
-0.000289471,0.000134048,-0.00025,298
-0.000289471,0.000134048,-0.00025,298
-0.000415028,5.39E-05,-0.00025,298
-0.000415028,5.39E-05,-0.00025,298
-0.000415028,5.39E-05,-0.00025,298
-0.000415028,5.39E-05,-0.00025,298
-0.000415028,5.39E-05,-0.00025,298
-0.000324335,0.000194865,-0.00025,298
-0.000324335,0.000194865,-0.00025,298
-0.000324335,0.000194865,-0.00025,298
-0.000141356,0.000129638,-0.00025,298
-0.000141356,0.000129638,-0.00025,298
-0.00020335,0,-0.00025,298
-0.000231881,0,-0.00025,298
-0.00054669,0.000108967,-0.00025,298
-0.00054669,0.000108967,-0.00025,298
-0.00054669,0.000108967,-0.00025,298
-0.00054669,0.000108967,-0.00025,298
-0.000520412,0.000162429,-0.00025,298
-0.000520412,0.000162429,-0.00025,298
-0.000520412,0.000162429,-0.00025,298
-0.000520412,0.000162429,-0.00025,298
-0.000520412,0.000162429,-0.00025,298
-0.000469809,0.000154401,-0.00025,298
-0.000469809,0.000154401,-0.00025,298
-0.000469809,0.000154401,-0.00025,298
-0.000469809,0.000154401,-0.00025,298
-0.000469809,0.000154401,-0.00025,298
-0.000303457,0.000159714,-0.00025,298
-0.000274068,0.000169337,-0.00025,298
-0.000339738,0.000159576,-0.00025,298
-0.000303457,0.000159714,-0.00025,298
-0.000274068,0.000169337,-0.00025,298
-0.000274068,0.000169337,-0.00025,298
-0.000177266,9.80E-05,-0.00025,298
-0.000177266,9.80E-05,-0.00025,298
-0.00020188,0.000105022,-0.00025,298
-0.000239409,2.00E-05,-0.00025,298
-0.000260411,0,-0.00025,298
-0.000231881,0,-0.00025,298
-0.000260411,0,-0.00025,298
-0.000298354,0,-0.00025,298
-0.000423173,0.000154941,-0.00025,298
-0.000423173,0.000154941,-0.00025,298
-0.000423173,0.000154941,-0.00025,298
-0.000255808,0.000191721,-0.00025,298
-0.000255808,0.000191721,-0.00025,298
-0.00020188,0.000105022,-0.00025,298
-0.000368053,5.39E-05,-0.00025,298
-0.000368053,5.39E-05,-0.00025,298
-0.000368053,5.39E-05,-0.00025,298
-0.000368053,5.39E-05,-0.00025,298
-0.00020335,0,-0.00025,298
-0.000430245,0,-0.00025,298
-0.000430245,0,-0.00025,298
-0.000260411,0,-0.00025,298
-0.000231881,0,-0.00025,298
-0.000142378,1.71E-05,-0.00025,298
-0.000142378,1.71E-05,-0.00025,298
-0.00015392,0,-0.00025,298
-0.000485461,5.34E-05,-0.00025,298
-0.00050117,8.01E-05,-0.00025,298
-0.000477372,8.01E-05,-0.00025,298
-0.000469763,0.000107005,-0.00025,298
-0.00050117,8.01E-05,-0.00025,298
-0.000477372,8.01E-05,-0.00025,298
-0.000485461,5.34E-05,-0.00025,298
-0.00050117,8.01E-05,-0.00025,298
-0.000519885,0.000107851,-0.00025,298
-0.00050117,8.01E-05,-0.00025,298
-0.000527974,8.12E-05,-0.00025,298
-0.00050117,8.01E-05,-0.00025,298
-0.000517348,2.67E-05,-0.00025,298
-0.000485461,5.34E-05,-0.00025,298
-0.00049355,2.67E-05,-0.00025,298
-0.000517348,2.67E-05,-0.00025,298
-0.00049355,2.67E-05,-0.00025,298
-0.000525437,0,-0.00025,298
-0.000501639,0,-0.00025,298
-0.000517348,2.67E-05,-0.00025,298
-0.000536063,5.45E-05,-0.00025,298
-0.000517348,2.67E-05,-0.00025,298
-0.000544152,2.78E-05,-0.00025,298
-0.000525437,0,-0.00025,298
-0.000517348,2.67E-05,-0.00025,298
-0.000477372,8.01E-05,-0.00025,298
-0.000477372,8.01E-05,-0.00025,298
-0.000485461,5.34E-05,-0.00025,298
-0.000454054,8.03E-05,-0.00025,298
-0.000485461,5.34E-05,-0.00025,298
-0.000469752,2.67E-05,-0.00025,298
-0.00049355,2.67E-05,-0.00025,298
-0.00049355,2.67E-05,-0.00025,298
-0.000469752,2.67E-05,-0.00025,298
-0.000477841,0,-0.00025,298
-0.000501639,0,-0.00025,298
-0.000469752,2.67E-05,-0.00025,298
-0.000445954,2.67E-05,-0.00025,298
-0.000438345,5.36E-05,-0.00025,298
-0.000469752,2.67E-05,-0.00025,298
-0.000469752,2.67E-05,-0.00025,298
-0.000445954,2.67E-05,-0.00025,298
-0.000445954,2.67E-05,-0.00025,298
-0.000445954,2.67E-05,-0.00025,298
-0.000477841,0,-0.00025,298
-0.000454043,0,-0.00025,298
-0.000422636,2.70E-05,-0.00025,298
-0.000430245,0,-0.00025,298
-0.000454043,0,-0.00025,298
-0.000544152,2.78E-05,-0.00025,298
-0.000574516,2.78E-05,-0.00025,298
-0.000525437,0,-0.00025,298
-0.0005558,0,-0.00025,298
-0.000544152,2.78E-05,-0.00025,298
-0.000544152,2.78E-05,-0.00025,298
-0.000574516,2.78E-05,-0.00025,298
-0.000593231,5.56E-05,-0.00025,298
-0.0006,2.06E-05,-0.00025,298
-0.000586164,0,-0.00025,298
-0.0005558,0,-0.00025,298
-0.000574516,2.78E-05,-0.00025,298
-0.000593231,5.56E-05,-0.00025,298
-0.000593231,5.56E-05,-0.00025,298
-0.000593231,5.56E-05,-0.00025,298
-0.000593231,5.56E-05,-0.00025,298
-0.000581583,8.34E-05,-0.00025,298
-0.000581583,8.34E-05,-0.00025,298
-0.000581583,8.34E-05,-0.00025,298
-0.000581583,8.34E-05,-0.00025,298
-0.000536063,5.45E-05,-0.00025,298
-0.000536063,5.45E-05,-0.00025,298
-0.000554779,8.23E-05,-0.00025,298
-0.000554779,8.23E-05,-0.00025,298
-0.000573494,0.000110083,-0.00025,298
-0.000525437,0,-0.00025,298
-0.000501639,0,-0.00025,298
-0.000477841,0,-0.00025,298
-0.000501639,0,-0.00025,298
-0.000477841,0,-0.00025,298
-0.000454043,0,-0.00025,298
-0.000430245,0,-0.00025,298
-0.000454043,0,-0.00025,298
-0.000323219,9.33E-05,-0.00025,298
-0.000323219,9.33E-05,-0.00025,298
-0.000323219,9.33E-05,-0.00025,298
-0.000323219,9.33E-05,-0.00025,298
-0.000323219,9.33E-05,-0.00025,298
-0.000323219,9.33E-05,-0.00025,298
-0.00030337,0.000113014,-0.00025,298
-0.00030337,0.000113014,-0.00025,298
-0.000307729,8.19E-05,-0.00025,298
-0.000307729,8.19E-05,-0.00025,298
-0.000307729,8.19E-05,-0.00025,298
-0.000307729,8.19E-05,-0.00025,298
-0.000307729,8.19E-05,-0.00025,298
-0.000331937,3.11E-05,-0.00025,298
-0.000331937,3.11E-05,-0.00025,298
-0.000331937,3.11E-05,-0.00025,298
-0.000331937,3.11E-05,-0.00025,298
-0.000331937,3.11E-05,-0.00025,298
-0.000331937,3.11E-05,-0.00025,298
-0.000312088,5.08E-05,-0.00025,298
-0.000312088,5.08E-05,-0.00025,298
-0.000312088,5.08E-05,-0.00025,298
-0.000312088,5.08E-05,-0.00025,298
-0.000312088,5.08E-05,-0.00025,298
-0.000316447,1.97E-05,-0.00025,298
-0.000316447,1.97E-05,-0.00025,298
-0.000316447,1.97E-05,-0.00025,298
-0.000336296,0,-0.00025,298
-0.000317325,0,-0.00025,298
-0.000297476,1.97E-05,-0.00025,298
-0.000292239,7.05E-05,-0.00025,298
-0.000292239,7.05E-05,-0.00025,298
-0.000292239,7.05E-05,-0.00025,298
-0.000292239,7.05E-05,-0.00025,298
-0.00027239,9.02E-05,-0.00025,298
-0.00027239,9.02E-05,-0.00025,298
-0.000276749,5.91E-05,-0.00025,298
-0.000276749,5.91E-05,-0.00025,298
-0.000277627,3.94E-05,-0.00025,298
-0.000560881,0.000191392,-0.00025,298
-0.000560881,0.000191392,-0.00025,298
-0.000560881,0.000191392,-0.00025,298
-0.000560881,0.000191392,-0.00025,298
-0.000560881,0.000191392,-0.00025,298
-0.000589785,0.000193986,-0.00025,298
-0.000589785,0.000193986,-0.00025,298
-0.000589785,0.000193986,-0.00025,298
-0.000589785,0.000193986,-0.00025,298
-0.000587159,0.00013793,-0.00025,298
-0.000587159,0.00013793,-0.00025,298
-0.000587159,0.00013793,-0.00025,298
-0.000587159,0.00013793,-0.00025,298
-0.000587159,0.00013793,-0.00025,298
-0.000547216,0.000163545,-0.00025,298
-0.000560355,0.000136814,-0.00025,298
-0.000573494,0.000110083,-0.00025,298
-0.000508775,0.000186262,-0.00025,298
-0.000483474,0.000182248,-0.00025,298
-0.000483474,0.000182248,-0.00025,298
-0.000454054,8.03E-05,-0.00025,298
-0.000438345,5.36E-05,-0.00025,298
-0.000469763,0.000107005,-0.00025,298
-0.000454054,8.03E-05,-0.00025,298
-0.000469763,0.000107005,-0.00025,298
-0.000469763,0.000107005,-0.00025,298
-0.000469763,0.000107005,-0.00025,298
-0.000454054,8.03E-05,-0.00025,298
-0.000454054,8.03E-05,-0.00025,298
-0.000423128,0.000107545,-0.00025,298
-0.000430737,8.06E-05,-0.00025,298
-0.000423128,0.000107545,-0.00025,298
-0.000430737,8.06E-05,-0.00025,298
-0.000407419,8.09E-05,-0.00025,298
-0.000430737,8.06E-05,-0.00025,298
-0.000407419,8.09E-05,-0.00025,298
-0.000438345,5.36E-05,-0.00025,298
-0.000423128,0.000107545,-0.00025,298
-0.000423128,0.000107545,-0.00025,298
-0.000423128,0.000107545,-0.00025,298
-0.000430737,8.06E-05,-0.00025,298
-0.000407419,8.09E-05,-0.00025,298
-0.000407419,8.09E-05,-0.00025,298
-0.000407419,8.09E-05,-0.00025,298
-0.000438345,5.36E-05,-0.00025,298
-0.000422636,2.70E-05,-0.00025,298
-0.000438345,5.36E-05,-0.00025,298
-0.000422636,2.70E-05,-0.00025,298
-0.000422636,2.70E-05,-0.00025,298
-0.000422636,2.70E-05,-0.00025,298
-0.000519885,0.000107851,-0.00025,298
-0.000527974,8.12E-05,-0.00025,298
-0.000519885,0.000107851,-0.00025,298
-0.000519885,0.000107851,-0.00025,298
-0.000527974,8.12E-05,-0.00025,298
-0.000527974,8.12E-05,-0.00025,298
-0.000536063,5.45E-05,-0.00025,298
-0.000554779,8.23E-05,-0.00025,298
-0.000573494,0.000110083,-0.00025,298
-0.000554779,8.23E-05,-0.00025,298
-0.000573494,0.000110083,-0.00025,298
-0.000525437,0,-0.00025,298
-0.0005558,0,-0.00025,298
-0.000586164,0,-0.00025,298
-0.000586164,0,-0.00025,298
-0.0005558,0,-0.00025,298
-0.000506746,0.000134582,-0.00025,298
-0.000533551,0.000135698,-0.00025,298
-0.000506746,0.000134582,-0.00025,298
-0.000506746,0.000134582,-0.00025,298
-0.000506746,0.000134582,-0.00025,298
-0.000506746,0.000134582,-0.00025,298
-0.000533551,0.000135698,-0.00025,298
-0.000547216,0.000163545,-0.00025,298
-0.00049511,0.000158415,-0.00025,298
-0.000534077,0.000190276,-0.00025,298
-0.000547216,0.000163545,-0.00025,298
-0.000534077,0.000190276,-0.00025,298
-0.000508775,0.000186262,-0.00025,298
-0.000534077,0.000190276,-0.00025,298
-0.000534077,0.000190276,-0.00025,298
-0.000534077,0.000190276,-0.00025,298
-0.000533551,0.000135698,-0.00025,298
-0.000560355,0.000136814,-0.00025,298
-0.000533551,0.000135698,-0.00025,298
-0.000547216,0.000163545,-0.00025,298
-0.000560355,0.000136814,-0.00025,298
-0.000560355,0.000136814,-0.00025,298
-0.000508775,0.000186262,-0.00025,298
-0.000508775,0.000186262,-0.00025,298
-0.000483474,0.000182248,-0.00025,298
-0.00049511,0.000158415,-0.00025,298
-0.000483474,0.000182248,-0.00025,298
-0.00049511,0.000158415,-0.00025,298
-0.00049511,0.000158415,-0.00025,298
-0.000339098,0.000120272,-0.00025,298
-0.000343457,8.92E-05,-0.00025,298
-0.000339098,0.000120272,-0.00025,298
-0.000343457,8.92E-05,-0.00025,298
-0.000347816,5.81E-05,-0.00025,298
-0.000343457,8.92E-05,-0.00025,298
-0.000343457,8.92E-05,-0.00025,298
-0.000363694,8.50E-05,-0.00025,298
-0.000347816,5.81E-05,-0.00025,298
-0.000352175,2.70E-05,-0.00025,298
-0.000347816,5.81E-05,-0.00025,298
-0.000347816,5.81E-05,-0.00025,298
-0.000347816,5.81E-05,-0.00025,298
-0.000352175,2.70E-05,-0.00025,298
-0.000336296,0,-0.00025,298
-0.000359783,0,-0.00025,298
-0.000352175,2.70E-05,-0.00025,298
-0.000352175,2.70E-05,-0.00025,298
-0.000375662,2.70E-05,-0.00025,298
-0.000363694,8.50E-05,-0.00025,298
-0.000363694,8.50E-05,-0.00025,298
-0.000363694,8.50E-05,-0.00025,298
-0.000363694,8.50E-05,-0.00025,298
-0.000383932,8.09E-05,-0.00025,298
-0.000383932,8.09E-05,-0.00025,298
-0.00039154,5.39E-05,-0.00025,298
-0.000383932,8.09E-05,-0.00025,298
-0.000383932,8.09E-05,-0.00025,298
-0.000430245,0,-0.00025,298
-0.000406758,0,-0.00025,298
-0.00039154,5.39E-05,-0.00025,298
-0.00039154,5.39E-05,-0.00025,298
-0.00039154,5.39E-05,-0.00025,298
-0.00039154,5.39E-05,-0.00025,298
-0.000375662,2.70E-05,-0.00025,298
-0.000375662,2.70E-05,-0.00025,298
-0.000375662,2.70E-05,-0.00025,298
-0.000375662,2.70E-05,-0.00025,298
-0.000383271,0,-0.00025,298
-0.000359783,0,-0.00025,298
-0.000399149,2.70E-05,-0.00025,298
-0.000399149,2.70E-05,-0.00025,298
-0.000399149,2.70E-05,-0.00025,298
-0.000399149,2.70E-05,-0.00025,298
-0.000383271,0,-0.00025,298
-0.000406758,0,-0.00025,298
-0.000430245,0,-0.00025,298
-0.000406758,0,-0.00025,298
-0.000336296,0,-0.00025,298
-0.000359783,0,-0.00025,298
-0.000383271,0,-0.00025,298
-0.000359783,0,-0.00025,298
-0.000383271,0,-0.00025,298
-0.000406758,0,-0.00025,298
-0.000411492,0.000131378,-0.00025,298
-0.000411492,0.000131378,-0.00025,298
-0.000458127,0.000130838,-0.00025,298
-0.000458127,0.000130838,-0.00025,298
-0.000458127,0.000130838,-0.00025,298
-0.000458127,0.000130838,-0.00025,298
-0.000297476,1.97E-05,-0.00025,298
-0.000297476,1.97E-05,-0.00025,298
-0.000297476,1.97E-05,-0.00025,298
-0.000297476,1.97E-05,-0.00025,298
-0.000298354,0,-0.00025,298
-0.000317325,0,-0.00025,298
-0.000278505,1.97E-05,-0.00025,298
-0.000278505,1.97E-05,-0.00025,298
-0.000278505,1.97E-05,-0.00025,298
-0.000278505,1.97E-05,-0.00025,298
-0.000277627,3.94E-05,-0.00025,298
-0.000298354,0,-0.00025,298
-0.000260411,0,-0.00025,298
-0.000277627,3.94E-05,-0.00025,298
-0.000277627,3.94E-05,-0.00025,298
-0.000277627,3.94E-05,-0.00025,298
-0.0006,0.000110756,-0.00025,298
-0.0006,0.000110756,-0.00025,298
-0.0006,0.000111187,-0.00025,298
-0.0006,0.000111805,-0.00025,298
-0.0006,0.000111805,-0.00025,298
-0.0006,0.000111187,-0.00025,298
-0.0006,2.06E-05,-0.00025,298
-0.000586164,0,-0.00025,298
-0.0006,0,-0.00025,298
-0.0006,2.06E-05,-0.00025,298
-0.0006,5.56E-05,-0.00025,298
-0.0006,5.56E-05,-0.00025,298
-0.0006,0.000166993,-0.00025,298
-0.0006,0.000166993,-0.00025,298
-0.0006,2.78E-05,-0.00025,298
-0.0006,3.94E-05,-0.00025,298
-0.0006,0,-0.00025,298
-0.0006,3.94E-05,-0.00025,298
-0.0006,6.57E-05,-0.00025,298
-0.0006,6.57E-05,-0.00025,298
-0.0006,8.34E-05,-0.00025,298
-0.0006,8.34E-05,-0.00025,298
-0.0006,0.000173204,-0.00025,298
-0.0006,0.000194903,-0.00025,298
-0.0006,0.000194903,-0.00025,298
-0.0006,0.000173204,-0.00025,298
-0.0006,0.000161816,-0.00025,298
-0.0006,0.000139083,-0.00025,298
-0.0006,0.000139083,-0.00025,298
0.00012,8.90E-05,-0.00025,298
0.00012,0.00010598,-0.00025,298
0.00012,0.000132786,-0.00025,298
0.00012,0.000189288,-0.00025,298
0.00012,2.59E-05,-0.00025,298
0.00012,3.37E-07,-0.00025,298
0.00012,2.59E-05,-0.00025,298
0.00012,0.000160147,-0.00025,298
0.00012,0.000189288,-0.00025,298
0.00012,5.41E-05,-0.00025,298
0.00012,8.90E-05,-0.00025,298
0.00012,5.63E-05,-0.00025,298
0.00012,5.63E-05,-0.00025,298
0.00012,5.51E-05,-0.00025,298
0.00012,5.51E-05,-0.00025,298
0.00012,5.41E-05,-0.00025,298
0.00012,0.000132786,-0.00025,298
0.00012,0.000160147,-0.00025,298
0.00012,0.000132786,-0.00025,298
0.00012,0.000160147,-0.00025,298
0.00012,0.000189288,-0.00025,298
0.00012,0.000189288,-0.00025,298
0.00012,3.37E-07,-0.00025,298
0.00011982,0,-0.00025,298
0.00012,0,-0.00025,298
-0.000586164,0,-0.00025,298
-0.000586164,0,-0.00025,298
-0.0006,0,-0.00025,298
-0.0006,0,-0.00025,298
9.03E-05,0.0002,-0.00025,298
-0.000165794,0.0002,-0.00025,298
-0.000165794,0.0002,-0.00025,298
-0.000212329,0.0002,-0.00025,298
-0.000212329,0.0002,-0.00025,298
-0.00022785,0.0002,-0.00025,298
-0.00022785,0.0002,-0.00025,298
-0.000362756,0.0002,-0.00025,298
-0.000357248,0.0002,-0.00025,298
-0.000362756,0.0002,-0.00025,298
-0.000107017,0.0002,-0.00025,298
-0.000107017,0.0002,-0.00025,298
-0.000107017,0.0002,-0.00025,298
-5.30E-05,0.0002,-0.00025,298
-5.30E-05,0.0002,-0.00025,298
-0.000115637,0.0002,-0.00025,298
-0.00055665,0.0002,-0.00025,298
-0.00055665,0.0002,-0.00025,298
-0.000538849,0.0002,-0.00025,298
-0.000538849,0.0002,-0.00025,298
-0.000115637,0.0002,-0.00025,298
-0.000115637,0.0002,-0.00025,298
-0.000115637,0.0002,-0.00025,298
-0.000107017,0.0002,-0.00025,298
-4.42E-05,0.0002,-0.00025,298
-2.00E-07,0.0002,-0.00025,298
-2.00E-07,0.0002,-0.00025,298
-2.00E-07,0.0002,-0.00025,298
3.39E-05,0.0002,-0.00025,298
3.39E-05,0.0002,-0.00025,298
-0.00042234,0.0002,-0.00025,298
-0.000445511,0.0002,-0.00025,298
-0.00042234,0.0002,-0.00025,298
-0.000447545,0.0002,-0.00025,298
-0.000447545,0.0002,-0.00025,298
-0.000445511,0.0002,-0.00025,298
-0.000447545,0.0002,-0.00025,298
9.03E-05,0.0002,-0.00025,298
9.03E-05,0.0002,-0.00025,298
-0.000289895,0.0002,-0.00025,298
-0.000284062,0.0002,-0.00025,298
-0.000289895,0.0002,-0.00025,298
-0.000284062,0.0002,-0.00025,298
5.54E-05,0.0002,-0.00025,298
5.54E-05,0.0002,-0.00025,298
-0.000174265,0.0002,-0.00025,298
-0.000174265,0.0002,-0.00025,298
-0.000194672,0.0002,-0.00025,298
-0.000326227,0.0002,-0.00025,298
-0.000402238,0.0002,-0.00025,298
-0.000402238,0.0002,-0.00025,298
-0.000326227,0.0002,-0.00025,298
-0.000404227,0.0002,-0.00025,298
-0.000258878,0.0002,-0.00025,298
-0.000137943,0.0002,-0.00025,298
-0.000137943,0.0002,-0.00025,298
-0.000156664,0.0002,-0.00025,298
-0.000156664,0.0002,-0.00025,298
-0.000249194,0.0002,-0.00025,298
-0.000321054,0.0002,-0.00025,298
-0.000502068,0.0002,-0.00025,298
-0.000492185,0.0002,-0.00025,298
-0.000502068,0.0002,-0.00025,298
-0.000249194,0.0002,-0.00025,298
-0.000258878,0.0002,-0.00025,298
-0.000565509,0.0002,-0.00025,298
-0.000586829,0.0002,-0.00025,298
-0.000586829,0.0002,-0.00025,298
-0.000593018,0.0002,-0.00025,298
-0.000529329,0.0002,-0.00025,298
-0.000529329,0.0002,-0.00025,298
-0.000515517,0.0002,-0.00025,298
-0.000474806,0.0002,-0.00025,298
-0.000474806,0.0002,-0.00025,298
-0.000468853,0.0002,-0.00025,298
-0.0006,0.0002,-0.00025,298
0.00012,0.0002,-0.00025,298
0.00012,0.0002,-0.00025,298
-0.000161543,5.51E-05,-0.00025,298
-0.000161543,5.51E-05,-0.00025,298
-0.000161543,5.51E-05,-0.00025,298
-0.000161543,5.51E-05,-0.00025,298
-0.000144116,0.000156359,-0.00025,298
-0.00016432,1.89E-05,-0.00025,298
-0.00016432,1.89E-05,-0.00025,298
-0.00016432,1.89E-05,-0.00025,298
-0.00016432,1.89E-05,-0.00025,298
-0.000144116,0.000156359,-0.00025,298
-0.000144116,0.000156359,-0.00025,298
-0.000144116,0.000156359,-0.00025,298
-0.000458172,0.000178234,-0.00025,298
-0.000481445,0.000130568,-0.00025,298
-0.000458172,0.000178234,-0.00025,298
-0.000481445,0.000130568,-0.00025,298
-0.000481445,0.000130568,-0.00025,298
-0.000481445,0.000130568,-0.00025,298
-0.000434809,0.000131108,-0.00025,298
-0.000434809,0.000131108,-0.00025,298
-0.000434809,0.000131108,-0.00025,298
-0.000434809,0.000131108,-0.00025,298
-0.000259533,1.97E-05,-0.00025,298
-0.000259533,1.97E-05,-0.00025,298
