x,y,z,temp,G,R
83.0,0.0,-48.550423,3454.8464,71947634.3561661,0.0006329351916540445
84.0,0.0,-48.546818,3454.8464,71366368.52352025,0.002928446322131348
85.0,0.0,-48.538616,3454.8464,70786697.68420011,0.0052307160261448726
86.0,0.0,-48.525806,3454.8464,70208605.929733,0.007540140885778707
87.0,0.0,-48.508366,3454.8464,69632089.09243712,0.009856870104240967
88.0,0.0,-48.48628,3454.8464,69057144.56836425,0.012181118287002086
89.0,0.0,-48.45952,3454.8464,68483771.22735594,0.014513102624147532
90.0,0.0,-48.428074,3454.8464,67911969.4121269,0.0168530425262327
91.0,0.0,-48.39191,3454.8464,67341740.93362902,0.019201159253619194
92.0,0.0,-48.351013,3454.8464,66773089.0627336,0.021557675540635323
93.0,0.0,-48.305355,3454.8464,66206018.51829485,0.02392281521588703
94.0,0.0,-48.254906,3454.8464,65640535.45164047,0.02629680282020843
95.0,0.0,-48.199642,3454.8464,65076647.42757904,0.02867986322364533
96.0,0.0,-48.139534,3454.8464,64514363.4019839,0.03107222124296318
97.0,0.0,-48.074554,3454.8464,63953693.69606437,0.033474101261168336
98.0,0.0,-48.004673,3454.8464,63394649.96739617,0.03588572685050152
83.0,1.0,-48.545105,3454.8464,71945600.22405899,0.0006432561406878838
84.0,1.0,-48.541477,3454.8464,71364326.3982171,0.0029388881734068928
85.0,1.0,-48.533257,3454.8464,70784648.01872948,0.005241278024009394
86.0,1.0,-48.520424,3454.8464,70206549.30172068,0.007550824349353452
87.0,1.0,-48.50296,3454.8464,69630026.08785787,0.009867675520699202
88.0,1.0,-48.480846,3454.8464,69055075.78187247,0.012192046030264131
89.0,1.0,-48.454063,3454.8464,68481697.2617533,0.014524152950923816
90.0,1.0,-48.422592,3454.8464,67909890.87781964,0.01686421557217759
91.0,1.0,-48.386402,3454.8464,67339658.4480777,0.019212455029540394
92.0,1.0,-48.345478,3454.8464,66771003.2498973,0.02156909392881378
93.0,1.0,-48.29979,3454.8464,66203930.00806495,0.023934355966535103
94.0,1.0,-48.249313,3454.8464,65638444.87927223,0.02630846554803295
95.0,1.0,-48.19402,3454.8464,65074555.433114424,0.028691647404552226
96.0,1.0,-48.13388,3454.8464,64512270.62967646,0.031084126210901605
97.0,1.0,-48.06887,3454.8464,63951600.793791436,0.03348612620515408
83.0,2.0,-48.52915,3454.8464,71942556.15001154,0.0006741936846741893
84.0,2.0,-48.52546,3454.8464,71361257.46550116,0.0029700897004976507
85.0,2.0,-48.51717,3454.8464,70781555.7335914,0.0052727394048537705
86.0,2.0,-48.50427,3454.8464,70203435.545175,0.007582547605553203
87.0,2.0,-48.486736,3454.8464,69626892.76694109,0.009899660118583464
88.0,2.0,-48.46455,3454.8464,69051924.8304628,0.012224291031586175
89.0,2.0,-48.43769,3454.8464,68478530.63884087,0.014556656999520044
90.0,2.0,-48.40614,3454.8464,67906710.56574464,0.01689697688087759
91.0,2.0,-48.369873,3454.8464,67336466.45074904,0.01924547136741254
92.0,2.0,-48.328865,3454.8464,66767801.590986475,0.021602362608733574
93.0,2.0,-48.283092,3454.8464,66200720.729181185,0.023967873833142674
94.0,2.0,-48.23253,3454.8464,65635230.03812312,0.02634222896609224
95.0,2.0,-48.177147,3454.8464,65071337.10165317,0.028725652247786587
96.0,2.0,-48.11692,3454.8464,64509050.89223863,0.031118367851322964
97.0,2.0,-48.05182,3454.8464,63948381.74522415,0.033520599502868384
83.0,3.0,-48.502537,3454.8464,71937494.4378659,0.000725765267504976
84.0,3.0,-48.49874,3454.8464,71356154.42780963,0.0030221003622272475
85.0,3.0,-48.490345,3454.8464,70776413.87968041,0.0053251822451025445
86.0,3.0,-48.47733,3454.8464,70198258.00727257,0.007635425964173601
87.0,3.0,-48.459675,3454.8464,69621682.72067028,0.009952973080762414
88.0,3.0,-48.437366,3454.8464,69046685.49611087,0.012278037008378057
89.0,3.0,-48.410385,3454.8464,68473265.2784695,0.014610833705659236
90.0,3.0,-48.378704,3454.8464,67901422.48026137,0.016951581313056557
91.0,3.0,-48.342304,3454.8464,67331158.97693503,0.019300499783052264
92.0,3.0,-48.301163,3454.8464,66762478.09848746,0.021657810505329653
93.0,3.0,-48.25525,3454.8464,66195384.617473155,0.02402373592826036
94.0,3.0,-48.20454,3454.8464,65629884.733446434,0.02639849917804706
95.0,3.0,-48.149014,3454.8464,65065986.05392528,0.0287823236770737
96.0,3.0,-48.088634,3454.8464,64503697.57195033,0.031175432762881015
97.0,3.0,-48.02338,3454.8464,63943029.64032173,0.03357804930921404
83.0,4.0,-48.465244,3454.8464,71930432.67328167,0.000797984438309741
84.0,4.0,-48.4613,3454.8464,71349035.02872303,0.0030949323704969017
85.0,4.0,-48.45275,3454.8464,70769240.35686253,0.005398617392359035
86.0,4.0,-48.439575,3454.8464,70191034.7399743,0.00770946886445299
87.0,4.0,-48.421757,3454.8464,69614414.14895232,0.010027622400189229
88.0,4.0,-48.399277,3454.8464,69039376.12240128,0.01235329046965237
89.0,4.0,-48.37212,3454.8464,68465919.66352451,0.014686688057116457
90.0,4.0,-48.34026,3454.8464,67894045.23906541,0.017028032298356692
91.0,4.0,-48.303673,3454.8464,67323754.77454264,0.019377542111596785
92.0,4.0,-48.262337,3454.8464,66755051.64582069,0.021735437823471742
93.0,4.0,-48.21623,3454.8464,66187940.66706829,0.024101940791409614
94.0,4.0,-48.16532,3454.8464,65622428.07516847,0.026477273023772695
95.0,4.0,-48.109585,3454.8464,65058521.51065142,0.02886165679924817
96.0,4.0,-48.048996,3454.8464,64496229.99522692,0.03125531428697809
83.0,5.0,-48.417236,3454.8464,71921395.41381383,0.000890870235484231
84.0,5.0,-48.4131,3454.8464,71339924.04602446,0.003188602895890849
85.0,5.0,-48.40435,3454.8464,70760060.16084793,0.005493060111770919
86.0,5.0,-48.39097,3454.8464,70181790.95105413,0.007804689604696307
87.0,5.0,-48.37294,3454.8464,69605112.46581891,0.010123619355560665
88.0,5.0,-48.350243,3454.8464,69030022.32365617,0.012450060622097555
89.0,5.0,-48.322857,3454.8464,68456519.60249314,0.014784227136651222
90.0,5.0,-48.290764,3454.8464,67884604.83853048,0.017126334744286743
91.0,5.0,-48.253937,3454.8464,67314280.02140577,0.019476601034696818
92.0,5.0,-48.212357,3454.8464,66745548.58569864,0.02183524496920141
93.0,5.0,-48.165997,3454.8464,66178415.398837626,0.024202486504271134
94.0,5.0,-48.11483,3454.8464,65612886.74546002,0.026578546212932475
95.0,5.0,-48.05883,3454.8464,65048970.30830527,0.028963644905543214
83.0,6.0,-48.35846,3454.8464,71910414.12681043,0.00100444725591881
84.0,6.0,-48.35409,3454.8464,71328853.22874123,0.0033031341412113465
85.0,6.0,-48.345097,3454.8464,70748905.31936362,0.005608530164103443
86.0,6.0,-48.331467,3454.8464,70170558.93941325,0.007921105425231499
87.0,6.0,-48.313175,3454.8464,69593810.23388276,0.010240978599431003
88.0,6.0,-48.29021,3454.8464,69018656.91853608,0.012568359463629976
89.0,6.0,-48.26255,3454.8464,68445098.16221957,0.014903460221300728
90.0,6.0,-48.23017,3454.8464,67873134.58562125,0.017246495141576446
91.0,6.0,-48.193054,3454.8464,67302768.25635165,0.01959768019229031
92.0,6.0,-48.151176,3454.8464,66734002.68037108,0.021957232668266474
93.0,6.0,-48.104507,3454.8464,66166842.789824605,0.02432537081626766
94.0,6.0,-48.053024,3454.8464,65601294.92735134,0.02670231345795457
83.0,7.0,-48.28886,3454.8464,71897527.10994735,0.0011387457435300557
84.0,7.0,-48.284214,3454.8464,71315861.21659066,0.003438553435494925
85.0,7.0,-48.274937,3454.8464,70735814.81049104,0.005745051905583107
86.0,7.0,-48.261005,3454.8464,70157378.01231073,0.008058737614419992
87.0,7.0,-48.24241,3454.8464,69580547.08047609,0.010379718270756866
88.0,7.0,-48.219128,3454.8464,69005319.84509227,0.012708201902891644
89.0,7.0,-48.191143,3454.8464,68431695.58187312,0.015044398909270625
90.0,7.0,-48.15843,3454.8464,67859675.01078796,0.01738852169882646
91.0,7.0,-48.120964,3454.8464,67289260.29104061,0.01974078432538262
92.0,7.0,-48.07873,3454.8464,66720455.01240261,0.02210140211746729
93.0,7.0,-48.031696,3454.8464,66153264.18297693,0.024470591304955474
83.0,8.0,-48.208366,3454.8464,71882779.39467934,0.00129380169675407
84.0,8.0,-48.203403,3454.8464,71300993.44210581,0.0035948933481003663
85.0,8.0,-48.193794,3454.8464,70720834.4634544,0.005902654408989081
86.0,8.0,-48.179523,3454.8464,70142294.38482632,0.008217611637251324
87.0,8.0,-48.160572,3454.8464,69565369.59578818,0.010539860131469679
88.0,8.0,-48.136925,3454.8464,68990058.05758566,0.01286960590422076
89.0,8.0,-48.108562,3454.8464,68416359.16846305,0.015207057273744195
90.0,8.0,-48.075462,3454.8464,67844273.76218322,0.017552424505696187
91.0,8.0,-48.037598,3454.8464,67273804.10288577,0.019905919449133693
83.0,9.0,-48.116898,3454.8464,71866222.63294835,0.001469656994467793
84.0,9.0,-48.111572,3454.8464,71284302.01580529,0.003772191822413643
85.0,9.0,-48.10159,3454.8464,70704016.84222396,0.0060813716055546215
86.0,9.0,-48.08693,3454.8464,70125361.06190415,0.008397757285981279
87.0,9.0,-48.06758,3454.8464,69548331.21336372,0.010721429726357907
88.0,9.0,-48.04352,3454.8464,68972925.40545091,0.013052592657359476
89.0,9.0,-48.01473,3454.8464,68399143.17427465,0.015391452042997664
83.0,10.0,-48.014366,3454.8464,71847914.96755056,0.001666359539958509
84.0,10.0,-48.008636,3454.8464,71265845.59479856,0.003970492328573394
98.063065,0.0,-48.0,3454.8464,63359569.23179075,0.03603813563387598
98.0,0.8181501,-48.0,3454.8464,63392938.05355734,0.03589566224289672
99.0,0.0,-47.93055,3454.8464,62835581.769429974,0.03831228378560322
100.0,0.0,-47.851513,3454.8464,62277946.68694073,0.040749999338285846
101.0,0.0,-47.76748,3454.8464,61721872.72177036,0.04319879959525114
102.0,0.0,-47.678417,3454.8464,61167378.07295914,0.04565892988577902
103.0,0.0,-47.58429,3454.8464,60614482.20102645,0.04813063257427971
104.0,0.0,-47.485058,3454.8464,60063205.777647614,0.05061414668795837
105.0,0.0,-47.380688,3454.8464,59513570.63284314,0.053109707559249694
106.0,0.0,-47.27114,3454.8464,58965599.699828684,0.055617546484481126
107.0,0.0,-47.156384,3454.8464,58419316.957701445,0.05813789040013505
108.0,0.0,-47.036377,3454.8464,57874747.37214035,0.06067096157779309
97.985275,1.0,-48.0,3454.8464,63400805.61898792,0.03586229004481654
98.0,1.0,-47.99897,3454.8464,63392532.8907452,0.035897942341296056
99.0,1.0,-47.924862,3454.8464,62833354.643198825,0.03832495139978746
100.0,1.0,-47.845787,3454.8464,62275721.322103955,0.040762795981677445
101.0,1.0,-47.761723,3454.8464,61719649.81864078,0.043211723826248834
102.0,1.0,-47.672623,3454.8464,61165158.332500815,0.045671980091223294
103.0,1.0,-47.578457,3454.8464,60612266.32423071,0.04814380696731187
104.0,1.0,-47.479187,3454.8464,60060994.46491817,0.050627443306063946
105.0,1.0,-47.374783,3454.8464,59511364.58338246,0.05312312426257414
106.0,1.0,-47.265198,3454.8464,58963399.61102917,0.05563108095443378
107.0,1.0,-47.150402,3454.8464,58417123.5245475,0.058151540138148744
108.0,1.0,-47.030357,3454.8464,57872561.286610484,0.060684723904440435
97.74207,2.0,-48.0,3454.8464,63533757.577144444,0.035309511479257816
98.0,2.0,-47.982,3454.8464,63388909.477793336,0.035933820959904314
99.0,2.0,-47.907784,3454.8464,62829736.05706975,0.038361085639519836
100.0,2.0,-47.82861,3454.8464,62272109.82511645,0.04079917892000422
101.0,2.0,-47.74444,3454.8464,61716047.67595667,0.04324834794316225
102.0,2.0,-47.65523,3454.8464,61161567.81013483,0.04570883726098083
103.0,2.0,-47.56096,3454.8464,60608689.68706362,0.048180888450959844
104.0,2.0,-47.461582,3454.8464,60057433.97472909,0.05066473974478604
105.0,2.0,-47.35706,3454.8464,59507822.49689584,0.053160625671839476
106.0,2.0,-47.247364,3454.8464,58959878.17798049,0.05566877671897378
107.0,2.0,-47.132454,3454.8464,58413624.98577299,0.058189419007840394
108.0,2.0,-47.01229,3454.8464,57869087.87216339,0.060722773991008026
97.335365,3.0,-48.0,3454.8464,63755805.258846946,0.03438598529482269
97.0,3.586878,-48.0,3454.8464,63938643.01528655,0.03362523488990335
98.0,3.0,-47.95369,3454.8464,63382884.43263569,0.03599360905225685
99.0,3.0,-47.879307,3454.8464,62823719.12159947,0.038421298393304715
100.0,3.0,-47.79996,3454.8464,62266104.7659715,0.04085980477638837
101.0,3.0,-47.715614,3454.8464,61710058.264458574,0.04330937434858867
102.0,3.0,-47.626232,3454.8464,61155597.818966344,0.04577025065352312
103.0,3.0,-47.53178,3454.8464,60602742.88697086,0.04824267424793045
104.0,3.0,-47.432217,3454.8464,60051514.13123768,0.05072688233171484
105.0,3.0,-47.32751,3454.8464,59501933.367058866,0.05322310839282142
106.0,3.0,-47.217625,3454.8464,58954023.507161446,0.055731581868377775
107.0,3.0,-47.10252,3454.8464,58407808.504461884,0.05825252782347749
96.75019,4.0,-48.0,3454.8464,64075832.08049071,0.03305727520009283
96.0,4.9603014,-48.0,3454.8464,64487053.13153186,0.031353923958977396
97.0,4.0,-47.983696,3454.8464,63935173.15933743,0.0336595651482016
98.0,4.0,-47.914017,3454.8464,63374478.679144904,0.03607729230616735
99.0,4.0,-47.839405,3454.8464,62815324.857707515,0.03850557329366787
100.0,4.0,-47.75982,3454.8464,62257727.25680025,0.04094465509632711
101.0,4.0,-47.67523,3454.8464,61701702.78156826,0.043394782470920476
102.0,4.0,-47.585594,3454.8464,61147269.63571222,0.04585619755180096
103.0,4.0,-47.490887,3454.8464,60594447.273882404,0.048329139469305324
104.0,4.0,-47.391068,3454.8464,60043256.35143516,0.05081384398164551
105.0,4.0,-47.286102,3454.8464,59493718.671704784,0.053310543121686496
106.0,4.0,-47.17595,3454.8464,58945857.13096,0.05581946486009171
107.0,4.0,-47.060574,3454.8464,58399695.661212265,0.05834083278608282
95.96698,5.0,-48.0,3454.8464,64505275.43163202,0.031278806556510316
95.0,5.9469767,-48.0,3454.8464,65037979.494562045,0.029081665520932352
96.0,5.0,-47.997993,3454.8464,64486627.06711231,0.031358134232897454
97.0,5.0,-47.932926,3454.8464,63924407.646459274,0.03376634877120309
98.0,5.0,-47.862953,3454.8464,63363721.42938225,0.03618485087558122
99.0,5.0,-47.788033,3454.8464,62804582.6124614,0.03861388762783629
100.0,5.0,-47.70814,3454.8464,62247006.771525264,0.04105370425634304
101.0,5.0,-47.623234,3454.8464,61691010.81979026,0.04350454373427614
102.0,5.0,-47.533283,3454.8464,61136612.96306947,0.045966646388316705
103.0,5.0,-47.43825,3454.8464,60583832.65219605,0.04844024951937666
104.0,5.0,-47.3381,3454.8464,60032690.53282281,0.05092558703684706
105.0,5.0,-47.232796,3454.8464,59483208.392744884,0.05342288910788412
106.0,5.0,-47.122303,3454.8464,58935409.10691566,0.055932381823046676
107.0,5.0,-47.00658,3454.8464,58389316.580322884,0.058454286879630474
94.94194,6.0,-48.0,3454.8464,65070162.86940574,0.028949533960654
94.0,6.7249117,-48.0,3454.8464,65591421.39817533,0.026808303506706894
95.0,6.0,-47.99674,3454.8464,65037288.71823723,0.029088485790457596
96.0,6.0,-47.9362,3454.8464,64473542.98850159,0.03148764191033351
97.0,6.0,-47.870777,3454.8464,63911325.84662855,0.03389681768570694
98.0,6.0,-47.800438,3454.8464,63350650.10263716,0.036316259570284726
99.0,6.0,-47.72515,3454.8464,62791529.977273375,0.038746212538083115
100.0,6.0,-47.644882,3454.8464,62233981.0632202,0.04118691967533064
101.0,6.0,-47.559593,3454.8464,61678020.28324792,0.04363862178130164
102.0,6.0,-47.46925,3454.8464,61123665.845452085,0.046101556979762724
103.0,6.0,-47.37382,3454.8464,60570937.19571932,0.048575960342554354
104.0,6.0,-47.273266,3454.8464,60019854.967576645,0.051062063526742155
105.0,6.0,-47.16755,3454.8464,59470440.92957501,0.05356009442692167
106.0,6.0,-47.056637,3454.8464,58922717.930381246,0.056070276843928936
92.0,7.9398904,-48.0,3454.8464,66705880.381124884,0.022257742721771757
93.61346,7.0,-48.0,3454.8464,65806525.99011314,0.025928541111494813
93.0,7.376974,-48.0,3454.8464,66147385.45924722,0.024533702698942443
94.0,7.0,-47.98007,3454.8464,65587217.950226635,0.026849785926526343
95.0,7.0,-47.923977,3454.8464,65021939.05416716,0.029240339466101065
96.0,7.0,-47.86303,3454.8464,64458186.955127075,0.031640644444106365
97.0,7.0,-47.797188,3454.8464,63895973.06213042,0.03405094598371436
98.0,7.0,-47.72642,3454.8464,63335310.221914776,0.03647148809798926
99.0,7.0,-47.6507,3454.8464,62776212.68331146,0.03890251327729358
100.0,7.0,-47.56998,3454.8464,62218696.05846161,0.04134426208417334
101.0,7.0,-47.484238,3454.8464,61662777.28098817,0.043796972757333574
102.0,7.0,-47.393436,3454.8464,61108474.561266765,0.0462608808262966
103.0,7.0,-47.297535,3454.8464,60555807.3389427,0.04873621873830043
104.0,7.0,-47.196503,3454.8464,60004796.23283515,0.051223215498974385
105.0,7.0,-47.0903,3454.8464,59455462.988401674,0.05372209632814229
90.0,8.800864,-48.0,3454.8464,67830409.47966723,0.017701167740293854
91.88262,8.0,-48.0,3454.8464,66771806.07927479,0.021990220155025005
91.0,8.397532,-48.0,3454.8464,67266878.80892119,0.01998025387071397
92.0,8.0,-47.995014,3454.8464,66704834.920819364,0.022268039556253276
93.0,8.0,-47.94811,3454.8464,66136491.35248955,0.02464120442282929
94.0,8.0,-47.896393,3454.8464,65569667.0767778,0.02702361003448665
95.0,8.0,-47.83984,3454.8464,65004370.605139546,0.02941549983361804
96.0,8.0,-47.778416,3454.8464,64440611.93810985,0.031817116935346015
97.0,8.0,-47.71209,3454.8464,63878402.53634915,0.03422870370791552
98.0,8.0,-47.64083,3454.8464,63317755.28829846,0.03665050135738678
99.0,8.0,-47.5646,3454.8464,62758684.47455667,0.03908274951831841
100.0,8.0,-47.48337,3454.8464,62201205.72910532,0.04152568585206409
101.0,8.0,-47.397106,3454.8464,61645335.997504205,0.04397954565435391
102.0,8.0,-47.30577,3454.8464,61091093.492204234,0.04644456147369618
103.0,8.0,-47.209328,3454.8464,60538497.64511624,0.048920962742142624
104.0,8.0,-47.107742,3454.8464,59987569.05759163,0.05140897541992843
105.0,8.0,-47.00098,3454.8464,59438329.44796801,0.05390882165538553
85.0,9.982978,-48.0,3454.8464,70685735.3160603,0.006277832701644816
86.0,9.837976,-48.0,3454.8464,70109652.16637653,0.008566509683571427
87.0,9.648994,-48.0,3454.8464,69536072.27881795,0.01085309585176712
88.0,9.416362,-48.0,3454.8464,68965003.39629927,0.013137676729987842
89.44137,9.0,-48.0,3454.8464,68146764.06420201,0.016426685661289266
89.0,9.140395,-48.0,3454.8464,68396453.34040773,0.01542034568864673
90.0,9.0,-47.981426,3454.8464,67826543.70277932,0.01773920038813647
91.0,9.0,-47.943573,3454.8464,67255113.23212627,0.02009619153900139
92.0,9.0,-47.900955,3454.8464,66685201.680749975,0.022461921379831377
93.0,9.0,-47.85355,3454.8464,66116814.611297816,0.024836629893464385
94.0,9.0,-47.80132,3454.8464,65549959.111788645,0.027220557510200645
95.0,9.0,-47.744244,3454.8464,64984643.77367598,0.029613944687402492
96.0,9.0,-47.68228,3454.8464,64420878.66633153,0.032017031490339576
97.0,9.0,-47.615406,3454.8464,63858675.308052495,0.034430057175853304
98.0,9.0,-47.543587,3454.8464,63298046.633694254,0.03685325978059622
99.0,9.0,-47.46679,3454.8464,62739006.959040284,0.03928687571543349
100.0,9.0,-47.384975,3454.8464,62181571.942037836,0.04173113936764579
101.0,9.0,-47.298115,3454.8464,61625758.541024834,0.04418628271256825
102.0,9.0,-47.206173,3454.8464,61071584.97008743,0.04665253493621922
103.0,9.0,-47.109116,3454.8464,60519070.651693545,0.04913012207048501
104.0,9.0,-47.006905,3454.8464,59968236.16675706,0.05161926664224657
83.0,10.126695,-48.0,3454.8464,71845363.35438228,0.0016938660661831736
84.83155,10.0,-48.0,3454.8464,70783222.25833242,0.005891902961479614
84.0,10.075892,-48.0,3454.8464,71264304.051327,0.00398710055488765
85.0,10.0,-47.99826,3454.8464,70685380.02279145,0.006281317896683432
86.0,10.0,-47.983376,3454.8464,70106244.61230887,0.008599961056080109
87.0,10.0,-47.963837,3454.8464,69528636.39981678,0.0109261607030458
88.0,10.0,-47.939625,3454.8464,68952553.29532717,0.01326014560569498
89.0,10.0,-47.910713,3454.8464,68377994.77591082,0.015602146952863003
90.0,10.0,-47.877075,3454.8464,67804961.88260153,0.017952397953641508
91.0,10.0,-47.83869,3454.8464,67233457.21339053,0.02031113343051917
92.0,10.0,-47.79553,3454.8464,66663484.91237147,0.022678589407599356
93.0,10.0,-47.74756,3454.8464,66095050.655091256,0.025055002695433197
94.0,10.0,-47.69476,3454.8464,65528161.6301758,0.027440610474050574
95.0,10.0,-47.637093,3454.8464,64962826.51731281,0.02983564987582598
96.0,10.0,-47.57453,3454.8464,64399055.46167263,0.0322403575698008
97.0,10.0,-47.507046,3454.8464,63836860.044870965,0.03465496934907895
98.0,10.0,-47.434597,3454.8464,63276253.25257532,0.03707971972301062
99.0,10.0,-47.35716,3454.8464,62717249.43887329,0.03951484151575494
100.0,10.0,-47.274696,3454.8464,62159864.2875204,0.04196056547286766
101.0,10.0,-47.187172,3454.8464,61604114.77020088,0.04441711987747791
102.0,10.0,-47.094555,3454.8464,61050019.10193948,0.04688473017767936
83.0,11.0,-47.902122,3454.8464,71825627.46471599,0.0018878285557019083
84.0,11.0,-47.896004,3454.8464,71243248.46744753,0.004194113856406076
85.0,11.0,-47.88526,3454.8464,70662416.5079116,0.006507265819769277
86.0,11.0,-47.869865,3454.8464,70083129.30974999,0.008827866945229997
87.0,11.0,-47.849804,3454.8464,69505383.2895126,0.011156020015302331
88.0,11.0,-47.825047,3454.8464,68929176.5461629,0.013491950770860775
89.0,11.0,-47.795578,3454.8464,68354508.7329271,0.01583588727492228
90.0,11.0,-47.761368,3454.8464,67781381.05400527,0.01818805951437582
91.0,11.0,-47.722397,3454.8464,67209796.25740081,0.020548698995609085
92.0,11.0,-47.678627,3454.8464,66639758.62391297,0.022918038335500775
93.0,11.0,-47.630043,3454.8464,66071273.95235866,0.025296310849315475
94.0,11.0,-47.576607,3454.8464,65504349.541091494,0.027683750137078404
95.0,11.0,-47.51829,3454.8464,64938994.16589135,0.03008058967004955
96.0,11.0,-47.455067,3454.8464,64375218.05432108,0.03248706237891443
97.0,11.0,-47.386898,3454.8464,63813032.85664171,0.03490340024533431
98.0,11.0,-47.313763,3454.8464,63252451.613393396,0.03732983389850508
99.0,11.0,-47.235615,3454.8464,62693488.71976094,0.03976659221835651
100.0,11.0,-47.15243,3454.8464,62136159.88683632,0.04221390194693528
101.0,11.0,-47.064175,3454.8464,61580482.09992249,0.044671987309670515
83.0,12.0,-47.778965,3454.8464,71801163.01300909,0.0021312162195491705
84.0,12.0,-47.772327,3454.8464,71218590.92828332,0.004439604919846934
85.0,12.0,-47.761044,3454.8464,70637580.3671453,0.006754895573257053
86.0,12.0,-47.745094,3454.8464,70058129.55968726,0.009077615813188195
87.0,12.0,-47.724457,3454.8464,69480235.16745614,0.01140788234232273
88.0,12.0,-47.69911,3454.8464,68903895.49434575,0.013745917591234514
89.0,12.0,-47.66903,3454.8464,68329110.38453478,0.0160919462061793
90.0,12.0,-47.634193,3454.8464,67755881.21899037,0.018446194653314995
91.0,12.0,-47.594574,3454.8464,67184210.90811695,0.020808890817076264
92.0,12.0,-47.550144,3454.8464,66614103.88058554,0.023180263594252924
93.0,12.0,-47.500877,3454.8464,66045566.06841986,0.025560542485276328
94.0,12.0,-47.446747,3454.8464,65478604.88839232,0.027949957184271727
95.0,12.0,-47.387722,3454.8464,64913229.21982406,0.03034873716953587
96.0,12.0,-47.32377,3454.8464,64349449.3788663,0.03275711129602468
97.0,12.0,-47.25486,3454.8464,63787277.0893694,0.03517530739142209
98.0,12.0,-47.18096,3454.8464,63226725.45043701,0.03760355185753786
99.0,12.0,-47.102043,3454.8464,62667808.9007869,0.040042069278581054
100.0,12.0,-47.018074,3454.8464,62110543.18004226,0.04249108203784163
82.0,13.0,-47.647114,3454.8464,72359304.96902546,9.236032072662006e-05
83.0,13.0,-47.644566,3454.8464,71774940.11186361,0.002396022338068133
84.0,13.0,-47.637363,3454.8464,71192156.56929302,0.004706583626825281
85.0,13.0,-47.625492,3454.8464,70610955.12895682,0.007024254403685424
86.0,13.0,-47.608936,3454.8464,70031329.57916656,0.009349248176127329
87.0,13.0,-47.587673,3454.8464,69453276.91923174,0.011681781295097414
88.0,13.0,-47.56168,3454.8464,68876795.67342499,0.01402207259948986
89.0,13.0,-47.530937,3454.8464,68301885.89115249,0.016370343029989052
90.0,13.0,-47.49542,3454.8464,67728549.14324117,0.01872681523600255
91.0,13.0,-47.455097,3454.8464,67156788.51438811,0.021091713177114238
92.0,13.0,-47.40995,3454.8464,66586608.59182087,0.023465261720538935
93.0,13.0,-47.359947,3454.8464,66018015.45023022,0.02584768623614761
94.0,13.0,-47.30506,3454.8464,65451016.633046,0.028239212190592205
95.0,13.0,-47.245262,3454.8464,64885621.13013431,0.03064006474213225
96.0,13.0,-47.18052,3454.8464,64321839.35200393,0.03305046833779979
97.0,13.0,-47.1108,3454.8464,63759683.1006248,0.03547064631449324
98.0,13.0,-47.03608,3454.8464,63199165.53695778,0.03790082050557904
82.0,14.0,-47.50192,3454.8464,72331629.7786053,0.00037622419923745746
83.0,14.0,-47.49878,3454.8464,71747036.27582508,0.002682379809242885
84.0,14.0,-47.490967,3454.8464,71164034.66055629,0.004995298700843585
85.0,14.0,-47.478466,3454.8464,70582630.64178403,0.007315394854918104
86.0,14.0,-47.461258,3454.8464,70002819.95248933,0.009642809336597006
87.0,14.0,-47.439316,3454.8464,69424599.8432884,0.011977754749283422
88.0,14.0,-47.41263,3454.8464,68847969.07371321,0.014320446060774403
89.0,14.0,-47.38117,3454.8464,68272927.91211715,0.01667110021974938
90.0,14.0,-47.344913,3454.8464,67699478.13173318,0.01902993576569313
91.0,14.0,-47.303837,3454.8464,67127623.00291288,0.0213971724337214
92.0,14.0,-47.25791,3454.8464,66557367.28160407,0.02377303075577073
93.0,14.0,-47.20711,3454.8464,65988717.19412682,0.026157731659686954
94.0,14.0,-47.15141,3454.8464,65421680.41831663,0.028551496067788555
95.0,14.0,-47.090775,3454.8464,64856266.06111589,0.030954544496450485
96.0,14.0,-47.025177,3454.8464,64292484.63270434,0.033367096658364626
82.0,15.0,-47.345238,3454.8464,72302395.45533101,0.0006815033785652605
83.0,15.0,-47.34147,3454.8464,71717553.55061185,0.00299020339195163
84.0,15.0,-47.333,3454.8464,71134320.23930527,0.005305712678980079
85.0,15.0,-47.319817,3454.8464,70552702.84830332,0.007628375049800705
86.0,15.0,-47.301907,3454.8464,69972697.40254894,0.009958349682445914
87.0,15.0,-47.279243,3454.8464,69394301.41937426,0.012295845162412227
88.0,15.0,-47.25181,3454.8464,68817513.90784213,0.014641072309204136
89.0,15.0,-47.219578,3454.8464,68242335.36838248,0.016994243795753997
90.0,15.0,-47.18253,3454.8464,67668767.78860222,0.019355573761632282
91.0,15.0,-47.140636,3454.8464,67096814.635306105,0.02172527742154793
92.0,15.0,-47.093876,3454.8464,66526480.84277781,0.024103570670612008
93.0,15.0,-47.04222,3454.8464,65957772.797394894,0.026490669687852967
82.0,16.0,-47.17691,3454.8464,72271691.24202652,0.0010082839840738697
83.0,16.0,-47.172462,3454.8464,71686590.35265231,0.003319662380497038
84.0,16.0,-47.163296,3454.8464,71103114.25673793,0.005637897565822935
85.0,16.0,-47.149387,3454.8464,70521273.54555376,0.007963258988429596
86.0,16.0,-47.130726,3454.8464,69941064.54788825,0.010295925003210594
87.0,16.0,-47.107285,3454.8464,69362485.06254086,0.01263609990943321
88.0,16.0,-47.079052,3454.8464,68785534.36174151,0.014983990103676487
89.0,16.0,-47.045998,3454.8464,68210213.19050136,0.01733980370240041
90.0,16.0,-47.008102,3454.8464,67636523.76216118,0.019703750158792412
108.29256,0.0,-47.0,3454.8464,57716299.34992098,0.06141388689424346
109.0,0.0,-46.911644,3454.8464,57329819.09609032,0.06322548839013022
110.0,0.0,-46.781788,3454.8464,56785697.82174154,0.06579765139292124
111.0,0.0,-46.646526,3454.8464,56243277.43164301,0.06838422950328793
112.0,0.0,-46.505825,3454.8464,55702587.48513967,0.0709853956507066
113.0,0.0,-46.359634,3454.8464,55163662.55833654,0.07360135847280616
114.0,0.0,-46.207924,3454.8464,54626529.76573862,0.07623235676025267
115.0,0.0,-46.05065,3454.8464,54091224.95316936,0.078878617565352
108.24419,1.0,-47.0,3454.8464,57740332.6297715,0.061304736263011014
109.0,1.0,-46.90562,3454.8464,57327498.586463496,0.06323994210866299
110.0,1.0,-46.775723,3454.8464,56783386.38895483,0.06581222451149663
111.0,1.0,-46.64042,3454.8464,56240975.83026941,0.06839891824173333
112.0,1.0,-46.499676,3454.8464,55700296.43402884,0.07100019646729833
113.0,1.0,-46.353443,3454.8464,55161382.80057568,0.07361626778431343
114.0,1.0,-46.201687,3454.8464,54624261.98106031,0.0762473708620329
115.0,1.0,-46.044373,3454.8464,54088969.83432339,0.07889373196349349
108.098915,2.0,-47.0,3454.8464,57815550.67423523,0.06097382000246551
108.0,2.4080684,-47.0,3454.8464,57866728.496357724,0.060748641057085564
109.0,2.0,-46.88755,3454.8464,57323625.764929414,0.06327989221465724
110.0,2.0,-46.757526,3454.8464,56779544.64319296,0.0658523548792373
111.0,2.0,-46.622097,3454.8464,56237167.58710682,0.06843921310535032
112.0,2.0,-46.48122,3454.8464,55696524.010931365,0.07104064067008184
113.0,2.0,-46.334858,3454.8464,55157648.58494227,0.07365684593799043
114.0,2.0,-46.182972,3454.8464,54620568.16817158,0.0762880671035331
115.0,2.0,-46.025524,3454.8464,54085318.655624025,0.07893452795483884
107.85313,3.0,-47.0,3454.8464,57943501.19229591,0.060412918745512176
108.0,3.0,-46.982277,3454.8464,57862891.531872176,0.06078784539497911
109.0,3.0,-46.857414,3454.8464,57317186.583050184,0.0633464451531899
110.0,3.0,-46.72718,3454.8464,56773157.27609709,0.0659192065382608
111.0,3.0,-46.591537,3454.8464,56230836.07447722,0.06850633720490933
112.0,3.0,-46.450447,3454.8464,55690252.210465536,0.0711080119443005
113.0,3.0,-46.303867,3454.8464,55151440.47047308,0.07372443873674461
114.0,3.0,-46.151764,3454.8464,54614427.393994816,0.07635585498613102
107.504814,4.0,-47.0,3454.8464,58125285.493186265,0.059617817145530785
108.0,4.0,-46.94034,3454.8464,57853841.839251116,0.06088050633196351
109.0,4.0,-46.81518,3454.8464,57308204.27268592,0.06343955525873118
110.0,4.0,-46.684654,3454.8464,56764247.55188753,0.06601273125831382
111.0,4.0,-46.548717,3454.8464,56222004.58143511,0.06860023974039217
112.0,4.0,-46.407326,3454.8464,55681504.33940693,0.07120225691336293
113.0,4.0,-46.260445,3454.8464,55142781.77393684,0.07381899022311397
114.0,4.0,-46.10803,3454.8464,54605862.97854321,0.07645067596836747
107.054955,5.0,-47.0,3454.8464,58359489.86870943,0.0585931113996776
107.0,5.0997267,-47.0,3454.8464,58388054.09330984,0.058468100009372706
108.0,5.0,-46.88635,3454.8464,57842262.10058948,0.06099953866707657
109.0,5.0,-46.760822,3454.8464,57296711.26036716,0.06355915898155103
110.0,5.0,-46.629917,3454.8464,56752847.9416384,0.06613286191678712
111.0,5.0,-46.4936,3454.8464,56210705.613083854,0.06872085000967426
112.0,5.0,-46.35182,3454.8464,55670312.92695989,0.07132330128652896
113.0,5.0,-46.204548,3454.8464,55131705.03784421,0.07394042251217081
114.0,5.0,-46.05174,3454.8464,54594907.468211286,0.07657244856716246
106.4903,6.0,-47.0,3454.8464,58655426.928250216,0.057304958073038995
106.0,6.7288866,-47.0,3454.8464,58911850.58118269,0.056188931360828066
107.0,6.0,-46.9409,3454.8464,58375306.4426696,0.058598275506504344
108.0,6.0,-46.820263,3454.8464,57828193.77238716,0.06114486589074187
109.0,6.0,-46.694283,3454.8464,57282749.06977518,0.06370517526659328
110.0,6.0,-46.56292,3454.8464,56739000.02500641,0.06627951289514614
111.0,6.0,-46.426132,3454.8464,56196980.791580565,0.0688680778229529
112.0,6.0,-46.283882,3454.8464,55656719.62505546,0.07147105029177793
113.0,6.0,-46.13613,3454.8464,55118251.93007312,0.07408863624319473
105.81218,7.0,-47.0,3454.8464,59010938.25263095,0.05576021109742938
106.0,7.0,-46.979046,3454.8464,58907332.233641155,0.05623496666841486
107.0,7.0,-46.86319,3454.8464,58358684.51196002,0.058768950086037275
108.0,7.0,-46.742023,3454.8464,57811687.27078113,0.061316395436319386
109.0,7.0,-46.615505,3454.8464,57266368.19715381,0.06387750603626051
110.0,7.0,-46.483597,3454.8464,56722754.364684045,0.0664525805840476
111.0,7.0,-46.34626,3454.8464,56180880.72966871,0.06904181403068005
112.0,7.0,-46.20345,3454.8464,55640775.080997854,0.07164538922708959
113.0,7.0,-46.055134,3454.8464,55102473.11566498,0.07426351115487469
105.00885,8.0,-47.0,3454.8464,59433497.87233867,0.05393098162166912
105.0,8.009687,-47.0,3454.8464,59438141.87928473,0.05391086805535539
106.0,8.0,-46.889793,3454.8464,58888191.523556694,0.0564305890965177
107.0,8.0,-46.773335,3454.8464,58339665.57058272,0.058965604820252863
108.0,8.0,-46.651558,3454.8464,57792801.821633905,0.06151401923731893
109.0,8.0,-46.52442,3454.8464,57247627.96022338,0.06407603677384203
110.0,8.0,-46.391884,3454.8464,56704170.35417669,0.06665194399360563
111.0,8.0,-46.25391,3454.8464,56162464.87734969,0.0692419311613689
112.0,8.0,-46.110455,3454.8464,55622538.78306889,0.07184618412643834
103.0,9.971666,-47.0,3454.8464,60498200.474761024,0.04935699753898194
104.06493,9.0,-47.0,3454.8464,59932674.306690075,0.051781192539965354
104.0,9.061262,-47.0,3454.8464,59966917.335513406,0.05163363723672165
105.0,9.0,-46.90025,3454.8464,59416740.77680693,0.054128892284348355
106.0,9.0,-46.7884,3454.8464,58866704.85502705,0.05665196070315045
107.0,9.0,-46.671257,3454.8464,58318317.35553473,0.059188124104590685
108.0,9.0,-46.548786,3454.8464,57771605.285024375,0.061737614377185494
109.0,9.0,-46.420944,3454.8464,57226596.321315974,0.06430063720368995
110.0,9.0,-46.287697,3454.8464,56683316.03960818,0.06687746546482279
111.0,9.0,-46.149002,3454.8464,56141801.3424176,0.06946828416495246
112.0,9.0,-46.004818,3454.8464,55602078.87983007,0.072073282535871
102.96769,10.0,-47.0,3454.8464,60515494.35337306,0.0492832952332949
102.0,10.76465,-47.0,3454.8464,61031978.20435415,0.04708069386650679
103.0,10.0,-46.996834,3454.8464,60497521.49869362,0.04936388148516757
104.0,10.0,-46.894714,3454.8464,59944376.33886352,0.051862947565102444
105.0,10.0,-46.787373,3454.8464,59392843.638337046,0.054374561277257115
106.0,10.0,-46.674767,3454.8464,58842948.23001313,0.05689896077547575
107.0,10.0,-46.55686,3454.8464,58294716.02621775,0.05943637909350588
108.0,10.0,-46.433617,3454.8464,57748173.95493951,0.06198704382732216
109.0,10.0,-46.30499,3454.8464,57203349.68554358,0.06455116206373525
110.0,10.0,-46.170944,3454.8464,56660267.916403376,0.06712899147740137
111.0,10.0,-46.03144,3454.8464,56118966.685700506,0.06972071125670062
101.68957,11.0,-47.0,3454.8464,61198766.18407048,0.04637314830550314
101.0,11.475603,-47.0,3454.8464,61568276.19534902,0.04480451205033788
102.0,11.0,-46.971054,3454.8464,61025786.91964433,0.04714340593713396
103.0,11.0,-46.87332,3454.8464,60471159.93333697,0.04963183022969584
104.0,11.0,-46.770393,3454.8464,59918138.13933474,0.05213248876652785
105.0,11.0,-46.66223,3454.8464,59366745.18334401,0.054645619851502375
106.0,11.0,-46.548794,3454.8464,58817005.83813913,0.057171456975728084
107.0,11.0,-46.430046,3454.8464,58268945.94198738,0.059710228484974356
108.0,11.0,-46.305943,3454.8464,57722592.335086405,0.06226215726873388
109.0,11.0,-46.17645,3454.8464,57177972.674928926,0.06482745196517002
110.0,11.0,-46.041523,3454.8464,56635110.701777585,0.06740635354851404
99.0,12.701001,-47.0,3454.8464,62648466.85639563,0.040251671802513225
100.20457,12.0,-47.0,3454.8464,61997112.22835976,0.04299323400974406
100.0,12.123672,-47.0,3454.8464,62107119.203371435,0.04252825491312384
101.0,12.0,-46.92962,3454.8464,61553279.717551805,0.044956323577595575
102.0,12.0,-46.83619,3454.8464,60997170.43333596,0.0474346113405789
103.0,12.0,-46.737587,3454.8464,60442661.79807319,0.049924817993870337
104.0,12.0,-46.633778,3454.8464,59889776.234973684,0.052427181308491444
105.0,12.0,-46.524715,3454.8464,59338537.33816205,0.05494193455572026
106.0,12.0,-46.41037,3454.8464,58788969.81345177,0.05746930616127019
107.0,12.0,-46.290695,3454.8464,58241099.41697565,0.060009519379912515
108.0,12.0,-46.165653,3454.8464,57694952.891841136,0.0625627919918946
109.0,12.0,-46.035206,3454.8464,57150557.879533604,0.06512933433390002
97.0,13.71009,-47.0,3454.8464,63738786.111915395,0.035696845852537046
98.454834,13.0,-47.0,3454.8464,62945293.698690504,0.039009398962045624
98.0,13.230335,-47.0,3454.8464,63192360.004813954,0.0379746031337382
99.0,13.0,-46.95672,3454.8464,62639276.98254936,0.0403444162965264
100.0,13.0,-46.872623,3454.8464,62080100.67908897,0.042801709728490483
101.0,13.0,-46.783413,3454.8464,61522503.29263085,0.0452703656699842
102.0,13.0,-46.689056,3454.8464,60966504.72982616,0.04775062450064051
103.0,13.0,-46.58951,3454.8464,60412126.162409365,0.050242722792016324
104.0,13.0,-46.484737,3454.8464,59859389.97295019,0.052746892932353774
105.0,13.0,-46.374702,3454.8464,59308319.69812446,0.05526336276922011
106.0,13.0,-46.25936,3454.8464,58758939.96968279,0.05779235527136558
107.0,13.0,-46.138683,3454.8464,58211276.45329165,0.06033408821122923
108.0,13.0,-46.01262,3454.8464,57665355.7854373,0.06288877386921621
94.0,14.913714,-47.0,3454.8464,65393343.03103753,0.028857796696066744
95.0,14.545686,-47.0,3454.8464,64839259.5673452,0.03113858117186574
96.35892,14.0,-47.0,3454.8464,64090992.98697837,0.03423536063171225
96.0,14.150768,-47.0,3454.8464,64287764.30806118,0.03341824366088368
97.0,14.0,-46.95503,3454.8464,63729285.45871487,0.03579250910981258
98.0,14.0,-46.88011,3454.8464,63167044.01424534,0.0382301773631904
99.0,14.0,-46.80014,3454.8464,62606366.416834794,0.04067865361543216
100.0,14.0,-46.715076,3454.8464,62047269.919093035,0.04313817915607644
101.0,14.0,-46.62488,3454.8464,61489773.120506614,0.04560899219157934
102.0,14.0,-46.52952,3454.8464,60933895.918746844,0.04809132744659024
103.0,14.0,-46.42895,3454.8464,60379659.45819282,0.05058541578020352
104.0,14.0,-46.32314,3454.8464,59827086.07583669,0.053091483818687696
105.0,14.0,-46.21205,3454.8464,59276199.24473114,0.05560975360623284
106.0,14.0,-46.09564,3454.8464,58727023.51516939,0.058140442275139904
91.0,15.803013,-47.0,3454.8464,67070777.58143918,0.022006783245208765
92.0,15.533955,-47.0,3454.8464,66509066.64442426,0.024291978971588427
93.748024,15.0,-47.0,3454.8464,65533770.98971947,0.028282296124960936
93.0,15.239221,-47.0,3454.8464,65949927.82728216,0.026575617424732592
94.0,15.0,-46.985794,3454.8464,65390363.065505885,0.028887694132167862
95.0,15.0,-46.924892,3454.8464,64823497.271930665,0.03129706883832123
96.0,15.0,-46.85902,3454.8464,64258174.00701051,0.03371646094965939
97.0,15.0,-46.78814,3454.8464,63694406.30835101,0.03614611287905518
98.0,15.0,-46.712223,3454.8464,63132208.668324515,0.038586265127951054
99.0,15.0,-46.63123,3454.8464,62571596.99463554,0.04103715586013741
100.0,15.0,-46.54512,3454.8464,62012588.56769961,0.043499020485689786
101.0,15.0,-46.453865,3454.8464,61455201.99495712,0.04597209125677341
102.0,15.0,-46.357426,3454.8464,60899457.162283346,0.04845659687697585
103.0,15.0,-46.25576,3454.8464,60345375.18264675,0.050952762125855894
104.0,15.0,-46.148834,3454.8464,59792978.342174575,0.0534608075002107
105.0,15.0,-46.03661,3454.8464,59242290.04380213,0.05598094887353933
82.0,16.982122,-47.0,3454.8464,72240189.21122704,0.0013504077132824237
83.0,16.953766,-47.0,3454.8464,71655728.74146181,0.0036545449015590262
84.0,16.899595,-47.0,3454.8464,71073756.96428873,0.005956259918613306
85.0,16.81982,-47.0,3454.8464,70494300.63620242,0.008255617369988878
86.0,16.714642,-47.0,3454.8464,69917367.83318876,0.01055269022750607
87.0,16.584251,-47.0,3454.8464,69342966.7168457,0.012847559448291926
88.0,16.428835,-47.0,3454.8464,68771105.53292258,0.015140313929408714
89.0,16.24857,-47.0,3454.8464,68201792.60866395,0.017431050447343915
90.19093,16.0,-47.0,3454.8464,67527417.67696023,0.020156256051809904
90.0,16.043625,-47.0,3454.8464,67635036.34899718,0.019719873582522134
91.0,16.0,-46.965744,3454.8464,67063664.4798674,0.02207800882728305
92.0,16.0,-46.918613,3454.8464,66492145.090695076,0.02446171555663354
93.0,16.0,-46.86659,3454.8464,65922161.04236376,0.026854665424749877
94.0,16.0,-46.80964,3454.8464,65353720.959640786,0.029257098335494173
95.0,16.0,-46.74773,3454.8464,64786834.99880037,0.031669253481938255
96.0,16.0,-46.68083,3454.8464,64221514.81846838,0.034091368906966596
97.0,16.0,-46.6089,3454.8464,63657773.546922475,0.03652368106903814
98.0,16.0,-46.531906,3454.8464,63095625.745973594,0.0389664244148924
99.0,16.0,-46.44982,3454.8464,62535087.37155114,0.04141983096100727
100.0,16.0,-46.3626,3454.8464,61976175.73112081,0.04388412988553202
101.0,16.0,-46.27021,3454.8464,61418909.43808166,0.04635954713243264
102.0,16.0,-46.172615,3454.8464,60863308.36328757,0.048846305029411986
103.0,16.0,-46.06978,3454.8464,60309393.58385346,0.051344621921324454
82.0,17.0,-46.99681,3454.8464,72239549.3085612,0.0013567892548133403
83.0,17.0,-46.991714,3454.8464,71654059.54711011,0.003671193399576512
84.0,17.0,-46.981934,3454.8464,71070102.38206792,0.0059927257057983165
85.0,17.0,-46.967445,3454.8464,70487691.02544898,0.008321607803981966
86.0,17.0,-46.948227,3454.8464,69906821.58716181,0.010658064691339533
87.0,17.0,-46.92426,3454.8464,69327491.78332725,0.013002323979024144
88.0,17.0,-46.89551,3454.8464,68749700.93809502,0.015354615477693038
89.0,17.0,-46.861958,3454.8464,68173449.98142812,0.017715170775009784
90.0,17.0,-46.823578,3454.8464,67598741.44272335,0.020084222806725262
91.0,17.0,-46.780334,3454.8464,67025579.44054137,0.022462005422848687
92.0,17.0,-46.732204,3454.8464,66453969.668340236,0.024848752950617576
93.0,17.0,-46.679157,3454.8464,65883919.3763413,0.027244699756038857
94.0,17.0,-46.62116,3454.8464,65315437.34960386,0.029650079805638788
95.0,17.0,-46.558174,3454.8464,64748533.882384196,0.03206512623024349
96.0,17.0,-46.490177,3454.8464,64183220.74889287,0.03449007089258964
97.0,17.0,-46.41713,3454.8464,63619511.17054306,0.03692514396049982
98.0,17.0,-46.338997,3454.8464,63057419.77981267,0.039370573487419395
99.0,17.0,-46.255745,3454.8464,62496962.58084799,0.04182658500206559
100.0,17.0,-46.16734,3454.8464,61938156.90693648,0.04429340110889417
101.0,17.0,-46.073742,3454.8464,61381021.37499041,0.04677124110109244
82.0,18.0,-46.807415,3454.8464,72201873.56080887,0.0017344291546096287
83.0,18.0,-46.801506,3454.8464,71616071.9491039,0.0040521612041344805
84.0,18.0,-46.790882,3454.8464,71031829.55552545,0.006377022802685425
85.0,18.0,-46.775524,3454.8464,70449156.21050176,0.008709230886776316
86.0,18.0,-46.755405,3454.8464,69868048.37056442,0.011049005434499918
87.0,18.0,-46.73051,3454.8464,69288504.07687324,0.013396568867267993
88.0,18.0,-46.700806,3454.8464,68710522.95681627,0.01575214563887228
89.0,18.0,-46.666275,3454.8464,68134106.22120544,0.018115961817130155
90.0,18.0,-46.626884,3454.8464,67559256.65780562,0.020488244659489063
91.0,18.0,-46.582607,3454.8464,66985978.620716915,0.022869222184286414
92.0,18.0,-46.533417,3454.8464,66414278.01588929,0.025259122739347505
93.0,18.0,-46.47928,3454.8464,65844162.28279339,0.02765817456956637
94.0,18.0,-46.420166,3454.8464,65275640.372330874,0.03006660538524426
95.0,18.0,-46.35605,3454.8464,64708722.72107419,0.03248464193291588
96.0,18.0,-46.286884,3454.8464,64143421.22193391,0.03491250957042985
97.0,18.0,-46.21265,3454.8464,63579749.191352665,0.03735043184806116
98.0,18.0,-46.13331,3454.8464,63017721.333163,0.03979863009735398
99.0,18.0,-46.04882,3454.8464,62457353.69920803,0.04225732302949715
82.0,19.0,-46.605976,3454.8464,72162863.94580397,0.0021342442992845004
83.0,19.0,-46.59921,3454.8464,71576740.16011629,0.00445543048029037
84.0,19.0,-46.587696,3454.8464,70992203.46775724,0.006783745890065778
85.0,19.0,-46.571415,3454.8464,70409260.19843434,0.009119402465072136
86.0,19.0,-46.550346,3454.8464,69827907.16956325,0.011462614888403787
87.0,19.0,-46.52447,3454.8464,69248142.76047471,0.01381360011010993
88.0,19.0,-46.49376,3454.8464,68669966.91374451,0.016172576940134024
89.0,19.0,-46.458187,3454.8464,68093381.1318818,0.01853976563441546
90.0,19.0,-46.41773,3454.8464,67518388.47065201,0.020915387475400223
91.0,19.0,-46.37236,3454.8464,66944993.528162725,0.02329966434883352
92.0,19.0,-46.322044,3454.8464,66373202.430135645,0.025692818318340034
93.0,19.0,-46.266758,3454.8464,65803022.81137828,0.02809507119954538
94.0,19.0,-46.20647,3454.8464,65234463.79353009,0.030506644135455008
95.0,19.0,-46.141144,3454.8464,64667535.95917991,0.032927757174757384
96.0,19.0,-46.070755,3454.8464,64102251.32244106,0.03535862885488136
81.0,20.0,-46.395195,3454.8464,72710746.72736585,0.00023851038265945603
82.0,20.0,-46.392284,3454.8464,72122648.33721709,0.0025563437334868715
83.0,20.0,-46.384613,3454.8464,71536193.18076384,0.004881100231793631
84.0,20.0,-46.37216,3454.8464,70951354.20363854,0.007212983671741397
85.0,20.0,-46.35491,3454.8464,70368134.12668927,0.00955220067972784
86.0,20.0,-46.33284,3454.8464,69786530.1416246,0.011898960370890489
87.0,20.0,-46.30593,3454.8464,69206540.97824565,0.01425347394585946
88.0,20.0,-46.274155,3454.8464,68628166.90548323,0.01661595428792153
89.0,20.0,-46.237488,3454.8464,68051409.72756927,0.018986615553955904
90.0,20.0,-46.195908,3454.8464,67476272.77714819,0.02136567276027531
91.0,20.0,-46.149384,3454.8464,66902760.90405321,0.02375334136531475
92.0,20.0,-46.097885,3454.8464,66330880.46033487,0.026149836850666127
93.0,20.0,-46.041386,3454.8464,65760639.28152554,0.02855537430219174
81.0,21.0,-46.16995,3454.8464,72669814.55277179,0.0006793364812238285
82.0,21.0,-46.16612,3454.8464,72081362.23172571,0.003000844912938563
83.0,21.0,-46.157497,3454.8464,71494564.71917222,0.005329277469834313
84.0,21.0,-46.14406,3454.8464,70909416.58385676,0.007664832466580972
85.0,21.0,-46.12579,3454.8464,70325913.89529753,0.010007710890304538
86.0,21.0,-46.102665,3454.8464,69744054.23203681,0.012358116018545764
87.0,21.0,-46.07467,3454.8464,69163836.68578418,0.014716253028448088
88.0,21.0,-46.041775,3454.8464,68585261.86216588,0.017082328598496944
89.0,21.0,-46.00396,3454.8464,68008331.8763495,0.019456550504669354
115.31342,0.0,-46.0,3454.8464,53924464.695739724,0.07971017194304411
116.0,0.0,-45.888195,3454.8464,53555165.787464075,0.08155341956374046
117.0,0.0,-45.72023,3454.8464,53019732.076539926,0.08425093142371314
118.0,0.0,-45.54651,3454.8464,52486149.39231083,0.08696553917485397
119.0,0.0,-45.366997,3454.8464,51954455.578771085,0.08969743920655596
120.0,0.0,-45.181652,3454.8464,51424688.71896869,0.09244681928537918
115.2746,1.0,-46.0,3454.8464,53942890.24372521,0.07962218053510148
116.0,1.0,-45.881893,3454.8464,53552777.16967408,0.08156936507986608
117.0,1.0,-45.71388,3454.8464,53017358.23171291,0.08426698042986695
118.0,1.0,-45.54011,3454.8464,52483791.03503475,0.08698168652849518
119.0,1.0,-45.36055,3454.8464,51952113.413417265,0.08971367955391522
120.0,1.0,-45.17516,3454.8464,51422363.43919627,0.09246314706394228
115.15803,2.0,-46.0,3454.8464,54001297.17892875,0.07935351818721291
115.0,2.8120568,-46.0,3454.8464,54080387.67062537,0.07898971034211845
116.0,2.0,-45.86298,3454.8464,53548731.03384448,0.08161244269084411
117.0,2.0,-45.694824,3454.8464,53013361.95808072,0.0843101518136737
118.0,2.0,-45.520912,3454.8464,52479846.92647353,0.08702493068164689
119.0,2.0,-45.34121,3454.8464,51948223.73887781,0.08975697472078929
120.0,2.0,-45.15567,3454.8464,51418530.432148576,0.09250647074515374
114.96291,3.0,-46.0,3454.8464,54099166.388699256,0.07890390105521873
115.0,3.0,-45.994114,3454.8464,54079110.62357669,0.07900315757302676
116.0,3.0,-45.831436,3454.8464,53542004.19059135,0.08168418904471496
117.0,3.0,-45.663044,3454.8464,53006718.20621562,0.08438205253139248
118.0,3.0,-45.488895,3454.8464,52473290.09891305,0.08709695076805898
119.0,3.0,-45.308952,3454.8464,51941757.6119988,0.08982907793015857
120.0,3.0,-45.12317,3454.8464,51412158.72319488,0.09257861959523198
114.686226,4.0,-46.0,3454.8464,54239105.33052684,0.07826441349873137
115.0,4.0,-45.950245,3454.8464,54069617.21992172,0.07910323918265832
116.0,4.0,-45.78724,3454.8464,53532621.6582081,0.0817845299436187
117.0,4.0,-45.61852,3454.8464,52997451.97566596,0.08448260551090236
118.0,4.0,-45.44404,3454.8464,52464145.52536665,0.0871976668575293
119.0,4.0,-45.263756,3454.8464,51932739.97146283,0.08992990641440046
120.0,4.0,-45.077633,3454.8464,51403273.208889626,0.09267950803433525
114.32913,5.0,-46.0,3454.8464,54419275.07820955,0.07744104832366974
114.0,5.751161,-46.0,3454.8464,54584901.40956825,0.07668409139294323
115.0,5.0,-45.893776,3454.8464,54057471.38965045,0.07923174487932111
116.0,5.0,-45.73035,3454.8464,53520618.3498033,0.08191336210584717
117.0,5.0,-45.561203,3454.8464,52985598.15263624,0.08461170347048688
118.0,5.0,-45.38629,3454.8464,52452448.05426188,0.08732696769133047
119.0,5.0,-45.205578,3454.8464,51921205.61703865,0.09005934496705592
120.0,5.0,-45.019016,3454.8464,51391908.62946298,0.09280901694396498
113.889145,6.0,-46.0,3454.8464,54641288.09675799,0.0764280865706776
114.0,6.0,-45.98291,3454.8464,54581201.30813884,0.07672298789220823
115.0,6.0,-45.824657,3454.8464,54042717.850683555,0.07938854801193194
116.0,6.0,-45.66072,3454.8464,53506038.96149911,0.08207055375575256
117.0,6.0,-45.491055,3454.8464,52971201.39753938,0.08476920953235914
118.0,6.0,-45.315617,3454.8464,52438242.29637404,0.08748471131980731
119.0,6.0,-45.134373,3454.8464,51907199.09592789,0.09021724660486334
113.3609,7.0,-46.0,3454.8464,54909311.02495723,0.07521103312138433
113.0,7.589217,-46.0,3454.8464,55091812.26610245,0.07438218490037536
114.0,7.0,-45.901684,3454.8464,54563698.79185296,0.07690740650942347
115.0,7.0,-45.742832,3454.8464,54025410.96782221,0.07957349526438871
116.0,7.0,-45.57829,3454.8464,53488937.82967812,0.08225594537451478
117.0,7.0,-45.40801,3454.8464,52954316.00142281,0.08495495800349048
118.0,7.0,-45.231953,3454.8464,52421582.480475865,0.08767072591371258
119.0,7.0,-45.05008,3454.8464,51890774.55768306,0.09040343341003562
112.7436,8.0,-46.0,3454.8464,55222768.810519405,0.07379130840002211
113.0,8.0,-45.96166,3454.8464,55083529.1197987,0.07446910818047389
114.0,8.0,-45.807774,3454.8464,54543676.70988087,0.07711972862861617
115.0,8.0,-45.648228,3454.8464,54005614.58079955,0.07978640752619567
116.0,8.0,-45.482983,3454.8464,53469378.75801854,0.08246935060628957
117.0,8.0,-45.311993,3454.8464,52935005.71202636,0.0851687553178371
118.0,8.0,-45.13522,3454.8464,52402532.27846462,0.08788481074307009
112.032524,9.0,-46.0,3454.8464,55584643.456121914,0.07215812914461152
112.0,9.040794,-46.0,3454.8464,55601149.357493244,0.0720836139231834
113.0,9.0,-45.85576,3454.8464,55060818.13839035,0.07470838897429186
114.0,9.0,-45.701096,3454.8464,54521208.197897755,0.0773597586353983
115.0,9.0,-45.540764,3454.8464,53983401.80316548,0.08002708090602045
116.0,9.0,-45.37472,3454.8464,53447434.815193176,0.082710557312881
117.0,9.0,-45.202927,3454.8464,52913343.530357644,0.08541038113283914
118.0,9.0,-45.025345,3454.8464,52381164.600875214,0.08812673731616832
111.21873,10.0,-46.0,3454.8464,56001287.35374884,0.07028882298295343
111.0,10.241795,-46.0,3454.8464,56112899.543636404,0.06978800816812113
112.0,10.0,-45.886982,3454.8464,55576832.17189231,0.07233856263359993
113.0,10.0,-45.737083,3454.8464,55035714.37851992,0.07497510299127887
114.0,10.0,-45.58155,3454.8464,54496375.443408564,0.07762727824539449
115.0,10.0,-45.42034,3454.8464,53958854.793002516,0.08029528788082688
116.0,10.0,-45.25341,3454.8464,53423188.104269974,0.08297932876928343
117.0,10.0,-45.08072,3454.8464,52889411.47883786,0.0856795895721339
110.298065,11.0,-46.0,3454.8464,56474228.678461194,0.06817695029162206
110.0,11.292636,-46.0,3454.8464,56627103.16860557,0.06749501882096773
111.0,11.0,-45.901627,3454.8464,56091747.09684087,0.07000927630731164
112.0,11.0,-45.756386,3454.8464,55549144.1278567,0.07263150220559056
113.0,11.0,-45.605537,3454.8464,55008308.83464822,0.07526902068236169
114.0,11.0,-45.449043,3454.8464,54469269.430952325,0.07792204773034173
115.0,11.0,-45.28686,3454.8464,53932064.49662159,0.08059077857231756
116.0,11.0,-45.118946,3454.8464,53396729.50496597,0.08327540499134135
109.2612,12.0,-46.0,3454.8464,57009179.28195669,0.06580129172558881
109.0,12.229116,-46.0,3454.8464,57143777.32871771,0.06520430596069814
110.0,12.0,-45.899853,3454.8464,56605597.803858,0.06771953990030911
111.0,12.0,-45.75916,3454.8464,56061537.593104705,0.07032796751837612
112.0,12.0,-45.61289,3454.8464,55519226.79647786,0.07295134954168309
113.0,12.0,-45.461,3454.8464,54978701.0255675,0.07558989325829399
114.0,12.0,-45.30345,3454.8464,54439989.66167149,0.07824380725803093
115.0,12.0,-45.1402,3454.8464,53903130.36650987,0.08091328214155781
107.0,13.841956,-46.0,3454.8464,58184545.13249988,0.06062847176704311
108.09694,13.0,-46.0,3454.8464,57612763.519313075,0.06313685013340292
108.0,13.076326,-46.0,3454.8464,57662929.98099839,0.06291556448292598
109.0,13.0,-45.8818,3454.8464,57118446.29194479,0.06546832980927919
110.0,13.0,-45.745552,3454.8464,56572942.87698022,0.06806349748482016
111.0,13.0,-45.603752,3454.8464,56029180.87320711,0.07067326508583657
112.0,13.0,-45.456364,3454.8464,55487187.9091502,0.07329784988079446
113.0,13.0,-45.30334,3454.8464,54946998.691495314,0.07593745407673283
114.0,13.0,-45.14465,3454.8464,54408643.84860301,0.07859227833689628
106.78724,14.0,-46.0,3454.8464,58296348.5089462,0.06014113391150685
106.0,14.54258,-46.0,3454.8464,58708642.39518498,0.05834273033127278
107.0,14.0,-45.974033,3454.8464,58178976.197230935,0.06068622065203751
108.0,14.0,-45.847603,3454.8464,57630357.17764398,0.06325462699968266
109.0,14.0,-45.715694,3454.8464,57083433.18097417,0.06583706528633013
110.0,14.0,-45.578262,3454.8464,56538232.04066828,0.06843375864308004
111.0,14.0,-45.43527,3454.8464,55994792.53939587,0.07104491127451973
112.0,14.0,-45.28667,3454.8464,55453143.10175014,0.07367073284093571
113.0,14.0,-45.132427,3454.8464,54913317.46841703,0.07631142012066679
104.0,15.795861,-46.0,3454.8464,59764418.39645968,0.05377423013254984
105.31372,15.0,-46.0,3454.8464,59070435.0678118,0.056773578270993434
105.0,15.195006,-46.0,3454.8464,59235279.19154842,0.0560580795183914
106.0,15.0,-45.919567,3454.8464,58691455.73495976,0.05852080518776406
107.0,15.0,-45.79736,3454.8464,58141427.12960792,0.06107739135012023
108.0,15.0,-45.669693,3454.8464,57593086.682998344,0.06364765118745452
109.0,15.0,-45.536533,3454.8464,57046464.228262916,0.06623180422893009
110.0,15.0,-45.39784,3454.8464,56501588.40181319,0.06883006556733924
111.0,15.0,-45.25356,3454.8464,55958495.76203155,0.07144263492473989
112.0,15.0,-45.103664,3454.8464,55417215.569823585,0.07406971391666695
102.0,16.873646,-46.0,3454.8464,60830286.5668643,0.04920794010182273
103.6478,16.0,-46.0,3454.8464,59952040.35814059,0.05296886355647536
103.0,16.351784,-46.0,3454.8464,60296065.04293401,0.05149091783921797
104.0,16.0,-45.961926,3454.8464,59756296.85241675,0.05385804934913584
105.0,16.0,-45.849236,3454.8464,59203202.59909548,0.05639027734830153
106.0,16.0,-45.731155,3454.8464,58651764.532555416,0.05893559354652777
107.0,16.0,-45.607647,3454.8464,58102010.3471257,0.06149422318938474
108.0,16.0,-45.47866,3454.8464,57553968.84277031,0.06406638508639174
109.0,16.0,-45.344166,3454.8464,57007669.662712194,0.06665229153538317
110.0,16.0,-45.204113,3454.8464,56463142.281477325,0.0692521491718761
111.0,16.0,-45.058464,3454.8464,55920420.91738424,0.07186615295536777
100.0,17.804588,-46.0,3454.8464,61906291.571529835,0.0446419203840961
101.74818,17.0,-46.0,3454.8464,60965735.22254942,0.04863216611209768
101.0,17.353178,-46.0,3454.8464,61366992.39355938,0.046924986998725805
102.0,17.0,-45.97511,3454.8464,60824993.775680244,0.049262391648409565
103.0,17.0,-45.87177,3454.8464,60268854.88345663,0.05177175775593299
104.0,17.0,-45.7631,3454.8464,59714346.35020846,0.054293623258567764
105.0,17.0,-45.649063,3454.8464,59161493.602153584,0.05682821752440248
106.0,17.0,-45.529617,3454.8464,58610323.18073097,0.05937576420284682
107.0,17.0,-45.40472,3454.8464,58060862.621793255,0.061936480962489986
108.0,17.0,-45.27433,3454.8464,57513140.60099449,0.06451057896258121
109.0,17.0,-45.13841,3454.8464,56967185.798925444,0.06709826375263574
97.0,18.978325,-46.0,3454.8464,63539501.54624882,0.03778971919461469
98.0,18.610888,-46.0,3454.8464,62992493.1830566,0.040074429787588565
99.54702,18.0,-46.0,3454.8464,62152086.09644446,0.043606559308203986
99.0,18.222847,-46.0,3454.8464,62448118.02707856,0.042358464141308956
100.0,18.0,-45.959488,3454.8464,61897717.81567051,0.04472991643480059
101.0,18.0,-45.86534,3454.8464,61338537.17763382,0.04721790615035949
102.0,18.0,-45.765923,3454.8464,60780967.45919244,0.049717807503788215
103.0,18.0,-45.661198,3454.8464,60225031.61370185,0.052229852447520916
104.0,18.0,-45.55112,3454.8464,59670753.80976546,0.0547542678741842
105.0,18.0,-45.435658,3454.8464,59118159.37037303,0.057291275259390304
106.0,18.0,-45.314762,3454.8464,58567274.70975679,0.05984109032704387
107.0,18.0,-45.188393,3454.8464,58018127.193811774,0.06240392281959274
108.0,18.0,-45.05651,3454.8464,57470745.36350065,0.06497997589940309
94.0,19.911564,-46.0,3454.8464,65195743.832044765,0.030929060424376348
95.0,19.620707,-46.0,3454.8464,64641045.17044967,0.0332171015567378
96.93784,19.0,-46.0,3454.8464,63573728.34202553,0.037647452689101975
96.0,19.309929,-46.0,3454.8464,64088965.131576136,0.035503937391779206
97.0,19.0,-45.995308,3454.8464,63538513.72613447,0.037799815730769175
98.0,19.0,-45.915382,3454.8464,62974697.00021991,0.040256799120974136
99.0,19.0,-45.830284,3454.8464,62412459.33700337,0.042724874839222354
100.0,19.0,-45.739975,3454.8464,61851819.722161695,0.0452042797694697
101.0,19.0,-45.64441,3454.8464,61292798.49734889,0.04769524683822976
102.0,19.0,-45.543552,3454.8464,60735417.307425335,0.05019800461040741
103.0,19.0,-45.437363,3454.8464,60179699.04491466,0.0527127769032692
104.0,19.0,-45.325798,3454.8464,59625667.79184979,0.05523978242019488
105.0,19.0,-45.20882,3454.8464,59073348.75919746,0.05777923440567295
106.0,19.0,-45.08639,3454.8464,58522768.22404259,0.06033134032304751
90.0,20.835503,-46.0,3454.8464,67440062.40520602,0.021760991299731317
91.0,20.634571,-46.0,3454.8464,66875092.99514337,0.024055571156880354
92.0,20.414173,-46.0,3454.8464,66312719.04732491,0.026348364591791955
93.67474,20.0,-46.0,3454.8464,65377216.75035703,0.030183801302871953
93.0,20.174423,-46.0,3454.8464,65752949.60983751,0.028639504487328372
94.0,20.0,-45.980057,3454.8464,65191582.370721,0.03097148693939022
95.0,20.0,-45.914097,3454.8464,64623117.81578368,0.033400273100704994
96.0,20.0,-45.84305,3454.8464,64056214.18332536,0.03583934175681434
97.0,20.0,-45.766876,3454.8464,63490886.2023958,0.03828893118093956
98.0,20.0,-45.685535,3454.8464,62927150.07019145,0.04074927687074735
99.0,20.0,-45.599,3454.8464,62365023.40864167,0.043220611111307136
100.0,20.0,-45.507217,3454.8464,61804525.21778789,0.04570316255123167
101.0,20.0,-45.41016,3454.8464,61245675.82609376,0.04819715579379229
102.0,20.0,-45.30778,3454.8464,60688496.837855145,0.05070281100480272
103.0,20.0,-45.200047,3454.8464,60133011.077875905,0.053220343538918746
104.0,20.0,-45.086914,3454.8464,59579242.533577494,0.055749963585955076
81.0,21.715677,-46.0,3454.8464,72639709.57384951,0.001010364069887733
82.0,21.696821,-46.0,3454.8464,72051782.56087351,0.003325756138584701
83.0,21.658058,-46.0,3454.8464,71466385.36759396,0.005638543841102088
84.0,21.599552,-46.0,3454.8464,70883526.45135875,0.007948786825148211
85.0,21.521461,-46.0,3454.8464,70303214.35868295,0.010256552817376481
86.0,21.423935,-46.0,3454.8464,69725457.7248603,0.012561917593231543
87.0,21.307117,-46.0,3454.8464,69150265.27252021,0.014864964931022838
88.0,21.171146,-46.0,3454.8464,68577645.8087505,0.01716578655044684
89.093346,21.0,-46.0,3454.8464,67954695.61538629,0.019678714506079074
89.0,21.016153,-46.0,3454.8464,68007608.22083385,0.01946448203569119
90.0,21.0,-45.961628,3454.8464,67432161.07450828,0.02184135345388111
91.0,21.0,-45.914394,3454.8464,66857440.59639087,0.02423539474720489
92.0,21.0,-45.86218,3454.8464,66284268.29818637,0.02663869252474587
93.0,21.0,-45.80495,3454.8464,65712652.88447023,0.02905148395859282
94.0,21.0,-45.742676,3454.8464,65142604.63792034,0.03147400512521958
95.0,21.0,-45.675316,3454.8464,64574135.389994316,0.0339064905442161
96.0,21.0,-45.602837,3454.8464,64007258.48791039,0.03634917272306585
97.0,21.0,-45.525204,3454.8464,63441988.75805698,0.038802281709904934
98.0,21.0,-45.44238,3454.8464,62878342.46594505,0.041266044656131325
99.0,21.0,-45.35432,3454.8464,62316337.272856034,0.04374068539078524
100.0,21.0,-45.260998,3454.8464,61755992.18931425,0.04622642400855048
101.0,21.0,-45.16237,3454.8464,61197327.52554853,0.04872347647311381
102.0,21.0,-45.05839,3454.8464,60640364.839091405,0.05123205423763354
81.0,22.0,-45.93299,3454.8464,72626422.40067568,0.0011453251246101442
82.0,22.0,-45.928246,3454.8464,72037490.2917848,0.0034709315928381857
83.0,22.0,-45.918728,3454.8464,71450130.58217134,0.005803690906885411
84.0,22.0,-45.90442,3454.8464,70864337.58226974,0.008143823157697282
85.0,22.0,-45.885292,3454.8464,70280107.2370386,0.010491551226254175
86.0,22.0,-45.86133,3454.8464,69697437.13288178,0.012847100356283732
87.0,22.0,-45.8325,3454.8464,69116326.50086161,0.015210697717952512
88.0,22.0,-45.79878,3454.8464,68536776.2145996,0.017582571963522767
89.0,22.0,-45.760136,3454.8464,67958788.78505436,0.019962952775352556
90.0,22.0,-45.71654,3454.8464,67382368.414698,0.02235207038668962
91.0,22.0,-45.66797,3454.8464,66807520.7346074,0.024750155213680437
92.0,22.0,-45.61438,3454.8464,66234253.149366215,0.027157437266846995
93.0,22.0,-45.555744,3454.8464,65662574.58036021,0.029574145773726003
94.0,22.0,-45.492027,3454.8464,65092495.49711465,0.03200050870350292
95.0,22.0,-45.4232,3454.8464,64524027.88784154,0.03443675231564088
96.0,22.0,-45.34922,3454.8464,63957185.226343215,0.03688310071513218
97.0,22.0,-45.270054,3454.8464,63391982.43538399,0.0393397754162656
98.0,22.0,-45.18567,3454.8464,62828435.846665554,0.04180699491674268
99.0,22.0,-45.09602,3454.8464,62266563.15753303,0.04428497428406787
100.0,22.0,-45.001076,3454.8464,61706383.38456374,0.046773924755965514
81.0,23.0,-45.685665,3454.8464,72578201.60953534,0.0016411289801758467
82.0,23.0,-45.679848,3454.8464,71988862.41830392,0.003971086248395081
83.0,23.0,-45.669216,3454.8464,71401125.3320953,0.006308197302197387
84.0,23.0,-45.65376,3454.8464,70814985.14781663,0.008652675817813024
85.0,23.0,-45.633446,3454.8464,70230438.26901357,0.011004738034525886
86.0,23.0,-45.608257,3454.8464,69647482.71228342,0.013364602330816877
87.0,23.0,-45.578163,3454.8464,69066118.1098746,0.01573248879437433
88.0,23.0,-45.543144,3454.8464,68486345.70730348,0.018108618783525585
89.0,23.0,-45.503166,3454.8464,67908168.47388647,0.02049321444197095
90.0,23.0,-45.458206,3454.8464,67331590.63169307,0.02288649840031865
91.0,23.0,-45.408226,3454.8464,66756618.32649343,0.025288693110198702
92.0,23.0,-45.3532,3454.8464,66183259.15659252,0.02770002053123473
93.0,23.0,-45.29309,3454.8464,65611522.26318069,0.030120701648129758
94.0,23.0,-45.22787,3454.8464,65041418.30446248,0.03255095602445973
95.0,23.0,-45.1575,3454.8464,64472959.42607969,0.03499100136177036
96.0,23.0,-45.081947,3454.8464,63906159.22794063,0.03744105306585951
97.0,23.0,-45.00118,3454.8464,63341032.72756952,0.03990132382207473
81.0,24.0,-45.42532,3454.8464,72529175.4489048,0.00216000312322516
82.0,24.0,-45.418377,3454.8464,71939423.27771093,0.004494399539593046
83.0,24.0,-45.406586,3454.8464,71351303.92587814,0.006835947710789155
84.0,24.0,-45.389923,3454.8464,70764812.68901914,0.009184854626319591
85.0,24.0,-45.36837,3454.8464,70179946.4404175,0.011541329608213882
86.0,24.0,-45.341904,3454.8464,69596703.63692178,0.013905583890960874
87.0,24.0,-45.310493,3454.8464,69015084.32089844,0.0162778301983111
88.0,24.0,-45.274117,3454.8464,68435090.11760868,0.018658282310992258
89.0,24.0,-45.232746,3454.8464,67856724.40547949,0.02104715456849679
90.0,24.0,-45.18635,3454.8464,67279991.60064174,0.02344466165281503
91.0,24.0,-45.134903,3454.8464,66704898.19805084,0.025851017822250143
92.0,24.0,-45.078373,3454.8464,66131452.05008991,0.028266436678467545
93.0,24.0,-45.016727,3454.8464,65559662.51994597,0.03069113067589788
80.0,25.0,-45.154907,3454.8464,73071340.77308661,0.0003701394008754505
81.0,25.0,-45.15167,3454.8464,72479500.83316235,0.002702101932533596
82.0,25.0,-45.14356,3454.8464,71889331.12865442,0.005041013372822378
83.0,25.0,-45.130558,3454.8464,71300825.92691875,0.007387071254816725
84.0,25.0,-45.11264,3454.8464,70713981.03343835,0.00974047561330955
85.0,25.0,-45.089794,3454.8464,70128793.80137531,0.012101428582246814
86.0,25.0,-45.06199,3454.8464,69545263.13676883,0.014470133978954407
87.0,25.0,-45.029205,3454.8464,68963389.5001598,0.016846796888161604
120.95053,0.0,-45.0,3454.8464,50923096.98728228,0.09507627196648154
121.0,0.0,-44.99045,3454.8464,50896666.2399481,0.09521514068409619
122.0,0.0,-44.793606,3454.8464,50366353.12975176,0.0980267918335161
123.0,0.0,-44.59071,3454.8464,49838016.52995965,0.1008579197485665
124.0,0.0,-44.38173,3454.8464,49311698.31388973,0.10370869396528767
125.0,0.0,-44.16662,3454.8464,48787440.15563325,0.10657927452293989
120.91668,1.0,-45.0,3454.8464,50938719.63131634,0.0949985540577188
121.0,1.0,-44.98392,3454.8464,50894207.53791531,0.09523242679262206
122.0,1.0,-44.78702,3454.8464,50363913.67406421,0.09804416513879413
123.0,1.0,-44.584072,3454.8464,49835597.020575434,0.10087537359634947
124.0,1.0,-44.37504,3454.8464,49309299.4374911,0.10372622148441353
125.0,1.0,-44.159878,3454.8464,48785062.58472492,0.10659686863059586
120.81503,2.0,-45.0,3454.8464,50988743.76106285,0.094759484035943
121.0,2.0,-44.964317,3454.8464,50889980.83069162,0.0952783826173941
122.0,2.0,-44.767265,3454.8464,50359751.745866716,0.0980901291343434
123.0,2.0,-44.564163,3454.8464,49831502.12723634,0.10092131913376828
124.0,2.0,-44.354973,3454.8464,49305273.79108545,0.1037721211574234
125.0,2.0,-44.139652,3454.8464,48781108.35082325,0.10664269427287718
120.645325,3.0,-45.0,3454.8464,51072159.069778204,0.09436087782996433
121.0,3.0,-44.931625,3454.8464,50882954.15633109,0.09535490726976668
122.0,3.0,-44.734318,3454.8464,50352832.9959241,0.09816666532582946
123.0,3.0,-44.530956,3454.8464,49824695.05582525,0.10099782251146122
124.0,3.0,-44.321507,3454.8464,49298582.07940149,0.10384854607650856
125.0,3.0,-44.105923,3454.8464,48774535.60257948,0.10671899382555422
120.40714,4.0,-45.0,3454.8464,51189028.526916176,0.09380249898339102
121.0,4.0,-44.885822,3454.8464,50873154.207862616,0.09546189858487389
122.0,4.0,-44.688152,3454.8464,50343184.05604254,0.09827366844518137
123.0,4.0,-44.484432,3454.8464,49815202.36852771,0.10110477540116264
124.0,4.0,-44.274612,3454.8464,49289250.78663413,0.1039553849018206
125.0,4.0,-44.058662,3454.8464,48765370.737864226,0.10682565299140648
120.09986,5.0,-45.0,3454.8464,51339440.95341748,0.09308401204396106
120.0,5.2653666,-45.0,3454.8464,51388233.42355725,0.09285095843022029
121.0,5.0,-44.826866,3454.8464,50860618.228911355,0.0955992143654108
122.0,5.0,-44.628735,3454.8464,50330842.08356431,0.09841099198049627
123.0,5.0,-44.424545,3454.8464,49803061.124694,0.10124202703691795
124.0,5.0,-44.21426,3454.8464,49277316.86245951,0.10409248268161006
119.72056,6.0,-45.0,3454.8464,51526390.926204585,0.09219564180433307
120.0,6.0,-44.94738,3454.8464,51376895.09145862,0.09297388768772671
121.0,6.0,-44.754707,3454.8464,50845393.88793362,0.09576667320690242
122.0,6.0,-44.55601,3454.8464,50315854.63505013,0.09857844903083315
123.0,6.0,-44.35125,3454.8464,49788318.753998384,0.10140938509963479
124.0,6.0,-44.140392,3454.8464,49262827.59471941,0.10425964176687573
119.26905,7.0,-45.0,3454.8464,51748908.56684329,0.09114040094532525
119.0,7.514366,-45.0,3454.8464,51881083.71037046,0.09051368474765287
120.0,7.0,-44.862617,3454.8464,51358770.49675156,0.09317117669146796
121.0,7.0,-44.66928,3454.8464,50827539.117728055,0.09596405554707871
122.0,7.0,-44.469917,3454.8464,50298279.505091,0.09877581339304484
123.0,7.0,-44.26449,3454.8464,49771032.89460733,0.10160661684173247
124.0,7.0,-44.052948,3454.8464,49245840.44699247,0.10445662297398221
118.742775,8.0,-45.0,3454.8464,52008868.04731284,0.08991200957208322
119.0,8.0,-44.952732,3454.8464,51870904.758573696,0.0906237531767951
120.0,8.0,-44.76462,3454.8464,51338042.34516351,0.09339813980977155
121.0,8.0,-44.570522,3454.8464,50807121.92111078,0.09619110493094621
122.0,8.0,-44.370388,3454.8464,50278184.53115545,0.09900282087172702
123.0,8.0,-44.16418,3454.8464,49751271.19725822,0.10183345044231965
118.13957,9.0,-45.0,3454.8464,52307413.831433594,0.08850649252406897
118.0,9.206266,-45.0,3454.8464,52376263.182512075,0.08818236632129534
119.0,9.0,-44.842278,3454.8464,51847312.07749911,0.0908798965755253
120.0,9.0,-44.65331,3454.8464,51314788.651323244,0.09365449407161891
121.0,9.0,-44.458344,3454.8464,50784220.14382633,0.0964475294812791
122.0,9.0,-44.257336,3454.8464,50255647.365557194,0.09925917080160003
123.0,9.0,-44.050247,3454.8464,49729111.09635816,0.10208957658199298
117.4551,10.0,-45.0,3454.8464,52647885.53605021,0.08691252873824551
117.0,10.596571,-45.0,3454.8464,52873775.75241783,0.08585654316882582
118.0,10.0,-44.90247,3454.8464,52355316.00830156,0.08840843503672616
119.0,10.0,-44.71851,3454.8464,51821242.139831856,0.091165125133823
120.0,10.0,-44.528587,3454.8464,51289097.04027848,0.09393992375468117
121.0,10.0,-44.33265,3454.8464,50758921.21593976,0.09673300356269386
122.0,10.0,-44.130665,3454.8464,50230755.21580466,0.0995445277700337
116.68733,11.0,-45.0,3454.8464,53030535.33240763,0.08512879660501024
116.0,11.805616,-45.0,3454.8464,53373666.77330436,0.08353573694716453
117.0,11.0,-44.94541,3454.8464,52862041.625855625,0.08598279158067601
118.0,11.0,-44.76634,3454.8464,52326464.51127021,0.08872206521698743
119.0,11.0,-44.58133,3454.8464,51792792.085233375,0.09147910315004205
120.0,11.0,-44.390343,3454.8464,51261064.45998098,0.0942540821662845
121.0,11.0,-44.193336,3454.8464,50731321.86310891,0.09704716962635962
115.83127,12.0,-45.0,3454.8464,53458713.91346869,0.0831435973653461
115.0,12.876842,-45.0,3454.8464,53875937.674342774,0.08121952303419883
116.0,12.0,-44.9713,3454.8464,53367495.99325357,0.0836019423022697
117.0,12.0,-44.79699,3454.8464,52830457.37524414,0.08632431680534142
118.0,12.0,-44.616776,3454.8464,52295301.528910235,0.08906409818382773
119.0,12.0,-44.430614,3454.8464,51762068.086003184,0.09182146678549519
120.0,12.0,-44.238464,3454.8464,51230796.86528194,0.09459659358527446
121.0,12.0,-44.040287,3454.8464,50701527.78929681,0.09738964022065309
114.88103,13.0,-45.0,3454.8464,53936200.27137734,0.08094350275490912
114.0,13.840721,-45.0,3454.8464,54380598.464337364,0.0789074816012778
115.0,13.0,-44.980305,3454.8464,53871705.45076969,0.08126481517924106
116.0,13.0,-44.810642,3454.8464,53333241.55291983,0.08397083006134753
117.0,13.0,-44.6351,3454.8464,52796640.75751254,0.08669388283257203
118.0,13.0,-44.453648,3454.8464,52261942.13312134,0.08943415682567035
119.0,13.0,-44.266235,3454.8464,51729185.00567919,0.09219182607961088
120.0,13.0,-44.072823,3454.8464,51198408.87508826,0.09496705534993151
113.82964,14.0,-45.0,3454.8464,54467276.81588256,0.07851302521540743
113.0,14.719237,-45.0,3454.8464,54887667.46057302,0.07659920270849957
114.0,14.0,-44.97259,3454.8464,54374715.2443209,0.07897030183093452
115.0,14.0,-44.807457,3454.8464,53834856.72944077,0.08166051472609415
116.0,14.0,-44.63648,3454.8464,53296843.96933803,0.08436738656562615
117.0,14.0,-44.459614,3454.8464,52760715.39077015,0.08709110308017343
118.0,14.0,-44.276817,3454.8464,52226509.74663295,0.08983184081018095
119.0,14.0,-44.08805,3454.8464,51694266.03262482,0.09258976709177145
112.66891,15.0,-45.0,3454.8464,55056821.30267512,0.0758342156251566
112.0,15.528619,-45.0,3454.8464,55397170.987463474,0.0742942910184674
113.0,15.0,-44.9483,3454.8464,54876589.08396449,0.07671726879343803
114.0,15.0,-44.787582,3454.8464,54335361.036045894,0.07939225155567897
115.0,15.0,-44.62105,3454.8464,53795963.78030938,0.08208350593455896
116.0,15.0,-44.44866,3454.8464,53258435.02740419,0.08479121946446302
117.0,15.0,-44.270367,3454.8464,52722812.881062955,0.08751557061602178
118.0,15.0,-44.086132,3454.8464,52189135.7550499,0.09025672875816039
110.0,16.985157,-45.0,3454.8464,56423617.95494199,0.06969308651870268
111.38911,16.0,-45.0,3454.8464,55710420.09944619,0.07288616913593515
111.0,16.281075,-45.0,3454.8464,55909143.04743374,0.0719923701156171
112.0,16.0,-44.907547,3454.8464,55377408.63658208,0.07450456825544419
113.0,16.0,-44.75114,3454.8464,54834830.56595478,0.07716490323465482
114.0,16.0,-44.588947,3454.8464,54294070.76289144,0.07984111565689432
115.0,16.0,-44.42092,3454.8464,53755166.15225762,0.0825333942625742
116.0,16.0,-44.247017,3454.8464,53218154.11687269,0.08524191887589633
117.0,16.0,-44.0672,3454.8464,52683072.4149485,0.08796686034396152
109.97841,17.0,-45.0,3454.8464,56434821.88462019,0.06964332739863172
109.0,17.632153,-45.0,3454.8464,56940471.99557331,0.06739609466317975
110.0,17.0,-44.996925,3454.8464,56422959.83676744,0.06970005163736392
111.0,17.0,-44.85044,3454.8464,55877272.95699536,0.07233104821057693
112.0,17.0,-44.698242,3454.8464,55333358.82818234,0.0749773247189702
113.0,17.0,-44.540276,3454.8464,54791252.922491,0.07763907914319652
114.0,17.0,-44.376507,3454.8464,54250991.31419437,0.08031650083170461
115.0,17.0,-44.206886,3454.8464,53712610.59807042,0.08300977038370924
116.0,17.0,-44.031376,3454.8464,53176147.80755361,0.08571905956615927
107.0,18.82011,-45.0,3454.8464,57981797.66540216,0.0628076807343319
108.41388,18.0,-45.0,3454.8464,57245390.03191329,0.06604922257391738
108.0,18.245039,-45.0,3454.8464,57459880.979710385,0.06510106412260361
109.0,18.0,-44.919468,3454.8464,56923305.767463155,0.06757762770235727
110.0,18.0,-44.777065,3454.8464,56376297.861841045,0.07019556199282144
111.0,18.0,-44.628967,3454.8464,55831056.1435555,0.07282837297180624
112.0,18.0,-44.475132,3454.8464,55287615.115542695,0.07547625842775436
113.0,18.0,-44.315517,3454.8464,54746009.94175542,0.07813940772212369
114.0,18.0,-44.150074,3454.8464,54206276.36666963,0.08081800165158906
105.0,19.868975,-45.0,3454.8464,59033174.74701337,0.058224644474112665
106.67773,19.0,-45.0,3454.8464,58151212.15613152,0.06206761826712287
106.0,19.35808,-45.0,3454.8464,58506190.13875367,0.06051562435819301
107.0,19.0,-44.95869,3454.8464,57973001.71320702,0.0629003089703253
108.0,19.0,-44.8259,3454.8464,57422943.72134986,0.06549150979812007
109.0,19.0,-44.68748,3454.8464,56874615.25057997,0.0680969771716695
110.0,19.0,-44.543392,3454.8464,56328048.98723164,0.0707169160660566
111.0,19.0,-44.393585,3454.8464,55783278.41350789,0.07335152347378274
112.0,19.0,-44.23802,3454.8464,55240337.72859503,0.0760009881800315
113.0,19.0,-44.07666,3454.8464,54699261.76947471,0.0786654906054241
103.0,20.797874,-45.0,3454.8464,60094673.232426435,0.05364469857918467
104.73513,20.0,-45.0,3454.8464,59173765.074590795,0.05761690197016204
104.0,20.345276,-45.0,3454.8464,59562619.458933786,0.055934400489933714
105.0,20.0,-44.968533,3454.8464,59026491.301254824,0.058294783657161585
106.0,20.0,-44.845177,3454.8464,58473409.52906313,0.06086086203450858
107.0,20.0,-44.71626,3454.8464,57922026.29311313,0.06344059193465626
108.0,20.0,-44.581734,3454.8464,57372372.37801123,0.06603418379333659
109.0,20.0,-44.44156,3454.8464,56824479.282046005,0.06864184163703466
110.0,20.0,-44.295692,3454.8464,56278379.41707288,0.07126376083366488
111.0,20.0,-44.144085,3454.8464,55734105.96851229,0.07390012901142642
101.0,21.622166,-45.0,3454.8464,61166377.9887033,0.049065767247579196
102.53659,21.0,-45.0,3454.8464,60342830.73585051,0.05258246211280118
102.0,21.222855,-45.0,3454.8464,60629250.92677017,0.05135523192474415
103.0,21.0,-44.949364,3454.8464,60083961.73989874,0.05375680989678039
104.0,21.0,-44.83528,3454.8464,59527864.814057566,0.056299365700382895
105.0,21.0,-44.715694,3454.8464,58973441.62421858,0.058854957230995514
106.0,21.0,-44.590565,3454.8464,58420720.58310209,0.06142380016672433
107.0,21.0,-44.459846,3454.8464,57869731.089620575,0.06400610240668958
108.0,21.0,-44.323498,3454.8464,57320503.64700328,0.06660206467760699
109.0,21.0,-44.181477,3454.8464,56773069.52479582,0.0692118816542603
110.0,21.0,-44.033737,3454.8464,56227460.84429019,0.07183573879413918
98.0,22.687746,-45.0,3454.8464,62793268.65450599,0.04219526342130135
99.0,22.354252,-45.0,3454.8464,62248387.226197705,0.04448599891151091
100.01083,22.0,-45.0,3454.8464,61700349.176880024,0.04680093467301939
100.0,22.00395,-45.0,3454.8464,61706180.04324925,0.046776177874823494
101.0,22.0,-44.9015,3454.8464,61145656.26531126,0.04928224971288581
102.0,22.0,-44.796535,3454.8464,60586534.94549121,0.051802860544487066
103.0,22.0,-44.68613,3454.8464,60029068.79802646,0.05433589473536664
104.0,22.0,-44.570236,3454.8464,59473283.81825461,0.05688157062679446
105.0,22.0,-44.448814,3454.8464,58919207.14729483,0.059440100208467045
106.0,22.0,-44.321823,3454.8464,58366867.03016936,0.06201168928966362
107.0,22.0,-44.189217,3454.8464,57816292.615384236,0.06459653533653768
108.0,22.0,-44.050953,3454.8464,57267514.16044213,0.06719482902525621
94.0,23.820868,-45.0,3454.8464,64998687.52229181,0.033022119721273425
95.0,23.565092,-45.0,3454.8464,64443407.37790842,0.03531724311224046
96.0,23.292843,-45.0,3454.8464,63890778.74011089,0.037611072229671756
97.013855,23.0,-45.0,3454.8464,63333244.0106757,0.03993547646017784
97.0,23.0042,-45.0,3454.8464,63340811.27296061,0.03990377537508822
98.0,23.0,-44.915836,3454.8464,62775665.772233605,0.042378488684678486
99.0,23.0,-44.8252,3454.8464,62211872.05432297,0.044867104612292555
100.0,23.0,-44.729214,3454.8464,61649699.27994392,0.0473673138607378
101.0,23.0,-44.627846,3454.8464,61089169.58574417,0.04987934152236895
102.0,23.0,-44.52104,3454.8464,60530306.40943396,0.05240340738497884
103.0,23.0,-44.40877,3454.8464,59973134.43023059,0.05493972554898694
104.0,23.0,-44.290985,3454.8464,59417679.50588819,0.05748850406877071
105.0,23.0,-44.16764,3454.8464,58863968.61857524,0.06004994527591624
106.0,23.0,-44.0387,3454.8464,58312029.7929579,0.06262424289420221
88.0,24.969845,-45.0,3454.8464,68384710.51095809,0.019214252017374946
89.0,24.820158,-45.0,3454.8464,67813841.27018093,0.021520528027811542
90.0,24.65403,-45.0,3454.8464,67245581.94532226,0.023824663075155954
91.0,24.471561,-45.0,3454.8464,66679942.23964963,0.02612677799036741
92.0,24.272854,-45.0,3454.8464,66116931.68728398,0.028427001303964066
93.25227,24.0,-45.0,3454.8464,65416048.02172733,0.03130433265917636
93.0,24.057997,-45.0,3454.8464,65556559.88122932,0.030725469024636645
94.0,24.0,-44.950394,3454.8464,64988403.35809007,0.03312871400028615
95.0,24.0,-44.879044,3454.8464,64418332.380319946,0.03557770767466498
96.0,24.0,-44.80247,3454.8464,63849845.12668982,0.038037241342302165
97.0,24.0,-44.720646,3454.8464,63282958.08081457,0.04050754712808989
98.0,24.0,-44.633522,3454.8464,62717689.202282175,0.04298885344922107
99.0,24.0,-44.54106,3454.8464,62154057.87910419,0.04548138457146136
100.0,24.0,-44.443226,3454.8464,61592084.8769535,0.04798536018196399
101.0,24.0,-44.339966,3454.8464,61031792.28534399,0.05050099498063641
102.0,24.0,-44.231247,3454.8464,60473203.46092869,0.05302849829176468
103.0,24.0,-44.117027,3454.8464,59916342.96834183,0.05556807369740209
80.0,25.543459,-45.0,3454.8464,73044072.55092224,0.0006740598227657998
81.0,25.52998,-45.0,3454.8464,72452659.17964187,0.0030009019597807465
82.0,25.499634,-45.0,3454.8464,71863798.08811247,0.005324954810090741
83.0,25.452562,-45.0,3454.8464,71277498.21526635,0.007646272540775584
84.0,25.388899,-45.0,3454.8464,70693768.59267272,0.009964917463170882
85.0,25.308773,-45.0,3454.8464,70112618.34414776,0.012280960001894128
86.0,25.212309,-45.0,3454.8464,69534056.68383005,0.014594478648435907
87.77443,25.0,-45.0,3454.8464,68514173.28513244,0.01869323803700937
87.0,25.099623,-45.0,3454.8464,68958092.91352431,0.016905559900791522
88.0,25.0,-44.99151,3454.8464,68382980.93865305,0.01923210474929165
89.0,25.0,-44.949146,3454.8464,67803462.27288677,0.021627798406488864
90.0,25.0,-44.901745,3454.8464,67225498.45920575,0.024032530481423862
91.0,25.0,-44.84927,3454.8464,66649096.86057721,0.026446535840738767
92.0,25.0,-44.791695,3454.8464,66074266.25695481,0.028870048750463947
93.0,25.0,-44.728973,3454.8464,65501017.05241207,0.031303301878751945
94.0,25.0,-44.66108,3454.8464,64929361.24633218,0.03374652590344371
95.0,25.0,-44.587967,3454.8464,64359312.40009777,0.036199949035047266
96.0,25.0,-44.5096,3454.8464,63790885.60004343,0.038663796548796474
97.0,25.0,-44.42594,3454.8464,63224097.41680995,0.041138290327837404
98.0,25.0,-44.336952,3454.8464,62658965.86122833,0.04362364841958868
99.0,25.0,-44.242588,3454.8464,62095510.33688925,0.04612008460724857
100.0,25.0,-44.142815,3454.8464,61533751.58954843,0.04862780799837992
101.0,25.0,-44.037586,3454.8464,60973711.65353894,0.05114702263241764
80.0,26.0,-44.870632,3454.8464,73018724.46721448,0.0009363979927642283
81.0,26.0,-44.866238,3454.8464,72426328.34171069,0.003273367445728778
82.0,26.0,-44.856987,3454.8464,71835525.77028947,0.005617519380640109
83.0,26.0,-44.842857,3454.8464,71246310.84433348,0.007969072115851187
84.0,26.0,-44.823826,3454.8464,70658679.32467833,0.010328246524061484
85.0,26.0,-44.799866,3454.8464,70072628.6498416,0.012695265578955867
86.0,26.0,-44.770947,3454.8464,69488157.93956414,0.0150703538992282
87.0,26.0,-44.737045,3454.8464,68905267.99469104,0.01745373728014924
88.0,26.0,-44.698128,3454.8464,68323961.28862226,0.019845641707898626
89.0,26.0,-44.654167,3454.8464,67744242.11443618,0.022246294807156237
90.0,26.0,-44.605125,3454.8464,67166115.96551268,0.02465592336093586
91.0,26.0,-44.550976,3454.8464,66589590.4267482,0.02707475174016713
92.0,26.0,-44.49168,3454.8464,66014674.54853374,0.029503005052906085
93.0,26.0,-44.427204,3454.8464,65441378.96517802,0.031940906091623374
94.0,26.0,-44.357513,3454.8464,64869715.869517416,0.03438867547823753
95.0,26.0,-44.282566,3454.8464,64299698.97949455,0.03684653120048464
96.0,26.0,-44.202328,3454.8464,63731343.50106535,0.03931468815808298
97.0,26.0,-44.11676,3454.8464,63164666.08755657,0.041793357720652596
98.0,26.0,-44.025826,3454.8464,62599684.79562641,0.044282747299373065
80.0,27.0,-44.574783,3454.8464,72962172.78948417,0.0015328754476985015
81.0,27.0,-44.56909,3454.8464,72369283.50966722,0.003875063407317136
82.0,27.0,-44.558495,3454.8464,71778023.13112685,0.006224433811446803
83.0,27.0,-44.54297,3454.8464,71188386.33499716,0.008581197193717444
84.0,27.0,-44.5225,3454.8464,70600369.4381934,0.0109455663689817
85.0,27.0,-44.49705,3454.8464,70013970.40098494,0.013317755986913121
86.0,27.0,-44.466602,3454.8464,69429188.82992294,0.015697982081205892
87.0,27.0,-44.43113,3454.8464,68846025.97707666,0.01808646160866586
88.0,27.0,-44.390594,3454.8464,68264484.68477206,0.020483410981490036
89.0,27.0,-44.34497,3454.8464,67684569.68965417,0.022889049508111724
90.0,27.0,-44.294228,3454.8464,67106286.843387,0.025303594441234787
91.0,27.0,-44.238335,3454.8464,66529643.99721288,0.027727259334994196
92.0,27.0,-44.177254,3454.8464,65954650.47216993,0.030160259877184188
93.0,27.0,-44.11095,3454.8464,65381317.13206734,0.03260280871171998
94.0,27.0,-44.039387,3454.8464,64809656.36137195,0.035055116135553656
80.0,28.0,-44.264908,3454.8464,72905337.46360241,0.0021533782821462556
81.0,28.0,-44.257866,3454.8464,72311953.40818864,0.004500835420681872
82.0,28.0,-44.24587,3454.8464,71720234.49780443,0.0068554707637518905
83.0,28.0,-44.228897,3454.8464,71130176.01235163,0.00921748678667541
84.0,28.0,-44.206932,3454.8464,70541774.83280781,0.011587087971839912
85.0,28.0,-44.179943,3454.8464,69955029.44812359,0.01396448036977537
86.0,28.0,-44.147907,3454.8464,69369939.9574546,0.016349871154148064
87.0,28.0,-44.110798,3454.8464,68786508.06089675,0.018743466645232274
88.0,28.0,-44.068584,3454.8464,68204737.02672939,0.02114547792645983
89.0,28.0,-44.02124,3454.8464,67624631.93692702,0.023556112998530297
125.75522,0.0,-44.0,3454.8464,48393512.31564815,0.10875897220215228
126.0,0.0,-43.945328,3454.8464,48264042.53067133,0.10947811092288018
127.0,0.0,-43.717712,3454.8464,47738918.52173744,0.1124237439574923
128.0,0.0,-43.483738,3454.8464,47215928.200084485,0.11539129335108332
129.0,0.0,-43.243366,3454.8464,46695115.62957342,0.11838089315237763
125.72476,1.0,-44.0,3454.8464,48407087.96436669,0.10868830597998623
126.0,1.0,-43.938534,3454.8464,48261532.992132746,0.10949679341869341
127.0,1.0,-43.710865,3454.8464,47736432.87568267,0.11244248825765796
128.0,1.0,-43.476833,3454.8464,47213467.113944605,0.11541009112173985
129.0,1.0,-43.236404,3454.8464,46692679.75443143,0.11839973584749172
125.63331,2.0,-44.0,3454.8464,48451002.32121022,0.10846914484690987
126.0,2.0,-43.918144,3454.8464,48257191.10309584,0.10954559733484637
127.0,2.0,-43.690308,3454.8464,47732171.31205261,0.11249117900781942
128.0,2.0,-43.45611,3454.8464,47209288.02686234,0.11545863578767923
129.0,2.0,-43.21551,3454.8464,46688585.24147027,0.11844810074295753
125.48066,3.0,-44.0,3454.8464,48524221.177562326,0.10810381658272003
126.0,3.0,-43.88414,3454.8464,48249973.52230278,0.10962684682053511
127.0,3.0,-43.656025,3454.8464,47725087.53375214,0.11257223772851489
128.0,3.0,-43.42155,3454.8464,47202341.6303402,0.11553944893245356
129.0,3.0,-43.18067,3454.8464,46681779.716773026,0.11852861222526044
125.26644,4.0,-44.0,3454.8464,48626787.16393159,0.10759222979029966
125.0,4.9644623,-44.0,3454.8464,48754065.408060856,0.10695765317883853
126.0,4.0,-43.836494,3454.8464,48239908.530000895,0.1097404068899483
127.0,4.0,-43.607994,3454.8464,47715209.7110361,0.11268552621965158
128.0,4.0,-43.373127,3454.8464,47192655.97574121,0.11565238922089349
129.0,4.0,-43.131855,3454.8464,46672291.10396862,0.11864112590998453
124.99012,5.0,-44.0,3454.8464,48758847.14123348,0.10693398203837295
125.0,5.0,-43.997837,3454.8464,48753601.37456143,0.10696283489331582
126.0,5.0,-43.77517,3454.8464,48227035.57666865,0.10988608970975455
127.0,5.0,-43.54617,3454.8464,47702577.13996963,0.11283085218409794
128.0,5.0,-43.310802,3454.8464,47180270.19230414,0.115797260003057
129.0,5.0,-43.069027,3454.8464,46660158.35314488,0.11878544091452013
124.64968,6.0,-44.0,3454.8464,48923290.08366498,0.10612010213414003
125.0,6.0,-43.923386,3454.8464,48737685.53320531,0.10714073167745956
126.0,6.0,-43.70011,3454.8464,48211405.142181285,0.11006365573354498
127.0,6.0,-43.470505,3454.8464,47687240.10117781,0.11300797039785715
128.0,6.0,-43.234524,3454.8464,47165234.345535815,0.11597381052012007
124.24543,7.0,-44.0,3454.8464,49117867.59412273,0.10515766352153758
124.0,7.5242343,-44.0,3454.8464,49235627.41350146,0.10457545115654504
125.0,7.0,-43.83525,3454.8464,48719022.17792036,0.10735029874537694
126.0,7.0,-43.611263,3454.8464,48193078.55619585,0.11027281514306442
127.0,7.0,-43.380936,3454.8464,47669259.679725155,0.11321658419640317
128.0,7.0,-43.144234,3454.8464,47147609.25663532,0.11618173743598517
123.77534,8.0,-44.0,3454.8464,49344724.24190203,0.10403998225440408
124.0,8.0,-43.951866,3454.8464,49225330.930928364,0.10469013848916159
125.0,8.0,-43.73336,3454.8464,48697683.53862615,0.10759120589321376
126.0,8.0,-43.50855,3454.8464,48172127.78083719,0.11051322958342477
127.0,8.0,-43.277393,3454.8464,47648707.547201104,0.11345634726397674
128.0,8.0,-43.039852,3454.8464,47127466.28405945,0.11642068668069287
123.237816,9.0,-44.0,3454.8464,49604787.39165817,0.10276414937646203
123.0,9.394188,-44.0,3454.8464,49719413.48684738,0.1022020564877722
124.0,9.0,-43.837063,3454.8464,49200973.43826023,0.10496242221417354
125.0,9.0,-43.61763,3454.8464,48673752.26733987,0.10786307747643278
126.0,9.0,-43.391884,3454.8464,48148635.15698004,0.11078451417707555
127.0,9.0,-43.159786,3454.8464,47625665.707328275,0.11372686570998047
122.63075,10.0,-44.0,3454.8464,49899421.70128697,0.10132580626344914
122.0,10.93089,-44.0,3454.8464,50205464.18348424,0.09983685567216392
123.0,10.0,-43.922623,3454.8464,49702887.09497072,0.10238562629637286
124.0,10.0,-43.708435,3454.8464,49174067.03371528,0.10526533621527265
125.0,10.0,-43.487965,3454.8464,48647321.15036942,0.10816549461540036
126.0,10.0,-43.261173,3454.8464,48122693.11561378,0.11108623979919306
127.0,10.0,-43.028023,3454.8464,47600226.20661155,0.11402770041422355
121.95264,11.0,-44.0,3454.8464,50228697.780102946,0.09972464766326933
122.0,11.0,-43.99028,3454.8464,50203383.85247892,0.09985987695046585
123.0,11.0,-43.7812,3454.8464,49673026.23147577,0.10271910654075056
124.0,11.0,-43.56587,3454.8464,49144714.68484333,0.10559843225622864
125.0,11.0,-43.344254,3454.8464,48618492.78733095,0.10849799763591175
126.0,11.0,-43.116306,3454.8464,48094403.855994955,0.11141793559479261
121.19913,12.0,-44.0,3454.8464,50596892.16967788,0.09794687176548027
121.0,12.241942,-44.0,3454.8464,50693749.222081035,0.09747936260125072
122.0,12.0,-43.836147,3454.8464,50170604.245547034,0.1002233953550483
123.0,12.0,-43.625828,3454.8464,49640784.95052838,0.1030823729201466
124.0,12.0,-43.409252,3454.8464,49113028.86645285,0.1059612249900678
125.0,12.0,-43.18638,3454.8464,48587379.23883183,0.10886008872432966
120.36785,13.0,-44.0,3454.8464,51004413.6872126,0.09599082952493906
120.0,13.406419,-44.0,3454.8464,51184332.334286384,0.09512896464154477
121.0,13.0,-43.87348,3454.8464,50666795.40967054,0.09777713056655939
122.0,13.0,-43.668045,3454.8464,50135520.99257291,0.10061627818767441
123.0,13.0,-43.456383,3454.8464,49606285.23015948,0.10347491891441267
124.0,13.0,-43.23845,3454.8464,49079131.16771716,0.10635319417144233
125.0,13.0,-43.01421,3454.8464,48554101.64481756,0.10925123477534356
119.45498,14.0,-44.0,3454.8464,51453555.10079093,0.093848707086896
119.0,14.459197,-44.0,3454.8464,51677237.053699896,0.09278513522614772
120.0,14.0,-43.893394,3454.8464,51161613.82404869,0.09537917458384389
121.0,14.0,-43.69271,3454.8464,50628931.54475748,0.09819903983044417
122.0,14.0,-43.485832,3454.8464,50098265.279915296,0.10103800242854316
123.0,14.0,-43.272717,3454.8464,49569657.855263874,0.10389620705593766
124.0,14.0,-43.053318,3454.8464,49043151.90143436,0.10677378834491145
118.45571,15.0,-44.0,3454.8464,51947372.26988289,0.09150998599899979
118.0,15.421737,-44.0,3454.8464,52172480.510291435,0.09044737373828918
119.0,15.0,-43.896057,3454.8464,51655093.00773201,0.09302833804084913
120.0,15.0,-43.700005,3454.8464,51121044.62737178,0.09582949315685149
121.0,15.0,-43.497784,3454.8464,50588991.689503595,0.09864933739139403
122.0,15.0,-43.289356,3454.8464,50058976.66089493,0.10148801785123322
123.0,15.0,-43.074673,3454.8464,49531041.92257222,0.10434567203776307
117.36443,16.0,-44.0,3454.8464,52489282.101655036,0.08896265889284746
117.0,16.310225,-44.0,3454.8464,52670088.24258774,0.08811518833066902
118.0,16.0,-43.88162,3454.8464,52147285.492907174,0.09072339260750442
119.0,16.0,-43.690075,3454.8464,51611907.23416174,0.0935064304749753
120.0,16.0,-43.492393,3454.8464,51078505.97779964,0.09630773800494732
121.0,16.0,-43.288532,3454.8464,50547123.76439714,0.09912746475630028
122.0,16.0,-43.078445,3454.8464,50017802.60256231,0.10196575001333363
115.0,17.907312,-44.0,3454.8464,53672486.61721335,0.08346568710626691
116.174614,17.0,-44.0,3454.8464,53083121.19609627,0.08619296469927702
116.0,17.137072,-44.0,3454.8464,53170093.87041875,0.08578810130940014
117.0,17.0,-43.850224,3454.8464,52638262.35490597,0.08846308341342729
118.0,17.0,-43.66307,3454.8464,52101584.86344904,0.09122861336331531
119.0,17.0,-43.469807,3454.8464,51566868.142891094,0.09401198403023922
120.0,17.0,-43.270386,3454.8464,51034153.72183484,0.09681334673666014
121.0,17.0,-43.064774,3454.8464,50503483.1709526,0.0996328427913324
114.877304,18.0,-44.0,3454.8464,53734662.64503223,0.08318023746975838
114.0,18.624844,-44.0,3454.8464,54177238.61889264,0.08114753098381274
115.0,18.0,-43.978817,3454.8464,53667970.41805743,0.0835147381812207
116.0,18.0,-43.80198,3454.8464,53128112.678051844,0.08624614079553905
117.0,18.0,-43.619102,3454.8464,52590161.008328214,0.0889947846890986
118.0,18.0,-43.43014,3454.8464,52054156.1508902,0.09176083243682867
119.0,18.0,-43.23505,3454.8464,51520139.04415272,0.09454443660005415
120.0,18.0,-43.03379,3454.8464,50988150.73659409,0.0973457397917898
112.0,19.947336,-44.0,3454.8464,55194213.67249686,0.07652216702063343
113.46133,19.0,-44.0,3454.8464,54451034.60298751,0.07989857226163022
113.0,19.3039,-44.0,3454.8464,54684473.72966473,0.07883315267073229
114.0,19.0,-43.909695,3454.8464,54158044.50872457,0.0813557002814175
115.0,19.0,-43.73699,3454.8464,53616942.96261892,0.08407129136472682
116.0,19.0,-43.558277,3454.8464,53077736.58580042,0.0868036798774223
117.0,19.0,-43.373505,3454.8464,52540465.3897724,0.08955302899263728
118.0,19.0,-43.18263,3454.8464,52005169.64870995,0.09231949198166645
111.91637,20.0,-44.0,3454.8464,55237211.222952075,0.07632849721497507
111.0,20.547459,-44.0,3454.8464,55706294.320650205,0.07421423938448571
112.0,20.0,-43.98674,3454.8464,55191392.130941756,0.07655260481836412
113.0,20.0,-43.824013,3454.8464,54647210.35078483,0.07923684846375915
114.0,20.0,-43.655342,3454.8464,54104876.477341965,0.08193726835909945
115.0,20.0,-43.48068,3454.8464,53564429.31098653,0.0846540374763288
116.0,20.0,-43.299984,3454.8464,53025908.06515266,0.08738731903540163
117.0,20.0,-43.113213,3454.8464,52489352.28015859,0.09013726648734369
109.0,21.662468,-44.0,3454.8464,56738068.5225503,0.06960594500352378
110.22173,21.0,-44.0,3454.8464,56107232.22363451,0.07241871741198926
110.0,21.12266,-44.0,3454.8464,56220978.94517076,0.07190893868550145
111.0,21.0,-43.880657,3454.8464,55681015.90364727,0.0744867677455208
112.0,21.0,-43.721832,3454.8464,55135612.81568185,0.07715693161199977
113.0,21.0,-43.557083,3454.8464,54592052.561900005,0.0798428212625967
114.0,21.0,-43.38637,3454.8464,54050373.020781554,0.08254460899351085
115.0,21.0,-43.20965,3454.8464,53510612.54502333,0.08526245752295471
116.0,21.0,-43.02687,3454.8464,52972809.87614061,0.08799651995266994
107.0,22.665068,-44.0,3454.8464,57779880.05002655,0.06500549674932353
108.35653,22.0,-44.0,3454.8464,57072948.370383605,0.06812360605856568
108.0,22.17838,-44.0,3454.8464,57257740.807130076,0.06730490788246206
109.0,22.0,-43.90737,3454.8464,56718468.918155484,0.0698163734188569
110.0,22.0,-43.7582,3454.8464,56170038.46050938,0.07245800309841792
111.0,22.0,-43.603184,3454.8464,55623412.02074154,0.075114726734424
112.0,22.0,-43.442265,3454.8464,55078625.883764096,0.07778672467860376
113.0,22.0,-43.2754,3454.8464,54535716.95129651,0.08047416799136381
114.0,22.0,-43.102547,3454.8464,53994722.657736555,0.08317721834598837
104.0,23.99073,-44.0,3454.8464,59361749.563795134,0.058114057174115795
105.0,23.568472,-44.0,3454.8464,58831827.39260596,0.0604103361208604
106.28984,23.0,-44.0,3454.8464,58152956.657834455,0.0633721200618199
106.0,23.1307,-44.0,3454.8464,58304630.735772856,0.06270742240150914
107.0,23.0,-43.90456,3454.8464,57759734.963145405,0.06522104450138025
108.0,23.0,-43.76487,3454.8464,57208302.00749374,0.06783585868597242
109.0,23.0,-43.619392,3454.8464,56658639.7108648,0.07046513038906514
110.0,23.0,-43.468082,3454.8464,56110782.52476078,0.07310904686612874
111.0,23.0,-43.310894,3454.8464,55564765.65373948,0.0757677864574259
112.0,23.0,-43.14778,3454.8464,55020624.97336869,0.07844151843690025
102.0,24.760994,-44.0,3454.8464,60429010.46946807,0.05352248458649726
103.977356,24.0,-44.0,3454.8464,59373842.815184504,0.058061948342527654
103.0,24.383547,-44.0,3454.8464,59894022.72937851,0.05581813236235421
104.0,24.0,-43.997272,3454.8464,59361174.68143166,0.05812017127160335
105.0,24.0,-43.872574,3454.8464,58805035.10099354,0.06069625500090207
106.0,24.0,-43.742195,3454.8464,58250607.19063944,0.06328595710207514
107.0,24.0,-43.60609,3454.8464,57697922.35832851,0.0658894790398014
108.0,24.0,-43.46422,3454.8464,57147013.03310843,0.0685070148122921
109.0,24.0,-43.31653,3454.8464,56597912.48725934,0.0711387482349303
110.0,24.0,-43.16298,3454.8464,56050654.80446041,0.07378485508528232
111.0,24.0,-43.003525,3454.8464,55505274.79035066,0.07644550231166748
99.0,25.776056,-44.0,3454.8464,62049435.08053467,0.046634281530274144
100.0,25.45501,-44.0,3454.8464,61506657.43815829,0.04893074831126943
101.34191,25.0,-44.0,3454.8464,60783190.1579029,0.05201057168935852
101.0,25.119267,-44.0,3454.8464,60966590.782336146,0.051226799918554125
102.0,25.0,-43.92731,3454.8464,60413770.03758689,0.05368432060277578
103.0,25.0,-43.811707,3454.8464,59854644.61441566,0.05623760647484313
104.0,25.0,-43.69048,3454.8464,59297211.721339166,0.058803873729745826
105.0,25.0,-43.56359,3454.8464,58741500.44510692,0.06138332763080655
106.0,25.0,-43.430992,3454.8464,58187540.97649239,0.06397616432106401
107.0,25.0,-43.29264,3454.8464,57635364.383423224,0.06658257347174316
108.0,25.0,-43.14849,3454.8464,57085002.79559307,0.0692027367077116
95.0,26.88373,-44.0,3454.8464,64246526.40015111,0.037439133317896264
96.0,26.63019,-44.0,3454.8464,63693268.2881058,0.03973960909575844
97.0,26.362186,-44.0,3454.8464,63142698.96429832,0.04203887440533943
98.27014,26.0,-44.0,3454.8464,62447813.40201733,0.044956843050798424
98.0,26.079784,-44.0,3454.8464,62594828.602920055,0.04433710933080851
99.0,26.0,-43.929977,3454.8464,62034836.26624744,0.04678876715167934
100.0,26.0,-43.828842,3454.8464,61471036.527862154,0.04930874867223144
101.0,26.0,-43.72219,3454.8464,60908891.30718462,0.05184086844036162
102.0,26.0,-43.609978,3454.8464,60348425.923511714,0.05438534017603101
103.0,26.0,-43.492157,3454.8464,59789666.94136984,0.05694237094506123
104.0,26.0,-43.368687,3454.8464,59232642.1027743,0.05951216080230819
105.0,26.0,-43.239517,3454.8464,58677380.261938035,0.06209490264535962
106.0,26.0,-43.10461,3454.8464,58123911.3785027,0.06469078100168797
90.0,27.904638,-44.0,3454.8464,67051813.67519518,0.02591120614952399
91.0,27.729769,-44.0,3454.8464,66485447.841120355,0.02822054272699717
92.0,27.540506,-44.0,3454.8464,65921738.67154998,0.030527875257537376
93.0,27.336933,-44.0,3454.8464,65360696.2761449,0.0328333444234981
94.51506,27.0,-44.0,3454.8464,64516398.92657323,0.03632198842316179
94.0,27.119125,-44.0,3454.8464,64802330.80998185,0.035137098184664345
95.0,27.0,-43.96284,3454.8464,64238842.14675799,0.03752011167787054
96.0,27.0,-43.881294,3454.8464,63668734.600552514,0.0399987448799085
97.0,27.0,-43.794365,3454.8464,63100237.18302751,0.04248845543583128
98.0,27.0,-43.702015,3454.8464,62533369.65284187,0.044989467721247706
99.0,27.0,-43.6042,3454.8464,61968153.212703064,0.04750200101071465
100.0,27.0,-43.50087,3454.8464,61404610.454230964,0.050026269044252517
101.0,27.0,-43.391987,3454.8464,60842765.299737886,0.052562479614510695
102.0,27.0,-43.277508,3454.8464,60282642.9412323,0.05511083418524384
103.0,27.0,-43.157387,3454.8464,59724269.77658411,0.05767152752360907
104.0,27.0,-43.03158,3454.8464,59167673.34309302,0.06024474736316555
79.0,28.828203,-44.0,3454.8464,73453490.09508856,0.000341796829978987
80.0,28.818316,-44.0,3454.8464,72858547.44970821,0.002680276942495637
81.0,28.79331,-44.0,3454.8464,72266172.60343222,0.005015764806315882
82.0,28.753315,-44.0,3454.8464,71676374.87318592,0.0073483098705099895
83.0,28.698452,-44.0,3454.8464,71089163.67878728,0.009677969874258547
84.0,28.628838,-44.0,3454.8464,70504548.54261632,0.012004810818233916
85.0,28.544582,-44.0,3454.8464,69922539.08755454,0.01432890691919689
86.0,28.445795,-44.0,3454.8464,69343145.03414705,0.016650340547731547
87.0,28.332575,-44.0,3454.8464,68766376.18717022,0.018969200442398023
88.0,28.20502,-44.0,3454.8464,68192242.40023346,0.021285588510261383
89.4068,28.0,-44.0,3454.8464,67389546.174353,0.02453948768888463
89.0,28.063229,-44.0,3454.8464,67620753.84666207,0.023599610990540636
90.0,28.0,-43.969032,3454.8464,67045501.08517036,0.025977532502739528
91.0,28.0,-43.91186,3454.8464,66467463.368474245,0.028409805643235447
92.0,28.0,-43.84947,3454.8464,65891003.773097105,0.030851876503068316
93.0,28.0,-43.78182,3454.8464,65316134.36237403,0.03330397648425216
94.0,28.0,-43.70887,3454.8464,64742868.82595471,0.035766334118671195
95.0,28.0,-43.630585,3454.8464,64171222.44236057,0.03823917457155268
96.0,28.0,-43.546917,3454.8464,63601212.0377603,0.040722719157178774
97.0,28.0,-43.45783,3454.8464,63032855.9410868,0.0432171848689864
98.0,28.0,-43.363277,3454.8464,62466173.935662314,0.04572278392625316
99.0,28.0,-43.26322,3454.8464,61901187.207480624,0.04823972333943838
100.0,28.0,-43.157616,3454.8464,61337918.290318966,0.05076820449623142
101.0,28.0,-43.046417,3454.8464,60776391.00782843,0.05330842276787559
79.0,29.0,-43.944862,3454.8464,73442758.158521,0.0004546461338287461
80.0,29.0,-43.941433,3454.8464,72847093.08417898,0.002800683644044008
81.0,29.0,-43.93308,3454.8464,72253026.46428502,0.005153937241754017
82.0,29.0,-43.91978,3454.8464,71660551.8704596,0.007514627241616777
83.0,29.0,-43.901505,3454.8464,71069664.59505749,0.009882976396941691
84.0,29.0,-43.87823,3454.8464,70480361.66099855,0.012259209422112541
85.0,29.0,-43.84993,3454.8464,69892641.82647955,0.014643552504606666
86.0,29.0,-43.81657,3454.8464,69306505.58627865,0.017036232808177836
87.0,29.0,-43.778122,3454.8464,68721955.16069727,0.019437476651425326
88.0,29.0,-43.734547,3454.8464,68138994.4532043,0.021847514393725728
89.0,29.0,-43.685818,3454.8464,67557629.24140266,0.024266572843996956
90.0,29.0,-43.631897,3454.8464,66977866.81248868,0.026694875491066437
91.0,29.0,-43.572746,3454.8464,66399716.202702224,0.02913264808701154
92.0,29.0,-43.50833,3454.8464,65823188.08784563,0.03158011299472532
93.0,29.0,-43.438614,3454.8464,65248294.76102404,0.03403749000746352
94.0,29.0,-43.363552,3454.8464,64675050.09897632,0.03650499585853756
95.0,29.0,-43.28311,3454.8464,64103469.52456581,0.03898284374176436
96.0,29.0,-43.197243,3454.8464,63533569.96554007,0.04147124284489282
97.0,29.0,-43.105915,3454.8464,62965369.80972056,0.04397039789809766
98.0,29.0,-43.009083,3454.8464,62398888.85675533,0.046480508739696745
79.0,30.0,-43.611774,3454.8464,73379151.40916704,0.0011323472148245107
80.0,30.0,-43.606857,3454.8464,72782912.81913298,0.003484381074105951
81.0,30.0,-43.59696,3454.8464,72188312.6570419,0.005843631883276568
82.0,30.0,-43.58206,3454.8464,71595345.17715335,0.008210311011814457
83.0,30.0,-43.56214,3454.8464,71004006.31592871,0.010584631952973668
84.0,30.0,-43.537167,3454.8464,70414293.7010317,0.012966809853186764
85.0,30.0,-43.50711,3454.8464,69826206.65548818,0.015357061032065222
86.0,30.0,-43.471947,3454.8464,69239746.19805121,0.017755602494688157
87.0,30.0,-43.431644,3454.8464,68654915.03491306,0.02016265071579906
88.0,30.0,-43.386166,3454.8464,68071717.43181074,0.0225784241699673
89.0,30.0,-43.335484,3454.8464,67490159.71198463,0.025003138633865926
90.0,30.0,-43.27956,3454.8464,66910249.45025125,0.02743700766534402
91.0,30.0,-43.21836,3454.8464,66331995.99178009,0.02988024494241254
92.0,30.0,-43.15185,3454.8464,65755410.28167619,0.03233306117236599
93.0,30.0,-43.07999,3454.8464,65180504.8387825,0.03479566429381181
94.0,30.0,-43.002743,3454.8464,64607293.72188369,0.037268259003194505
79.0,31.0,-43.26378,3454.8464,73315700.42460865,0.0018349967285231311
80.0,31.0,-43.25732,3454.8464,72718890.3329412,0.004193046330173115
81.0,31.0,-43.24583,3454.8464,72123759.44620362,0.006558308439096619
82.0,31.0,-43.229282,3454.8464,71530302.70754641,0.008930985201812245
83.0,31.0,-43.207653,3454.8464,70938516.70277639,0.011311280574962074
84.0,31.0,-43.180916,3454.8464,70348399.66851921,0.013699399862359922
85.0,31.0,-43.149048,3454.8464,69759951.4958263,0.016095549243601258
86.0,31.0,-43.11202,3454.8464,69173173.72959575,0.018499935296151786
87.0,31.0,-43.069798,3454.8464,68588069.55732292,0.020912764398861944
88.0,31.0,-43.02235,3454.8464,68004643.62401953,0.023334242851792864
129.98622,0.0,-43.0,3454.8464,46183703.8850077,0.12135087685096474
130.0,0.0,-42.99655,3454.8464,46176447.1809065,0.121393247658897
131.0,0.0,-42.74269,3454.8464,45654502.49010021,0.12447035005193378
132.0,0.0,-42.48219,3454.8464,45134827.812668145,0.1275717149020994
133.0,0.0,-42.215,3454.8464,44617468.312436,0.1306974449437788
129.95811,1.0,-43.0,3454.8464,46195927.422039926,0.12128457715747565
130.0,1.0,-42.989517,3454.8464,46173880.04557412,0.12141330784093322
131.0,1.0,-42.7356,3454.8464,45651963.344847545,0.12449044574478212
132.0,1.0,-42.475037,3454.8464,45132317.29373053,0.12759183615784767
133.0,1.0,-42.20779,3454.8464,44614987.03734586,0.130717581605207
129.87375,2.0,-43.0,3454.8464,46235820.637606055,0.12107722817020396
130.0,2.0,-42.968414,3454.8464,46169401.271195576,0.12146499783998209
131.0,2.0,-42.71432,3454.8464,45647578.752248526,0.1245418975696955
132.0,2.0,-42.45358,3454.8464,45128028.93443261,0.12764301077297596
133.0,2.0,-42.186153,3454.8464,44610796.90172631,0.13076843921148606
129.73293,3.0,-43.0,3454.8464,46302329.76970184,0.1207316522160918
130.0,3.0,-42.93322,3454.8464,46161956.63307538,0.12155103436247641
131.0,3.0,-42.678833,3454.8464,45640290.98000313,0.12462753494830844
132.0,3.0,-42.417797,3454.8464,45120901.44100052,0.12772818402724312
133.0,3.0,-42.150074,3454.8464,44603832.998197116,0.13085308209369384
129.53534,4.0,-43.0,3454.8464,46395485.66727117,0.1202478561299973
130.0,4.0,-42.88391,3454.8464,46151576.03077424,0.12167124795217615
131.0,4.0,-42.629112,3454.8464,45630129.77189796,0.12474718516526642
132.0,4.0,-42.36766,3454.8464,45110964.39207564,0.12784718006451481
133.0,4.0,-42.09952,3454.8464,44594124.73097791,0.1309713313808915
129.28055,5.0,-43.0,3454.8464,46515331.89899085,0.11962584607765445
129.0,5.897819,-43.0,3454.8464,46646928.99637665,0.11894335547621288
130.0,5.0,-42.820442,3454.8464,46138301.16579787,0.12182540287808424
131.0,5.0,-42.565117,3454.8464,45617136.6110774,0.1249006079692773
132.0,5.0,-42.30313,3454.8464,45098259.03938401,0.12799975427867605
133.0,5.0,-42.03446,3454.8464,44581713.10744834,0.1311229382881755
128.96793,6.0,-43.0,3454.8464,46662174.793009214,0.11886486443289113
129.0,6.0,-42.99212,3454.8464,46645255.34533633,0.1189625958823219
130.0,6.0,-42.742767,3454.8464,46122185.384949386,0.12201319862480034
131.0,6.0,-42.486794,3454.8464,45601364.56313744,0.12508749710525804
132.0,6.0,-42.22416,3454.8464,45082838.150625125,0.12818559488732642
128.59619,7.0,-43.0,3454.8464,46838474.86289151,0.117957611744816
129.0,7.0,-42.900932,3454.8464,46625967.01039935,0.11918459323007387
130.0,7.0,-42.65082,3454.8464,46103293.48066402,0.12223427178407761
131.0,7.0,-42.39408,3454.8464,45582878.07614267,0.1253074822586513
132.0,7.0,-42.13068,3454.8464,45064765.80924528,0.12840432492861986
128.16502,8.0,-43.0,3454.8464,47042129.66698817,0.11691069474808044
128.0,8.336622,-43.0,3454.8464,47119824.63641025,0.11651155899279639
129.0,8.0,-42.795517,3454.8464,46603918.58970617,0.11943960893876229
130.0,8.0,-42.54453,3454.8464,46081701.4496187,0.12248819832962825
131.0,8.0,-42.286907,3454.8464,45561752.73887407,0.12556013139335528
132.0,8.0,-42.022617,3454.8464,45044117.17241819,0.12865550466191644
127.67268,9.0,-43.0,3454.8464,47275850.547699675,0.11571604248228626
128.0,9.0,-42.921173,3454.8464,47103133.49210053,0.11670287375509836
129.0,9.0,-42.67579,3454.8464,46579197.44705432,0.11972717037111352
130.0,9.0,-42.423805,3454.8464,46057496.21114157,0.12277449625385567
131.0,9.0,-42.165184,3454.8464,45538074.998854764,0.12584495346100538
127.11824,10.0,-43.0,3454.8464,47538946.08029978,0.1143759766724696
127.0,10.192304,-43.0,3454.8464,47594849.56438805,0.11409141652586995
128.0,10.0,-42.78814,3454.8464,47075275.974716276,0.11702367111175031
129.0,10.0,-42.54165,3454.8464,46551901.598067194,0.12004675090506935
130.0,10.0,-42.28855,3454.8464,46030775.2872041,0.12309262854182967
131.0,10.0,-42.028812,3454.8464,45511941.84194894,0.1261614014561371
126.499405,11.0,-43.0,3454.8464,47834325.49104538,0.1128817240326668
126.0,11.731411,-43.0,3454.8464,48072012.77249263,0.11168226937557962
127.0,11.0,-42.881832,3454.8464,47569867.82808406,0.11437683474384282
128.0,11.0,-42.640697,3454.8464,47044894.92047462,0.11737608312593911
129.0,11.0,-42.392986,3454.8464,46522139.40495978,0.1203977730006731
130.0,11.0,-42.13866,3454.8464,46001646.44600743,0.12344200645531446
125.814964,12.0,-43.0,3454.8464,48161089.964307785,0.11123619415106269
126.0,12.0,-42.95712,3454.8464,48062924.632246666,0.11178567331647396
127.0,12.0,-42.7212,3454.8464,47536422.802637175,0.11476155348144533
128.0,12.0,-42.478733,3454.8464,47012109.174092546,0.11775949747722506
129.0,12.0,-42.229683,3454.8464,46490029.10568415,0.12077961187241493
125.062325,13.0,-43.0,3454.8464,48521647.89182571,0.10943202377361264
125.0,13.076381,-43.0,3454.8464,48551372.84669479,0.10928336833689474
126.0,13.0,-42.78338,3454.8464,48026452.47590609,0.11220211132589092
127.0,13.0,-42.54602,3454.8464,47500646.77461027,0.11517679648591314
128.0,13.0,-42.302105,3454.8464,46977047.135465,0.11817325895094077
129.0,13.0,-42.051598,3454.8464,46455698.448670276,0.12119159905713198
124.2384,14.0,-43.0,3454.8464,48918551.74079612,0.1074612375758705
124.0,14.267823,-43.0,3454.8464,49032894.69343942,0.10689418625285205
125.0,14.0,-42.82745,3454.8464,48514971.566256054,0.1096966109274394
126.0,14.0,-42.595062,3454.8464,47987734.66442566,0.1126485643295691
127.0,14.0,-42.35615,3454.8464,47462677.91660525,0.11562188382760898
128.0,14.0,-42.110676,3454.8464,46939846.3088327,0.11861667325443871
123.340645,15.0,-43.0,3454.8464,49352432.59178215,0.10532172530201207
123.0,15.352178,-43.0,3454.8464,49516660.94442552,0.10451397374699259
124.0,15.0,-42.853607,3454.8464,49001987.863120295,0.10724382709470806
125.0,15.0,-42.62606,3454.8464,48473375.32238058,0.11017361094632692
126.0,15.0,-42.392017,3454.8464,47946918.73520322,0.11312433328523586
127.0,15.0,-42.15144,3454.8464,47422663.08592101,0.11609610105640966
122.365364,16.0,-43.0,3454.8464,49825694.52080877,0.10300567066035315
122.0,16.348791,-43.0,3454.8464,50002689.430804946,0.10214214229608529
123.0,16.0,-42.862038,3454.8464,49487528.99463166,0.10484247015232684
124.0,16.0,-42.6392,3454.8464,48957590.95956111,0.10775067721514067
125.0,16.0,-42.40989,3454.8464,48429786.485473335,0.11067938025344569
126.0,16.0,-42.174076,3454.8464,47904160.46522758,0.11362868913996967
121.308304,17.0,-43.0,3454.8464,50340994.6515556,0.10050421935699783
121.0,17.27253,-43.0,3454.8464,50491006.71009346,0.09977810680776521
122.0,17.0,-42.852898,3454.8464,49971642.05770284,0.10249120145503277
123.0,17.0,-42.634636,3454.8464,49440423.14587274,0.1053784495867093
124.0,17.0,-42.409935,3454.8464,48911317.32703315,0.10828573873624059
125.0,17.0,-42.178753,3454.8464,48384369.29152158,0.11121318058380196
119.0,18.942564,-43.0,3454.8464,51474617.56276795,0.09507118580544843
120.164505,18.0,-43.0,3454.8464,50901279.85820296,0.09780730705674427
120.0,18.134972,-43.0,3454.8464,50981647.73283346,0.09742129204600897
121.0,18.0,-42.826336,3454.8464,50454393.11914708,0.10018864629154028
122.0,18.0,-42.612522,3454.8464,49921932.39514481,0.10305557488428727
123.0,18.0,-42.3923,3454.8464,49391566.26661894,0.10594207805282493
124.0,18.0,-42.165623,3454.8464,48863339.17581183,0.1088482693675464
118.92776,19.0,-43.0,3454.8464,51510564.272188425,0.09490107609216483
118.0,19.697313,-43.0,3454.8464,51969861.160922326,0.09272734988449534
119.0,19.0,-42.985615,3454.8464,51471569.79357199,0.09510511356412826
120.0,19.0,-42.782475,3454.8464,50935866.71263544,0.09793340718004725
121.0,19.0,-42.57299,3454.8464,50402197.60808462,0.10078067302039209
122.0,19.0,-42.35712,3454.8464,49870606.70200551,0.10364703687303467
123.0,19.0,-42.134827,3454.8464,49341138.035979055,0.10653261418336149
117.5898,20.0,-43.0,3454.8464,52174602.3648462,0.09176550932828759
117.0,20.412668,-43.0,3454.8464,52467516.17468369,0.09038914099701983
118.0,20.0,-42.920387,3454.8464,51953035.194718055,0.09291429211359958
119.0,20.0,-42.721424,3454.8464,51416165.26301373,0.09572407740850597
120.0,20.0,-42.516148,3454.8464,50881315.56593701,0.09855234968440357
121.0,20.0,-42.304512,3454.8464,50348529.809871934,0.10139923573216977
122.0,20.0,-42.08647,3454.8464,49817851.60268807,0.10426485166180581
115.0,21.734184,-43.0,3454.8464,53470078.636460215,0.08572779813057933
116.14373,21.0,-43.0,3454.8464,52896064.452620536,0.08839006889432174
116.0,21.093733,-43.0,3454.8464,52967642.49085093,0.08805605894431488
117.0,21.0,-42.838177,3454.8464,52433425.35210587,0.09076729049807587
118.0,21.0,-42.643276,3454.8464,51895408.4339996,0.09355925191811496
119.0,21.0,-42.44209,3454.8464,51359400.29342734,0.09636920903864186
120.0,21.0,-42.234566,3454.8464,50825444.04100269,0.09919728908436143
121.0,21.0,-42.020664,3454.8464,50293582.75792845,0.10204360866478893
113.0,22.92861,-43.0,3454.8464,54482414.332691394,0.0810835987126713
114.576126,22.0,-43.0,3454.8464,53684686.056039974,0.08474027167422696
114.0,22.344387,-43.0,3454.8464,53974973.9011713,0.08340379490417055
115.0,22.0,-42.923786,3454.8464,53453989.196852714,0.0859052484951815
116.0,22.0,-42.73905,3454.8464,52912882.1517076,0.08866271241109894
117.0,22.0,-42.5481,3454.8464,52373732.44401671,0.09143753837548133
118.0,22.0,-42.350883,3454.8464,51836582.38800515,0.09422986422391716
119.0,22.0,-42.147358,3454.8464,51301474.424373746,0.09703981712701779
112.875305,23.0,-43.0,3454.8464,54546237.95926292,0.08079371002768757
112.0,23.478817,-43.0,3454.8464,54992159.82645427,0.07876692324963278
113.0,23.0,-42.978745,3454.8464,54477924.00327248,0.08113287204690012
114.0,23.0,-42.803978,3454.8464,53933788.54845308,0.08385767181956706
115.0,23.0,-42.623062,3454.8464,53391563.248394445,0.08659918760728114
116.0,23.0,-42.435947,3454.8464,52851289.332125,0.08935756719699334
117.0,23.0,-42.242596,3454.8464,52313008.309512675,0.09213294776178427
118.0,23.0,-42.042953,3454.8464,51776761.88166387,0.09492545593030424
109.0,24.995293,-43.0,3454.8464,56536772.27280122,0.07183353979804528
110.0,24.51039,-43.0,3454.8464,56019300.76754697,0.07414224845232686
111.021545,24.0,-43.0,3454.8464,55493607.23052285,0.07650289115872064
111.0,24.01099,-43.0,3454.8464,55504599.76919859,0.07645322067816886
112.0,24.0,-42.838516,3454.8464,54958234.80755894,0.07913908767141403
113.0,24.0,-42.667435,3454.8464,54412984.245280035,0.081849125308254
114.0,24.0,-42.49023,3454.8464,53869641.2703474,0.08457538084129336
115.0,24.0,-42.306847,3454.8464,53328246.18270213,0.08731800072598074
116.0,24.0,-42.11725,3454.8464,52788839.62506876,0.090077120966745
107.0,25.890915,-43.0,3454.8464,57579015.90744922,0.06722167836179693
108.99007,25.0,-43.0,3454.8464,56541958.43765342,0.07181054414375346
108.0,25.450212,-43.0,3454.8464,57056511.906767115,0.0695267968131746
109.0,25.0,-42.998497,3454.8464,56536455.657653175,0.07183698638574054
110.0,25.0,-42.84308,3454.8464,55986383.39180519,0.0745019765523577
111.0,25.0,-42.68165,3454.8464,55438141.597044066,0.0771823671945881
112.0,25.0,-42.51416,3454.8464,54891768.520322174,0.0798783233794471
113.0,25.0,-42.34056,3454.8464,54347302.98708438,0.0825899999697146
114.0,25.0,-42.160812,3454.8464,53804784.3131412,0.08531754157091538
105.0,26.707092,-43.0,3454.8464,58631473.42994559,0.06261499099568475
106.74568,26.0,-43.0,3454.8464,57712920.51646353,0.06663443061126095
106.0,26.307552,-43.0,3454.8464,58103922.06603995,0.06491783297334566
107.0,26.0,-42.964054,3454.8464,57571466.1036047,0.06730362913716972
108.0,26.0,-42.81804,3454.8464,57018451.51433693,0.06994145335837584
109.0,26.0,-42.666077,3454.8464,56467235.71759176,0.07259401570715335
110.0,26.0,-42.508125,3454.8464,55917855.099022105,0.07526148829427437
111.0,26.0,-42.344128,3454.8464,55370346.7627595,0.0779440333745624
112.0,26.0,-42.174046,3454.8464,54824748.445279315,0.08064180323481822
102.0,27.798868,-43.0,3454.8464,60229662.69429146,0.0557095357845757
103.0,27.451199,-43.0,3454.8464,59694288.84372081,0.05801109135202895
104.24214,27.0,-43.0,3454.8464,59033667.91637539,0.06086915340162163
104.0,27.090162,-43.0,3454.8464,59161672.434255734,0.06031287321357833
105.0,27.0,-42.900486,3454.8464,58610672.77229632,0.06284031608821733
106.0,27.0,-42.76371,3454.8464,58054710.14728983,0.06545276750159865
107.0,27.0,-42.621048,3454.8464,57500520.44708119,0.0680792966296781
108.0,27.0,-42.47246,3454.8464,56948138.05799484,0.07072008131825094
109.0,27.0,-42.317894,3454.8464,56397598.13677396,0.07337529007625894
110.0,27.0,-42.157303,3454.8464,55848936.607334286,0.07604508182256305
99.0,28.739891,-43.0,3454.8464,61851279.29495849,0.048803138518331624
100.0,28.441195,-43.0,3454.8464,61308074.90900662,0.05110574404598364
101.39993,28.0,-43.0,3454.8464,60552932.36108631,0.05432707563856258
101.0,28.129389,-43.0,3454.8464,60767616.84310244,0.0534078587052035
102.0,28.0,-42.92996,3454.8464,60215073.16588952,0.05586689972829639
103.0,28.0,-42.808037,3454.8464,59654416.64399128,0.05844250209133288
104.0,28.0,-42.680344,3454.8464,59095482.5014185,0.061031336055043156
105.0,28.0,-42.54683,3454.8464,58538301.72063321,0.06363359270989961
106.0,28.0,-42.407448,3454.8464,57982906.368293986,0.06624945445431585
107.0,28.0,-42.26215,3454.8464,57429329.371480145,0.06887909489252324
108.0,28.0,-42.110886,3454.8464,56877604.67801225,0.07152267836685806
95.0,29.781303,-43.0,3454.8464,64050311.992607266,0.03958252181816168
96.0,29.542059,-43.0,3454.8464,63496541.94871705,0.04188952810443389
97.0,29.289854,-43.0,3454.8464,62945496.41769775,0.04419522736537172
98.089584,29.0,-43.0,3454.8464,62348423.38658722,0.046705778386112895
98.0,29.02475,-43.0,3454.8464,62397186.095220536,0.0464998027608815
99.0,29.0,-42.907284,3454.8464,61832089.16799873,0.0490095517462573
100.0,29.0,-42.79992,3454.8464,61266746.75812731,0.051551509734749736
101.0,29.0,-42.68689,3454.8464,60703088.753927834,0.05410584986396644
102.0,29.0,-42.568142,3454.8464,60141142.36246161,0.0566727734071924
103.0,29.0,-42.44363,3454.8464,59580936.020633385,0.05925247393947151
104.0,29.0,-42.31331,3454.8464,59022499.32383509,0.061845137001433764
105.0,29.0,-42.17713,3454.8464,58465862.951637685,0.06445093981347717
106.0,29.0,-42.035046,3454.8464,57911058.59679107,0.06707005098495289
89.0,30.91773,-43.0,3454.8464,67428310.13463305,0.025701610341076785
90.0,30.761536,-43.0,3454.8464,66858621.108401224,0.028020327257998294
91.0,30.592329,-43.0,3454.8464,66291613.49001607,0.03033678652865777
92.0,30.410181,-43.0,3454.8464,65727297.91046162,0.03265112450980294
93.0,30.215162,-43.0,3454.8464,65165685.04979727,0.03496348492069641
94.03349,30.0,-43.0,3454.8464,64588195.565462016,0.037351226244223865
94.0,30.007343,-43.0,3454.8464,64606785.62304942,0.03727401863659276
95.0,30.0,-42.920662,3454.8464,64034031.00280125,0.03975705224305017
96.0,30.0,-42.833122,3454.8464,63462325.844282486,0.04225715204253636
97.0,30.0,-42.74005,3454.8464,62892258.956399575,0.04476857737872124
98.0,30.0,-42.641415,3454.8464,62323851.96524844,0.04729154255051629
99.0,30.0,-42.537155,3454.8464,61757127.93772107,0.049826255703614986
100.0,30.0,-42.42723,3454.8464,61192111.32192971,0.05237291840216313
101.0,30.0,-42.311596,3454.8464,60628827.8845564,0.05493172522614087
102.0,30.0,-42.190205,3454.8464,60067304.64539616,0.05750286340103454
103.0,30.0,-42.06301,3454.8464,59507569.81033353,0.06008651244789611
78.0,31.735086,-43.0,3454.8464,73867947.25728568,1.3396116867446349e-05
79.0,31.728043,-43.0,3454.8464,73269439.99591643,0.0023637325752745852
80.0,31.70726,-43.0,3454.8464,72673521.90585442,0.004710882457158802
81.0,31.672855,-43.0,3454.8464,72080202.79293822,0.0070548895231077186
82.0,31.62494,-43.0,3454.8464,71489492.57106403,0.0093958059063638
83.0,31.563622,-43.0,3454.8464,70901401.26169994,0.011733692084924134
84.0,31.489,-43.0,3454.8464,70315938.99195306,0.01406861683625797
85.0,31.401176,-43.0,3454.8464,69733115.99123165,0.016400657174697228
86.0,31.300243,-43.0,3454.8464,69152942.5865247,0.018729898271652383
87.0,31.18629,-43.0,3454.8464,68575429.15607563,0.021056433370906187
88.42648,31.0,-43.0,3454.8464,67756767.65306005,0.024369850935157547
88.0,31.059404,-43.0,3454.8464,68000586.11334488,0.023380363687333164
89.0,31.0,-42.969933,3454.8464,67422235.81372055,0.025766494910680574
90.0,31.0,-42.912453,3454.8464,66840916.46266095,0.02820971419402585
91.0,31.0,-42.84966,3454.8464,66261187.78113261,0.030662759086526076
92.0,31.0,-42.7815,3454.8464,65683061.96253312,0.033125857637393785
93.0,31.0,-42.707947,3454.8464,65106552.87720482,0.03559923452682365
94.0,31.0,-42.628952,3454.8464,64531676.034612596,0.03808311054516526
95.0,31.0,-42.544468,3454.8464,63958448.54155366,0.040577702085707115
96.0,31.0,-42.454456,3454.8464,63386889.05656478,0.04308322065351179
97.0,31.0,-42.35887,3454.8464,62817017.74066053,0.04559987239259212
98.0,31.0,-42.257668,3454.8464,62248856.20457777,0.04812785763370458
99.0,31.0,-42.150803,3454.8464,61682427.45269835,0.05066737046494667
100.0,31.0,-42.038227,3454.8464,61117755.82382473,0.05321859832709833
78.0,32.0,-42.90472,3454.8464,73849622.07302125,0.00020986264819313987
79.0,32.0,-42.90175,3454.8464,73250449.20898438,0.0025672273298686186
80.0,32.0,-42.893764,3454.8464,72652893.85936518,0.004931848180659557
81.0,32.0,-42.880745,3454.8464,72056949.2884257,0.007303944598991313
82.0,32.0,-42.862663,3454.8464,71462610.51976712,0.00968373818908977
83.0,32.0,-42.839493,3454.8464,70869874.34740451,0.012071452256693462
84.0,32.0,-42.8112,3454.8464,70278739.34211151,0.014467311293933784
85.0,32.0,-42.777752,3454.8464,69689205.85307184,0.01687154045545091
86.0,32.0,-42.73912,3454.8464,69101276.0048517,0.019284365027815418
87.0,32.0,-42.695267,3454.8464,68514953.53946301,0.02170600993932547
88.0,32.0,-42.646156,3454.8464,67930244.42266898,0.024136699042789186
89.0,32.0,-42.591755,3454.8464,67347155.87306193,0.026576654847944393
90.0,32.0,-42.532024,3454.8464,66765696.99462921,0.029026097808053063
91.0,32.0,-42.466923,3454.8464,66185878.58338514,0.03148524583435782
92.0,32.0,-42.396408,3454.8464,65607713.09759089,0.03395431377356982
93.0,32.0,-42.320446,3454.8464,65031214.62383509,0.036433512895122956
94.0,32.0,-42.23899,3454.8464,64456398.83911361,0.038923050390534175
95.0,32.0,-42.152004,3454.8464,63883282.96901965,0.0414231288872831
96.0,32.0,-42.059437,3454.8464,63311885.7422109,0.04393394597947965
78.0,33.0,-42.53218,3454.8464,73779701.41650936,0.0009728667553313103
79.0,33.0,-42.52752,3454.8464,73179876.91402236,0.003336985490263681
80.0,33.0,-42.517788,3454.8464,72581714.45331925,0.005708360401803305
81.0,33.0,-42.502956,3454.8464,71985208.0740416,0.008087200717436202
82.0,33.0,-42.483006,3454.8464,71390353.5316545,0.010473717514856373
83.0,33.0,-42.4579,3454.8464,70797148.30759735,0.01286812322609871
84.0,33.0,-42.427616,3454.8464,70205591.61479181,0.015270631132145216
85.0,33.0,-42.392124,3454.8464,69615684.39851385,0.01768145484993193
86.0,33.0,-42.351387,3454.8464,69027429.33266535,0.02010080781392472
87.0,33.0,-42.30537,3454.8464,68440830.74698931,0.022528902772995952
88.0,33.0,-42.254044,3454.8464,67855894.88572724,0.024965951191402012
89.0,33.0,-42.19737,3454.8464,67272629.46291772,0.0274121628440013
90.0,33.0,-42.135307,3454.8464,66691043.939310424,0.029867745219807906
91.0,33.0,-42.067825,3454.8464,66111149.41853889,0.03233290302984492
78.0,34.0,-42.143692,3454.8464,73710446.4280773,0.0017618863975583227
79.0,34.0,-42.13729,3454.8464,73109976.58610184,0.004132741309951868
80.0,34.0,-42.12575,3454.8464,72511214.00231172,0.006510845832310919
81.0,34.0,-42.109055,3454.8464,71914153.49461439,0.008896398741649035
82.0,34.0,-42.087173,3454.8464,71318791.55224755,0.01128960031355109
83.0,34.0,-42.060078,3454.8464,70725126.34502633,0.013690651835578257
84.0,34.0,-42.02774,3454.8464,70133157.7279971,0.0160997551122866
133.78702,0.0,-42.0,3454.8464,44212539.19699314,0.13317288752174636
134.0,0.0,-41.940872,3454.8464,44101173.57190849,0.13385854840918954
135.0,0.0,-41.659077,3454.8464,43582483.169317126,0.13708576151945662
136.0,0.0,-41.370335,3454.8464,43066216.2179713,0.14033963341002734
137.0,0.0,-41.074615,3454.8464,42552417.60076285,0.1436202317100078
133.76071,1.0,-42.0,3454.8464,44223664.06300339,0.13310981556144696
134.0,1.0,-41.933575,3454.8464,44098562.705401815,0.13388003360896067
135.0,1.0,-41.65172,3454.8464,43579904.498884134,0.13710724698072962
136.0,1.0,-41.362915,3454.8464,43063670.33675926,0.14036110742683977
137.0,1.0,-41.06713,3454.8464,42549905.0811961,0.14364168237762553
133.68173,2.0,-42.0,3454.8464,44260299.29207198,0.13291080944641215
134.0,2.0,-41.91168,3454.8464,44093995.11219799,0.13393455504188376
135.0,2.0,-41.62963,3454.8464,43575445.37702578,0.1371613692844212
136.0,2.0,-41.34064,3454.8464,43059321.59951231,0.1404147848581551
137.0,2.0,-41.04467,3454.8464,42545668.57415918,0.14369486846078278
133.5499,3.0,-42.0,3454.8464,44321372.942992955,0.13257919257126438
134.0,3.0,-41.87516,3454.8464,44086403.494172074,0.13402528414240175
135.0,3.0,-41.592804,3454.8464,43568034.40642174,0.13725143105826434
136.0,3.0,-41.3035,3454.8464,43052094.45857699,0.14050410317840636
137.0,3.0,-41.007214,3454.8464,42538628.33244568,0.14378336598528255
133.36494,4.0,-42.0,3454.8464,44406907.57716232,0.1321150532316227
134.0,4.0,-41.823997,3454.8464,44075819.31937025,0.1341520119651774
135.0,4.0,-41.541206,3454.8464,43557702.84784773,0.13737722021440263
136.0,4.0,-41.251465,3454.8464,43042019.957699984,0.14062884732447128
133.12648,5.0,-42.0,3454.8464,44516935.09630266,0.13151851168765744
133.0,5.433068,-42.0,3454.8464,44575169.80176457,0.1312029911466145
134.0,5.0,-41.75815,3454.8464,44062286.46782832,0.1343144479486137
135.0,5.0,-41.474796,3454.8464,43544494.291096,0.13753844184022485
136.0,5.0,-41.18449,3454.8464,43029141.382834814,0.14078871826616238
132.83401,6.0,-42.0,3454.8464,44652653.458516225,0.1307862739317979
133.0,6.0,-41.95467,3454.8464,44565658.54377006,0.1313157719548346
134.0,6.0,-41.677555,3454.8464,44045861.05781594,0.13451222185236306
135.0,6.0,-41.39352,3454.8464,43528464.4811606,0.13773472018347854
136.0,6.0,-41.102528,3454.8464,43013514.088339984,0.14098333503846822
132.48691,7.0,-42.0,3454.8464,44814214.68523294,0.12991819253636286
133.0,7.0,-41.86008,3454.8464,44545950.673775166,0.13155002751483505
134.0,7.0,-41.58216,3454.8464,44026611.224505536,0.1347448862140525
135.0,7.0,-41.297318,3454.8464,43509681.096857995,0.1379656011691237
136.0,7.0,-41.005512,3454.8464,42995205.27563561,0.14121223731756735
132.08441,8.0,-42.0,3454.8464,45000800.90600519,0.12891706195510969
132.0,8.184592,-42.0,3454.8464,45039816.64027493,0.12870788897847152
133.0,8.0,-41.750736,3454.8464,44523429.182046905,0.13181891879095448
134.0,8.0,-41.47189,3454.8464,44004616.85258926,0.13501191930019896
135.0,8.0,-41.186108,3454.8464,43488223.48340802,0.13823055542180118
131.62553,9.0,-42.0,3454.8464,45215154.1344891,0.12777506944648895
132.0,9.0,-41.89955,3454.8464,45018787.08541559,0.1289563164133843
133.0,9.0,-41.626553,3454.8464,44498185.9853402,0.13212186224898126
134.0,9.0,-41.34665,3454.8464,43979969.26467371,0.13531272852148346
135.0,9.0,-41.05981,3454.8464,43464182.340831816,0.1385289817633448
131.10934,10.0,-42.0,3454.8464,45455692.682478346,0.12649735126444128
131.0,10.191039,-42.0,3454.8464,45506455.39669414,0.12622796032885067
132.0,10.0,-41.761597,3454.8464,44990274.26049969,0.1292948110960666
133.0,10.0,-41.487423,3454.8464,44470324.16430108,0.13245820825848564
134.0,10.0,-41.20634,3454.8464,43952770.8675569,0.13564665427836303
130.5344,11.0,-42.0,3454.8464,45725309.92446433,0.1250756230382971
130.0,11.842517,-42.0,3454.8464,45975128.846220665,0.12376232437714368
131.0,11.0,-41.877304,3454.8464,45480788.74673582,0.12652997314271125
132.0,11.0,-41.608707,3454.8464,44959190.77414006,0.1296662670110538
133.0,11.0,-41.33324,3454.8464,44439957.57001389,0.13282724522984696
134.0,11.0,-41.050854,3454.8464,43923134.758749455,0.13601297419904762
129.89946,12.0,-42.0,3454.8464,46022697.64874592,0.1235142295970112
130.0,12.0,-41.973934,3454.8464,45969657.886301346,0.12382640012330352
131.0,12.0,-41.710773,3454.8464,45446492.82518792,0.12693601604730312
132.0,12.0,-41.44077,3454.8464,44925661.61186351,0.13006992718409502
133.0,12.0,-41.16388,3454.8464,44407210.39332258,0.13322820409546776
129.20265,13.0,-42.0,3454.8464,46350882.01966873,0.12180440120249013
129.0,13.268007,-42.0,3454.8464,46445845.76056696,0.12131023193733564
130.0,13.0,-41.79387,3454.8464,45932175.18606547,0.12426642378403924
131.0,13.0,-41.529182,3454.8464,45409823.076609954,0.12737372433995925
132.0,13.0,-41.25764,3454.8464,44889821.71042408,0.13050498258970483
128.4421,14.0,-42.0,3454.8464,46710280.29544769,0.11994518821204778
128.0,14.537139,-42.0,3454.8464,46918658.44151133,0.11887083262241108
129.0,14.0,-41.85822,3454.8464,46416203.77141862,0.12165633396100317
130.0,14.0,-41.598713,3454.8464,45892402.89802524,0.12473753072948716
131.0,14.0,-41.332375,3454.8464,45370924.79527183,0.1278422557994581
132.0,14.0,-41.059174,3454.8464,44851815.46107032,0.13097057707283324
127.61565,15.0,-42.0,3454.8464,47101836.39777431,0.11793399017740869
127.0,15.690041,-42.0,3454.8464,47393614.28389135,0.11644332865475784
128.0,15.0,-41.904053,3454.8464,46898565.36421655,0.11910448355879273
129.0,15.0,-41.64958,3454.8464,46373382.704696745,0.1221601282053909
130.0,15.0,-41.388306,3454.8464,45850496.24814857,0.12523885225413448
131.0,15.0,-41.120197,3454.8464,45329952.278394945,0.12834072665480042
126.72072,16.0,-42.0,3454.8464,47527399.12129615,0.11576533702138642
126.0,16.747803,-42.0,3454.8464,47870724.60211663,0.11402704364164205
127.0,16.0,-41.93156,3454.8464,47379267.35623147,0.11660952030706485
128.0,16.0,-41.681984,3454.8464,46852764.582876846,0.11964020405746488
129.0,16.0,-41.425636,3454.8464,46328532.96914439,0.1226935006078256
130.0,16.0,-41.162476,3454.8464,45806618.98569399,0.12576948364016793
125.75428,17.0,-42.0,3454.8464,47988990.892427474,0.11343306808710756
125.0,17.726635,-42.0,3454.8464,48350010.05643149,0.11162129448947719
126.0,17.0,-41.940933,3454.8464,47858337.4111817,0.11417001964921765
127.0,17.0,-41.696114,3454.8464,47330570.76203698,0.11717636811898743
128.0,17.0,-41.44455,3454.8464,46805051.86567119,0.12020484687693471
129.0,17.0,-41.186207,3454.8464,46281827.28168295,0.12325553200261673
124.71283,18.0,-42.0,3454.8464,48488830.221334346,0.11093022258880872
124.0,18.639175,-42.0,3454.8464,48831500.32579689,0.1092253992968683
125.0,18.0,-41.93234,3454.8464,48335823.05520849,0.11178450104930199
126.0,18.0,-41.69214,3454.8464,47806843.22770047,0.11476716924418583
127.0,18.0,-41.445225,3454.8464,47280089.48724949,0.11777147107858407
128.0,18.0,-41.19156,3454.8464,46755608.3860721,0.12079748467815452
123.59232,19.0,-42.0,3454.8464,49029357.9291842,0.10824891292019109
123.0,19.495413,-42.0,3454.8464,49315233.752137735,0.10683868467189765
124.0,19.0,-41.905922,3454.8464,48811791.19942849,0.10945144354606172
125.0,19.0,-41.67021,3454.8464,48281643.26623095,0.11241111105694719
126.0,19.0,-41.427814,3454.8464,47753701.59215848,0.11539190316537351
127.0,19.0,-41.178688,3454.8464,47228012.62769907,0.11839389967727078
122.38811,20.0,-42.0,3454.8464,49613267.91937545,0.10538017742496571
122.0,20.30333,-42.0,3454.8464,49801256.975696,0.10446049241748391
123.0,20.0,-41.86182,3454.8464,49286327.59936245,0.10716930047819791
124.0,20.0,-41.630466,3454.8464,48755050.94630295,0.1101066668900695
125.0,20.0,-41.392452,3454.8464,48225962.650622934,0.11306463817118004
126.0,20.0,-41.147736,3454.8464,47699108.96907948,0.11604329542962022
120.0,21.790482,-42.0,3454.8464,50780207.30247067,0.09972742919033535
121.094826,21.0,-42.0,3454.8464,50243543.34291661,0.10231380863025313
121.0,21.06936,-42.0,3454.8464,50289624.472190075,0.102090185769122
122.0,21.0,-41.800144,3454.8464,49759536.2560309,0.10493651332262502
123.0,21.0,-41.57302,3454.8464,49227164.54179007,0.10785229385272306
124.0,21.0,-41.33926,3454.8464,48696965.289192826,0.11078815050115784
125.0,21.0,-41.098824,3454.8464,48168984.471973315,0.11374416529002226
119.70464,22.0,-42.0,3454.8464,50926350.5204743,0.09902896313911903
119.0,22.47624,-42.0,3454.8464,51273131.1494037,0.09737148865322837
120.0,22.0,-41.93745,3454.8464,50767090.36335974,0.09987604955801453
121.0,22.0,-41.720993,3454.8464,50231538.78145716,0.10275152456813552
122.0,22.0,-41.49797,3454.8464,49698099.90075804,0.10564644598068798
123.0,22.0,-41.26834,3454.8464,49166819.68096396,0.1085609073166304
124.0,22.0,-41.032055,3454.8464,48637743.708557285,0.11149499115216588
117.0,23.756392,-42.0,3454.8464,52266216.528170444,0.09267780739439095
118.21053,23.0,-42.0,3454.8464,51664668.91279952,0.09551440635080559
118.0,23.133385,-42.0,3454.8464,51768527.724811666,0.095021701376481
119.0,23.0,-41.83694,3454.8464,51239059.02653776,0.09775689749402755
120.0,23.0,-41.62444,3454.8464,50702473.62366194,0.10061278982118005
121.0,23.0,-41.405396,3454.8464,50167989.77513826,0.10348758642012965
122.0,23.0,-41.179768,3454.8464,49635652.88620171,0.10638138098166605
115.0,24.92473,-42.0,3454.8464,53268972.40310728,0.08800524920839292
116.6015,24.0,-42.0,3454.8464,52466135.40967363,0.09174315302429634
116.0,24.351912,-42.0,3454.8464,52766319.28126408,0.09033917827646545
117.0,24.0,-41.921406,3454.8464,52249753.28018247,0.09286293835611731
118.0,24.0,-41.719208,3454.8464,51710100.47811582,0.0956817366332805
119.0,24.0,-41.510544,3454.8464,51172495.433047734,0.09851878856689811
120.0,24.0,-41.29536,3454.8464,50636983.05352838,0.10137419875511564
121.0,24.0,-41.073612,3454.8464,50103608.14961578,0.10424806054972238
113.0,25.993692,-42.0,3454.8464,54281506.70497293,0.08335012227919858
114.866196,25.0,-42.0,3454.8464,53336830.26748991,0.08769234071468866
114.0,25.467299,-42.0,3454.8464,53773877.947670236,0.08567581880522226
115.0,25.0,-41.97488,3454.8464,53263704.51845855,0.08806417822751662
116.0,25.0,-41.782784,3454.8464,52721048.56794915,0.09084783431724064
117.0,25.0,-41.584282,3454.8464,52180390.42612401,0.09364908132346317
118.0,25.0,-41.379337,3454.8464,51641774.20119725,0.09646803435264684
119.0,25.0,-41.167896,3454.8464,51105244.061816126,0.09930479715305245
111.0,26.973698,-42.0,3454.8464,55303942.65406692,0.07870895854566444
112.98779,26.0,-42.0,3454.8464,54287760.23478765,0.08332166100955168
112.0,26.490423,-42.0,3454.8464,54791324.115033984,0.08102807200848747
113.0,26.0,-41.997826,3454.8464,54281050.97068178,0.0833551972997375
114.0,26.0,-41.815624,3454.8464,53735440.4278792,0.08610566815397812
115.0,26.0,-41.62709,3454.8464,53191782.113129996,0.08887305806549507
116.0,26.0,-41.43218,3454.8464,52650119.044632934,0.0916574920657657
117.0,26.0,-41.23084,3454.8464,52110494.45856193,0.09445908382462939
118.0,26.0,-41.023026,3454.8464,51572951.71620282,0.09727793578494287
109.0,27.873495,-42.0,3454.8464,56336417.784606755,0.07407853292657295
110.944435,27.0,-42.0,3454.8464,55332677.1421159,0.07857979271283401
110.0,27.430435,-42.0,3454.8464,55818792.549313456,0.07639262283571624
111.0,27.0,-41.990654,3454.8464,55301985.955751106,0.07873066568770212
112.0,27.0,-41.81815,3454.8464,54753453.01494091,0.08144990184048997
113.0,27.0,-41.639385,3454.8464,54206831.56236047,0.08418537925128763
114.0,27.0,-41.45431,3454.8464,53662163.249851964,0.08693723212651268
115.0,27.0,-41.26288,3454.8464,53119490.10164903,0.08970558341446436
116.0,27.0,-41.06504,3454.8464,52578854.42166855,0.0924905448756346
107.0,28.700464,-42.0,3454.8464,57379082.840182036,0.0694558790702246
108.707466,28.0,-42.0,3454.8464,56489031.47137392,0.07340047471359303
108.0,28.295052,-42.0,3454.8464,56856431.330689535,0.07176640889295957
109.0,28.0,-41.953728,3454.8464,56326757.27464344,0.07418538116251348
110.0,28.0,-41.790737,3454.8464,55775317.255621836,0.0768753155452433
111.0,28.0,-41.621555,3454.8464,55225753.24700782,0.07958081076681221
112.0,28.0,-41.446133,3454.8464,54678105.274622366,0.08230200930429624
113.0,28.0,-41.264416,3454.8464,54132413.88627534,0.08503904258356271
114.0,28.0,-41.076363,3454.8464,53588720.06007741,0.08779203098542912
104.0,29.818548,-42.0,3454.8464,58962600.09462964,0.06253067293280352
105.0,29.460817,-42.0,3454.8464,58432100.54092704,0.06483830174302514
106.238815,29.0,-42.0,3454.8464,57779361.02031611,0.06769678349638938
106.0,29.090788,-42.0,3454.8464,57904400.66674407,0.0671466338429702
107.0,29.0,-41.887352,3454.8464,57355666.15048124,0.06971430376297669
108.0,29.0,-41.7337,3454.8464,56801317.15009771,0.07237684091052678
109.0,29.0,-41.573925,3454.8464,56248814.307781465,0.07505425928205722
110.0,29.0,-41.407974,3454.8464,55698195.78346141,0.0777467085824844
111.0,29.0,-41.235798,3454.8464,55149500.4022121,0.0804543277702533
112.0,29.0,-41.057343,3454.8464,54602767.56442767,0.08317724500072825
101.0,30.796925,-42.0,3454.8464,60569579.62988338,0.05560879368578667
102.0,30.484398,-42.0,3454.8464,60031217.18754445,0.05791613477035698
103.47643,30.0,-42.0,3454.8464,59242216.44005145,0.061321081741628536
103.0,30.159792,-42.0,3454.8464,59495644.22435904,0.06022338603306089
104.0,30.0,-41.93024,3454.8464,58948130.03722384,0.06268962148391174
105.0,30.0,-41.79178,3454.8464,58389065.71171419,0.06531258725991326
106.0,30.0,-41.647305,3454.8464,57831788.42743619,0.06794959297861541
107.0,30.0,-41.496773,3454.8464,57276333.374940485,0.07060080459558
108.0,30.0,-41.340126,3454.8464,56722736.63112982,0.07326637788398568
109.0,30.0,-41.177315,3454.8464,56171035.07316423,0.07594645826241712
110.0,30.0,-41.008293,3454.8464,55621266.29138199,0.07864118068131
97.0,31.903349,-42.0,3454.8464,62749285.305987604,0.046372714438264025
98.0,31.64583,-42.0,3454.8464,62200274.98509589,0.04868308570792579
99.0,31.376366,-42.0,3454.8464,61654032.63628696,0.05099245508659189
100.32551,31.0,-42.0,3454.8464,60934905.60373972,0.05405104815204033
100.0,31.095001,-42.0,3454.8464,61110569.404850766,0.0533010250328679
101.0,31.0,-41.920288,3454.8464,60553126.86510614,0.05578894922653342
102.0,31.0,-41.79669,3454.8464,59989372.95863971,0.05837568410510022
103.0,31.0,-41.6672,3454.8464,59427359.01883304,0.06097560749377602
104.0,31.0,-41.531754,3454.8464,58867116.7496971,0.06358889903933763
105.0,31.0,-41.39031,3454.8464,58308678.94602093,0.0662157289661173
106.0,31.0,-41.24281,3454.8464,57752079.40917368,0.0688562578447309
107.0,31.0,-41.08921,3454.8464,57197352.86719987,0.071510636375275
92.0,32.987366,-42.0,3454.8464,65533878.20126674,0.03479700129071881
93.0,32.79473,-42.0,3454.8464,64971498.39915958,0.0371157085188803
94.0,32.590176,-42.0,3454.8464,64411853.525518835,0.039432481070257264
95.0,32.373753,-42.0,3454.8464,63854954.84183608,0.041747483612305555
96.60791,32.0,-42.0,3454.8464,62965944.9754573,0.04546527356285111
96.0,32.14552,-42.0,3454.8464,63300813.612601146,0.044060887495363056
97.0,32.0,-41.961483,3454.8464,62741384.98215076,0.04645887044576047
98.0,32.0,-41.858215,3454.8464,62171241.86969377,0.04900049550470964
99.0,32.0,-41.7492,3454.8464,61602778.254571244,0.051554259173399966
100.0,32.0,-41.634388,3454.8464,61036020.58274907,0.054120359772176316
101.0,32.0,-41.513733,3454.8464,60470996.637247935,0.05669898757492617
102.0,32.0,-41.38718,3454.8464,59907735.46836943,0.059290324432055494
103.0,32.0,-41.254684,3454.8464,59346267.320104145,0.06189454344423782
104.0,32.0,-41.116196,3454.8464,58786623.554248855,0.06451180865195481
85.0,33.975704,-42.0,3454.8464,69544609.0677415,0.018496669066025834
86.0,33.870583,-42.0,3454.8464,68963555.10261513,0.020833298369568067
87.0,33.75333,-42.0,3454.8464,68385181.15702963,0.023167067479027165
88.0,33.624016,-42.0,3454.8464,67809498.21928404,0.025498083433943556
89.0,33.482723,-42.0,3454.8464,67236517.36194521,0.027826461196188125
90.0,33.329514,-42.0,3454.8464,66666249.7303796,0.03015232348456236
91.93046,33.0,-42.0,3454.8464,65573243.95933818,0.03463540159008708
91.0,33.164463,-42.0,3454.8464,66098706.530109674,0.032475800593705036
92.0,33.0,-41.99492,3454.8464,65532847.412084274,0.03480820604481128
93.0,33.0,-41.91704,3454.8464,64954676.14976291,0.03729890656896658
94.0,33.0,-41.833607,3454.8464,64378129.11416985,0.03980047110424746
95.0,33.0,-41.74457,3454.8464,63803225.21861496,0.04231311628266013
96.0,33.0,-41.64988,3454.8464,63229984.965663485,0.04483705285153208
97.0,33.0,-41.54949,3454.8464,62658430.3932101,0.047372485184238686
98.0,33.0,-41.44336,3454.8464,62088585.01701277,0.04991961081552419
99.0,33.0,-41.33143,3454.8464,61520473.76986687,0.05247862000372622
100.0,33.0,-41.213654,3454.8464,60954122.93760942,0.0550496953220959
101.0,33.0,-41.08999,3454.8464,60389560.09214647,0.057633011281212225
78.0,34.357407,-42.0,3454.8464,73685558.82255521,0.002051621019089742
79.0,34.340034,-42.0,3454.8464,73086066.23204857,0.004410658010056443
80.0,34.31013,-42.0,3454.8464,72489200.62068754,0.00676636075106557
81.0,34.267807,-42.0,3454.8464,71894972.50755438,0.009118774719839866
82.0,34.213154,-42.0,3454.8464,71303392.51868878,0.011467953754406665
83.0,34.14627,-42.0,3454.8464,70714471.3849155,0.013813960007466226
84.739494,34.0,-42.0,3454.8464,69696788.27722079,0.017886886720446277
84.0,34.067253,-42.0,3454.8464,70128219.93819942,0.01615686388300445
85.0,34.0,-41.99023,3454.8464,69542674.460664,0.018517686388048363
86.0,34.0,-41.94773,3454.8464,68953180.6749674,0.020946093054184392
87.0,34.0,-41.899918,3454.8464,68365280.12460656,0.02338364147845617
88.0,34.0,-41.84675,3454.8464,67778979.88589945,0.02583056045454575
89.0,34.0,-41.78818,3454.8464,67194288.83628957,0.028287076496097716
90.0,34.0,-41.72418,3454.8464,66611217.629388705,0.030753413266345897
91.0,34.0,-41.654697,3454.8464,66029778.66462581,0.03322979101576268
92.0,34.0,-41.579697,3454.8464,65449986.05429523,0.03571642602907621
93.0,34.0,-41.499123,3454.8464,64871855.584683605,0.03821353008594767
94.0,34.0,-41.41294,3454.8464,64295404.67390437,0.04072130993673671
95.0,34.0,-41.3211,3454.8464,63720652.325616635,0.043239966796381576
96.0,34.0,-41.223557,3454.8464,63147619.07895355,0.04576969585883849
97.0,34.0,-41.12026,3454.8464,62576326.95481597,0.048310685834453436
98.0,34.0,-41.011166,3454.8464,62006799.398711175,0.050863118512606054
77.0,35.0,-41.745087,3454.8464,74239490.95100963,0.00021778338304343176
78.0,35.0,-41.74202,3454.8464,73636550.79960497,0.002588891738396305
79.0,35.0,-41.733833,3454.8464,73035261.90964647,0.004967302623709995
80.0,35.0,-41.7205,3454.8464,72435617.47269471,0.007353231319009213
81.0,35.0,-41.70199,3454.8464,71837612.46449374,0.009746894949649462
82.0,35.0,-41.678276,3454.8464,71241243.65714122,0.012148511956523424
83.0,35.0,-41.649323,3454.8464,70646509.62640944,0.01455830155554495
84.0,35.0,-41.6151,3454.8464,70053410.75422071,0.016976483188605375
85.0,35.0,-41.575577,3454.8464,69461949.22632264,0.019403275968258853
86.0,35.0,-41.530712,3454.8464,68872129.02518705,0.021838898118482768
87.0,35.0,-41.48047,3454.8464,68283955.91818777,0.024283566414034688
88.0,35.0,-41.424812,3454.8464,67697437.44112915,0.026737495620779088
89.0,35.0,-41.3637,3454.8464,67112582.87764716,0.029200897939442107
90.0,35.0,-41.297092,3454.8464,66529403.231894165,0.03167398245655604
91.0,35.0,-41.224945,3454.8464,65947911.20124801,0.03415695460218043
92.0,35.0,-41.147217,3454.8464,65368121.140390754,0.03665001562088717
93.0,35.0,-41.063866,3454.8464,64790049.023394525,0.03915336205578767
77.0,36.0,-41.33036,3454.8464,74164269.60109699,0.0010707129410141426
78.0,36.0,-41.325394,3454.8464,73560604.38411543,0.003449293783242951
79.0,36.0,-41.31524,3454.8464,72958639.36609462,0.005835173880115387
80.0,36.0,-41.299866,3454.8464,72358368.60443781,0.00822855704842373
81.0,36.0,-41.279247,3454.8464,71759787.89213304,0.010629648556733987
82.0,36.0,-41.253357,3454.8464,71162894.76889129,0.013038654605914152
83.0,36.0,-41.222164,3454.8464,70567688.52750182,0.015455781800352245
84.0,36.0,-41.18564,3454.8464,69974170.21543223,0.017881236612063204
85.0,36.0,-41.14374,3454.8464,69382342.6317023,0.020315224839949287
86.0,36.0,-41.09644,3454.8464,68792210.3190639,0.022757951066551284
87.0,36.0,-41.043697,3454.8464,68203779.55155414,0.02520961811468944
137.24881,0.0,-41.0,3454.8464,42425637.461305685,0.14443837415988586
138.0,0.0,-40.77063,3454.8464,42036231.823619306,0.14697380836345408
139.0,0.0,-40.45903,3454.8464,41520970.932260424,0.15037144088741247
140.0,0.0,-40.14018,3454.8464,41008299.33786523,0.1537981571040522
137.22386,1.0,-41.0,3454.8464,42435851.487590626,0.14437768053902042
138.0,1.0,-40.76304,3454.8464,42033592.367239796,0.1469967370195075
139.0,1.0,-40.451374,3454.8464,41518367.94192803,0.15039432406469283
140.0,1.0,-40.132458,3454.8464,41005733.35232772,0.15382098120389676
137.14902,2.0,-41.0,3454.8464,42469794.74779351,0.14418440373840247
138.0,2.0,-40.740265,3454.8464,42028988.74886117,0.14705390196260473
139.0,2.0,-40.428406,3454.8464,41513887.380001575,0.1504508867258722
140.0,2.0,-40.10929,3454.8464,41001377.58491939,0.15387688856627388
137.02408,3.0,-41.0,3454.8464,42526377.785900354,0.1438623831430379
137.0,3.1375957,-41.0,3454.8464,42537273.88441991,0.14380039450750734
138.0,3.0,-40.702286,3454.8464,42021338.09024333,0.14714900698981925
139.0,3.0,-40.3901,3454.8464,41506441.63890237,0.15054498606596387
140.0,3.0,-40.070656,3454.8464,40994139.651387535,0.15396989400960398
136.84908,4.0,-41.0,3454.8464,42606565.55188172,0.14340900794051176
137.0,4.0,-40.954502,3454.8464,42527837.48143831,0.14391600173069835
138.0,4.0,-40.64908,3454.8464,42010673.352099404,0.14728179855434212
139.0,4.0,-40.33643,3454.8464,41496063.41459206,0.15067636573933085
140.0,4.0,-40.016525,3454.8464,40984051.97289112,0.15409973861650683
136.62352,5.0,-41.0,3454.8464,42709899.62625633,0.1428258954640677
137.0,5.0,-40.886604,3454.8464,42513842.25347545,0.14408779361524227
138.0,5.0,-40.580593,3454.8464,41997040.48556107,0.14745192421639736
139.0,5.0,-40.267357,3454.8464,41482798.287759766,0.15084466944141475
136.34691,6.0,-41.0,3454.8464,42836260.29716281,0.14211375300864307
137.0,6.0,-40.803513,3454.8464,42496858.05461196,0.14429685188894728
138.0,6.0,-40.496784,3454.8464,41980498.240052864,0.14765893513527306
139.0,6.0,-40.182823,3454.8464,41466704.531916745,0.15104944345331878
136.01868,7.0,-41.0,3454.8464,42985686.78721369,0.1412728968370162
136.0,7.049231,-41.0,3454.8464,42994168.260831706,0.14122520705630304
137.0,7.0,-40.705162,3454.8464,42476956.747121446,0.14454264076384607
138.0,7.0,-40.397583,3454.8464,41961117.91873291,0.14790228922589752
139.0,7.0,-40.082767,3454.8464,41447852.86914193,0.15129013986454926
135.63864,8.0,-41.0,3454.8464,43160543.69263363,0.14029687250012912
136.0,8.0,-40.892826,3454.8464,42971999.973994546,0.14149563084787445
137.0,8.0,-40.59147,3454.8464,42454222.55288849,0.14482453594459127
138.0,8.0,-40.28291,3454.8464,41938983.08330479,0.14818135494543533
135.20561,9.0,-41.0,3454.8464,43359019.54972383,0.13919153306187199
135.0,9.423271,-41.0,3454.8464,43452893.562334344,0.13866949219577349
136.0,9.0,-40.764812,3454.8464,42945862.4318288,0.14181587207130444
137.0,9.0,-40.462353,3454.8464,42428751.70938117,0.14514182891211974
138.0,9.0,-40.15268,3454.8464,41914189.2103561,0.14849541566893543
134.71895,10.0,-41.0,3454.8464,43582903.90896621,0.1379521946132783
135.0,10.0,-40.917923,3454.8464,43435903.24335406,0.13887575762700038
136.0,10.0,-40.621403,3454.8464,42917020.44743736,0.14217110370368982
137.0,10.0,-40.317703,3454.8464,42400652.07952693,0.1454937317394961
138.0,10.0,-40.00679,3454.8464,41886843.30171162,0.14884367460716993
134.1776,11.0,-41.0,3454.8464,43832125.57048414,0.1365796766633265
134.0,11.298357,-41.0,3454.8464,43913524.61108273,0.13613206802314143
135.0,11.0,-40.760365,3454.8464,43403672.63431849,0.13926850682650577
136.0,11.0,-40.462482,3454.8464,42885594.00002533,0.14256047396854754
137.0,11.0,-40.157417,3454.8464,42370042.71826198,0.14587938238944534
133.58047,12.0,-41.0,3454.8464,44108235.28012938,0.13507001554479922
133.0,12.887707,-41.0,3454.8464,44376102.91322502,0.13361194232315277
134.0,12.0,-40.879513,3454.8464,43888613.39488229,0.13643317159278906
135.0,12.0,-40.5873,3454.8464,43368915.70774312,0.1396948475449212
136.0,12.0,-40.287926,3454.8464,42851713.88282396,0.14298306330135163
132.92618,13.0,-41.0,3454.8464,44410586.21354302,0.1334257728981333
133.0,13.0,-40.979115,3454.8464,44371769.693695046,0.13366405762128372
134.0,13.0,-40.692417,3454.8464,43850539.5302615,0.13689587796668273
135.0,13.0,-40.39859,3454.8464,43331774.63132249,0.14015381057996384
136.0,13.0,-40.09759,3454.8464,42815521.19157862,0.14343789031816825
132.21335,14.0,-41.0,3454.8464,44741965.56640187,0.1316392649254091
132.0,14.27728,-41.0,3454.8464,44840603.35287401,0.13110839199504776
133.0,14.0,-40.77809,3454.8464,44330409.36457923,0.13416243156643934
134.0,14.0,-40.48966,3454.8464,43810164.13815203,0.13739055232691
135.0,14.0,-40.194084,3454.8464,43292401.42140987,0.14064437158754772
131.44019,15.0,-41.0,3454.8464,45102441.63436245,0.12971086666227938
131.0,15.528767,-41.0,3454.8464,45307113.71841435,0.1286203113727394
132.0,15.0,-40.844563,3454.8464,44808490.56369688,0.13149323590528839
133.0,15.0,-40.561375,3454.8464,44286842.82424992,0.1346920719351208
134.0,15.0,-40.271072,3454.8464,43767649.71198621,0.13791613535770453
130.60475,16.0,-41.0,3454.8464,45492979.9995528,0.12763822933345192
130.0,16.673859,-41.0,3454.8464,45775678.23790334,0.1261468003997721
131.0,16.0,-40.892044,3454.8464,45284769.7365367,0.12888689983886306
132.0,16.0,-40.613956,3454.8464,44761792.17872897,0.1320570282351612
133.0,16.0,-40.32878,3454.8464,44241242.56214375,0.13525189232676693
134.0,16.0,-40.036484,3454.8464,43723167.50169954,0.1384715257428915
129.70483,17.0,-41.0,3454.8464,45915177.492722705,0.1254170163072369
129.0,17.73076,-41.0,3454.8464,46246310.88083486,0.12368708613409762
130.0,17.0,-40.920742,3454.8464,45759254.46593141,0.12634193308178407
131.0,17.0,-40.64761,3454.8464,45235014.49873516,0.1294839751816702
132.0,17.0,-40.367416,3454.8464,44713177.10705968,0.13265024257733418
133.0,17.0,-40.080124,3454.8464,44193789.28117051,0.1358407709971579
128.73787,18.0,-41.0,3454.8464,46370770.88191181,0.1230423384995824
128.0,18.713682,-41.0,3454.8464,46719035.23364629,0.12124038484229187
129.0,18.0,-40.93085,3454.8464,46231972.94962711,0.12385676511970561
130.0,18.0,-40.662525,3454.8464,45706532.55236243,0.12697138092366828
131.0,18.0,-40.38717,3454.8464,45183470.80261421,0.13010969479429677
132.0,18.0,-40.10474,3454.8464,44662834.9666612,0.13327174430489838
127.700905,19.0,-41.0,3454.8464,46861653.71309751,0.12050866875886347
127.0,19.633863,-41.0,3454.8464,47193884.1502796,0.11880591099211776
128.0,19.0,-40.92254,3454.8464,46702973.56932819,0.12142976334139483
129.0,19.0,-40.658882,3454.8464,46176389.16958913,0.12451764612584872
130.0,19.0,-40.388218,3454.8464,45652161.03779173,0.12762868476553152
131.0,19.0,-40.110508,3454.8464,45130336.61773765,0.13076291840847903
126.59053,20.0,-41.0,3454.8464,47389895.803920835,0.11780974409566014
126.0,20.500294,-41.0,3454.8464,47670899.37481028,0.11638288558143836
127.0,20.0,-40.895958,3454.8464,47172324.39287544,0.11905925028648512
128.0,20.0,-40.63683,3454.8464,46644646.766268015,0.12212112143080849
129.0,20.0,-40.37072,3454.8464,46119304.68007206,0.12520559305020482
130.0,20.0,-40.097588,3454.8464,45596345.65837781,0.12831270558293
125.40283,21.0,-41.0,3454.8464,47957765.88647978,0.11493845352986873
125.0,21.320236,-41.0,3454.8464,48150131.13929921,0.11397054378079458
126.0,21.0,-40.85125,3454.8464,47640112.614641815,0.11674351992598445
127.0,21.0,-40.596508,3454.8464,47111386.8061709,0.11978012397461607
128.0,21.0,-40.334812,3454.8464,46584977.55876426,0.12283876172180577
129.0,21.0,-40.066124,3454.8464,46060932.38121789,0.12591947459894853
123.0,22.837189,-41.0,3454.8464,49115315.576592125,0.10917529694539564
124.133354,22.0,-41.0,3454.8464,48567758.00352208,0.11188670882374653
124.0,22.099611,-41.0,3454.8464,48631637.73990487,0.11156814187783978
125.0,22.0,-40.78853,3454.8464,48106443.93917282,0.11448085291420403
126.0,22.0,-40.53804,3454.8464,47576709.20607739,0.1174929528892269
127.0,22.0,-40.280624,3454.8464,47049273.891210556,0.12052651011470572
128.0,22.0,-40.016235,3454.8464,46524185.39451973,0.12358156670714492
122.77617,23.0,-41.0,3454.8464,49224572.96339938,0.108639125368756
122.0,23.538927,-41.0,3454.8464,49601229.32502329,0.10679126048666443
123.0,23.0,-40.947403,3454.8464,49104388.48859969,0.10930197718401193
124.0,23.0,-40.707893,3454.8464,48571441.91299923,0.11226953076982077
125.0,23.0,-40.461525,3454.8464,48040731.688781604,0.11525790374527087
126.0,23.0,-40.208256,3454.8464,47512305.656681456,0.11826714952318135
120.0,24.855806,-41.0,3454.8464,50580198.372563876,0.10204659149801526
121.32507,24.0,-41.0,3454.8464,49931434.128005594,0.10518446403907633
121.0,24.212437,-41.0,3454.8464,50089554.05570821,0.10441514756873148
122.0,24.0,-40.844975,3454.8464,49569128.80200231,0.10716264448173522
123.0,24.0,-40.609432,3454.8464,49035247.209422916,0.11010784896211115
124.0,24.0,-40.36705,3454.8464,48503589.08876599,0.11307328190694244
125.0,24.0,-40.117794,3454.8464,47974201.92267829,0.11605899682055848
119.77241,25.0,-41.0,3454.8464,50692872.55606678,0.1015068100702154
119.0,25.469088,-41.0,3454.8464,51073088.546837,0.09968514916567553
120.0,25.0,-40.94985,3454.8464,50569776.11711657,0.10216639164668576
121.0,25.0,-40.724907,3454.8464,50032813.855732866,0.10507047606684604
122.0,25.0,-40.4932,3454.8464,49498016.87092245,0.10799412889436427
123.0,25.0,-40.25468,3454.8464,48965432.615158424,0.1109374147874882
124.0,25.0,-40.009304,3454.8464,48435108.128202125,0.11390038698316478
117.0,26.62539,-41.0,3454.8464,52066201.067700945,0.09498068605760632
118.10862,26.0,-41.0,3454.8464,51515014.12153865,0.09758443331063474
118.0,26.06213,-41.0,3454.8464,51568561.36724591,0.09732983031706606
119.0,26.0,-40.808487,3454.8464,51033478.049411416,0.10013990041399021
120.0,26.0,-40.587234,3454.8464,50495622.12440861,0.10302382926022569
121.0,26.0,-40.35924,3454.8464,49959923.51365347,0.10592672879111717
122.0,26.0,-40.124454,3454.8464,49426429.076397315,0.10884866300862264
115.0,27.691622,-41.0,3454.8464,53069019.878382266,0.09029769129665806
116.32103,27.0,-41.0,3454.8464,52406447.572001666,0.09338661904144521
116.0,27.170414,-41.0,3454.8464,52566440.97089759,0.09263669593815176
117.0,27.0,-40.860672,3454.8464,52037339.91790399,0.09531026761185032
118.0,27.0,-40.649662,3454.8464,51496490.7033973,0.09815654087191777
119.0,27.0,-40.431976,3454.8464,50957746.772545144,0.10102111129035204
120.0,27.0,-40.207573,3454.8464,50421154.49832122,0.10390405350840774
113.0,28.676489,-41.0,3454.8464,54081688.11639199,0.08563233609571361
114.39562,28.0,-41.0,3454.8464,53374956.14231777,0.08888404363282568
114.0,28.194553,-41.0,3454.8464,53574150.842136085,0.08796300805700567
115.0,28.0,-40.881916,3454.8464,53044553.59438868,0.09057579564946643
116.0,28.0,-40.68094,3454.8464,52500761.61460847,0.09338648300610398
117.0,28.0,-40.47336,3454.8464,51959026.81279001,0.09621478539527967
118.0,28.0,-40.25913,3454.8464,51419394.77648188,0.09906078779105262
119.0,28.0,-40.038197,3454.8464,50881911.071515255,0.10192456329696262
111.0,29.587376,-41.0,3454.8464,55104362.79697715,0.0809810490763941
112.31293,29.0,-41.0,3454.8464,54432769.46271974,0.08403119672015477
112.0,29.142246,-41.0,3454.8464,54591845.31488535,0.08330510266298952
113.0,29.0,-40.872635,3454.8464,54055327.11279969,0.08593081392715618
114.0,29.0,-40.68149,3454.8464,53508627.04534166,0.08870797560972936
115.0,29.0,-40.483814,3454.8464,52963940.47577424,0.09150206434096937
116.0,29.0,-40.279556,3454.8464,52421311.917287394,0.09431317494428068
117.0,29.0,-40.068665,3454.8464,51880786.02118271,0.09714139029914619
108.0,30.829433,-41.0,3454.8464,56657581.78714678,0.07402335465330137
109.0,30.430567,-41.0,3454.8464,56137213.69563271,0.07634053202091112
110.04785,30.0,-41.0,3454.8464,55595147.402112,0.07877025602772235
110.0,30.020052,-41.0,3454.8464,55619691.584465444,0.0786595826509069
111.0,30.0,-40.83319,3454.8464,55069921.88295041,0.08136979919157525
112.0,30.0,-40.651688,3454.8464,54520331.98362991,0.084115475510347
113.0,30.0,-40.463722,3454.8464,53972716.781766966,0.08687738794981362
114.0,30.0,-40.26924,3454.8464,53427119.44093442,0.08965564052974319
115.0,30.0,-40.068195,3454.8464,52883583.41960578,0.09245032536193272
105.0,31.932873,-41.0,3454.8464,58234061.90791838,0.06708002580939222
106.0,31.57785,-41.0,3454.8464,57705823.509770416,0.0693934237285734
107.56135,31.0,-41.0,3454.8464,56887531.38997221,0.07300561806359934
107.0,31.2114,-41.0,3454.8464,57180422.11271343,0.07170777226385908
108.0,31.0,-40.929596,3454.8464,56643030.21491219,0.07418662829038698
109.0,31.0,-40.763897,3454.8464,56088651.7344937,0.07688740839522104
110.0,31.0,-40.59185,3454.8464,55536173.417784445,0.07960360959947535
111.0,31.0,-40.41341,3454.8464,54985636.278819874,0.08233535611001025
112.0,31.0,-40.228523,3454.8464,54437081.87328531,0.08508276033178826
113.0,31.0,-40.037136,3454.8464,53890552.20380826,0.08784592290421409
102.0,32.90796,-41.0,3454.8464,59834076.42308679,0.06014221163041153
103.0,32.59467,-41.0,3454.8464,59297946.17432815,0.06245463913159478
104.80577,32.0,-41.0,3454.8464,58337479.5076385,0.06662969706045105
104.0,32.270138,-41.0,3454.8464,58764643.47320896,0.06476717237555983
105.0,32.0,-40.971745,3454.8464,58228230.87780628,0.06714515209095522
106.0,32.0,-40.821487,3454.8464,57669138.19539626,0.06980453845092538
107.0,32.0,-40.665005,3454.8464,57111881.52243162,0.07247850851559319
108.0,32.0,-40.502247,3454.8464,56556499.106357664,0.07516720502697194
109.0,32.0,-40.333157,3454.8464,56003029.97160486,0.07787075931208422
110.0,32.0,-40.15769,3454.8464,55451513.82776184,0.08058929120620434
99.0,33.76332,-41.0,3454.8464,61457915.56695057,0.0532021616416732
100.0,33.489933,-41.0,3454.8464,60913870.02020843,0.055516122175508636
101.69675,33.0,-41.0,3454.8464,59997851.31017632,0.059439591964933355
101.0,33.20546,-41.0,3454.8464,60372642.2873916,0.0578294276487989
102.0,33.0,-40.96053,3454.8464,59825967.4930904,0.06023249744138123
103.0,33.0,-40.825382,3454.8464,59262191.50330965,0.06285394747891232
104.0,33.0,-40.684128,3454.8464,58700199.12747586,0.06548912979912723
105.0,33.0,-40.53671,3454.8464,58140025.29104331,0.0681382033818782
106.0,33.0,-40.38308,3454.8464,57581705.91365639,0.07080131645617797
107.0,33.0,-40.223183,3454.8464,57025277.82358318,0.07347860629572589
108.0,33.0,-40.05697,3454.8464,56470778.66900792,0.07617019908486818
94.0,34.943142,-41.0,3454.8464,64218232.25401111,0.04161317271280971
95.0,34.730164,-41.0,3454.8464,63660665.69219412,0.043934066996199964
96.0,34.506126,-41.0,3454.8464,63105883.503256954,0.04625326131830508
97.0,34.271076,-41.0,3454.8464,62553897.48645051,0.04857093932507067
98.09814,34.0,-41.0,3454.8464,61951231.00365913,0.05111402374656584
98.0,34.02506,-41.0,3454.8464,62004719.39707635,0.050887290685370894
99.0,34.0,-40.89671,3454.8464,61436850.09480356,0.0534363480467829
100.0,34.0,-40.776363,3454.8464,60868376.0055223,0.056023241007087506
101.0,34.0,-40.650024,3454.8464,60301646.01350683,0.058623010287235204
102.0,34.0,-40.51763,3454.8464,59736691.239705645,0.061235828301007655
103.0,34.0,-40.379143,3454.8464,59173543.99747214,0.06386185756782504
104.0,34.0,-40.234493,3454.8464,58612237.71014433,0.066501250439125
105.0,34.0,-40.08364,3454.8464,58052806.83005595,0.06915414886780182
88.0,35.967285,-41.0,3454.8464,67619613.92361015,0.027639715868715012
89.0,35.824493,-41.0,3454.8464,67045848.76074713,0.029974814845024508
90.0,35.670532,-41.0,3454.8464,66474822.44009218,0.032307258386917705
91.0,35.505466,-41.0,3454.8464,65906546.72555992,0.034637182271194576
92.0,35.329357,-41.0,3454.8464,65341033.425871655,0.03696472964688719
93.71963,35.0,-41.0,3454.8464,64375584.62474966,0.04096111274840626
93.0,35.142258,-41.0,3454.8464,64778294.378698625,0.03929005080342331
94.0,35.0,-40.975006,3454.8464,64213175.39290192,0.041669160303440325
95.0,35.0,-40.880825,3454.8464,63636579.96297723,0.04420129182328698
96.0,35.0,-40.780853,3454.8464,63061653.31640586,0.046745059615885626
97.0,35.0,-40.67504,3454.8464,62488419.45441209,0.049300662607506915
98.0,35.0,-40.563335,3454.8464,61916903.87326576,0.051868291761404235
99.0,35.0,-40.445686,3454.8464,61347133.49856368,0.0544481296395154
100.0,35.0,-40.322044,3454.8464,60779136.616346896,0.05704034999802207
101.0,35.0,-40.192352,3454.8464,60212942.801203705,0.05964511741784745
102.0,35.0,-40.05656,3454.8464,59648582.84150609,0.06226258697921485
77.0,36.767002,-41.0,3454.8464,74107130.17073843,0.00174431031791595
78.0,36.752193,-41.0,3454.8464,73504002.42381601,0.004115395300899975
79.0,36.725544,-41.0,3454.8464,72903513.198628,0.0064829170444602215
80.0,36.687153,-41.0,3454.8464,72305673.37203208,0.008846916480903275
81.0,36.63711,-41.0,3454.8464,71710493.94376957,0.01120744310995627
82.0,36.575516,-41.0,3454.8464,71117986.03429876,0.013564554954963184
83.0,36.502453,-41.0,3454.8464,70528160.88107502,0.015918318500491555
84.0,36.418,-41.0,3454.8464,69941029.83332859,0.018268808611530487
85.0,36.32224,-41.0,3454.8464,69356604.34536928,0.020616108434489584
86.0,36.21525,-41.0,3454.8464,68774895.96846662,0.022960309280359508
87.75242,36.0,-41.0,3454.8464,67762507.45492643,0.027060424311402695
87.0,36.0971,-41.0,3454.8464,68195916.34135395,0.025301510490374355
88.0,36.0,-40.985596,3454.8464,67616749.17200713,0.027671395507665852
89.0,36.0,-40.92235,3454.8464,67030393.75595365,0.030145935488954674
90.0,36.0,-40.853554,3454.8464,66445657.21504046,0.03263062579929649
91.0,36.0,-40.77915,3454.8464,65862553.6918979,0.03512568597027898
92.0,36.0,-40.69909,3454.8464,65281099.08115041,0.037631330543680765
93.0,36.0,-40.61333,3454.8464,64701310.98732635,0.040147768507079226
94.0,36.0,-40.52182,3454.8464,64123208.67790347,0.04267520275187338
95.0,36.0,-40.424515,3454.8464,63546813.03233461,0.045213829553065826
96.0,36.0,-40.321365,3454.8464,62972146.487241656,0.04776383807391918
97.0,36.0,-40.212315,3454.8464,62399232.9779453,0.050325409898044515
98.0,36.0,-40.097317,3454.8464,61828097.876527175,0.05289871859133756
77.0,37.0,-40.899677,3454.8464,74088166.29438141,0.001955545943970097
78.0,37.0,-40.892803,3454.8464,73483639.08365901,0.004342053243266161
79.0,37.0,-40.88072,3454.8464,72880751.63885483,0.006736134216023895
80.0,37.0,-40.863396,3454.8464,72279498.22167818,0.009138010831999888
81.0,37.0,-40.8408,3454.8464,71679874.95506662,0.011547906283738436
82.0,37.0,-40.812904,3454.8464,71081879.83230363,0.013966044409991687
83.0,37.0,-40.77967,3454.8464,70485512.72108757,0.01639264910967561
84.0,37.0,-40.74106,3454.8464,69890775.36259666,0.01882794374886704
85.0,37.0,-40.697033,3454.8464,69297671.36556941,0.021272150563337783
86.0,37.0,-40.647556,3454.8464,68706206.19546334,0.023725490059333887
87.0,37.0,-40.592587,3454.8464,68116387.15872933,0.02618818041299273
88.0,37.0,-40.532078,3454.8464,67528223.38260137,0.028660436884601945
89.0,37.0,-40.465992,3454.8464,66941725.78906417,0.03114247122101972
90.0,37.0,-40.39428,3454.8464,66356907.06587321,0.0336344910729493
91.0,37.0,-40.316902,3454.8464,65773781.632314906,0.03613669944407881
92.0,37.0,-40.233807,3454.8464,65192365.600128874,0.038649294128335274
93.0,37.0,-40.14495,3454.8464,64612676.730842106,0.04117246717891695
94.0,37.0,-40.050285,3454.8464,64034734.388858296,0.04370640439512719
76.0,38.0,-40.459183,3454.8464,74613447.95551676,0.0004962066169203329
77.0,38.0,-40.45542,3454.8464,74006467.23646742,0.0028835831113678415
78.0,38.0,-40.4464,3454.8464,73401186.53473482,0.005278312613769001
79.0,38.0,-40.4321,3454.8464,72797599.2207385,0.007680602770474214
80.0,38.0,-40.41248,3454.8464,72195700.45913348,0.010090662578630385
81.0,38.0,-40.38752,3454.8464,71595487.22180322,0.012508701832912262
82.0,38.0,-40.35718,3454.8464,70996958.2958922,0.01493493056213752
83.0,38.0,-40.32143,3454.8464,70400114.28688496,0.01736955845805778
84.0,38.0,-40.280235,3454.8464,69804957.6167665,0.019812794298752583
85.0,38.0,-40.233555,3454.8464,69211492.51728891,0.022264845369243474
86.0,38.0,-40.18135,3454.8464,68619725.01841599,0.02472591688185633
87.0,38.0,-40.123585,3454.8464,68029662.93165296,0.027196211394303026
88.0,38.0,-40.06022,3454.8464,67441315.83068196,0.02967592825637832
140.43292,0.0,-40.0,3454.8464,40788052.51114382,0.15528743561155203
141.0,0.0,-39.812744,3454.8464,40494330.069475524,0.15729466068435843
142.0,0.0,-39.476852,3454.8464,39980041.35786502,0.1608531682978809
143.0,0.0,-39.133423,3454.8464,39468473.07109144,0.1644431965075892
140.40912,1.0,-40.0,3454.8464,40797634.70978033,0.15522807052042037
141.0,1.0,-39.8049,3454.8464,40491638.068833545,0.15731910106993185
142.0,1.0,-39.46894,3454.8464,39977389.61517657,0.16087752074208791
143.0,1.0,-39.125443,3454.8464,39465862.084046476,0.16446744556482815
140.33766,2.0,-40.0,3454.8464,40829725.43763792,0.15503729656841997
141.0,2.0,-39.781372,3454.8464,40486919.46143668,0.1573793438436756
142.0,2.0,-39.4452,3454.8464,39972807.20054066,0.160936969181234
143.0,2.0,-39.1015,3454.8464,39461417.46834232,0.1645260394837835
140.2184,3.0,-40.0,3454.8464,40883218.13876718,0.15471948764679205
141.0,3.0,-39.742134,3454.8464,40479078.298784524,0.15747954696660088
142.0,3.0,-39.40562,3454.8464,39965192.81363441,0.1610358467696401
143.0,3.0,-39.061573,3454.8464,39454032.52715285,0.16462349142156607
140.05112,4.0,-40.0,3454.8464,40958125.168304086,0.1542748634048052
140.0,4.2374015,-40.0,3454.8464,40980980.18062418,0.15413929585968533
141.0,4.0,-39.687157,3454.8464,40468149.24785285,0.15761940977708658
142.0,4.0,-39.350166,3454.8464,39954580.80339275,0.16117385040996676
143.0,4.0,-39.005634,3454.8464,39443741.28094428,0.16475949613406682
139.83594,5.0,-40.0,3454.8464,41055418.10261748,0.1537009693604682
140.0,5.0,-39.9465,3454.8464,40970032.91790797,0.15427749332884588
141.0,5.0,-39.6164,3454.8464,40454180.62823039,0.15779851450618673
142.0,5.0,-39.27879,3454.8464,39941019.04461964,0.16135055898196796
139.57225,6.0,-40.0,3454.8464,41174741.80701743,0.1529992708765887
140.0,6.0,-39.86066,3454.8464,40952596.44565861,0.1544980302230292
141.0,6.0,-39.52981,3454.8464,40437234.1999788,0.15801632939022264
142.0,6.0,-39.191444,3454.8464,39924568.726341754,0.16156543651239963
139.2594,7.0,-40.0,3454.8464,41315829.02512092,0.1521710746064944
139.0,7.716003,-40.0,3454.8464,41432405.19920964,0.15148795555262273
140.0,7.0,-39.75906,3454.8464,40932169.591506764,0.1547571439228108
141.0,7.0,-39.427322,3454.8464,40417384.89377603,0.15827221260951285
142.0,7.0,-39.088062,3454.8464,39905304.08260036,0.16181783618582568
138.89703,8.0,-40.0,3454.8464,41479326.73064838,0.1512151228975708
139.0,8.0,-39.966896,3454.8464,41425629.69657584,0.15157303356942778
140.0,8.0,-39.64162,3454.8464,40908840.926112905,0.15505409367270956
141.0,8.0,-39.308853,3454.8464,40394720.485456124,0.15856541700764382
138.48492,9.0,-40.0,3454.8464,41666494.938712314,0.1501284351628034
139.0,9.0,-39.834682,3454.8464,41398759.88975404,0.15191092409402623
140.0,9.0,-39.508244,3454.8464,40882711.60689035,0.15538803952918645
141.0,9.0,-39.174313,3454.8464,40369341.21746826,0.15889509553689887
138.0216,10.0,-40.0,3454.8464,41875846.19703703,0.14891608945714188
138.0,10.042102,-40.0,3454.8464,41885576.30670359,0.14885981780124075
139.0,10.0,-39.68657,3454.8464,41369118.99053307,0.15228537226603087
140.0,10.0,-39.358837,3454.8464,40853894.94827243,0.15575804835944207
141.0,10.0,-39.0236,3454.8464,40341359.37016518,0.1592603073681359
137.50723,11.0,-40.0,3454.8464,42110419.605239004,0.14757002176142242
137.0,11.89438,-40.0,3454.8464,42340500.81737208,0.14625386074217656
138.0,11.0,-39.844135,3454.8464,41853806.364758044,0.14925682892702002
139.0,11.0,-39.52244,3454.8464,41336833.10780768,0.15269536747522094
140.0,11.0,-39.193275,3454.8464,40822515.94486515,0.15616310042744944
136.93991,12.0,-40.0,3454.8464,42368109.24915433,0.14609722673297137
137.0,12.0,-39.981243,3454.8464,42336659.85325307,0.1463015909180943
138.0,12.0,-39.665432,3454.8464,41818037.64164863,0.14970631803772452
139.0,12.0,-39.342175,3454.8464,41302039.623549186,0.15313982004045662
140.0,12.0,-39.011433,3454.8464,40788710.75100537,0.15660209649567652
136.3194,13.0,-40.0,3454.8464,42651947.35231421,0.14448968490883918
136.0,13.473973,-40.0,3454.8464,42797209.65602662,0.1436689705774289
137.0,13.0,-39.78809,3454.8464,42297412.718993306,0.1467899493554359
138.0,13.0,-39.470585,3454.8464,41779830.27072905,0.15018959471366772
139.0,13.0,-39.145622,3454.8464,41264886.63113386,0.15361756861506437
135.64398,14.0,-40.0,3454.8464,42961132.983067945,0.14275062419110762
135.0,14.880722,-40.0,3454.8464,43255836.72088175,0.14110363487093652
136.0,14.0,-39.890686,3454.8464,42774884.757062994,0.14394511800140372
137.0,14.0,-39.578777,3454.8464,42255809.74034704,0.14731135370168902
138.0,14.0,-39.259438,3454.8464,41739343.861580364,0.15070544486942655
134.91234,15.0,-40.0,3454.8464,43296438.37679823,0.14087865839983035
135.0,15.0,-39.97347,3454.8464,43250402.34873443,0.14117051090533267
136.0,15.0,-39.667004,3454.8464,42729921.82457818,0.14450385010144703
137.0,15.0,-39.35313,3454.8464,42212021.574494295,0.14786454652717024
138.0,15.0,-39.031822,3454.8464,41696747.61372787,0.15125259864471371
134.12318,16.0,-40.0,3454.8464,43659907.99672747,0.13886859024361892
134.0,16.145973,-40.0,3454.8464,43716316.50452627,0.13855725799974594
135.0,16.0,-39.735504,3454.8464,43202132.11099931,0.1417656837423769
136.0,16.0,-39.42695,3454.8464,42682880.47722691,0.1450935351451608
137.0,16.0,-39.11098,3454.8464,42166227.91104297,0.14844822272961167
133.27466,17.0,-40.0,3454.8464,44052287.97540263,0.13671900576531498
133.0,17.30335,-40.0,3454.8464,44178706.43778281,0.136028730607548
134.0,17.0,-39.784508,3454.8464,43672427.75319271,0.1390953236496449
135.0,17.0,-39.481113,3454.8464,43151902.64405992,0.14239093512761186
136.0,17.0,-39.17033,3454.8464,42633950.35532277,0.1457128419832937
132.36469,18.0,-40.0,3454.8464,44474412.16579519,0.13442817087373235
132.0,18.376453,-40.0,3454.8464,44643082.5329874,0.13351692716264008
133.0,18.0,-39.814217,3454.8464,44140817.160037234,0.13649112988448792
134.0,18.0,-39.515835,3454.8464,43619091.226764835,0.1397551557075516
135.0,18.0,-39.210087,3454.8464,43099912.96715693,0.14304491679304288
131.39105,19.0,-40.0,3454.8464,44927795.64215231,0.13199221788166793
131.0,19.37816,-40.0,3454.8464,45109471.37108836,0.1310209567753051
132.0,19.0,-39.824825,3454.8464,44607329.609097145,0.13395137459366005
133.0,19.0,-39.531303,3454.8464,44084470.08931625,0.13718451217614896
134.0,19.0,-39.230442,3454.8464,43564134.31753898,0.14044280755361288
130.35118,20.0,-40.0,3454.8464,45414082.078703254,0.12940675470676968
130.0,20.318792,-40.0,3454.8464,45577909.0154003,0.12853992356900412
131.0,20.0,-39.816505,3454.8464,45072014.78954915,0.13147426212729493
132.0,20.0,-39.5277,3454.8464,44548083.37213515,0.13467724621340227
133.0,20.0,-39.231575,3454.8464,44026653.11297721,0.1379047952009093
129.24213,21.0,-40.0,3454.8464,45935058.71944102,0.1266667865846528
129.0,21.206692,-40.0,3454.8464,46048440.6108191,0.12607293611120723
130.0,21.0,-39.78942,3454.8464,45534942.28009896,0.12905794811168547
131.0,21.0,-39.505177,3454.8464,45009994.99125664,0.13223154520036504
132.0,21.0,-39.213646,3454.8464,44487527.71548905,0.13542910075537642
127.0,22.84451,-40.0,3454.8464,46995838.45873564,0.1211780687425921
128.06055,22.0,-40.0,3454.8464,46492673.62355902,0.12376662735025742
128.0,22.048672,-40.0,3454.8464,46521119.95953108,0.12361911605332591
129.0,22.0,-39.743706,3454.8464,45996200.96725809,0.12670055738909194
130.0,22.0,-39.463882,3454.8464,45470288.077729076,0.12984556041962428
131.0,22.0,-39.1768,3454.8464,44946835.6027297,0.13301390377580954
126.802315,23.0,-40.0,3454.8464,47090584.163217396,0.12069506459444787
126.0,23.602207,-40.0,3454.8464,47472707.57452546,0.1187487688518841
127.0,23.0,-39.94783,3454.8464,46985126.115149036,0.12130568165139373
128.0,23.0,-39.679485,3454.8464,46455898.40922915,0.12440020076111094
129.0,23.0,-39.403942,3454.8464,45929064.362457156,0.127517424075009
130.0,23.0,-39.12116,3454.8464,45404672.77343015,0.13065735964941258
125.46294,24.0,-40.0,3454.8464,47730787.42559601,0.11744565792401401
125.0,24.327888,-40.0,3454.8464,47951850.788412005,0.11633024581132279
126.0,24.0,-39.861095,3454.8464,47444254.31517475,0.11908678366954634
127.0,24.0,-39.59686,3454.8464,46914160.1505061,0.12215499049464659
128.0,24.0,-39.325455,3454.8464,46386443.5115446,0.12524526508483028
129.0,24.0,-39.046833,3454.8464,45861153.10314419,0.12835761566722276
123.0,25.686335,-40.0,3454.8464,48916858.49952844,0.1115233092448292
124.03733,25.0,-40.0,3454.8464,48415480.65353279,0.11401104106064235
124.0,25.024973,-40.0,3454.8464,48433347.406728484,0.11392171432583983
125.0,25.0,-39.75618,3454.8464,47902058.86179078,0.11692031056083674
126.0,25.0,-39.49592,3454.8464,47371128.992092386,0.11996305457001107
127.0,25.0,-39.22851,3454.8464,46842562.41700666,0.12302722362359529
121.0,26.938757,-40.0,3454.8464,49891138.19395574,0.10675185061829093
122.51823,26.0,-40.0,3454.8464,49151708.18286613,0.11036815242454034
122.0,26.323896,-40.0,3454.8464,49402775.81485083,0.10913355393767663
123.0,26.0,-39.882484,3454.8464,48892747.89367652,0.11180703439085778
124.0,26.0,-39.633144,3454.8464,48358705.03209089,0.11480441257233677
125.0,26.0,-39.376724,3454.8464,47826964.22204311,0.11782254966908969
126.0,26.0,-39.11318,3454.8464,47297574.44751418,0.12086146440622399
120.899055,27.0,-40.0,3454.8464,49940914.60986938,0.10651094876452248
120.0,27.524586,-40.0,3454.8464,50381583.0351042,0.10437827705425692
121.0,27.0,-39.97634,3454.8464,49886267.32133334,0.1068088039836182
122.0,27.0,-39.737694,3454.8464,49349198.98246427,0.10976300442841548
123.0,27.0,-39.49204,3454.8464,48814373.76760879,0.1127372841910688
124.0,27.0,-39.239323,3454.8464,48281840.81079615,0.11573167291762848
118.0,28.636816,-40.0,3454.8464,51369905.24904875,0.09965127948954117
119.169525,28.0,-40.0,3454.8464,50791492.26313361,0.10241064680027158
119.0,28.093483,-40.0,3454.8464,50874665.55085346,0.10201134099060748
120.0,28.0,-39.810097,3454.8464,50342690.65595247,0.10483252246845881
121.0,28.0,-39.574978,3454.8464,49804857.69536109,0.10776513396755999
122.0,28.0,-39.332874,3454.8464,49269260.81894368,0.11071717437626558
123.0,28.0,-39.083736,3454.8464,48735948.57553722,0.11368867240971327
116.0,29.66892,-40.0,3454.8464,52367893.89354432,0.09494819639089291
117.31828,29.0,-40.0,3454.8464,51709923.9699443,0.0980434950868942
117.0,29.163612,-40.0,3454.8464,51867749.28050035,0.09729692598612918
118.0,29.0,-39.850838,3454.8464,51339312.90627291,0.10000672882521477
119.0,29.0,-39.626045,3454.8464,50798534.71901794,0.10289986516925667
120.0,29.0,-39.394337,3454.8464,50259939.626308136,0.10581174097356283
121.0,29.0,-39.155663,3454.8464,49723575.86383596,0.10874239562094498
114.0,30.628017,-40.0,3454.8464,53375714.71149137,0.09026492385203747
115.33113,30.0,-40.0,3454.8464,52704799.96165908,0.09337776329684777
115.0,30.158396,-40.0,3454.8464,52870640.75720411,0.09260425350178977
116.0,30.0,-39.86037,3454.8464,52339251.836523175,0.09527949497736724
117.0,30.0,-39.64569,3454.8464,51795575.948040865,0.0981353431084785
118.0,30.0,-39.424164,3454.8464,51254033.898997694,0.10100923405659509
119.0,30.0,-39.19574,3454.8464,50714673.30658798,0.10390121775818767
111.0,31.945118,-40.0,3454.8464,54906461.89140961,0.08326878192817007
112.0,31.520197,-40.0,3454.8464,54393546.69474288,0.08559763690484384
113.1895,31.0,-40.0,3454.8464,53787719.27388475,0.08837028776837653
113.0,31.084173,-40.0,3454.8464,53883516.355018586,0.08792940055582797
114.0,31.0,-39.8391,3454.8464,53342746.61765307,0.09064483809643027
115.0,31.0,-39.634327,3454.8464,52796204.835000776,0.09346556881021968
116.0,31.0,-39.422775,3454.8464,52251751.88383405,0.09630364091319957
117.0,31.0,-39.2044,3454.8464,51709434.46618235,0.09915911459789015
109.0,32.744095,-40.0,3454.8464,55939485.003200315,0.07861903983334421
110.86828,32.0,-40.0,3454.8464,54974625.58352329,0.08296127326160989
110.0,32.350666,-40.0,3454.8464,55421580.91808291,0.08094280403094888
111.0,32.0,-39.97579,3454.8464,54901484.34869603,0.08332575109998996
112.0,32.0,-39.787376,3454.8464,54350088.9010269,0.08609695427893171
113.0,32.0,-39.592316,3454.8464,53800696.729385674,0.0888847124937835
114.0,32.0,-39.390545,3454.8464,53253353.09651148,0.0916891084864433
115.0,32.0,-39.182014,3454.8464,52708103.50483553,0.09451021222856747
106.0,33.840347,-40.0,3454.8464,57508749.04775589,0.07165788727617955
107.0,33.48745,-40.0,3454.8464,56982944.22724305,0.0739769462660946
108.332756,33.0,-40.0,3454.8464,56287391.19818607,0.0770678207962382
108.0,33.12388,-40.0,3454.8464,56460019.26355474,0.07629719835448029
109.0,33.0,-39.88447,3454.8464,55915835.3428173,0.07888919641824073
110.0,33.0,-39.70551,3454.8464,55361621.81265965,0.08163024875308617
111.0,33.0,-39.519966,3454.8464,54809378.02399559,0.08438714406063132
112.0,33.0,-39.327785,3454.8464,54259147.613758,0.08715997412091414
113.0,33.0,-39.128914,3454.8464,53710974.61596425,0.08994881803676386
103.0,34.817677,-40.0,3454.8464,59101649.76863489,0.0647046938326322
104.0,34.503494,-40.0,3454.8464,58567915.77629803,0.06702204804087149
105.53533,34.0,-40.0,3454.8464,57754854.876662314,0.07057876225207982
105.0,34.178802,-40.0,3454.8464,58037053.03931969,0.06933970246918013
106.0,34.0,-39.92665,3454.8464,57493750.50185544,0.07182846164514464
107.0,34.0,-39.763424,3454.8464,56934794.10076842,0.07452640094066197
108.0,34.0,-39.59374,3454.8464,56377738.520594105,0.07723936315263447
109.0,34.0,-39.417538,3454.8464,55822624.88377909,0.07996746068694015
110.0,34.0,-39.234768,3454.8464,55269494.9578245,0.08271079344590733
111.0,34.0,-39.045376,3454.8464,54718391.05833397,0.08546944885637871
99.0,35.950047,-40.0,3454.8464,61263056.81669585,0.05543204626666395
100.0,35.68343,-40.0,3454.8464,60718513.48436564,0.05775111591270861
101.0,35.40639,-40.0,3454.8464,60176820.35746164,0.06006945340191189
102.40129,35.0,-40.0,3454.8464,59423319.56047405,0.06331563986777097
102.0,35.11897,-40.0,3454.8464,59637989.44179304,0.062387282269398076
103.0,35.0,-39.91484,3454.8464,59084303.07970524,0.06490138794633207
104.0,35.0,-39.767,3454.8464,58520639.58880878,0.06755976323624012
105.0,35.0,-39.61282,3454.8464,57958819.34779873,0.07023232352439138
106.0,35.0,-39.452248,3454.8464,57398880.37099222,0.07291919995160176
107.0,35.0,-39.28523,3454.8464,56840861.55095957,0.07562051161968224
108.0,35.0,-39.111702,3454.8464,56284802.56549596,0.07833636549987348
95.0,36.895206,-40.0,3454.8464,63467555.74705068,0.046142146052969256
96.0,36.67465,-40.0,3454.8464,62912203.147928566,0.04846687782857307
97.0,36.443726,-40.0,3454.8464,62359678.8898925,0.050789987661817845
98.80609,36.0,-40.0,3454.8464,61369437.836582825,0.054981277736379244
98.0,36.20248,-40.0,3454.8464,61809995.280332,0.05311166983823769
99.0,36.0,-39.976414,3454.8464,61258271.26478489,0.05548609046548321
100.0,36.0,-39.849804,3454.8464,60688126.268545575,0.05809519631488627
101.0,36.0,-39.71703,3454.8464,60119746.3155521,0.060717481751850925
102.0,36.0,-39.578033,3454.8464,59553164.61494608,0.06335310518477298
103.0,36.0,-39.43276,3454.8464,58988415.54919545,0.06600221396945197
104.0,36.0,-39.281155,3454.8464,58425534.59285003,0.06866494415353157
105.0,36.0,-39.12316,3454.8464,57864558.224497944,0.07134142027324777
89.0,37.981674,-40.0,3454.8464,66856241.38890963,0.03214640489758831
90.0,37.82687,-40.0,3454.8464,66284504.33731046,0.034485209227784946
91.0,37.661606,-40.0,3454.8464,65715548.579582095,0.03682135365491937
92.0,37.48593,-40.0,3454.8464,65149386.51895651,0.039154985961417865
93.0,37.299904,-40.0,3454.8464,64586030.57971397,0.04148626098548813
94.503,37.0,-40.0,3454.8464,63745303.93481813,0.044984691717512904
94.0,37.103573,-40.0,3454.8464,64025493.187790155,0.04381534035550165
95.0,37.0,-39.950016,3454.8464,63457507.1640285,0.04625545927428226
96.0,37.0,-39.844078,3454.8464,62880906.69138676,0.048820559180409305
97.0,37.0,-39.732136,3454.8464,62306016.49191658,0.051397800201626806
98.0,37.0,-39.61414,3454.8464,61732864.095004275,0.053987362462385
99.0,37.0,-39.490032,3454.8464,61161478.45940073,0.0565894164822857
100.0,37.0,-39.359756,3454.8464,60591889.89786366,0.059204122787842844
101.0,37.0,-39.223263,3454.8464,60024130.006134376,0.061831631558348595
102.0,37.0,-39.080494,3454.8464,59458231.57571083,0.0644720823281528
76.0,38.997738,-40.0,3454.8464,74534379.3165563,0.0014421598152302981
77.0,38.985172,-40.0,3454.8464,73927583.40486306,0.003825517100949434
78.0,38.961365,-40.0,3454.8464,73323440.41456269,0.006205083001879153
79.0,38.926414,-40.0,3454.8464,72721961.6377813,0.00858089326723002
80.0,38.880405,-40.0,3454.8464,72123158.50327696,0.010952992391757323
81.0,38.82343,-40.0,3454.8464,71527042.57422368,0.013321433573681953
82.0,38.755566,-40.0,3454.8464,70933625.54437645,0.01568627865321487
83.0,38.676895,-40.0,3454.8464,70342919.23264417,0.018047598031820034
84.0,38.587494,-40.0,3454.8464,69754935.57611474,0.020405470572520474
85.0,38.487434,-40.0,3454.8464,69169686.62157351,0.022759983481539025
86.0,38.376785,-40.0,3454.8464,68587184.51556131,0.02511123216951667
87.0,38.255615,-40.0,3454.8464,68007441.4927265,0.027459320102454023
88.87367,38.0,-40.0,3454.8464,66928929.879355,0.03185025701676045
88.0,38.12399,-40.0,3454.8464,67430469.86488736,0.029804358631158587
89.0,38.0,-39.991264,3454.8464,66854510.8059675,0.03216589129565693
90.0,38.0,-39.917057,3454.8464,66268069.76999607,0.03467051595588815
91.0,38.0,-39.837105,3454.8464,65683272.379484415,0.037185824500924156
92.0,38.0,-39.75135,3454.8464,65100136.42380357,0.039712026039039935
93.0,38.0,-39.659744,3454.8464,64518681.42660826,0.04224932295833042
94.0,38.0,-39.562233,3454.8464,63938928.59403166,0.044797910373146725
95.0,38.0,-39.458767,3454.8464,63360900.75883558,0.04735797559758558
96.0,38.0,-39.349293,3454.8464,62784622.320709884,0.04992969764887561
97.0,38.0,-39.233757,3454.8464,62210119.18291302,0.05251324678326391
98.0,38.0,-39.112106,3454.8464,61637418.685447775,0.0551087840669732
76.0,39.0,-39.99896,3454.8464,74534183.95429432,0.0014443759127666436
77.0,39.0,-39.993137,3454.8464,73926290.19469403,0.0038401732130143164
78.0,39.0,-39.982037,3454.8464,73320038.92718293,0.006243605052384404
79.0,39.0,-39.96562,3454.8464,72715423.77997738,0.008654896900048543
80.0,39.0,-39.943855,3454.8464,72112440.30119039,0.011074275293282681
81.0,39.0,-39.916706,3454.8464,71511085.96968472,0.013501967223923581
82.0,39.0,-39.88414,3454.8464,70911360.20070219,0.015938199514591196
83.0,39.0,-39.846115,3454.8464,70313264.3462805,0.018383198187307742
84.0,39.0,-39.80259,3454.8464,69716801.69049507,0.02083718782735487
85.0,39.0,-39.753525,3454.8464,69121977.43957469,0.023300390945181153
86.0,39.0,-39.69887,3454.8464,68528798.70692499,0.025773027335309243
87.0,39.0,-39.63859,3454.8464,67937274.49281551,0.028255313459809514
88.0,39.0,-39.57264,3454.8464,67347415.6615096,0.03074746179977783
89.0,39.0,-39.500965,3454.8464,66759234.90794869,0.0332496802440926
90.0,39.0,-39.42352,3454.8464,66172746.72673248,0.03576217150293314
91.0,39.0,-39.340256,3454.8464,65587967.371777624,0.0382851325071811
92.0,39.0,-39.251125,3454.8464,65004914.81327141,0.04081875384531802
93.0,39.0,-39.15608,3454.8464,64423608.6901082,0.04336321921889205
94.0,39.0,-39.05506,3454.8464,63844070.25822357,0.045918704923206974
75.0,40.0,-39.528442,3454.8464,75057573.18686838,4.594599239767785e-05
76.0,40.0,-39.52563,3454.8464,74447141.03054817,0.002443313433563783
77.0,40.0,-39.51748,3454.8464,73838416.01587039,0.004848093145146099
78.0,40.0,-39.503967,3454.8464,73231390.9144596,0.007260495254647857
79.0,40.0,-39.485054,3454.8464,72626060.34454134,0.009680731077461742
80.0,40.0,-39.460716,3454.8464,72022420.78573877,0.01210901252912058
81.0,40.0,-39.430916,3454.8464,71420470.58872564,0.014545551526591823
82.0,40.0,-39.39562,3454.8464,70820209.97974414,0.016990559381228502
83.0,40.0,-39.354782,3454.8464,70221641.06001496,0.019444246185973096
84.0,40.0,-39.30837,3454.8464,69624767.80006818,0.021906820199555012
85.0,40.0,-39.256336,3454.8464,69029596.02904978,0.02437848723054841
86.0,40.0,-39.198647,3454.8464,68436133.4189938,0.026859450023094804
87.0,40.0,-39.135254,3454.8464,67844389.4640713,0.029349907654361764
88.0,40.0,-39.066116,3454.8464,67254375.45684847,0.03185005492760871
75.0,41.0,-39.03834,3454.8464,74973518.53022027,0.0010653782940444822
76.0,41.0,-39.033222,3454.8464,74362217.47895053,0.003471603384355147
77.0,41.0,-39.02268,3454.8464,73752680.30057067,0.005885231818172457
78.0,41.0,-39.006687,3454.8464,73144900.80660631,0.008306459758504147
143.38313,0.0,-39.0,3454.8464,39274065.6132305,0.16582356316640234
144.0,0.0,-38.780575,3454.8464,38955155.27242033,0.16811594871534763
145.0,0.0,-38.41881,3454.8464,38441855.85407696,0.17185400733647072
146.0,0.0,-38.04922,3454.8464,37931415.96908921,0.17562609478521943
143.36026,1.0,-39.0,3454.8464,39283097.2235949,0.16576509178784948
144.0,1.0,-38.772457,3454.8464,38952419.84618078,0.16814195418120162
145.0,1.0,-38.41062,3454.8464,38439164.57580786,0.17187987256138895
146.0,1.0,-38.040962,3454.8464,37928769.28826447,0.1756518023195311
143.29158,2.0,-39.0,3454.8464,39313581.32500408,0.16557543030826682
144.0,2.0,-38.7481,3454.8464,38947619.0553419,0.16820522953519615
145.0,2.0,-38.38605,3454.8464,38434513.529926054,0.1719421210943222
146.0,2.0,-38.01617,3454.8464,37924269.4377969,0.17571295602646242
143.17696,3.0,-39.0,3454.8464,39364394.07297,0.16525951461438443
144.0,3.0,-38.707485,3454.8464,38939642.06010029,0.1683104512855216
145.0,3.0,-38.345078,3454.8464,38426785.85774871,0.17204563023959146
143.0162,4.0,-39.0,3454.8464,39435544.449828304,0.16481762285447957
143.0,4.078337,-39.0,3454.8464,39442706.44424142,0.1647731723626481
144.0,4.0,-38.650578,3454.8464,38928525.22602009,0.16845726564859043
145.0,4.0,-38.287666,3454.8464,38416017.5474482,0.17219004439012797
142.80971,5.0,-39.0,3454.8464,39528071.82693568,0.16424719501567803
143.0,5.0,-38.933086,3454.8464,39429210.224696025,0.1649489918489848
144.0,5.0,-38.57734,3454.8464,38914319.22857438,0.1686451812535047
145.0,5.0,-38.213783,3454.8464,38402258.74697321,0.17237486968443708
142.55661,6.0,-39.0,3454.8464,39641301.97793287,0.16355069130199723
143.0,6.0,-38.84425,3454.8464,39411440.12802711,0.16518092365441045
144.0,6.0,-38.487713,3454.8464,38897088.8192395,0.16887357300900868
145.0,6.0,-38.123367,3454.8464,38385573.53096829,0.1725994779343179
142.25635,7.0,-39.0,3454.8464,39775169.4060156,0.16272894008092675
142.0,7.7372694,-39.0,3454.8464,39889055.40338528,0.1620312810916974
143.0,7.0,-38.739098,3454.8464,39390627.92329118,0.16545323204717055
144.0,7.0,-38.381634,3454.8464,38876912.5281428,0.16914168699187976
145.0,7.0,-38.016354,3454.8464,38366039.60450853,0.17286311158931772
141.90868,8.0,-39.0,3454.8464,39930203.22980674,0.16178116190848413
142.0,8.0,-38.968307,3454.8464,39882658.669085614,0.16211411660301855
143.0,8.0,-38.617558,3454.8464,39366866.50550552,0.16576504507358242
144.0,8.0,-38.259018,3454.8464,38853882.305748075,0.16944864629648484
141.51369,9.0,-39.0,3454.8464,40107598.237918064,0.16070473791316023
142.0,9.0,-38.831493,3454.8464,39855237.4015816,0.16246960023916793
143.0,9.0,-38.47953,3454.8464,39340261.91524935,0.16611537499864737
144.0,9.0,-38.11977,3454.8464,38828103.10653608,0.16979345777411045
141.06967,10.0,-39.0,3454.8464,40305984.16188247,0.1595045336372141
141.0,10.141626,-39.0,3454.8464,40337003.345194556,0.1593172076242619
142.0,10.0,-38.678234,3454.8464,39824999.60877626,0.16286313599694843
143.0,10.0,-38.324913,3454.8464,39310932.86602646,0.16650312573674036
140.5772,11.0,-39.0,3454.8464,40527775.04999378,0.15817455110947157
141.0,11.0,-38.85546,3454.8464,40307939.26000521,0.1596914664815979
142.0,11.0,-38.50841,3454.8464,39792077.47843979,0.16329353475817837
143.0,11.0,-38.153587,3454.8464,39279010.220513456,0.16692710099292984
140.03423,12.0,-39.0,3454.8464,40771311.21730643,0.1567206410476649
140.0,12.057834,-39.0,3454.8464,40786597.48995019,0.1566295549254039
141.0,12.0,-38.67058,3454.8464,40271399.842329465,0.16016404297773024
142.0,12.0,-38.32189,3454.8464,39756614.90922157,0.1637595161431501
139.44118,13.0,-39.0,3454.8464,41039455.81577785,0.15513557223480773
139.0,13.684407,-39.0,3454.8464,41237831.144268975,0.1539672643829462
140.0,13.0,-38.811726,3454.8464,40748785.67874033,0.15711375099323374
141.0,13.0,-38.469006,3454.8464,40232388.11095063,0.16067145775449693
142.0,13.0,-38.118534,3454.8464,39718766.894970424,0.1642597176442508
138.79594,14.0,-39.0,3454.8464,41330751.88807754,0.15342470697691818
139.0,14.0,-38.932125,3454.8464,41224143.601276,0.15414152783896493
140.0,14.0,-38.59522,3454.8464,40706234.06089221,0.15766187987246882
141.0,14.0,-38.25058,3454.8464,40191071.16776779,0.16121228448425567
138.09792,15.0,-39.0,3454.8464,41646759.69908263,0.15158463533275998
138.0,15.130705,-39.0,3454.8464,41690844.911462806,0.1513285363357398
139.0,15.0,-38.700798,3454.8464,41178079.59071547,0.15472952394353592
140.0,15.0,-38.361835,3454.8464,40661471.571909375,0.15824253499259527
141.0,15.0,-38.015133,3454.8464,40147625.99058572,0.16178503395752225
137.34604,16.0,-39.0,3454.8464,41988885.045493074,0.1496123685246378
137.0,16.429712,-39.0,3454.8464,42145568.35238821,0.14871272690262569
138.0,16.0,-38.786003,3454.8464,41647874.0193817,0.15187294479878355
139.0,16.0,-38.452553,3454.8464,41129912.683151655,0.15534909690026538
140.0,16.0,-38.111393,3454.8464,40614686.20053326,0.15885418402538692
136.53847,17.0,-39.0,3454.8464,42357035.34988795,0.147509300208717
136.0,17.624037,-39.0,3454.8464,42602146.557946,0.14611814514272664
137.0,17.0,-38.85107,3454.8464,42115588.952280454,0.14909053626655602
138.0,17.0,-38.52298,3454.8464,41596361.13929184,0.15253042990683938
139.0,17.0,-38.1872,3454.8464,41079841.305985235,0.15599868209004325
135.67372,18.0,-39.0,3454.8464,42752392.54669833,0.145273038669336
135.0,18.730673,-39.0,3454.8464,43060591.179848194,0.14354381774237426
136.0,18.0,-38.896233,3454.8464,42581217.9944398,0.14638055616969106
137.0,18.0,-38.573338,3454.8464,42060805.37440268,0.14978485080880244
138.0,18.0,-38.242775,3454.8464,41543074.70147759,0.1532169060510996
134.75005,19.0,-39.0,3454.8464,43176229.97102529,0.14290084671574382
134.0,19.763071,-39.0,3454.8464,43520924.313807,0.14098874385557075
135.0,19.0,-38.921688,3454.8464,43044776.38374804,0.14374115049593844
136.0,19.0,-38.603836,3454.8464,42523255.273162365,0.147110557848549
137.0,19.0,-38.278343,3454.8464,42004391.04564703,0.15050710850983304
133.76541,20.0,-39.0,3454.8464,43629921.919264704,0.1403895874275588
133.0,20.732012,-39.0,3454.8464,43983178.11870502,0.13845190721062237
134.0,20.0,-38.92764,3454.8464,43506300.55014061,0.14117037656307027
135.0,20.0,-38.614674,3454.8464,42983741.75117746,0.14450565409822785
136.0,20.0,-38.294086,3454.8464,42463815.86221298,0.14786744036110985
132.71748,21.0,-39.0,3454.8464,44114954.53853666,0.13773566381442656
132.0,21.646221,-39.0,3454.8464,44447394.40705316,0.1359322873565846
133.0,21.0,-38.914257,3454.8464,43965847.606703416,0.13866622503288642
134.0,21.0,-38.60602,3454.8464,43442316.26718912,0.14196816972583295
135.0,21.0,-38.29019,3454.8464,42921395.072824895,0.14529597330192445
131.60364,22.0,-39.0,3454.8464,44632938.265139714,0.1349349514100349
131.0,22.512821,-39.0,3454.8464,44913624.21046091,0.1334288700127838
132.0,22.0,-38.881702,3454.8464,44423494.77854901,0.1362266406593839
133.0,22.0,-38.578045,3454.8464,43899050.272953376,0.1394960830219556
134.0,22.0,-38.26682,3454.8464,43377194.46752456,0.14279072112879732
130.42082,23.0,-39.0,3454.8464,45185622.074689195,0.13198272261302557
130.0,23.337675,-39.0,3454.8464,45381927.32368759,0.13094065650068476
131.0,23.0,-38.830112,3454.8464,44879338.77515465,0.1338495416865088
132.0,23.0,-38.530884,3454.8464,44354034.606462434,0.13708734009630585
133.0,23.0,-38.22411,3454.8464,43831299.1184387,0.14034965972628025
128.0,24.876623,-39.0,3454.8464,46324869.0462932,0.12600646917768477
129.16559,24.0,-39.0,3454.8464,45774909.85843901,0.12887356133479838
129.0,24.125645,-39.0,3454.8464,45852371.83060743,0.1284666722523616
130.0,24.0,-38.759613,3454.8464,45333495.11168447,0.13153283783804606
131.0,24.0,-38.464664,3454.8464,44807378.83397168,0.13473987318087072
132.0,24.0,-38.16219,3454.8464,44283812.74213088,0.1379707456779346
127.83394,25.0,-39.0,3454.8464,46404110.80225087,0.12559746192776233
127.0,25.593489,-39.0,3454.8464,46799416.30468467,0.12355929253233593
128.0,25.0,-38.953674,3454.8464,46315467.90450628,0.12612045190554538
129.0,25.0,-38.67031,3454.8464,45786097.38456169,0.12927444686784953
130.0,25.0,-38.37949,3454.8464,45259210.54607289,0.13245161750247259
131.0,25.0,-38.08117,3454.8464,44734857.01582316,0.13565193345677226
125.0,26.948734,-39.0,3454.8464,47755417.92903206,0.11869912978992901
126.42118,26.0,-39.0,3454.8464,47076192.08366939,0.12214508814931105
126.0,26.283869,-39.0,3454.8464,47276261.12627703,0.12112373031842476
127.0,26.0,-38.84169,3454.8464,46767386.98554308,0.12394657067666598
128.0,26.0,-38.562286,3454.8464,46237296.50631226,0.12707230966109273
129.0,26.0,-38.27545,3454.8464,45709674.61280203,0.13022052671064654
124.922035,27.0,-39.0,3454.8464,47793154.958975144,0.11850972756719305
124.0,27.58288,-39.0,3454.8464,48236546.288022146,0.11628567373185159
125.0,27.0,-38.979412,3454.8464,47751230.63320421,0.11874938726020438
126.0,27.0,-38.711197,3454.8464,47218042.77022003,0.12182599714229962
127.0,27.0,-38.435608,3454.8464,46687259.9044222,0.12492440389741186
128.0,27.0,-38.15261,3454.8464,46158932.40249322,0.12804458686760134
122.0,28.78836,-39.0,3454.8464,49206019.77000031,0.11148649493667626
123.32962,28.0,-39.0,3454.8464,48561447.28772889,0.1146702758559934
123.0,28.197496,-39.0,3454.8464,48720165.148433834,0.11388145945529331
124.0,28.0,-38.826797,3454.8464,48201472.3456559,0.11670584718540658
125.0,28.0,-38.56223,3454.8464,47667624.492035136,0.11975675526090487
126.0,28.0,-38.29032,3454.8464,47136170.68866874,0.12282875630409615
127.0,28.0,-38.011024,3454.8464,46607160.96882137,0.12592182902457924
120.0,29.909327,-39.0,3454.8464,50184828.6120956,0.10672110677389948
121.63651,29.0,-39.0,3454.8464,49384170.75249973,0.11061545419208488
121.0,29.357447,-39.0,3454.8464,49694148.19915183,0.10910007076550163
122.0,29.0,-38.90964,3454.8464,49187660.14453752,0.11170506586614226
123.0,29.0,-38.65587,3454.8464,48650830.752684325,0.11471079973071005
124.0,29.0,-38.39482,3454.8464,48116336.176063955,0.11773693258844248
125.0,29.0,-38.12645,3454.8464,47584226.79109734,0.12078345354220967
118.0,30.953499,-39.0,3454.8464,51173135.38177772,0.10198467136562794
119.8334,30.0,-39.0,3454.8464,50267355.04064896,0.10632402981692898
119.0,30.438154,-39.0,3454.8464,50677604.76477741,0.10434984737920719
120.0,30.0,-38.960247,3454.8464,50176733.70430036,0.10681694103154998
121.0,30.0,-38.717037,3454.8464,49636992.648537114,0.1097798280875667
122.0,30.0,-38.466625,3454.8464,49099529.85857203,0.11276241097264056
123.0,30.0,-38.20896,3454.8464,48564395.73622271,0.11576468954519414
116.0,31.92751,-39.0,3454.8464,52171117.233784966,0.09727262296248954
117.90847,31.0,-39.0,3454.8464,51218931.940301485,0.10176766743900584
117.0,31.446507,-39.0,3454.8464,51670709.27293853,0.09962613152422028
118.0,31.0,-38.97909,3454.8464,51168873.56291353,0.10203488171532898
119.0,31.0,-38.746227,3454.8464,50626276.20534498,0.10495724259585272
120.0,31.0,-38.50623,3454.8464,50085903.832937,0.10789858871566785
121.0,31.0,-38.25905,3454.8464,49547806.5565394,0.11085893086623991
122.0,31.0,-38.004635,3454.8464,49012034.05308021,0.1138382674471812
114.0,32.83706,-39.0,3454.8464,53178964.87036556,0.09258068704334957
115.846886,32.0,-39.0,3454.8464,52248451.76137294,0.09691146724520465
115.0,32.38843,-39.0,3454.8464,52673649.757580146,0.09492454915077325
116.0,32.0,-38.966606,3454.8464,52164313.265357256,0.09735245418036012
117.0,32.0,-38.74387,3454.8464,51618899.63751445,0.10023659325636036
118.0,32.0,-38.51407,3454.8464,51075661.53385614,0.10313900154908368
119.0,32.0,-38.277157,3454.8464,50534648.46433913,0.10605970076746707
120.0,32.0,-38.033085,3454.8464,49995909.671945244,0.10899869983414431
112.0,33.687042,-39.0,3454.8464,54196881.400284104,0.08790489582705896
113.62989,33.0,-39.0,3454.8464,53367538.64355251,0.09171206134628998
113.0,33.26903,-39.0,3454.8464,53686626.75305262,0.09024102639015776
114.0,33.0,-38.923183,3454.8464,53163338.98286987,0.09276341474025769
115.0,33.0,-38.71036,3454.8464,52615133.09725984,0.09561161084558747
116.0,33.0,-38.49055,3454.8464,52069057.60979101,0.09847735691925774
117.0,33.0,-38.2637,3454.8464,51525161.12485956,0.10136068538768091
118.0,33.0,-38.02975,3454.8464,50983492.14853588,0.10426161560867081
109.0,34.86043,-39.0,3454.8464,55743234.37491954,0.08091354600343592
110.0,34.48166,-39.0,3454.8464,55225081.09502071,0.08324160037209113
111.23364,34.0,-39.0,3454.8464,54590513.683554366,0.08611500456331836
111.0,34.092686,-39.0,3454.8464,54709852.08800636,0.08557180260387011
112.0,34.0,-38.849155,3454.8464,54166288.72854693,0.08826173951402434
113.0,34.0,-38.64605,3454.8464,53615298.03640195,0.09107623689159423
114.0,34.0,-38.436024,3454.8464,53066397.41626796,0.093907564186892
115.0,34.0,-38.21903,3454.8464,52519634.278319694,0.09675576414782153
106.0,35.917133,-39.0,3454.8464,57313042.32984649,0.07393954826358502
107.0,35.575844,-39.0,3454.8464,56786956.74850902,0.07626293852748117
108.62315,35.0,-39.0,3454.8464,55940047.94508933,0.0800347756494012
108.0,35.22451,-39.0,3454.8464,56263788.04101377,0.0785874794529847
109.0,35.0,-38.93161,3454.8464,55729345.510379046,0.08107469742398671
110.0,35.0,-38.74481,3454.8464,55173551.15768887,0.08384165125979778
111.0,35.0,-38.55122,3454.8464,54619766.159780264,0.08662465075818548
112.0,35.0,-38.35079,3454.8464,54068036.12351891,0.08942376192582308
113.0,35.0,-38.143456,3454.8464,53518406.990908176,0.09223903725691757
103.0,36.864403,-39.0,3454.8464,58906654.81130334,0.06697310023691024
104.0,36.55905,-39.0,3454.8464,58372602.05699062,0.06929493234392844
105.75125,36.0,-39.0,3454.8464,57444971.53504451,0.07336029461177163
105.0,36.243797,-39.0,3454.8464,57841458.04757528,0.07161699700339616
106.0,36.0,-38.958755,3454.8464,57304677.855598845,0.07403622338814521
107.0,36.0,-38.787888,3454.8464,56744151.619467594,0.07675931600884336
108.0,36.0,-38.61036,3454.8464,56185563.9444245,0.07949764342729088
109.0,36.0,-38.426113,3454.8464,55628957.96590197,0.0822512939731864
110.0,36.0,-38.23509,3454.8464,55074377.41167093,0.08502034250836964
111.0,36.0,-38.03723,3454.8464,54521866.50072877,0.08780485052766972
99.0,37.969254,-39.0,3454.8464,61069378.53158728,0.057681714691149376
100.0,37.708344,-39.0,3454.8464,60524434.87990723,0.06000559648061336
101.0,37.4376,-39.0,3454.8464,59982378.825295195,0.06232865204299097
102.54283,37.0,-39.0,3454.8464,59152562.670469634,0.06590982265096948
102.0,37.15706,-39.0,3454.8464,59443222.865449406,0.06465110797767483
103.0,37.0,-38.93151,3454.8464,58892822.39451995,0.06713258832338485
104.0,37.0,-38.77622,3454.8464,58327592.96304756,0.06981545214653517
105.0,37.0,-38.614388,3454.8464,57764242.72478625,0.0725127202403588
106.0,37.0,-38.445965,3454.8464,57202811.73068835,0.0752245015574277
107.0,37.0,-38.27089,3454.8464,56643340.86690238,0.07795089194150959
108.0,37.0,-38.089108,3454.8464,56085871.75730291,0.08069197409842785
95.0,38.899284,-39.0,3454.8464,63275571.19550146,0.048371389066091175
96.0,38.681553,-39.0,3454.8464,62719730.83394879,0.050701395033697166
97.0,38.45403,-39.0,3454.8464,62166755.93758397,0.05302966038263322
98.878296,38.0,-39.0,3454.8464,61136221.93424276,0.05739810434257853
98.0,38.21675,-39.0,3454.8464,61616659.363803,0.05535638269887928
99.0,38.0,-38.98433,3454.8464,61066226.376707524,0.0577179354877281
100.0,38.0,-38.85063,3454.8464,60494479.69659762,0.06035069998179389
101.0,38.0,-38.71058,3454.8464,59924530.243610784,0.06299688759921344
102.0,38.0,-38.564114,3454.8464,59356413.2919462,0.0656566377872525
103.0,38.0,-38.41118,3454.8464,58790165.26593231,0.0683300777273828
104.0,38.0,-38.25171,3454.8464,58225823.64797854,0.07101732214771515
105.0,38.0,-38.085655,3454.8464,57663426.886735216,0.07371847316644856
89.0,39.982906,-39.0,3454.8464,66667645.27939597,0.03434097868937013
90.0,39.82713,-39.0,3454.8464,66095256.1256798,0.03668592108416118
91.0,39.66146,-39.0,3454.8464,65525683.76238144,0.03902805555478439
92.0,39.485947,-39.0,3454.8464,64958941.21405473,0.041367533512942124
93.0,39.300636,-39.0,3454.8464,64395041.5126199,0.04370451328440931
94.517235,39.0,-39.0,3454.8464,63545642.52444419,0.047244370877655956
94.0,39.10557,-39.0,3454.8464,63833997.676070996,0.04603915982356726
95.0,39.0,-38.948246,3454.8464,63265254.80201347,0.04848983481700214
96.0,39.0,-38.835556,3454.8464,62687014.263662346,0.05107782028394714
97.0,39.0,-38.71669,3454.8464,62110512.57932384,0.05367820693105784
98.0,39.0,-38.591583,3454.8464,61535779.33643303,0.0562911592974605
99.0,39.0,-38.46018,3454.8464,60962845.539367944,0.05891683106510478
100.0,39.0,-38.322422,3454.8464,60391743.52590427,0.06155536465860356
101.0,39.0,-38.17825,3454.8464,59822506.896196306,0.06420689096144365
102.0,39.0,-38.027607,3454.8464,59255170.416897684,0.06687152909219796
79.0,40.9708,-39.0,3454.8464,72541338.01547436,0.01070439142935675
80.0,40.91787,-39.0,3454.8464,71941590.2812106,0.01308439940229002
81.0,40.854565,-39.0,3454.8464,71344560.81637818,0.015460562426262498
82.0,40.780964,-39.0,3454.8464,70750261.96137454,0.01783294566584105
83.0,40.697136,-39.0,3454.8464,70158706.18520448,0.02020162289540839
84.0,40.60315,-39.0,3454.8464,69569906.07659447,0.022566676379422355
85.0,40.499077,-39.0,3454.8464,68983874.33357689,0.024928196733661187
86.0,40.38498,-39.0,3454.8464,68400623.75134392,0.027286282768174443
87.0,40.260918,-39.0,3454.8464,67820167.20960735,0.029641041312084233
88.88341,40.0,-39.0,3454.8464,66734819.04812886,0.03406689413574932
88.0,40.126953,-39.0,3454.8464,67242517.65803139,0.03199258702131111
89.0,40.0,-38.991234,3454.8464,66665923.21486973,0.03436073584790962
90.0,40.0,-38.910934,3454.8464,66077755.62109526,0.0368869710601969
91.0,40.0,-38.824722,3454.8464,65491252.94255571,0.03942417959579528
92.0,40.0,-38.73254,3454.8464,64906434.954319805,0.04197256091591327
93.0,40.0,-38.63434,3454.8464,64323323.17743938,0.044532306485750454
94.0,40.0,-38.530056,3454.8464,63741940.822133504,0.0471035992191151
95.0,40.0,-38.419643,3454.8464,63162312.726931006,0.049686612955686875
96.0,40.0,-38.303036,3454.8464,62584465.29397474,0.05228151197380525
97.0,40.0,-38.180187,3454.8464,62008426.4206896,0.05488845054151745
98.0,40.0,-38.05103,3454.8464,61434225.42833108,0.057507572528540295
75.0,41.076164,-39.0,3454.8464,74967089.82505539,0.0011444867238638813
76.0,41.065697,-39.0,3454.8464,74356612.93491735,0.0035404146841787458
77.0,41.044647,-39.0,3454.8464,73748832.2745304,0.0059323809856906
78.31352,41.0,-39.0,3454.8464,72954985.14857277,0.00906770574167629
78.0,41.013107,-39.0,3454.8464,73143760.0342057,0.008320412017634988
79.0,41.0,-38.985363,3454.8464,72538573.50623924,0.010736300018886442
80.0,41.0,-38.95863,3454.8464,71933748.31601143,0.013174883090958833
81.0,41.0,-38.92638,3454.8464,71330560.42374748,0.015622080102635733
82.0,41.0,-38.88858,3454.8464,70729010.85906431,0.018078117948032532
83.0,41.0,-38.845177,3454.8464,70129102.6408992,0.020543221706210212
84.0,41.0,-38.796135,3454.8464,69530840.76854527,0.023017613964223284
85.0,41.0,-38.741405,3454.8464,68934232.20742768,0.02550151414140859
86.0,41.0,-38.68094,3454.8464,68339285.86923099,0.027995137818446654
87.0,41.0,-38.614693,3454.8464,67746012.58934176,0.03049869607342651
88.0,41.0,-38.54261,3454.8464,67154425.09434554,0.033012394830956644
89.0,41.0,-38.464645,3454.8464,66564537.96973848,0.035536434223977356
90.0,41.0,-38.38075,3454.8464,65976367.620279394,0.03807100797451553
91.0,41.0,-38.29086,3454.8464,65389932.22627285,0.0406163027953778
92.0,41.0,-38.194935,3454.8464,64805251.69540599,0.04317249781633812
93.0,41.0,-38.092915,3454.8464,64222347.61029796,0.04573976403795154
75.0,42.0,-38.533844,3454.8464,74882437.80306819,0.002136962539047179
76.0,42.0,-38.526268,3454.8464,74270125.50598346,0.004553115016921754
77.0,42.0,-38.513233,3454.8464,73659527.44368196,0.006976956710805376
78.0,42.0,-38.49471,3454.8464,73050637.78325167,0.00940869968446843
79.0,42.0,-38.470657,3454.8464,72443452.60029545,0.011848556334241134
80.0,42.0,-38.441044,3454.8464,71837969.89012754,0.014296738754604892
81.0,42.0,-38.40583,3454.8464,71234189.57366093,0.016753458094985067
82.0,42.0,-38.36498,3454.8464,70632113.49801117,0.019218923910636607
83.0,42.0,-38.318443,3454.8464,70031745.431837,0.021693343510583246
84.0,42.0,-38.266182,3454.8464,69433091.0554824,0.024176921305654873
85.0,42.0,-38.20815,3454.8464,68836157.94597006,0.026669858159805493
86.0,42.0,-38.144302,3454.8464,68240955.55683608,0.029172350747922172
87.0,42.0,-38.074593,3454.8464,67647495.19351575,0.03168459092312338
74.0,43.0,-38.01425,3454.8464,75408169.81381674,0.0008227439591535731
75.0,43.0,-38.009605,3454.8464,74793190.19254462,0.003240999778930048
146.13187,0.0,-38.0,3454.8464,37864742.26318969,0.17612421620379526
147.0,0.0,-37.66847,3454.8464,37417216.460051864,0.17951498410077296
148.0,0.0,-37.27912,3454.8464,36904971.52334777,0.18345290081557353
146.10974,1.0,-38.0,3454.8464,37873290.57393031,0.1760662643919665
147.0,1.0,-37.660053,3454.8464,37414447.60481792,0.17954258697536019
148.0,1.0,-37.27063,3454.8464,36902250.786959276,0.18348029972117946
146.04333,2.0,-38.0,3454.8464,37902372.0623786,0.1758764970162392
146.0,2.3913908,-38.0,3454.8464,37921338.37182039,0.17575279771232552
147.0,2.0,-37.634796,3454.8464,37409600.794607796,0.17960874385506864
148.0,2.0,-37.245148,3454.8464,36897567.64001328,0.1835451502993129
145.93285,3.0,-38.0,3454.8464,37951182.3692335,0.17555948284322234
146.0,3.0,-37.97459,3454.8464,37916278.328297004,0.1758209352797475
147.0,3.0,-37.592678,3454.8464,37401548.224404275,0.17971872826922575
148.0,3.0,-37.202656,3454.8464,36889787.54596436,0.18365295693301636
145.77815,4.0,-38.0,3454.8464,38019829.0133341,0.17511526617319487
146.0,4.0,-37.916103,3454.8464,37904680.33120984,0.17597720807706407
147.0,4.0,-37.533672,3454.8464,37390327.93366739,0.17987212708413372
148.0,4.0,-37.143127,3454.8464,36878948.10097105,0.18380330560390848
145.57877,5.0,-38.0,3454.8464,38108104.38743672,0.17454492635882846
146.0,5.0,-37.840836,3454.8464,37889860.72836605,0.1761771459974854
147.0,5.0,-37.45773,3454.8464,37375992.91734268,0.18006836676758747
148.0,5.0,-37.06651,3454.8464,36865101.68060663,0.18399562160461239
145.33432,6.0,-38.0,3454.8464,38216020.55870992,0.1738490499958481
146.0,6.0,-37.748726,3454.8464,37871887.986981735,0.1764200220683259
147.0,6.0,-37.3648,3454.8464,37358610.868373185,0.18030671816595917
145.04437,7.0,-38.0,3454.8464,38343592.84692974,0.17302834266125164
145.0,7.132419,-38.0,3454.8464,38363066.132184915,0.17290325271168305
146.0,7.0,-37.639706,3454.8464,37850845.11425142,0.1767049600427893
147.0,7.0,-37.254807,3454.8464,37338263.85062199,0.18058630253669708
144.70966,8.0,-38.0,3454.8464,38492323.40283069,0.17207936669084428
145.0,8.0,-37.89162,3454.8464,38341565.05958849,0.17319091759709215
146.0,8.0,-37.513695,3454.8464,37826829.26174439,0.1770309415126852
147.0,8.0,-37.127674,3454.8464,37315047.90509775,0.18090609875702704
144.32867,9.0,-38.0,3454.8464,38661207.33095363,0.1710059695070983
144.0,9.768268,-38.0,3454.8464,38806222.76403946,0.17008702742329984
145.0,9.0,-37.74979,3454.8464,38313792.10758212,0.17356339961251158
146.0,9.0,-37.370594,3454.8464,37799951.266193,0.17739681409162644
143.9009,10.0,-38.0,3454.8464,38850563.08867569,0.16980831805271465
144.0,10.0,-37.963448,3454.8464,38798956.19495352,0.1701836116627623
145.0,10.0,-37.590916,3454.8464,38283180.46159169,0.17397528919152289
146.0,10.0,-37.210304,3454.8464,37770335.13061923,0.17780130056516422
143.42668,11.0,-38.0,3454.8464,39061854.18577889,0.16848335946349008
143.0,11.8166485,-38.0,3454.8464,39250873.89338622,0.16730237304125994
144.0,11.0,-37.788975,3454.8464,38764559.34748862,0.17064122944005167
145.0,11.0,-37.414875,3454.8464,38249868.274966896,0.1744251984621927
146.0,11.0,-37.032696,3454.8464,37738117.45019194,0.178243008894008
142.90413,12.0,-38.0,3454.8464,39293919.36038157,0.16703568362268886
143.0,12.0,-37.965103,3454.8464,39243935.294063106,0.1673940136267645
144.0,12.0,-37.59735,3454.8464,38727515.703174576,0.17113613629634167
145.0,12.0,-37.22154,3454.8464,38214005.82168191,0.17491163531954423
142.33372,13.0,-38.0,3454.8464,39548805.399918854,0.16546067900751593
142.0,13.538722,-38.0,3454.8464,39697034.65171007,0.16454793704427007
143.0,13.0,-37.75804,3454.8464,39203144.48892939,0.16793329944682744
144.0,13.0,-37.38843,3454.8464,38687988.79768552,0.17166675250499583
145.0,13.0,-37.010757,3454.8464,38175754.82284393,0.17543301462001742
141.71371,14.0,-38.0,3454.8464,39825851.137721725,0.16376161414133955
142.0,14.0,-37.897255,3454.8464,39676645.21692348,0.16481559683665495
143.0,14.0,-37.533676,3454.8464,39159952.78599949,0.16850736836902253
144.0,14.0,-37.16206,3454.8464,38646153.04315207,0.17223141664040126
141.04323,15.0,-38.0,3454.8464,40125629.75525263,0.16193822338443575
141.0,15.06011,-38.0,3454.8464,40144854.493235044,0.1618215950883603
142.0,15.0,-37.657562,3454.8464,39629807.42360795,0.16543223601420962
143.0,15.0,-37.291836,3454.8464,39114546.76572169,0.16911449556350136
140.32207,16.0,-38.0,3454.8464,40450142.890904695,0.15998607917596286
140.0,16.41706,-38.0,3454.8464,40594202.73442374,0.15912297927447122
141.0,16.0,-37.76036,3454.8464,40097485.498847626,0.16243988319596236
142.0,16.0,-37.40036,3454.8464,39580864.19123129,0.16608086474954248
143.0,16.0,-37.03233,3454.8464,39067122.48271842,0.1697528978864693
139.54816,17.0,-38.0,3454.8464,40798785.05023897,0.1579083594893191
139.0,17.663157,-38.0,3454.8464,41045295.31157428,0.15644971303174765
140.0,17.0,-37.842327,3454.8464,40562942.776341036,0.1595286415069572
141.0,17.0,-37.48789,3454.8464,40045056.24934021,0.16312893359986935
142.0,17.0,-37.125443,3454.8464,39530022.486352995,0.16675966073444215
138.72034,18.0,-38.0,3454.8464,41172567.8722642,0.15570350616403658
138.0,18.816433,-38.0,3454.8464,41498138.26264552,0.153800729510672
139.0,18.0,-37.9037,3454.8464,41026157.73106214,0.1566966749731685
140.0,18.0,-37.55466,3454.8464,40507096.353522636,0.16025693626962534
141.0,18.0,-37.197636,3454.8464,39990861.47244334,0.1638469925645179
137.8372,19.0,-38.0,3454.8464,41572576.963496104,0.15336969491792488
137.0,19.891176,-38.0,3454.8464,41952748.66643805,0.1511749191777872
138.0,19.0,-37.944714,3454.8464,41487131.19807609,0.1539420077966644
139.0,19.0,-37.600906,3454.8464,40966980.071668684,0.15746295958501105
140.0,19.0,-37.249138,3454.8464,40449629.87278804,0.16101304510101966
136.89716,20.0,-38.0,3454.8464,41999979.11532142,0.1509047910592269
136.0,20.898832,-38.0,3454.8464,42409154.25322081,0.14857114413438519
137.0,20.0,-37.965572,3454.8464,41945885.94452439,0.1512625510201271
138.0,20.0,-37.626835,3454.8464,41424724.71897426,0.15474496993144798
139.0,20.0,-37.280163,3454.8464,40906339.67809855,0.15825584230495743
135.89835,21.0,-38.0,3454.8464,42456030.46263319,0.1483063009469366
135.0,21.848679,-38.0,3454.8464,42867392.98461165,0.14598825147395839
136.0,21.0,-37.966473,3454.8464,42402466.17040963,0.14865612792678526
137.0,21.0,-37.632645,3454.8464,41880368.879598856,0.1521008389185238
138.0,21.0,-37.2909,3454.8464,41361023.980059184,0.1555733062932349
134.83862,22.0,-38.0,3454.8464,42942085.731200114,0.14557131856197347
134.0,22.748287,-38.0,3454.8464,43327512.60688791,0.14342508562532172
135.0,22.0,-37.947586,3454.8464,42856936.944595136,0.14612049802808155
136.0,22.0,-37.618507,3454.8464,42333971.86346872,0.14952836766578154
137.0,22.0,-37.281536,3454.8464,41813736.448479116,0.15296328191357828
133.71555,23.0,-38.0,3454.8464,43459608.748098016,0.14269646641446132
133.0,23.603905,-38.0,3454.8464,43789570.181693904,0.14088049964823907
134.0,23.0,-37.909073,3454.8464,43309383.58225537,0.14365337952738866
135.0,23.0,-37.584587,3454.8464,42785613.10441995,0.14702530959034515
136.0,23.0,-37.25223,3454.8464,42264550.74968563,0.15042355984861522
132.52637,24.0,-38.0,3454.8464,44010184.4219774,0.13967782984863195
132.0,24.420704,-38.0,3454.8464,44253631.59784709,0.1383533654674439
133.0,24.0,-37.85108,3454.8464,43759910.96978215,0.1412524701817521
134.0,24.0,-37.531025,3454.8464,43235391.5056403,0.14458939161153211
135.0,24.0,-37.20312,3454.8464,42713559.91209024,0.1479518981572347
130.0,25.952932,-38.0,3454.8464,45188000.124585144,0.13334733539444038
131.26791,25.0,-38.0,3454.8464,44595532.4392366,0.13651088361127764
131.0,25.203007,-38.0,3454.8464,44719771.06771595,0.13584258304662578
132.0,25.0,-37.773724,3454.8464,44208642.842842884,0.1389154665153116
133.0,25.0,-37.457947,3454.8464,43683424.73809399,0.14221833371949016
134.0,25.0,-37.134342,3454.8464,43160875.6445847,0.14554604219384887
129.93668,26.0,-38.0,3454.8464,45217963.800448254,0.13318905574861375
129.0,26.667967,-38.0,3454.8464,45658089.90944867,0.13086760931950842
130.0,26.0,-37.98101,3454.8464,45184195.29605938,0.13339445866457098
131.0,26.0,-37.677116,3454.8464,44655721.023007706,0.1366400813654052
132.0,26.0,-37.365456,3454.8464,44129848.49730669,0.1399098668834095
133.0,26.0,-37.045998,3454.8464,43606627.61310552,0.14320374287526555
128.52866,27.0,-38.0,3454.8464,45881545.56258601,0.1297000448048821
128.0,27.357906,-38.0,3454.8464,46130426.55311769,0.12840130333291064
129.0,27.0,-37.861286,3454.8464,45630379.43960646,0.13120977759217947
130.0,27.0,-37.561333,3454.8464,45101304.61800126,0.1344240597678209
131.0,27.0,-37.253643,3454.8464,44574815.72355026,0.1376617493005189
126.0,28.662046,-38.0,3454.8464,47081634.350129105,0.12350685578566832
127.038925,28.0,-38.0,3454.8464,46586753.934563875,0.12604224409225426
127.0,28.025036,-38.0,3454.8464,46605108.529686436,0.12594745938448146
128.0,28.0,-37.722603,3454.8464,46075214.45633657,0.12908125385284602
129.0,28.0,-37.426445,3454.8464,45545569.19030938,0.13226519320872746
130.0,28.0,-37.122574,3454.8464,45018495.790139966,0.13547178100906312
124.0,29.876604,-38.0,3454.8464,48041835.54816694,0.11865792093445285
125.4618,29.0,-38.0,3454.8464,47340216.930158995,0.12219455852942555
125.0,29.279583,-38.0,3454.8464,47560569.172042415,0.12107713576973009
126.0,29.0,-37.849873,3454.8464,47051598.39819652,0.12387409074674083
127.0,29.0,-37.56501,3454.8464,46518897.76956864,0.1270067353190224
128.0,29.0,-37.2725,3454.8464,45988705.898518264,0.1301613322894442
123.79079,30.0,-38.0,3454.8464,48143498.767658375,0.11815108355803292
123.0,30.450363,-38.0,3454.8464,48525156.818739764,0.11624922322916456
124.0,30.0,-37.94371,3454.8464,48030527.90407196,0.1187952673755481
125.0,30.0,-37.669907,3454.8464,47494861.11647389,0.12187908208118099
126.0,30.0,-37.388523,3454.8464,46961641.492682375,0.12498414393937715
127.0,30.0,-37.099514,3454.8464,46430920.616306685,0.12811039786283782
121.0,31.54485,-38.0,3454.8464,49499042.543052115,0.11145830490101835
122.01794,31.0,-38.0,3454.8464,49002507.82558614,0.11389170957247868
122.0,31.009708,-38.0,3454.8464,49011168.42765567,0.113848948510506
123.0,31.0,-37.74168,3454.8464,48473569.70630281,0.11687502863381373
124.0,31.0,-37.471195,3454.8464,47937400.76882245,0.11993301236581486
125.0,31.0,-37.19315,3454.8464,47403671.50804907,0.1230114850951882
119.0,32.569492,-38.0,3454.8464,50482412.22173048,0.10669923906039681
120.13313,32.0,-38.0,3454.8464,49924769.41755386,0.1093902667464526
120.0,32.067688,-38.0,3454.8464,49989721.39688558,0.10907474576988027
121.0,32.0,-37.780838,3454.8464,49455185.44798303,0.11198749791085948
122.0,32.0,-37.52102,3454.8464,48916132.334119275,0.11500085293676662
123.0,32.0,-37.253708,3454.8464,48379462.2507997,0.11803398749531328
116.0,33.990013,-38.0,3454.8464,51975966.704001404,0.09960949357990219
117.0,33.529865,-38.0,3454.8464,51475465.5397573,0.10196718003573398
118.124794,33.0,-38.0,3454.8464,50916434.893042326,0.1046239055964475
118.0,33.059525,-38.0,3454.8464,50977925.14306751,0.10432979675805443
119.0,33.0,-37.787846,3454.8464,50439921.97192035,0.10720957612036422
120.0,33.0,-37.538464,3454.8464,49898035.589555696,0.11018073569968323
121.0,33.0,-37.281666,3454.8464,49358478.60156239,0.11317096025951238
122.0,33.0,-37.017395,3454.8464,48821302.25255114,0.11618021432456432
114.0,34.861378,-38.0,3454.8464,52983806.42017111,0.09490976711475982
115.97799,34.0,-38.0,3454.8464,51987094.4182822,0.09955743801198479
115.0,34.43079,-38.0,3454.8464,52478414.89774914,0.09725759546911833
116.0,34.0,-37.99499,3454.8464,51974956.48136917,0.0996215304994446
117.0,34.0,-37.763123,3454.8464,51428044.5675005,0.10253454485292036
118.0,34.0,-37.52396,3454.8464,50883360.779923335,0.10546591769363214
119.0,34.0,-37.277454,3454.8464,50340956.318214335,0.10841563740262565
120.0,34.0,-37.023544,3454.8464,49800882.023960546,0.1113836792550435
112.0,35.678947,-38.0,3454.8464,54001803.93356876,0.09022631826375183
113.67224,35.0,-38.0,3454.8464,53150875.830642864,0.0941390014424628
113.0,35.27642,-38.0,3454.8464,53491484.24174684,0.09256628006615934
114.0,35.0,-37.92899,3454.8464,52969513.827437006,0.09507957551551054
115.0,35.0,-37.70705,3454.8464,52419869.742962,0.09795591004428508
116.0,35.0,-37.477894,3454.8464,51872408.68531548,0.10084987206268889
117.0,35.0,-37.241463,3454.8464,51327180.97159641,0.10376146110325112
109.0,36.81235,-38.0,3454.8464,55548449.572772674,0.08322352822827572
110.0,36.44616,-38.0,3454.8464,55030195.80305138,0.08555539821369668
111.18373,36.0,-38.0,3454.8464,54421080.246288046,0.08831707774144541
111.0,36.070347,-38.0,3454.8464,54514907.784262,0.08788936609316113
112.0,36.0,-37.832165,3454.8464,53968141.66997509,0.09062543877403542
113.0,36.0,-37.619953,3454.8464,53415764.40965192,0.09346742806427322
114.0,36.0,-37.400593,3454.8464,52865529.935430706,0.09632631437269906
115.0,36.0,-37.17403,3454.8464,52317487.38748719,0.09920210805442929
106.0,37.838146,-38.0,3454.8464,57118724.90066742,0.07623793367519233
107.0,37.50679,-38.0,3454.8464,56592496.61210692,0.0785652314519665
108.4757,37.0,-38.0,3454.8464,55822210.19061081,0.08199949560222844
108.0,37.165947,-38.0,3454.8464,56069227.29463518,0.08089360729626817
109.0,37.0,-37.90045,3454.8464,55528462.10504659,0.08345940853532442
110.0,37.0,-37.70478,3454.8464,54971273.18230043,0.08625320151672539
111.0,37.0,-37.502094,3454.8464,54416144.65155965,0.08906312905273117
112.0,37.0,-37.292336,3454.8464,53863123.93762578,0.09188922606984694
113.0,37.0,-37.075447,3454.8464,53312258.72627019,0.09473151326974825
103.0,38.762417,-38.0,3454.8464,58713016.90119838,0.0692594466389188
104.0,38.46458,-38.0,3454.8464,58178772.77940252,0.07158537461530967
105.499054,38.0,-38.0,3454.8464,57384283.60101266,0.07507035108326296
105.0,38.157368,-38.0,3454.8464,57647480.01079196,0.07391144128611697
106.0,38.0,-37.91294,3454.8464,57101273.32418194,0.07644321681442041
107.0,38.0,-37.733425,3454.8464,56539337.34069001,0.07919256011130549
108.0,38.0,-37.547028,3454.8464,55979389.25475094,0.08195724747707782
109.0,38.0,-37.353683,3454.8464,55421474.09025487,0.08473733778372658
110.0,38.0,-37.15334,3454.8464,54865637.39779798,0.08753287556235248
99.0,39.84641,-38.0,3454.8464,60876956.21863827,0.059950859677942475
100.0,39.59027,-38.0,3454.8464,60331723.89978826,0.062279226462392305
101.0,39.324814,-38.0,3454.8464,59789421.73080556,0.06460665199495029
102.17741,39.0,-38.0,3454.8464,59155159.78456874,0.06734495843540524
102.0,39.05007,-38.0,3454.8464,59250062.66887665,0.06693336426554923
103.0,39.0,-37.870537,3454.8464,58687178.83793684,0.06956284824297537
104.0,39.0,-37.706806,3454.8464,58120517.15331217,0.07227143348083466
105.0,39.0,-37.536324,3454.8464,57555782.299694166,0.07499455065186561
106.0,39.0,-37.35903,3454.8464,56993016.26893623,0.07773228112691445
107.0,39.0,-37.174862,3454.8464,56432261.83157979,0.08048469215753995
94.0,40.972355,-38.0,3454.8464,63643934.76389591,0.04828453205501181
95.0,40.766193,-38.0,3454.8464,63084808.507663384,0.050621595792440056
96.0,40.550697,-38.0,3454.8464,62528576.49579425,0.05295658968290906
97.0,40.325912,-38.0,3454.8464,61975252.224665344,0.055289707792772314
98.37936,40.0,-38.0,3454.8464,61217549.08232896,0.05850354145522618
98.0,40.091873,-38.0,3454.8464,61424849.08421686,0.05762114954913135
99.0,40.0,-37.915688,3454.8464,60860197.54997548,0.0601471277728326
100.0,40.0,-37.77397,3454.8464,60286944.70742957,0.0628049719644781
101.0,40.0,-37.625687,3454.8464,59715533.03987481,0.06547640728996673
102.0,40.0,-37.47078,3454.8464,59145999.83958681,0.06816154883272496
103.0,40.0,-37.30919,3454.8464,58578383.5059095,0.07086049826237124
104.0,40.0,-37.140846,3454.8464,58012723.44924775,0.07357334367038416
88.0,41.99813,-38.0,3454.8464,67055968.074151546,0.034204516069857964
89.0,41.85068,-38.0,3454.8464,66480153.993366584,0.03655847501256385
90.0,41.693794,-38.0,3454.8464,65907183.60747866,0.038909320787135854
91.0,41.527508,-38.0,3454.8464,65337070.56602423,0.041257200256865814
92.0,41.351868,-38.0,3454.8464,64769828.528289,0.04360226729328979
93.860344,41.0,-38.0,3454.8464,63722592.093608454,0.04795724080167837
93.0,41.166927,-38.0,3454.8464,64205471.14095383,0.04594468248402119
94.0,41.0,-37.984802,3454.8464,63640935.821378894,0.04831958384798138
95.0,41.0,-37.870808,3454.8464,63059364.0108843,0.05091957184647139
96.0,41.0,-37.750492,3454.8464,62479541.15619793,0.053532005303110336
97.0,41.0,-37.6238,3454.8464,61901497.42593622,0.05615703977038679
98.0,41.0,-37.490658,3454.8464,61325264.45821649,0.05879481902029865
99.0,41.0,-37.351017,3454.8464,60750875.2807353,0.06144547462736807
100.0,41.0,-37.204807,3454.8464,60178364.22248298,0.06410912572037668
101.0,41.0,-37.05197,3454.8464,59607766.83482451,0.06678587867838098
76.0,42.998947,-38.0,3454.8464,74180084.40962978,0.0056655381697395925
77.0,42.969666,-38.0,3454.8464,73571235.59603678,0.008065689946385917
78.0,42.930298,-38.0,3454.8464,72965102.3852874,0.010461655811717381
79.0,42.880928,-38.0,3454.8464,72361697.40021437,0.012853477169343638
80.0,42.821636,-38.0,3454.8464,71761033.41338542,0.015241204328222895
81.0,42.752487,-38.0,3454.8464,71163123.34111074,0.01762489642210235
82.0,42.673557,-38.0,3454.8464,70567980.23574838,0.020004621308610568
83.0,42.584915,-38.0,3454.8464,69975617.27635512,0.022380455448265748
84.0,42.486618,-38.0,3454.8464,69386047.75774314,0.02475248376391539
85.0,42.37874,-38.0,3454.8464,68799285.07799023,0.027120799481149795
86.0,42.26133,-38.0,3454.8464,68215342.72448298,0.02948550395033319
87.98653,42.0,-38.0,3454.8464,67063778.87671732,0.034172712150052555
87.0,42.13445,-38.0,3454.8464,67634234.25855261,0.03184670645094949
88.0,42.0,-37.998978,3454.8464,67055769.23669862,0.034206842387892934
89.0,42.0,-37.91783,3454.8464,66464195.77489044,0.03674539404900673
90.0,42.0,-37.83065,3454.8464,65874299.819078736,0.03929497824212739
91.0,42.0,-37.73737,3454.8464,65286101.392970026,0.041855788826283026
92.0,42.0,-37.63793,3454.8464,64699622.32177861,0.04442801087554417
93.0,42.0,-37.53228,3454.8464,64114886.174509935,0.047011820097887215
94.0,42.0,-37.420357,3454.8464,63531918.20203461,0.04960738228979978
95.0,42.0,-37.3021,3454.8464,62950745.271155596,0.05221485282977595
96.0,42.0,-37.17745,3454.8464,62371395.79487713,0.05483437621361975
97.0,42.0,-37.04635,3454.8464,61793899.65910744,0.05746608563433185
74.0,43.026638,-38.0,3454.8464,75405809.33563147,0.0008523884655597727
75.94512,43.0,-38.0,3454.8464,74213653.31582724,0.0055335735436909264
75.0,43.01787,-38.0,3454.8464,74791589.10808046,0.003261057113752565
76.0,43.0,-37.999443,3454.8464,74179981.58298598,0.005666753866536762
77.0,43.0,-37.983875,3454.8464,73568246.30815527,0.008100998197252192
78.0,43.0,-37.96277,3454.8464,72958170.2400803,0.010543474397800564
79.0,43.0,-37.93608,3454.8464,72349750.08363184,0.012994410656878052
80.0,43.0,-37.903767,3454.8464,71742984.58192898,0.015454034314012991
81.0,43.0,-37.865788,3454.8464,71137874.5192714,0.017922571150633754
82.0,43.0,-37.8221,3454.8464,70534422.71852936,0.020400244676235444
83.0,43.0,-37.77265,3454.8464,69932634.03303735,0.02288727541289361
84.0,43.0,-37.7174,3454.8464,69332515.33305597,0.025383880181649242
85.0,43.0,-37.656292,3454.8464,68734075.4868642,0.027890271394273525
86.0,43.0,-37.589275,3454.8464,68137325.33658418,0.030406656354021587
87.0,43.0,-37.5163,3454.8464,67542277.6688363,0.03293323656897053
88.0,43.0,-37.437317,3454.8464,66948947.18033967,0.03547020708158832
89.0,43.0,-37.352264,3454.8464,66357350.438589394,0.0380177558181433
90.0,43.0,-37.26109,3454.8464,65767505.83776255,0.04057606296154535
91.0,43.0,-37.16374,3454.8464,65179433.54999684,0.0431453003510665
92.0,43.0,-37.060154,3454.8464,64593155.47221963,0.04572563091235568
74.0,44.0,-37.47738,3454.8464,75312429.70113637,0.0019738921324482244
75.0,44.0,-37.47005,3454.8464,74696374.1111547,0.00440285585104243
76.0,44.0,-37.457157,3454.8464,74082055.22628942,0.006839581177810198
77.0,44.0,-37.43866,3454.8464,73469417.45113531,0.009284286613173244
78.0,44.0,-37.414528,3454.8464,72858604.81441411,0.011737160912846118
79.0,44.0,-37.384716,3454.8464,72249466.79095142,0.014198436748142432
80.0,44.0,-37.34919,3454.8464,71642052.49950397,0.01666831569597749
81.0,44.0,-37.307903,3454.8464,71036363.60914141,0.019147004719037505
82.0,44.0,-37.260815,3454.8464,70432403.75460048,0.021634708044843978
83.0,44.0,-37.20788,3454.8464,69830178.52720155,0.02413162647858476
84.0,44.0,-37.149044,3454.8464,69229695.46045132,0.026637956719950867
85.0,44.0,-37.084267,3454.8464,68630964.01040713,0.029153890687475724
86.0,44.0,-37.013493,3454.8464,68033995.53089814,0.03167961485392497
148.70491,0.0,-37.0,3454.8464,36546456.95099787,0.18624719758901837
149.0,0.0,-36.880287,3454.8464,36393358.72079184,0.18745921651019348
150.0,0.0,-36.46991,3454.8464,35879160.68100552,0.1915796826761088
151.0,0.0,-36.05111,3454.8464,35368079.389593415,0.1957394707878209
148.68353,1.0,-37.0,3454.8464,36554678.27744842,0.1861891511171777
149.0,1.0,-36.87162,3454.8464,36390515.51913567,0.18748868004208571
150.0,1.0,-36.461166,3454.8464,35876369.273113795,0.1916088871127325
151.0,1.0,-36.042286,3454.8464,35365340.135133296,0.19576839430416673
148.61934,2.0,-37.0,3454.8464,36582828.23732493,0.1859973287692181
149.0,2.0,-36.84562,3454.8464,36385485.53954388,0.18755898568073498
150.0,2.0,-36.434933,3454.8464,35871516.032558545,0.19167763776649613
151.0,2.0,-36.01582,3454.8464,35360664.79236011,0.1958355047674671
148.5122,3.0,-37.0,3454.8464,36629747.40123856,0.18567788839914875
149.0,3.0,-36.802265,3454.8464,36377129.1186471,0.18767584065127232
150.0,3.0,-36.391186,3454.8464,35863453.83959923,0.19179190103087843
148.36197,4.0,-37.0,3454.8464,36695439.71990814,0.18523122285667548
149.0,4.0,-36.74152,3454.8464,36365486.429468185,0.18783876628548216
150.0,4.0,-36.329895,3454.8464,35852222.36240088,0.19195119817394724
148.16833,5.0,-37.0,3454.8464,36779910.93313166,0.1846578772254813
148.0,5.709666,-37.0,3454.8464,36853166.73706242,0.18416157844546882
149.0,5.0,-36.66334,3454.8464,36350613.426438384,0.18804709834990874
150.0,5.0,-36.25102,3454.8464,35837876.85024948,0.19215486493876438
147.93134,6.0,-37.0,3454.8464,36883495.71866154,0.183957611044865
148.0,6.0,-36.97245,3454.8464,36847769.29083081,0.18423633370333298
149.0,6.0,-36.567677,3454.8464,36332581.56088459,0.18829999284804622
150.0,6.0,-36.154495,3454.8464,35820487.85070057,0.1924020574093457
147.65128,7.0,-37.0,3454.8464,37006880.76020191,0.18312931860299997
148.0,7.0,-36.860233,3454.8464,36825913.211014666,0.18453915478035238
149.0,7.0,-36.45445,3454.8464,36311477.4198647,0.18859643334016937
150.0,7.0,-36.040253,3454.8464,35800140.85056056,0.192691759409587
147.32675,8.0,-37.0,3454.8464,37149280.31271958,0.18217623586973788
147.0,8.884549,-37.0,3454.8464,37292045.55058704,0.18122376154694983
148.0,8.0,-36.730526,3454.8464,36800973.88379748,0.18488532616029543
149.0,8.0,-36.323574,3454.8464,36287402.29172758,0.18893523967969333
146.95741,9.0,-37.0,3454.8464,37310916.79805218,0.18109885561940386
147.0,9.0,-36.98312,3454.8464,37288739.18767024,0.18126922366464046
148.0,9.0,-36.583237,3454.8464,36773068.24700019,0.18527351459732644
149.0,9.0,-36.174965,3454.8464,36260471.66241158,0.18931507804702383
146.54424,10.0,-37.0,3454.8464,37493395.22433485,0.17989381504759494
147.0,10.0,-36.81961,3454.8464,37256921.62449379,0.18170678364746087
148.0,10.0,-36.418255,3454.8464,36742327.05119383,0.18570224404583757
149.0,10.0,-36.0085,3454.8464,36230814.647082835,0.18973447214618583
146.08478,11.0,-37.0,3454.8464,37695158.43903954,0.17856692915875969
146.0,11.167999,-37.0,3454.8464,37732228.978225596,0.17832378419065514
147.0,11.0,-36.63844,3454.8464,37222305.74118024,0.18218421659133346
148.0,11.0,-36.23545,3454.8464,36708894.227920696,0.18616990774334047
145.58023,12.0,-37.0,3454.8464,37918304.84842159,0.17711360595169146
146.0,12.0,-36.83587,3454.8464,37700235.50574274,0.17876053836562847
147.0,12.0,-36.439472,3454.8464,37185049.91042203,0.18269979908515283
148.0,12.0,-36.0347,3454.8464,36672926.20340283,0.18667478114725958
145.02824,13.0,-37.0,3454.8464,38161433.94441078,0.1755394036721279
145.0,13.047244,-37.0,3454.8464,38173815.02678195,0.17545945772575658
146.0,13.0,-36.620895,3454.8464,37659129.98498596,0.17932345716956277
147.0,13.0,-36.22256,3454.8464,37145324.4324448,0.1832517029788398
144.43,14.0,-37.0,3454.8464,38427030.617311515,0.17383873056517152
144.0,14.664937,-37.0,3454.8464,38616763.79021382,0.17262968084495459
145.0,14.0,-36.780037,3454.8464,38131006.85462385,0.17603986463494678
146.0,14.0,-36.38797,3454.8464,37615636.48390485,0.1799216784809657
143.78299,15.0,-37.0,3454.8464,38713760.72667622,0.17201708779774422
144.0,15.0,-36.9172,3454.8464,38600577.075768545,0.17284770903727542
145.0,15.0,-36.531227,3454.8464,38083754.63795304,0.17668350148964013
146.0,15.0,-36.13691,3454.8464,37569949.15580709,0.18055320823325186
143.08699,16.0,-37.0,3454.8464,39022862.65515537,0.17007256241693308
143.0,16.116964,-37.0,3454.8464,39061269.89780783,0.1698317517011099
144.0,16.0,-36.652622,3454.8464,38549594.97133282,0.1735356954981142
145.0,16.0,-36.26425,3454.8464,38034418.0269765,0.17735925568984273
142.3415,17.0,-37.0,3454.8464,39355631.86392315,0.1680030691760109
142.0,17.429363,-37.0,3454.8464,39507222.42783213,0.16706515520017418
143.0,17.0,-36.752426,3454.8464,39013097.204995155,0.17047654688971992
144.0,17.0,-36.36983,3454.8464,38496652.396573074,0.17425452959528218
141.54463,18.0,-37.0,3454.8464,39711830.36639966,0.16581099649438744
141.0,18.642141,-37.0,3454.8464,39954813.95411676,0.16432740260389403
142.0,18.0,-36.830894,3454.8464,39474224.455463246,0.1675041376359456
143.0,18.0,-36.453907,3454.8464,38956610.44357745,0.17123719479583244
144.0,18.0,-36.06861,3454.8464,38441975.177193135,0.17500207578180063
140.69528,19.0,-37.0,3454.8464,40092394.07080391,0.16349528704740895
140.0,19.770666,-37.0,3454.8464,40404056.002005145,0.161617279356847
141.0,19.0,-36.888275,3454.8464,39932962.897182934,0.1646163771295252
142.0,19.0,-36.516724,3454.8464,39414273.17850284,0.16830523515253618
143.0,19.0,-36.136883,3454.8464,38898536.79009773,0.17202520636007826
139.79213,20.0,-37.0,3454.8464,40498325.51933201,0.16105463868329611
139.0,20.827261,-37.0,3454.8464,40854971.34725967,0.15893352664483026
140.0,20.0,-36.92479,3454.8464,40389321.34317355,0.16181103286943316
141.0,20.0,-36.558506,3454.8464,39869644.04470504,0.16545648445318173
142.0,20.0,-36.183956,3454.8464,39352895.20920027,0.16913231805950998
138.83371,21.0,-37.0,3454.8464,40930700.16524446,0.1584874637456579
138.0,21.821913,-37.0,3454.8464,41307593.58337182,0.15627485720416923
139.0,21.0,-36.94065,3454.8464,40843330.7512189,0.1590857597619811
140.0,21.0,-36.579468,3454.8464,40322748.4452004,0.16268865599122714
141.0,21.0,-36.210037,3454.8464,39805070.40960003,0.1663211849268816
137.81825,22.0,-37.0,3454.8464,41390673.43616134,0.15579184497941542
137.0,22.762789,-37.0,3454.8464,41761966.660562485,0.15363996998707746
138.0,22.0,-36.93605,3454.8464,41295043.66270607,0.1564381278485157
139.0,22.0,-36.5798,3454.8464,40773633.20205225,0.15999937061290032
140.0,22.0,-36.21532,3454.8464,40255103.61746689,0.1635894809082707
136.74379,23.0,-37.0,3454.8464,41879488.70307964,0.15296548750611674
136.0,23.65662,-37.0,3454.8464,42218144.40090391,0.1510275636342288
137.0,23.0,-36.911163,3454.8464,41744533.58097451,0.15386564831437807
138.0,23.0,-36.559677,3454.8464,41222365.95514281,0.15738618307822633
139.0,23.0,-36.19999,3454.8464,40703056.72878792,0.16093480655377213
135.60805,24.0,-37.0,3454.8464,42398486.295764536,0.15000566624237754
135.0,24.508997,-37.0,3454.8464,42676189.993706964,0.14843634872842362
136.0,24.0,-36.866154,3454.8464,42191894.29575531,0.15136579767537273
137.0,24.0,-36.519268,3454.8464,41669034.50689204,0.15484660662401376
138.0,24.0,-36.164196,3454.8464,41149011.67392053,0.1583547139502755
134.40846,25.0,-37.0,3454.8464,42949113.73051882,0.14690916800285916
134.0,25.324589,-37.0,3454.8464,43136175.47502051,0.14586505882406897
135.0,25.0,-36.80116,3454.8464,42637239.15993213,0.14893604007607303
136.0,25.0,-36.45871,3454.8464,42113746.119124666,0.15237813565544273
137.0,25.0,-36.108093,3454.8464,41593069.73414279,0.15584672980138078
132.0,26.856117,-37.0,3454.8464,44062054.58667901,0.14077832939136475
133.14212,26.0,-37.0,3454.8464,43532937.34686966,0.1436722273728257
133.0,26.107319,-37.0,3454.8464,43598181.194763705,0.1433124602650118
134.0,26.0,-36.7163,3454.8464,43080700.32457279,0.14657384766878703
135.0,26.0,-36.378124,3454.8464,42556626.7679239,0.1499782665286174
136.0,26.0,-36.031803,3454.8464,42035350.81602059,0.15340837660952983
131.80608,27.0,-37.0,3454.8464,44152924.35943051,0.14028657028549643
131.0,27.574629,-37.0,3454.8464,44527857.62763353,0.13826149245113123
132.0,27.0,-36.937675,3454.8464,44049765.968660004,0.14093391640164565
133.0,27.0,-36.611687,3454.8464,43522427.93716337,0.1442767190746593
134.0,27.0,-36.27762,3454.8464,42997820.36191534,0.14764451641760096
129.0,28.939405,-37.0,3454.8464,45466059.34271929,0.13327340367136228
130.39647,28.0,-37.0,3454.8464,44811142.65446527,0.13674634621317583
130.0,28.268906,-37.0,3454.8464,44995862.37695752,0.1357600776793847
131.0,28.0,-36.80946,3454.8464,44490404.74646218,0.1387341301618145
132.0,28.0,-36.4874,3454.8464,43962589.30930485,0.14204219594923156
133.0,28.0,-36.15728,3454.8464,43437487.929297,0.14537444028599095
128.9088,29.0,-37.0,3454.8464,45509393.13425758,0.13304622417667003
128.0,29.582022,-37.0,3454.8464,45938071.165737,0.1308019691293624
129.0,29.0,-36.972088,3454.8464,45460537.34131479,0.13334253181799224
130.0,29.0,-36.661797,3454.8464,44929628.62317232,0.1365934695765035
131.0,29.0,-36.343506,3454.8464,44401368.056992844,0.13986787770692066
132.0,29.0,-36.017178,3454.8464,43875806.776567824,0.14316564601364903
126.0,30.80891,-37.0,3454.8464,46889074.38369572,0.12589667116195086
127.33835,30.0,-37.0,3454.8464,46252751.20210693,0.1291703380058091
127.0,30.206322,-37.0,3454.8464,46412503.267291844,0.12834298028759816
128.0,30.0,-36.801426,3454.8464,45898958.05405755,0.13129042228124563
129.0,30.0,-36.49472,3454.8464,45367643.031823084,0.1345096023205539
130.0,30.0,-36.180042,3454.8464,44838963.218769856,0.1377514344688665
124.0,31.957394,-37.0,3454.8464,47849041.462559424,0.12103806302252698
125.67903,31.0,-37.0,3454.8464,47043472.8308168,0.12511105439991707
125.0,31.390781,-37.0,3454.8464,47367769.42355698,0.12346232993869452
126.0,31.0,-36.90688,3454.8464,46870647.34281693,0.1261252161636573
127.0,31.0,-36.611523,3454.8464,46336371.60050692,0.12929178041666653
128.0,31.0,-36.308258,3454.8464,45804667.90794418,0.13248028202344986
123.924,32.0,-37.0,3454.8464,47885997.83425427,0.12085339493557459
123.0,32.50145,-37.0,3454.8464,48332154.365768805,0.11862512612593548
124.0,32.0,-36.97873,3454.8464,47844817.07239789,0.12109013271813338
125.0,32.0,-36.694473,3454.8464,47307662.29898189,0.1242066888408826
126.0,32.0,-36.40238,3454.8464,46773017.880038485,0.12734446163890056
127.0,32.0,-36.1024,3454.8464,46240936.75487252,0.13050335754026146
121.0,33.544407,-37.0,3454.8464,49305855.52989939,0.11382572281215567
122.06479,33.0,-37.0,3454.8464,48786801.01818139,0.11637521139608724
122.0,33.033478,-37.0,3454.8464,48818078.883904286,0.11622047347854889
123.0,33.0,-36.744106,3454.8464,48281673.06699018,0.11924675603301066
124.0,33.0,-36.462948,3454.8464,47744157.39818701,0.12233639278427838
125.0,33.0,-36.173973,3454.8464,47209149.35105064,0.12544642764129732
118.0,34.995674,-37.0,3454.8464,50784652.046119235,0.10668539384241517
119.0,34.524918,-37.0,3454.8464,50289084.278185025,0.10905878307687582
120.09116,34.0,-37.0,3454.8464,49752062.239267744,0.11165434645079227
120.0,34.04435,-37.0,3454.8464,49796514.27015328,0.111438030021176
121.0,34.0,-36.760906,3454.8464,49258617.28734198,0.11440458190307368
122.0,34.0,-36.490448,3454.8464,48718287.26051769,0.11744865253228529
123.0,34.0,-36.212246,3454.8464,48180406.258090116,0.12051240703043967
116.0,35.88975,-37.0,3454.8464,51782471.10643528,0.10195812318767045
117.99069,35.0,-37.0,3454.8464,50789311.28034316,0.10666323902115238
117.0,35.44756,-37.0,3454.8464,51282064.82994014,0.10431929691996256
118.0,35.0,-36.997692,3454.8464,50784192.098248966,0.10669098334584579
119.0,35.0,-36.745327,3454.8464,50238752.67517183,0.10967299716168566
120.0,35.0,-36.48534,3454.8464,49695654.366816685,0.11267403604820048
121.0,35.0,-36.21768,3454.8464,49154950.34901145,0.11569403870570481
114.0,36.731354,-37.0,3454.8464,52790318.805796295,0.09725145269670096
115.74675,36.0,-37.0,3454.8464,51910359.24299026,0.10135899158764128
115.0,36.316296,-37.0,3454.8464,52285033.10180467,0.09960259544663644
116.0,36.0,-36.939972,3454.8464,51770525.6127343,0.1021028301551799
117.0,36.0,-36.697777,3454.8464,51222392.25692077,0.10504506212183656
118.0,36.0,-36.448036,3454.8464,50676550.66837225,0.10800558311297159
119.0,36.0,-36.190693,3454.8464,50133053.48939973,0.1109843432852516
111.0,37.9037,-37.0,3454.8464,54321658.75949493,0.09022083603421224
112.0,37.52376,-37.0,3454.8464,53808443.9153295,0.0925611867733465
113.33958,37.0,-37.0,3454.8464,53126473.26523304,0.09569853960037775
113.0,37.13456,-37.0,3454.8464,53298235.47864911,0.09490436195805986
114.0,37.0,-36.85085,3454.8464,52760718.43178073,0.09760918899567228
115.0,37.0,-36.618607,3454.8464,52209898.14654675,0.10051410547769213
116.0,37.0,-36.37889,3454.8464,51661324.71398084,0.10343657480915289
117.0,37.0,-36.131645,3454.8464,51115049.928364374,0.10637655856831071
108.0,38.97147,-37.0,3454.8464,55876482.7578901,0.08321494417489671
109.0,38.625206,-37.0,3454.8464,55355293.11844085,0.08554835648097112
110.741776,38.0,-37.0,3454.8464,54455349.190453075,0.08961512431694761
110.0,38.26981,-37.0,3454.8464,54837104.166178465,0.0878834943154231
111.0,38.0,-36.945793,3454.8464,54310871.97702985,0.09035054175690951
112.0,38.0,-36.730625,3454.8464,53755198.738594756,0.09320372709692702
113.0,38.0,-36.50812,3454.8464,53201681.68248356,0.0960737433960358
114.0,38.0,-36.278217,3454.8464,52650371.4538044,0.09896057814351222
115.0,38.0,-36.040863,3454.8464,52101318.70125911,0.10186420421246284
105.0,39.94052,-37.0,3454.8464,57455202.80096664,0.07622249734300296
106.0,39.626663,-37.0,3454.8464,56925992.14787429,0.07855251046959096
107.915985,39.0,-37.0,3454.8464,55920674.28309464,0.08301828489038328
107.0,39.303787,-37.0,3454.8464,56399775.37758401,0.08088322674029459
108.0,39.0,-36.98373,3454.8464,55873244.86967718,0.08325373447037283
109.0,39.0,-36.785225,3454.8464,55312806.70926862,0.08605904222384843
110.0,39.0,-36.57952,3454.8464,54754442.83934991,0.08888042580256225
111.0,39.0,-36.366558,3454.8464,54198202.0227839,0.09171789887858325
112.0,39.0,-36.14627,3454.8464,53644133.30699034,0.09457145998167142
102.0,40.815815,-37.0,3454.8464,59058242.62719832,0.06923348912148142
103.0,40.53326,-37.0,3454.8464,58520964.03768957,0.07156330764798323
104.80609,40.0,-37.0,3454.8464,57558696.34300375,0.07576942790162407
104.0,40.241776,-37.0,3454.8464,57986671.68758819,0.07389289126907773
105.0,40.0,-36.965668,3454.8464,57448388.27358943,0.0763039533948351
106.0,40.0,-36.783432,3454.8464,56883231.624988474,0.07906519650281517
107.0,40.0,-36.594135,3454.8464,56320077.869424865,0.08184173154101995
108.0,40.0,-36.397713,3454.8464,55758973.19562317,0.08463359775015718
109.0,40.0,-36.1941,3454.8464,55199964.34883833,0.08744081906746258
98.0,41.844795,-37.0,3454.8464,61234393.27845953,0.05990543908952927
99.0,41.60148,-37.0,3454.8464,60686034.80501112,0.06223922204061816
100.0,41.349274,-37.0,3454.8464,60140640.6987036,0.06457169934139378
101.3285,41.0,-37.0,3454.8464,59421423.46277702,0.06766699051563597
101.0,41.08821,-37.0,3454.8464,59598224.549820915,0.06690309485051159
102.0,41.0,-36.892464,3454.8464,59037015.81138744,0.0694870459985432
103.0,41.0,-36.726124,3454.8464,58467142.46113451,0.07220797173143298
104.0,41.0,-36.552856,3454.8464,57899212.5913185,0.074943383266481
105.0,41.0,-36.372597,3454.8464,57333269.18427433,0.07769334392694209
106.0,41.0,-36.185284,3454.8464,56769356.03556116,0.080457901932879
93.0,42.915573,-37.0,3454.8464,64017365.32464837,0.04820648827269665
94.0,42.719574,-37.0,3454.8464,63454984.049600095,0.05055078693741419
95.0,42.514652,-37.0,3454.8464,62895529.90108778,0.05289267036652645
96.0,42.30085,-37.0,3454.8464,62339017.018458955,0.055232327765870365
97.339485,42.0,-37.0,3454.8464,61598915.670934476,0.05836147869512341
97.0,42.0782,-37.0,3454.8464,61785459.428377695,0.057569953719211996
98.0,42.0,-36.908867,3454.8464,61216497.731254034,0.06011891877599377
99.0,42.0,-36.764805,3454.8464,60640003.52295161,0.06278961396505696
100.0,42.0,-36.614014,3454.8464,60065368.512529545,0.06547387535887447
101.0,42.0,-36.456432,3454.8464,59492630.775783695,0.06817180251077677
102.0,42.0,-36.29199,3454.8464,58921829.532192715,0.07088348054319513
103.0,42.0,-36.120617,3454.8464,58353005.049992956,0.07360898001697777
87.0,43.89208,-37.0,3454.8464,67449605.99142028,0.034076030179028514
88.0,43.751953,-37.0,3454.8464,66870375.5662635,0.03643923487496831
89.0,43.602783,-37.0,3454.8464,66294019.68141654,0.038799011960065334
90.0,43.44461,-37.0,3454.8464,65720552.634876445,0.04115550258869851
91.0,43.27749,-37.0,3454.8464,65149988.73309324,0.04350885498730406
92.55033,43.0,-37.0,3454.8464,64271916.92051196,0.04714992141164841
92.0,43.10145,-37.0,3454.8464,64582342.26753537,0.04585922415671734
93.0,43.0,-36.95043,3454.8464,64007716.47943351,0.04832154333613555
94.0,43.0,-36.83451,3454.8464,63422827.54926324,0.05093490003329065
95.0,43.0,-36.712112,3454.8464,62839707.25180635,0.05356070704600162
96.0,43.0,-36.583176,3454.8464,62258386.28486114,0.05619910767320921
97.0,43.0,-36.44763,3454.8464,61678896.86056454,0.05885023245437788
98.0,43.0,-36.30542,3454.8464,61101272.623571485,0.06151419879419706
99.0,43.0,-36.15647,3454.8464,60525548.56240697,0.0641911106468344
100.0,43.0,-36.00072,3454.8464,59951760.9261409,0.06688105825052387
73.0,44.86449,-37.0,3454.8464,75850407.30977538,0.0005653459248179051
74.0,44.85717,-37.0,3454.8464,75232382.61497197,0.002986949209469596
75.0,44.84,-37.0,3454.8464,74617072.4557291,0.005404089641377149
76.0,44.81306,-37.0,3454.8464,74004489.75627509,0.007816783498247217
77.0,44.77644,-37.0,3454.8464,73394627.92096683,0.01022505909829477
78.0,44.73021,-37.0,3454.8464,72787559.2406705,0.012628941960971533
79.0,44.674446,-37.0,3454.8464,72183238.07004142,0.015028484351063276
80.0,44.609226,-37.0,3454.8464,71581697.63931912,0.017423735595140176
81.0,44.53461,-37.0,3454.8464,70982951.63709848,0.01981475678183078
82.0,44.450672,-37.0,3454.8464,70387013.88227667,0.022201617679601097
83.0,44.357468,-37.0,3454.8464,69793898.3125225,0.024584396594745567
84.0,44.255062,-37.0,3454.8464,69203618.97113484,0.026963180209883073
85.0,44.14351,-37.0,3454.8464,68616189.99236786,0.02933806340357383
86.17726,44.0,-37.0,3454.8464,67928674.5940093,0.032128312158499074
86.0,44.02287,-37.0,3454.8464,68031625.58529302,0.03170914905191051
87.0,44.0,-36.937008,3454.8464,67437557.8220962,0.03422011182156498
88.0,44.0,-36.854477,3454.8464,66842535.264706895,0.036772483035328464
89.0,44.0,-36.76576,3454.8464,66249212.394453466,0.03933592237148646
90.0,44.0,-36.670795,3454.8464,65657609.48175374,0.04191061515264677
91.0,44.0,-36.569527,3454.8464,65067748.64510717,0.0444967370605784
92.0,44.0,-36.461895,3454.8464,64479653.792560905,0.04709445353333179
93.0,44.0,-36.347828,3454.8464,63893350.558802076,0.04970391920159833
94.0,44.0,-36.227272,3454.8464,63308866.23809597,0.05232527736771147
95.0,44.0,-36.100163,3454.8464,62726229.71328741,0.054958659530401216
73.0,45.0,-36.924553,3454.8464,75836885.07642518,0.0007298512936860777
74.0,45.0,-36.920074,3454.8464,75217975.38437012,0.003161932981758567
75.0,45.0,-36.910007,3454.8464,74600764.93873402,0.005601871905603787
76.0,45.0,-36.89432,3454.8464,73985251.38266145,0.008049893495464356
77.0,45.0,-36.87297,3454.8464,73371406.78168075,0.010506227909295417
78.0,45.0,-36.845917,3454.8464,72759262.8518256,0.01297109477978332
79.0,45.0,-36.813114,3454.8464,72148793.4760639,0.015444723176754441
80.0,45.0,-36.77452,3454.8464,71540005.73575927,0.017927334332310942
81.0,45.0,-36.730083,3454.8464,70932902.33507651,0.02041914790020385
82.0,45.0,-36.67976,3454.8464,70327488.04980609,0.02292037996745898
83.0,45.0,-36.623493,3454.8464,69723769.71444578,0.02543124230401033
84.0,45.0,-36.561237,3454.8464,69121756.20374408,0.02795194161889633
85.0,45.0,-36.49293,3454.8464,68521458.40881859,0.030482678826820556
86.0,45.0,-36.418526,3454.8464,67922889.20793305,0.033023648329061225
87.0,45.0,-36.337967,3454.8464,67326063.43206793,0.035575037312598846
88.0,45.0,-36.25119,3454.8464,66730997.825404376,0.038137025071364794
89.0,45.0,-36.15814,3454.8464,66137711.00088264,0.040709782353478975
90.0,45.0,-36.058758,3454.8464,65546223.39097309,0.04329347073820944
73.0,46.0,-36.35299,3454.8464,75737471.97061859,0.001964478397016196
74.0,46.0,-36.34555,3454.8464,75117505.57622984,0.004407801492151055
75.0,46.0,-36.33242,3454.8464,74499307.89887117,0.006859409263817085
76.0,46.0,-36.313557,3454.8464,73882878.45279479,0.009318181106571705
77.0,46.0,-36.288933,3454.8464,73268186.6405158,0.011785158266204257
78.0,46.0,-36.2585,3454.8464,72655262.09237751,0.014261568294488177
79.0,46.0,-36.222214,3454.8464,72044089.63759738,0.016746162771849295
80.0,46.0,-36.18004,3454.8464,71434672.69623041,0.019239625999011932
81.0,46.0,-36.13192,3454.8464,70827014.84432438,0.02174215676733066
82.0,46.0,-36.077812,3454.8464,70221121.65042548,0.02425394984069104
83.0,46.0,-36.017666,3454.8464,69617000.66172773,0.026775195239501223
151.12099,0.0,-36.0,3454.8464,35306852.11646089,0.19624342898352654
152.0,0.0,-35.618958,3454.8464,34852814.16377168,0.2000461401615128
153.0,0.0,-35.177425,3454.8464,34339775.3691025,0.20440955676955486
151.10011,1.0,-36.0,3454.8464,35314685.624362566,0.1961852992838231
152.0,1.0,-35.609943,3454.8464,34849956.0216244,0.20007726219115624
153.0,1.0,-35.168327,3454.8464,34336973.16906854,0.2044403300365432
151.03746,2.0,-36.0,3454.8464,35341723.65339725,0.19599134071100285
151.0,2.3585176,-36.0,3454.8464,35357875.117508814,0.19587554965047205
152.0,2.0,-35.582893,3454.8464,34844947.98295007,0.2001500863981896
153.0,2.0,-35.141033,3454.8464,34332156.58988512,0.20451121260158697
150.9333,3.0,-36.0,3454.8464,35387084.1841529,0.19566753890354932
151.0,3.0,-35.971317,3454.8464,35352341.107244186,0.19595507928822126
152.0,3.0,-35.537785,3454.8464,34836629.2327483,0.2002710896339226
153.0,3.0,-35.09552,3454.8464,34324156.5477703,0.20462898089206658
150.78755,4.0,-36.0,3454.8464,35450823.09039806,0.19521419212625563
151.0,4.0,-35.908688,3454.8464,35340310.46141666,0.19612801641387767
152.0,4.0,-35.474586,3454.8464,34825041.58352509,0.20043971987734782
153.0,4.0,-35.031754,3454.8464,34313014.26978562,0.20479308460389573
150.5997,5.0,-36.0,3454.8464,35532777.93280396,0.19463239820733552
151.0,5.0,-35.828083,3454.8464,35324943.9421359,0.19634904285850463
152.0,5.0,-35.393253,3454.8464,34810243.256698914,0.20065521152878232
150.36945,6.0,-36.0,3454.8464,35632952.81043753,0.19392295465138965
151.0,6.0,-35.729446,3454.8464,35306316.89336555,0.19661718442087214
152.0,6.0,-35.293728,3454.8464,34792308.57035225,0.20091659250948685
150.09636,7.0,-36.0,3454.8464,35751353.26891658,0.19308682204410124
150.0,7.305217,-36.0,3454.8464,35793014.01502441,0.19279326459409704
151.0,7.0,-35.61271,3454.8464,35284520.582017705,0.19693126873094197
152.0,7.0,-35.175934,3454.8464,34771327.54318925,0.20122269320746206
149.78125,8.0,-36.0,3454.8464,35888974.0843257,0.1921222891818867
150.0,8.0,-35.907047,3454.8464,35775141.704137936,0.19304801933992616
151.0,8.0,-35.47778,3454.8464,35259661.71865897,0.1972899358197135
152.0,8.0,-35.039787,3454.8464,34747405.418635264,0.20157215713798948
149.42305,9.0,-36.0,3454.8464,36045460.478087604,0.19103164310358317
150.0,9.0,-35.755207,3454.8464,35746291.25454843,0.19345964226896173
151.0,9.0,-35.324562,3454.8464,35231861.902408004,0.19769165023977725
149.02058,10.0,-36.0,3454.8464,36220391.25155907,0.18981750993678956
149.0,10.046195,-36.0,3454.8464,36229307.50541908,0.18975577999967824
150.0,10.0,-35.585125,3454.8464,35714518.39420922,0.19391377193815335
151.0,10.0,-35.152943,3454.8464,35201256.99535937,0.19813471456549714
148.57552,11.0,-36.0,3454.8464,36415730.56331165,0.1884757877986935
149.0,11.0,-35.82186,3454.8464,36195161.35522431,0.19023858092374407
150.0,11.0,-35.396683,3454.8464,35679974.614395514,0.19440855950247662
148.08498,12.0,-36.0,3454.8464,36629838.32209727,0.18701283797671464
148.0,12.158916,-36.0,3454.8464,36666758.75148245,0.1867613769649612
149.0,12.0,-35.616776,3454.8464,36156623.0539414,0.19078475046496846
150.0,12.0,-35.189735,3454.8464,35642824.42713018,0.19494202352629048
147.55043,13.0,-36.0,3454.8464,36864745.88460234,0.1854245542356088
147.0,13.947119,-36.0,3454.8464,37105499.744366586,0.1838073164348611
148.0,13.0,-35.813564,3454.8464,36631035.27259165,0.18726263410876304
149.0,13.0,-35.393196,3454.8464,36115544.98511572,0.19136859391341293
146.96927,14.0,-36.0,3454.8464,37119124.615170516,0.18371660009669674
147.0,14.0,-35.987385,3454.8464,37103069.28410624,0.1838411780927681
148.0,14.0,-35.57351,3454.8464,36586012.2167434,0.18789609334817953
149.0,14.0,-35.150955,3454.8464,36072117.815666676,0.19198790935087862
146.34293,15.0,-36.0,3454.8464,37395298.05257332,0.18188413986673158
146.0,15.509137,-36.0,3454.8464,37545462.84358004,0.18089259327152457
147.0,15.0,-35.730988,3454.8464,37054105.01463456,0.18452326903499355
148.0,15.0,-35.314774,3454.8464,36538737.04510471,0.18856378239386667
145.66899,16.0,-36.0,3454.8464,37692291.26345117,0.1799319401936539
145.0,16.926338,-36.0,3454.8464,37986918.985241726,0.17801361118738843
146.0,16.0,-35.865944,3454.8464,37519727.01033093,0.18124855518905683
147.0,16.0,-35.455883,3454.8464,37003001.484006286,0.18523823365348435
148.0,16.0,-35.037163,3454.8464,36489423.660021104,0.18926334537026707
144.9467,17.0,-36.0,3454.8464,38010688.932129964,0.1778602832449198
145.0,17.0,-35.978657,3454.8464,37982806.42052718,0.17807011085894545
146.0,17.0,-35.57458,3454.8464,37464834.66894534,0.1820095264932404
147.0,17.0,-35.16186,3454.8464,36949984.48697551,0.18598366268525543
144.1762,18.0,-36.0,3454.8464,38352158.188565046,0.175666288014291
144.0,18.215212,-36.0,3454.8464,38429686.30042194,0.17517035038009615
145.0,18.0,-35.671135,3454.8464,37924184.201544374,0.17887567681718197
146.0,18.0,-35.26424,3454.8464,37408168.13646566,0.18279947695650273
143.35565,19.0,-36.0,3454.8464,38716697.77740248,0.1733519365414964
143.0,19.408768,-36.0,3454.8464,38873935.856791064,0.17236017073753684
144.0,19.0,-35.745804,3454.8464,38381021.41909762,0.17583448958522147
145.0,19.0,-35.34456,3454.8464,37863940.89295108,0.17970868119907776
142.48376,20.0,-36.0,3454.8464,39104912.904412836,0.1709174170203893
142.0,20.52436,-36.0,3454.8464,39319741.31852978,0.16958127609546447
143.0,20.0,-35.798832,3454.8464,38835340.97918712,0.1728835941183654
144.0,20.0,-35.40306,3454.8464,38317292.137505814,0.17670898356857748
141.55933,21.0,-36.0,3454.8464,39517733.59672971,0.1683619138123843
141.0,21.572853,-36.0,3454.8464,39767131.38671786,0.16683224485034742
142.0,21.0,-35.830444,3454.8464,39287160.36637226,0.1700204778962876
143.0,21.0,-35.439972,3454.8464,38768233.8749145,0.1737979414490704
144.0,21.0,-35.040905,3454.8464,38252370.346776225,0.17760687743636686
140.58089,22.0,-36.0,3454.8464,39956156.02201157,0.16568434228720258
140.0,22.563133,-36.0,3454.8464,40216145.701130085,0.1641116277751245
141.0,22.0,-35.840847,3454.8464,39736519.32884676,0.1672425186060251
142.0,22.0,-35.4555,3454.8464,39216800.19061351,0.17097299384388154
143.0,22.0,-35.06158,3454.8464,38700120.583759174,0.17473411698805003
139.54681,23.0,-36.0,3454.8464,40421248.683560535,0.162883308282635
139.0,23.502537,-36.0,3454.8464,40666834.33731264,0.16141796403233108
140.0,23.0,-35.83024,3454.8464,40183479.25268715,0.16454701425434665
141.0,23.0,-35.449844,3454.8464,39663046.64506737,0.16823149187141817
142.0,23.0,-35.060894,3454.8464,39145630.77608867,0.1719457785168398
138.45525,24.0,-36.0,3454.8464,40914159.379078716,0.15995706442327948
138.0,24.397156,-36.0,3454.8464,41119257.28302772,0.15874979579043913
139.0,24.0,-35.798794,3454.8464,40628122.48094044,0.1619312112070674
140.0,24.0,-35.423176,3454.8464,40107049.612820126,0.16557072721947969
141.0,24.0,-35.039024,3454.8464,39588971.44935123,0.1692392013374425
137.30405,25.0,-36.0,3454.8464,41436123.03850402,0.15690346277998882
137.0,25.252089,-36.0,3454.8464,41573483.89835468,0.15610568142794967
138.0,25.0,-35.74667,3454.8464,41070551.5844082,0.15939233006582493
139.0,25.0,-35.37566,3454.8464,40548905.57304361,0.16298795845925013
135.0,26.854952,-36.0,3454.8464,42487415.06724868,0.1508852206249157
136.0908,26.0,-36.0,3454.8464,41988470.57660766,0.15371990324205376
136.0,26.071623,-36.0,3454.8464,42029592.36337081,0.15348420733241938
137.0,26.0,-35.674007,3454.8464,41510888.59052304,0.15692758933529077
138.0,26.0,-35.30743,3454.8464,40988730.35798496,0.16048043516373728
134.81332,27.0,-36.0,3454.8464,42573765.68600304,0.1503998454089291
134.0,27.607042,-36.0,3454.8464,42947077.63021174,0.1483070668110223
135.0,27.0,-35.9348,3454.8464,42474776.39298489,0.15104954834353265
136.0,27.0,-35.58093,3454.8464,41949274.1762301,0.15453422687178076
137.0,27.0,-35.218613,3454.8464,41426658.36520844,0.15804541981434458
133.46832,28.0,-36.0,3454.8464,43193453.60761132,0.14693988535771144
133.0,28.33303,-36.0,3454.8464,43408798.619963676,0.14574781123541236
134.0,28.0,-35.817333,3454.8464,42911760.099344596,0.1487644681563867
135.0,28.0,-35.467533,3454.8464,42385866.830303594,0.15220951913740627
136.0,28.0,-35.109314,3454.8464,41862841.73906868,0.155680207512998
131.0,29.708109,-36.0,3454.8464,44338230.97162355,0.14068341563365352
132.05202,29.0,-36.0,3454.8464,43848731.12024752,0.14333714596243866
132.0,29.035261,-36.0,3454.8464,43872681.97808083,0.14320619310758784
133.0,29.0,-35.679802,3454.8464,43347085.79715933,0.14654421121042963
134.0,29.0,-35.333908,3454.8464,42820841.99011502,0.14995079831475153
129.0,30.994097,-36.0,3454.8464,45276115.62145647,0.13568371901761145
130.56122,30.0,-36.0,3454.8464,44544362.27976363,0.1395774637839053
130.0,30.36027,-36.0,3454.8464,44805983.04386829,0.13817637756615356
131.0,30.0,-35.85608,3454.8464,44310297.437896885,0.1410409165518792
132.0,30.0,-35.522266,3454.8464,43780951.49576424,0.14438617407529386
133.0,30.0,-35.180115,3454.8464,43254391.156912655,0.14775546734200512
128.99062,31.0,-36.0,3454.8464,45280578.74333525,0.13566025676182505
128.0,31.601927,-36.0,3454.8464,45747875.76101795,0.13320735293251584
129.0,31.0,-35.997013,3454.8464,45275532.61929171,0.1356911235293418
130.0,31.0,-35.67503,3454.8464,44743191.579918765,0.13897782815919785
131.0,31.0,-35.344772,3454.8464,44213570.370238714,0.1422878417132108
132.0,31.0,-35.006195,3454.8464,43686720.99413389,0.1456210129987151
126.0,32.767582,-36.0,3454.8464,46698541.1513729,0.12829244815770396
127.33553,32.0,-36.0,3454.8464,46063824.53635921,0.1315652482233231
127.0,32.19451,-36.0,3454.8464,46222160.720231235,0.1307433418537553
128.0,32.0,-35.79281,3454.8464,45707632.24455945,0.13371735882292768
129.0,32.0,-35.474197,3454.8464,45175047.04543246,0.13697086151936438
130.0,32.0,-35.14733,3454.8464,44645169.82620773,0.14024679827784406
124.0,33.863617,-36.0,3454.8464,47658172.06311213,0.12342528818698881
125.58931,33.0,-36.0,3454.8464,46895961.01080975,0.12728586013843407
125.0,33.32314,-36.0,3454.8464,47177128.77821341,0.12585355259476477
126.0,33.0,-35.87619,3454.8464,46674393.19009425,0.12859651013187723
127.0,33.0,-35.568974,3454.8464,46138929.58896619,0.1317962596959231
128.0,33.0,-35.253574,3454.8464,45606111.05541307,0.13501771648607186
122.0,34.89558,-36.0,3454.8464,48626988.05378316,0.11859977731223556
123.74466,34.0,-36.0,3454.8464,47782196.945144355,0.12280444012293085
123.0,34.38587,-36.0,3454.8464,48141237.625158615,0.12100814553563688
124.0,34.0,-35.925716,3454.8464,47643640.74016554,0.12360721446161672
125.0,34.0,-35.629654,3454.8464,47105375.301040515,0.1267559265745321
126.0,34.0,-35.325478,3454.8464,46569690.67285832,0.1299256570492729
127.0,34.0,-35.013134,3454.8464,46036643.105781145,0.13311621197510634
120.0,35.868313,-36.0,3454.8464,49605216.07247241,0.11381017088099879
121.79264,35.0,-36.0,3454.8464,48728704.33277414,0.11809947544703772
121.0,35.38772,-36.0,3454.8464,49114723.09890018,0.11620124175353619
122.0,35.0,-35.94191,3454.8464,48615603.419178724,0.11874160712451835
123.0,35.0,-35.656754,3454.8464,48074590.41382599,0.1218420350377847
124.0,35.0,-35.363556,3454.8464,47536101.26581569,0.1249626835385548
125.0,35.0,-35.06226,3454.8464,47000191.60787223,0.128103465853741
118.0,36.786015,-36.0,3454.8464,50593085.46407038,0.10905109593174249
119.72225,36.0,-36.0,3454.8464,49742731.482011646,0.11314501052362883
119.0,36.33304,-36.0,3454.8464,50097808.4760304,0.11142736756989385
120.0,36.0,-35.925236,3454.8464,49590554.209339954,0.11399205097342527
121.0,36.0,-35.65075,3454.8464,49046840.2921215,0.11704688459985306
122.0,36.0,-35.36829,3454.8464,48505592.86085154,0.12012122891932138
123.0,36.0,-35.077805,3454.8464,47966869.85614127,0.12321491369819354
116.0,37.652336,-36.0,3454.8464,51590850.98909301,0.10431750888613434
117.5199,37.0,-36.0,3454.8464,50832870.41059465,0.10790952308433208
117.0,37.225624,-36.0,3454.8464,51090745.79731389,0.1066813622853217
118.0,37.0,-35.876125,3454.8464,50568807.82592022,0.10935123047066952
119.0,37.0,-35.61207,3454.8464,50022423.38790564,0.11236307069223732
120.0,37.0,-35.34011,3454.8464,49478454.644707866,0.11539368483077014
121.0,37.0,-35.060204,3454.8464,48936958.911346495,0.11844300969814052
113.0,38.86319,-36.0,3454.8464,53106803.37307178,0.09725464297003311
114.0,38.47045,-36.0,3454.8464,52598773.418869644,0.09960474955098776
115.16871,38.0,-36.0,3454.8464,52009415.79003465,0.10235443341993562
115.0,38.06878,-36.0,3454.8464,52093793.42735527,0.1019584427052069
116.0,38.0,-35.79496,3454.8464,51550741.90740956,0.10481207462808972
117.0,38.0,-35.5411,3454.8464,51001701.839146,0.10778353491866159
118.0,38.0,-35.27942,3454.8464,50455028.13440603,0.11077303412228279
119.0,38.0,-35.009857,3454.8464,49910774.5843654,0.11378047955027758
110.0,39.97219,-36.0,3454.8464,54646089.272939034,0.09022503709204242
111.0,39.61204,-36.0,3454.8464,54130083.148987085,0.0925655799186908
112.64546,39.0,-36.0,3454.8464,53288481.28128004,0.09641993912286531
112.0,39.24309,-36.0,3454.8464,53617122.64726769,0.09490853752767704
113.0,39.0,-35.91826,3454.8464,53090745.91227878,0.09745158168475708
114.0,39.0,-35.68206,3454.8464,52536779.508067675,0.1003678355359034
115.0,39.0,-35.438175,3454.8464,51985081.64071656,0.10330146044365549
116.0,39.0,-35.186543,3454.8464,51435705.577744976,0.10625238978759986
107.0,40.98501,-36.0,3454.8464,56209145.93050709,0.08321619526153916
108.0,40.656227,-36.0,3454.8464,55685112.095124125,0.08555104838529057
109.92145,40.0,-36.0,3454.8464,54687012.0596004,0.09004057189745258
109.0,40.318752,-36.0,3454.8464,55164118.16886416,0.08788721616886173
110.0,40.0,-35.98318,3454.8464,54642779.746741675,0.09026546389734716
111.0,40.0,-35.76421,3454.8464,54083996.71935337,0.09313044498963612
112.0,40.0,-35.537693,3454.8464,53527391.86780888,0.09601209286825621
113.0,40.0,-35.303566,3454.8464,52973017.16579282,0.09891036831498004
114.0,40.0,-35.06177,3454.8464,52420924.60197643,0.10182521671171467
104.0,41.906464,-36.0,3454.8464,57796422.30453166,0.07621691446892169
105.0,41.60798,-36.0,3454.8464,57264308.84951177,0.07854962040806815
106.95352,41.0,-36.0,3454.8464,56233731.76501116,0.08310729489196479
106.0,41.300888,-36.0,3454.8464,56735228.48843517,0.08088262106665363
107.0,41.0,-35.99083,3454.8464,56207343.16453553,0.08323815893805947
108.0,41.0,-35.788662,3454.8464,55643813.87153386,0.08605577127223185
109.0,41.0,-35.579094,3454.8464,55082381.73911984,0.08888931187526654
110.0,41.0,-35.36206,3454.8464,54523096.70497388,0.09173876931690511
111.0,41.0,-35.137493,3454.8464,53966009.00947729,0.09460411615333217
101.0,42.7406,-36.0,3454.8464,59408376.55332088,0.06921732718626825
102.0,42.471478,-36.0,3454.8464,58868131.128545485,0.07155107779487951
103.67903,42.0,-36.0,3454.8464,57968601.788270846,0.07546631276103732
103.0,42.193825,-36.0,3454.8464,58330911.11813651,0.07388419107646434
104.0,42.0,-35.942177,3454.8464,57785096.46274108,0.07635474698068308
105.0,42.0,-35.756413,3454.8464,57216848.2529805,0.07912884458071265
106.0,42.0,-35.56339,3454.8464,56650627.220121324,0.0819181021727275
107.0,42.0,-35.36304,3454.8464,56086480.57048131,0.0847225355394593
108.0,42.0,-35.155296,3454.8464,55524456.09039323,0.08754214422664357
96.0,43.94625,-36.0,3454.8464,62151327.07745612,0.05752839361146092
97.0,43.722755,-36.0,3454.8464,61596905.70417361,0.05986961502736593
98.0,43.49072,-36.0,3454.8464,61045472.77962546,0.06220892927930945
99.0,43.250175,-36.0,3454.8464,60497042.71476958,0.06454655051038181
100.0045,43.0,-36.0,3454.8464,59949197.83101874,0.06689316677711868
100.0,43.00115,-36.0,3454.8464,59951629.71040649,0.0668826969556872
101.0,43.0,-35.838028,3454.8464,59376862.463207394,0.06960103472010931
102.0,43.0,-35.66829,3454.8464,58803876.906524695,0.07233539674201424
103.0,43.0,-35.49143,3454.8464,58232861.01879204,0.0750841273685113
104.0,43.0,-35.307384,3454.8464,57663858.64424213,0.07784726809536363
105.0,43.0,-35.116085,3454.8464,57096914.467701994,0.08062484434394553
91.0,44.924717,-36.0,3454.8464,64964635.658159584,0.045782916877290664
92.0,44.746246,-36.0,3454.8464,64396082.127370454,0.048137588344342695
93.0,44.55919,-36.0,3454.8464,63830477.930691086,0.05048930570706102
94.0,44.363575,-36.0,3454.8464,63267837.94452107,0.05283824617720276
95.75127,44.0,-36.0,3454.8464,62290275.37691765,0.05694437101048913
95.0,44.159447,-36.0,3454.8464,62708176.9512759,0.05518459272343314
96.0,44.0,-35.966473,3454.8464,62144826.488537595,0.057607391695311046
97.0,44.0,-35.826164,3454.8464,61563300.99611799,0.06027882468907968
98.0,44.0,-35.679016,3454.8464,60983625.06633198,0.06296364443605168
99.0,44.0,-35.524952,3454.8464,60405836.17870656,0.06566194651555834
100.0,44.0,-35.363907,3454.8464,59829973.08751796,0.06837381123636707
101.0,44.0,-35.19581,3454.8464,59256075.72480833,0.07109930346397872
102.0,44.0,-35.02059,3454.8464,58684185.10116102,0.07383847251636427
84.0,45.92142,-36.0,3454.8464,69022778.47085866,0.029198824345501643
85.0,45.805275,-36.0,3454.8464,68434367.08980381,0.031579382747228275
86.0,45.68034,-36.0,3454.8464,67848835.29456162,0.03395594385223996
87.0,45.54666,-36.0,3454.8464,67266197.97721615,0.03632862684862295
88.0,45.40429,-36.0,3454.8464,66686470.07887097,0.03869755859281394
89.0,45.253265,-36.0,3454.8464,66109666.56727647,0.04106287333529181
90.55841,45.0,-36.0,3454.8464,65217344.736855574,0.04474056389378821
90.0,45.09364,-36.0,3454.8464,65535802.4133157,0.04342471243207555
91.0,45.0,-35.953125,3454.8464,64955652.734718904,0.04589229300530431
92.0,45.0,-35.841167,3454.8464,64365687.4716892,0.048508202964613535
93.0,45.0,-35.72263,3454.8464,63777490.99412467,0.0511363833208159
94.0,45.0,-35.597443,3454.8464,63191092.84064956,0.05377697493313881
95.0,45.0,-35.465538,3454.8464,62606524.180609874,0.056430105323192176
96.0,45.0,-35.32685,3454.8464,62023817.733494036,0.05909588824557696
97.0,45.0,-35.181305,3454.8464,61443007.68487091,0.06177442331712263
98.0,45.0,-35.02884,3454.8464,60864129.59910249,0.06446579570721675
72.0,46.603645,-36.0,3454.8464,76301182.30745907,0.00028384395160920044
73.0,46.597706,-36.0,3454.8464,75679336.41302258,0.002718681128267778
74.0,46.582264,-36.0,3454.8464,75060232.04626915,0.0051488375558370394
75.0,46.557404,-36.0,3454.8464,74443884.30605796,0.007574982271491358
76.0,46.523205,-36.0,3454.8464,73830302.6192194,0.009995157327134895
77.0,46.47976,-36.0,3454.8464,73219502.55027147,0.012410679481676724
78.0,46.427116,-36.0,3454.8464,72611504.43601304,0.014822960978622745
79.0,46.36536,-36.0,3454.8464,72006315.03667155,0.01723002184890733
80.0,46.294556,-36.0,3454.8464,71403951.17901081,0.019632588287298084
81.0,46.214767,-36.0,3454.8464,70804427.37142108,0.02203072245530435
82.0,46.126057,-36.0,3454.8464,70207758.2403124,0.024424495091074833
83.268875,46.0,-36.0,3454.8464,69455264.4530056,0.02745478671794133
83.0,46.02848,-36.0,3454.8464,69613958.51626657,0.026813985346606013
84.0,46.0,-35.9517,3454.8464,69013727.43312645,0.02930963133866431
85.0,46.0,-35.87967,3454.8464,68411795.79111764,0.03185582941023016
86.0,46.0,-35.80142,3454.8464,67811560.84453766,0.03441272817122515
87.0,46.0,-35.716885,3454.8464,67213039.17964886,0.03698052032082361
88.0,46.0,-35.626007,3454.8464,66616249.37176818,0.03955938934911167
89.0,46.0,-35.52872,3454.8464,66021211.93558136,0.042149508842795044
90.0,46.0,-35.42496,3454.8464,65427949.27055897,0.044751041826328775
91.0,46.0,-35.314663,3454.8464,64836485.60168334,0.04736414014234535
92.0,46.0,-35.19776,3454.8464,64246846.91567077,0.049988943875251574
93.0,46.0,-35.074192,3454.8464,63659060.89290995,0.05262558082162467
72.0,47.0,-35.765713,3454.8464,76260127.66289881,0.0007980226082729177
73.0,47.0,-35.760967,3454.8464,75637198.94422734,0.003245391512207942
74.0,47.0,-35.750496,3454.8464,75016005.6824972,0.005700706365653074
75.0,47.0,-35.73427,3454.8464,74396541.05631399,0.008164671342475118
76.0,47.0,-35.71224,3454.8464,73778785.26536952,0.010636073917309148
77.0,47.0,-35.68437,3454.8464,73162769.19443241,0.013116094490559347
78.0,47.0,-35.650604,3454.8464,72548461.90069383,0.015605869120443264
79.0,47.0,-35.610905,3454.8464,71935870.27101222,0.018104235636957476
80.0,47.0,-35.56522,3454.8464,71324998.54231508,0.020611863726206384
81.0,47.0,-35.513493,3454.8464,70715851.48712151,0.023128962426379338
82.0,47.0,-35.455673,3454.8464,70108435.96856906,0.025655735755530738
83.0,47.0,-35.391705,3454.8464,69502760.92235674,0.028192381934395445
84.0,47.0,-35.321537,3454.8464,68898837.33311476,0.030739092621405287
85.0,47.0,-35.245102,3454.8464,68296678.20528576,0.033296052164147175
86.0,47.0,-35.16235,3454.8464,67696298.52866054,0.03586343687146915
87.0,47.0,-35.073215,3454.8464,67097715.23869024,0.03844141431042053
72.0,48.0,-35.15679,3454.8464,76158224.7368891,0.002120265841927966
73.0,48.0,-35.14884,3454.8464,75534170.28319362,0.004579599649042513
74.0,48.0,-35.13506,3454.8464,74911923.03611042,0.0070468561405303805
75.0,48.0,-35.1154,3454.8464,74291482.31931412,0.009522237907657527
76.0,48.0,-35.08983,3454.8464,73672821.55716395,0.012005948954631435
77.0,48.0,-35.0583,3454.8464,73055969.57760376,0.014498186718658166
78.0,48.0,-35.020767,3454.8464,72440906.2567026,0.01699915115892178
153.39713,0.0,-35.0,3454.8464,34137831.654628515,0.2061492353883465
154.0,0.0,-34.723194,3454.8464,33824772.76648775,0.20889776983529101
155.0,0.0,-34.257374,3454.8464,33309683.814695578,0.21348479163378145
153.3768,1.0,-35.0,3454.8464,34145403.98009507,0.20609050342257512
154.0,1.0,-34.713882,3454.8464,33821852.4180646,0.2089309163364888
155.0,1.0,-34.24798,3454.8464,33306823.34538573,0.21351750935378572
153.31578,2.0,-35.0,3454.8464,34171712.11014242,0.20589272454962704
154.0,2.0,-34.685944,3454.8464,33816707.13117887,0.2090079436169524
155.0,2.0,-34.219788,3454.8464,33301883.686017223,0.21359224256363646
153.21396,3.0,-35.0,3454.8464,34215558.99989689,0.2055634397708475
154.0,3.0,-34.63936,3454.8464,33808161.119200364,0.20913589634894375
155.0,3.0,-34.172783,3454.8464,33293679.943962254,0.21371637407686994
153.07117,4.0,-35.0,3454.8464,34276944.75997856,0.2051031659785329
153.0,4.387181,-35.0,3454.8464,34307486.83365535,0.20487449676026143
154.0,4.0,-34.574093,3454.8464,33796258.4058469,0.2093141398365161
155.0,4.0,-34.106926,3454.8464,33282255.480501726,0.21388927257279577
152.88788,5.0,-35.0,3454.8464,34356341.95456055,0.20451127199378677
153.0,5.0,-34.94897,3454.8464,34297818.76366395,0.20501776862611246
154.0,5.0,-34.4901,3454.8464,33781060.27519824,0.20954179424805075
155.0,5.0,-34.022175,3454.8464,33267670.655236304,0.21411006299769278
152.66377,6.0,-35.0,3454.8464,34453748.583884835,0.20378867229284076
153.0,6.0,-34.847115,3454.8464,34278659.35855186,0.205301716208491
154.0,6.0,-34.387318,3454.8464,33762644.92706484,0.20981774319315577
152.39801,7.0,-35.0,3454.8464,34568867.96074128,0.20293731232333417
153.0,7.0,-34.726566,3454.8464,34256245.486437395,0.20563405636042126
154.0,7.0,-34.265675,3454.8464,33741107.04019919,0.21014064451778514
152.09013,8.0,-35.0,3454.8464,34701702.62996936,0.2019584635705278
152.0,8.257738,-35.0,3454.8464,34740458.896835744,0.20167363614547562
153.0,8.0,-34.587234,3454.8464,34230689.440159544,0.20601322658499985
154.0,8.0,-34.12508,3454.8464,33716557.247947745,0.21050894315086885
151.74121,9.0,-35.0,3454.8464,34853365.055183925,0.20085037983731943
152.0,9.0,-34.88357,3454.8464,34718470.11544488,0.2019965443156656
153.0,9.0,-34.429024,3454.8464,34202119.10221763,0.2064374647619287
151.34984,10.0,-35.0,3454.8464,35023312.8210456,0.1996162091946047
151.0,10.804721,-35.0,3454.8464,35174424.842402846,0.19852380094871264
152.0,10.0,-34.70796,3454.8464,34685772.923340075,0.20247699047680287
153.0,10.0,-34.251816,3454.8464,34170677.25647321,0.20690482539068888
150.91528,11.0,-35.0,3454.8464,35211539.47522077,0.19825771340413337
151.0,11.0,-34.962276,3454.8464,35167287.43915728,0.19862774606549546
152.0,11.0,-34.513393,3454.8464,34650237.701738626,0.2029997936867986
153.0,11.0,-34.05548,3454.8464,34136520.8299918,0.20741319722885754
150.43864,12.0,-35.0,3454.8464,35419389.43046373,0.19677288197886844
150.0,12.841399,-35.0,3454.8464,35609442.7256945,0.19542252011487496
151.0,12.0,-34.75055,3454.8464,35127594.27789722,0.19920567327443753
152.0,12.0,-34.29973,3454.8464,34612037.2428536,0.20356268485641918
149.9174,13.0,-35.0,3454.8464,35645721.836989366,0.19516698446015415
150.0,13.0,-34.96364,3454.8464,35602564.20429542,0.19552186719668102
151.0,13.0,-34.519733,3454.8464,35085303.55522704,0.19982256269162973
152.0,13.0,-34.066807,3454.8464,34571356.99732107,0.2041632659923563
149.35303,14.0,-35.0,3454.8464,35892319.56352015,0.19343693646159615
149.0,14.579004,-35.0,3454.8464,36045537.947488844,0.1923677220589456
150.0,14.0,-34.715836,3454.8464,35556159.183335856,0.1961919447474527
151.0,14.0,-34.269657,3454.8464,35040615.3552227,0.20047589640884203
148.74333,15.0,-35.0,3454.8464,36158421.92371067,0.19158709237825006
149.0,15.0,-34.888374,3454.8464,36024469.30071708,0.19266953997479092
150.0,15.0,-34.44876,3454.8464,35507456.27236379,0.1968970628181232
151.0,15.0,-34.000145,3454.8464,34993740.713113844,0.20116306668271752
148.088,16.0,-35.0,3454.8464,36444682.8423362,0.18961777018882905
148.0,16.125677,-35.0,3454.8464,36482887.98063844,0.18935607549130748
149.0,16.0,-34.604435,3454.8464,35971766.2688445,0.19342524196568217
150.0,16.0,-34.162216,3454.8464,35456679.67264307,0.1976345329536833
147.38722,17.0,-35.0,3454.8464,36752361.51182828,0.18752755416695444
147.0,17.517862,-35.0,3454.8464,36921380.439158246,0.18638691967758073
148.0,17.0,-34.73698,3454.8464,36433457.120907456,0.19005858090646188
149.0,17.0,-34.300976,3454.8464,35917118.26277958,0.19421169832157198
146.63893,18.0,-35.0,3454.8464,37080980.423683666,0.1853201197238245
146.0,18.802483,-35.0,3454.8464,37361270.398627095,0.18345652234459492
147.0,18.0,-34.846687,3454.8464,36892465.61414437,0.18679493964098073
148.0,18.0,-34.41672,3454.8464,36374988.45341457,0.19089253409649604
145.8424,19.0,-35.0,3454.8464,37431267.77071953,0.18299563110841383
145.0,19.996193,-35.0,3454.8464,37802559.64886588,0.18056343316303808
146.0,19.0,-34.933826,3454.8464,37348753.19679505,0.1836319328333346
147.0,19.0,-34.509716,3454.8464,36830246.61839697,0.18767475564761332
148.0,19.0,-34.07664,3454.8464,36314974.30536408,0.19175275034956363
144.99677,20.0,-35.0,3454.8464,37804000.189533666,0.18055408944783574
145.0,20.0,-34.99866,3454.8464,37802305.54235467,0.18056697018218076
146.0,20.0,-34.58022,3454.8464,37282873.11902129,0.18455586301630034
147.0,20.0,-34.152836,3454.8464,36766650.490203895,0.188579077334467
144.10153,21.0,-35.0,3454.8464,38200509.62348134,0.17799380975242138
144.0,21.107609,-35.0,3454.8464,38245129.46748735,0.17770710053830005
145.0,21.0,-34.62848,3454.8464,37732871.80578148,0.1815331798969847
146.0,21.0,-34.206604,3454.8464,37215797.0960332,0.18550251551427824
143.15471,22.0,-35.0,3454.8464,38620955.36962967,0.1753165143371963
143.0,22.155333,-35.0,3454.8464,38689197.06616595,0.1748844721222878
144.0,22.0,-34.654713,3454.8464,38180269.44722205,0.178603890679847
145.0,22.0,-34.238167,3454.8464,37662435.29328266,0.18252032265434523
142.1549,23.0,-35.0,3454.8464,39066248.3216212,0.17252163121903072
142.0,23.14758,-35.0,3454.8464,39134812.38455878,0.17209389236613498
143.0,23.0,-34.659138,3454.8464,38625115.09438214,0.17576507531536115
144.0,23.0,-34.247738,3454.8464,38106608.3567254,0.1796296427315114
140.0,24.990995,-35.0,3454.8464,40030906.71271649,0.16660244686751163
141.10057,24.0,-35.0,3454.8464,39537381.18534688,0.16960824466919208
141.0,24.091034,-35.0,3454.8464,39582031.70151886,0.16933372893823545
142.0,24.0,-34.641937,3454.8464,39067479.388885155,0.1730137418226913
143.0,24.0,-34.235504,3454.8464,38548380.99319851,0.17682753890129188
139.98994,25.0,-35.0,3454.8464,40035472.903975524,0.16657493900416942
139.0,25.848207,-35.0,3454.8464,40481295.409730434,0.16389972194048696
140.0,25.0,-34.996086,3454.8464,40030161.85870358,0.16661250709081302
141.0,25.0,-34.603294,3454.8464,39507453.82226311,0.17034685632192226
142.0,25.0,-34.20165,3454.8464,38987838.620311275,0.1741110240180519
138.82162,26.0,-35.0,3454.8464,40562481.826816276,0.1634176158130698
138.0,26.670324,-35.0,3454.8464,40933417.89123862,0.1612230278557374
139.0,26.0,-34.931564,3454.8464,40468284.68679683,0.1640745376187209
140.0,26.0,-34.54336,3454.8464,39945149.95353895,0.16776137052246204
141.0,26.0,-34.146324,3454.8464,39425086.60317995,0.1714770886306678
137.59282,27.0,-35.0,3454.8464,41119142.40159006,0.16013568623235064
137.0,27.460968,-35.0,3454.8464,41387361.37051682,0.15857079588283637
138.0,27.0,-34.846073,3454.8464,40904198.57876194,0.16161371318505235
139.0,27.0,-34.462276,3454.8464,40380698.59153747,0.16525424664657468
140.0,27.0,-34.069668,3454.8464,39860249.45565202,0.16892272642380268
135.0,28.958508,-35.0,3454.8464,42301014.59691465,0.15333412452081674
136.30093,28.0,-35.0,3454.8464,41706815.6015407,0.15672648844509632
136.0,28.223204,-35.0,3454.8464,41843221.170271754,0.15594150662650022
137.0,28.0,-34.739727,3454.8464,41338059.233041056,0.15922700628856307
138.0,28.0,-34.360165,3454.8464,40814248.94780654,0.1628224798084142
134.94319,29.0,-35.0,3454.8464,42327308.90902657,0.15318577805278202
134.0,29.663727,-35.0,3454.8464,42760376.605199575,0.15074943363697332
135.0,29.0,-34.979397,3454.8464,42297076.75271472,0.15338603990143154
136.0,29.0,-34.61263,3454.8464,41770039.93900294,0.15691144841898677
137.0,29.0,-34.23712,3454.8464,41245967.765445836,0.16046311790348566
133.5172,30.0,-35.0,3454.8464,42984122.31892909,0.14950382964197753
133.0,30.34753,-35.0,3454.8464,43221867.523123406,0.14818371133416347
134.0,30.0,-34.827766,3454.8464,42727570.12118113,0.15118033283864174
135.0,30.0,-34.46486,3454.8464,42200330.667744346,0.15466414703779835
136.0,30.0,-34.09323,3454.8464,41676038.4285785,0.15817327909276546
131.0,31.649145,-35.0,3454.8464,44150872.514199756,0.14310747932959764
132.0181,31.0,-35.0,3454.8464,43677281.61415672,0.14568128705218053
132.0,31.011616,-35.0,3454.8464,43685606.15001024,0.1456356518973599
133.0,31.0,-34.655693,3454.8464,43156545.45640317,0.14903880974313158
134.0,31.0,-34.29647,3454.8464,42629137.14650784,0.15248230028408327
129.0,32.872204,-35.0,3454.8464,45088293.98805266,0.1380975581996637
130.4429,32.0,-35.0,3454.8464,44412307.8920798,0.1417014773566065
130.0,32.269836,-35.0,3454.8464,44618489.51420916,0.14059479534467828
131.0,32.0,-34.81029,3454.8464,44114646.025176495,0.143577973612151
132.0,32.0,-34.46322,3454.8464,43584230.009893306,0.14695877273522506
133.0,32.0,-34.10751,3454.8464,43056679.92841093,0.15036320949712534
128.7858,33.0,-35.0,3454.8464,45189953.03108623,0.13756206771682622
128.0,33.454136,-35.0,3454.8464,45559950.97080897,0.13561616502825719
129.0,33.0,-34.929276,3454.8464,45074714.66275407,0.1382726529967144
130.0,33.0,-34.5941,3454.8464,44541389.461020395,0.141593697930942
131.0,33.0,-34.25035,3454.8464,44010864.89158409,0.1449376418765567
126.0,34.570557,-35.0,3454.8464,46510199.26164612,0.13069281817309816
127.041504,34.0,-35.0,3454.8464,46014729.15680186,0.13324856531494167
127.0,34.022923,-35.0,3454.8464,46034265.75015242,0.13314699162431665
128.0,34.0,-34.689716,3454.8464,45500736.18118504,0.13637825599292316
129.0,34.0,-34.357677,3454.8464,44967325.23181744,0.13966462399721374
130.0,34.0,-34.017082,3454.8464,44436704.10207133,0.14297296344771324
124.0,35.62438,-35.0,3454.8464,47469456.783876866,0.12581809058734045
125.20337,35.0,-35.0,3454.8464,46892133.74552807,0.12874268443995912
125.0,35.106457,-35.0,3454.8464,46988884.27120316,0.12824915569191708
126.0,35.0,-34.750645,3454.8464,46462439.9399529,0.13130384007449683
127.0,35.0,-34.430058,3454.8464,45926219.18773605,0.13453552241028774
128.0,35.0,-34.100983,3454.8464,45392725.90898505,0.13778844418635117
122.0,36.620216,-35.0,3454.8464,48437966.007434055,0.12098590173773163
123.26319,36.0,-35.0,3454.8464,47826235.45412998,0.12403007173186928
123.0,36.13044,-35.0,3454.8464,47952710.48037925,0.12339661523068027
124.0,36.0,-34.77741,3454.8464,47426720.03406778,0.12636204782579002
125.0,36.0,-34.46803,3454.8464,46887753.06859636,0.12954191922325897
126.0,36.0,-34.15023,3454.8464,46351453.74338819,0.13274230274454288
120.0,37.5621,-35.0,3454.8464,49415970.836736485,0.1161900887661785
121.211334,37.0,-35.0,3454.8464,48823464.300258905,0.11908793019178844
121.0,37.09905,-35.0,3454.8464,48925992.927353926,0.11858326828460745
122.0,37.0,-34.77052,3454.8464,48393848.18021484,0.12154493420585509
123.0,37.0,-34.47209,3454.8464,47852186.33473551,0.1246757382832563
124.0,37.0,-34.165318,3454.8464,47313132.993838616,0.12782635263768408
117.0,38.882374,-35.0,3454.8464,50901578.679458275,0.10905243843466923
118.0,38.45354,-35.0,3454.8464,50403735.43515047,0.11142522992037708
119.03598,38.0,-35.0,3454.8464,49891365.49463849,0.1138886551068568
119.0,38.015926,-35.0,3454.8464,49908979.90490814,0.11380337498497785
120.0,38.0,-34.73042,3454.8464,49364138.87950594,0.11684451177711172
121.0,38.0,-34.4427,3454.8464,48819820.507275105,0.11992910291606507
122.0,38.0,-34.14671,3454.8464,48278050.66749494,0.12303273862939999
115.0,39.70232,-35.0,3454.8464,51904210.431860514,0.104325007926133
116.721725,39.0,-35.0,3454.8464,51041414.884667896,0.10839084163888793
116.0,39.2976,-35.0,3454.8464,51401534.34690139,0.1066862187882593
117.0,39.0,-34.92664,3454.8464,50887368.50497205,0.10923067281163734
118.0,39.0,-34.657524,3454.8464,50337963.8592688,0.11225332583803607
119.0,39.0,-34.38027,3454.8464,49791003.38434666,0.1152944286434441
120.0,39.0,-34.09482,3454.8464,49246543.16746933,0.11835385301662822
112.0,40.85173,-35.0,3454.8464,53427863.76786762,0.09726758871669486
113.0,40.478584,-35.0,3454.8464,52917209.2762028,0.09961636961854337
114.25005,40.0,-35.0,3454.8464,52283914.36871827,0.10255488159572171
114.0,40.096928,-35.0,3454.8464,52409648.20430736,0.10196828236609788
115.0,40.0,-34.81115,3454.8464,51867733.81859224,0.10478172248577854
116.0,40.0,-34.552185,3454.8464,51315742.75635598,0.10776428158385605
117.0,40.0,-34.28516,3454.8464,50766148.11783795,0.11076455321797606
118.0,40.0,-34.010017,3454.8464,50219005.07989937,0.11378241139717639
109.0,41.907257,-35.0,3454.8464,54975158.52362853,0.09023924543649896
110.0,41.5645,-35.0,3454.8464,54456468.16856602,0.09257979908597747
111.59542,41.0,-35.0,3454.8464,53636225.6562307,0.09631564941198512
111.0,41.213345,-35.0,3454.8464,53940866.969098546,0.0949223135533841
112.0,41.0,-34.90486,3454.8464,53409427.15223908,0.09749744840960503
113.0,41.0,-34.66374,3454.8464,52852534.387251146,0.10042544957311089
114.0,41.0,-34.4147,3454.8464,52297940.41958921,0.10337052389323131
115.0,41.0,-34.15768,3454.8464,51745699.78046255,0.10633257268927718
106.0,42.873585,-35.0,3454.8464,56546569.0941996,0.08322755764118632
107.0,42.560177,-35.0,3454.8464,56019785.515036255,0.08556376096928427
108.72427,42.0,-35.0,3454.8464,55119440.259899884,0.08959221915971488
108.0,42.238464,-35.0,3454.8464,55496085.41833106,0.08790082914113677
109.0,42.0,-34.939854,3454.8464,54963494.90626341,0.09038424346905641
110.0,42.0,-34.716133,3454.8464,54401792.85141891,0.09326165205759075
111.0,42.0,-34.484642,3454.8464,53842299.96917834,0.09615545700571757
112.0,42.0,-34.24531,3454.8464,53285069.36418052,0.09906558846687326
103.0,43.754673,-35.0,3454.8464,58142579.01210275,0.07622145974334123
104.0,43.46971,-35.0,3454.8464,57607644.77061564,0.07855684252262402
105.5876,43.0,-35.0,3454.8464,56765569.81747343,0.08226200676350726
105.0,43.176517,-35.0,3454.8464,57075787.193881914,0.08089207767739595
106.0,43.0,-34.917206,3454.8464,56530544.97826047,0.08342647977680416
107.0,43.0,-34.710453,3454.8464,55964085.293404594,0.08625722311521272
108.0,43.0,-34.49608,3454.8464,55399755.01355021,0.0891036505802571
109.0,43.0,-34.27401,3454.8464,54837605.06902701,0.09196572167533865
110.0,43.0,-34.04418,3454.8464,54277686.70507402,0.09484337908875033
99.0,44.80288,-35.0,3454.8464,60309875.11043838,0.06687224601675007
100.0,44.55379,-35.0,3454.8464,59763678.109354965,0.06921127602878038
101.0,44.2965,-35.0,3454.8464,59220535.68266891,0.07154900293168688
102.11419,44.0,-35.0,3454.8464,58619337.28559331,0.07415152257820608
102.0,44.03103,-35.0,3454.8464,58680462.18752923,0.07388566086022302
103.0,44.0,-34.837837,3454.8464,58111346.02531188,0.07660923268096721
104.0,44.0,-34.647644,3454.8464,57540136.221773356,0.07939718027264936
105.0,44.0,-34.449978,3454.8464,56970987.55900319,0.08220006876647437
106.0,44.0,-34.244762,3454.8464,56403948.09718111,0.08501788651173824
107.0,44.0,-34.031933,3454.8464,55839066.49307835,0.08785060473723076
94.0,45.91523,-35.0,3454.8464,63082796.740209825,0.055146725506772507
95.0,45.709564,-35.0,3454.8464,62522296.95652717,0.05749650989551655
96.0,45.495667,-35.0,3454.8464,61964812.612016015,0.05984378100178111
97.0,45.273567,-35.0,3454.8464,61410358.92027721,0.06218874135745456
98.18273,45.0,-35.0,3454.8464,60759020.38245372,0.06495826025695224
98.0,45.043297,-35.0,3454.8464,60858950.89937401,0.0645315979712562
99.0,45.0,-34.869274,3454.8464,60284789.29873269,0.06718356213165262
100.0,45.0,-34.70251,3454.8464,59706828.09782967,0.06991836032957292
101.0,45.0,-34.528492,3454.8464,59130829.071628526,0.07266729912155794
102.0,45.0,-34.347145,3454.8464,58556835.81493452,0.07543041133096394
103.0,45.0,-34.158394,3454.8464,57984892.89127803,0.07820771266921772
88.0,46.966,-35.0,3454.8464,66504717.26164152,0.04097979750965004
89.0,46.811733,-35.0,3454.8464,65927000.827413306,0.043349572897381485
90.0,46.64912,-35.0,3454.8464,65352243.15339547,0.04571570310887016
91.0,46.478207,-35.0,3454.8464,64780459.894041434,0.04807834513694418
92.0,46.299026,-35.0,3454.8464,64211666.65481974,0.05043766243967719
93.57234,46.0,-35.0,3454.8464,63324177.7311773,0.054139199953670426
93.0,46.111614,-35.0,3454.8464,63645878.96351735,0.052793824589964275
94.0,46.0,-34.94393,3454.8464,63072105.59802893,0.05527946211581369
95.0,46.0,-34.806873,3454.8464,62485567.701566,0.05795330445859249
96.0,46.0,-34.662846,3454.8464,61900880.209289484,0.06064031704615086
97.0,46.0,-34.511772,3454.8464,61318079.75022325,0.06334058942152909
98.0,46.0,-34.35358,3454.8464,60737204.34927649,0.06605419503911714
99.0,46.0,-34.1882,3454.8464,60158293.33104495,0.06878119104746555
100.0,46.0,-34.015564,3454.8464,59581387.22099449,0.07152161814502321
79.0,47.964546,-35.0,3454.8464,71831324.89495406,0.019458722570464687
80.0,47.8879,-35.0,3454.8464,71227927.69254172,0.021867834182220644
81.0,47.80256,-35.0,3454.8464,70627386.09010075,0.024272269226243134
82.0,47.708584,-35.0,3454.8464,70029715.31037134,0.026672105604692527
83.0,47.606026,-35.0,3454.8464,69434930.69760752,0.029067429835298815
84.0,47.494938,-35.0,3454.8464,68843047.69981113,0.03145833684383295
85.0,47.37537,-35.0,3454.8464,68254081.84940197,0.033844929737751266
86.0,47.247375,-35.0,3454.8464,67668048.74243037,0.03622731956201774
87.768135,47.0,-35.0,3454.8464,66639585.67989098,0.04042869080184481
87.0,47.110996,-35.0,3454.8464,67084964.01642132,0.038605625038239416
88.0,47.0,-34.977707,3454.8464,66500526.76057836,0.04103201022883478
89.0,47.0,-34.875893,3454.8464,65903685.45108631,0.04364035748864227
90.0,47.0,-34.767445,3454.8464,65308598.03457337,0.046260619527896084
91.0,47.0,-34.652298,3454.8464,64715290.88425276,0.04889294595289306
92.0,47.0,-34.530376,3454.8464,64123792.18298622,0.051537473013156324
93.0,47.0,-34.401615,3454.8464,63534131.849394254,0.054194323060104126
94.0,47.0,-34.26594,3454.8464,62946341.459877595,0.05686360406354486
95.0,47.0,-34.12328,3454.8464,62360454.166793674,0.05954540918920349
71.0,48.255405,-35.0,3454.8464,76758665.55802418,8.952095021426171e-06
72.0,48.250706,-35.0,3454.8464,76132960.50790878,0.002457261082766834
73.0,48.23681,-35.0,3454.8464,75510027.29761493,0.004900674610049409
74.0,48.213806,-35.0,3454.8464,74889880.28863436,0.0073391925583372155
75.0,48.181774,-35.0,3454.8464,74272548.64069524,0.009772822188099665
76.0,48.140785,-35.0,3454.8464,73658003.1300199,0.012201586789291117
77.0,48.09091,-35.0,3454.8464,73046302.50057535,0.014625508253337647
78.47922,48.0,-35.0,3454.8464,72147211.77482763,0.01820118072206235
78.0,48.032223,-35.0,3454.8464,72437447.10007454,0.01704462436463234
79.0,48.0,-34.977337,3454.8464,71827209.79907022,0.01951056420185897
80.0,48.0,-34.92795,3454.8464,71214809.71334833,0.022033015303423883
81.0,48.0,-34.872417,3454.8464,70604102.27006717,0.02456536867312268
82.0,48.0,-34.81067,3454.8464,69995095.78317729,0.027107836607074186
83.0,48.0,-34.742653,3454.8464,69387800.72952771,0.029660624395113685
84.0,48.0,-34.668304,3454.8464,68782229.72044705,0.03222392949629001
85.0,48.0,-34.587555,3454.8464,68178397.46768124,0.03479794073539439
86.0,48.0,-34.500347,3454.8464,67576320.74383454,0.03738283752513862
87.0,48.0,-34.406616,3454.8464,66976018.33746066,0.03997878911859266
88.0,48.0,-34.306286,3454.8464,66377511.00296831,0.042585953896457425
89.0,48.0,-34.1993,3454.8464,65780821.40552465,0.04520447869352338
90.0,48.0,-34.085583,3454.8464,65185974.06113942,0.047834498168642256
71.0,49.0,-34.53333,3454.8464,76679042.27241328,0.0010389113813315258
72.0,49.0,-34.527885,3454.8464,76051904.70320815,0.003503341657286989
73.0,49.0,-34.51657,3454.8464,75426547.83332068,0.005975813067225414
74.0,49.0,-34.49934,3454.8464,74802963.79616085,0.008456542391318971
75.0,49.0,-34.47615,3454.8464,74181185.15718377,0.0109457409510656
76.0,49.0,-34.446957,3454.8464,73561093.24294741,0.013443636556698476
77.0,49.0,-34.411713,3454.8464,72942801.53067786,0.015950427190398443
78.0,49.0,-34.370365,3454.8464,72326272.27645513,0.018466325687003345
79.0,49.0,-34.322865,3454.8464,71711508.2039432,0.020991536158467623
80.0,49.0,-34.269154,3454.8464,71098514.16057763,0.023526257720920287
81.0,49.0,-34.20918,3454.8464,70487297.10563943,0.026070683677107513
82.0,49.0,-34.14288,3454.8464,69877866.092537,0.028625000708851284
83.0,49.0,-34.070198,3454.8464,69270232.2453751,0.03118938808398096
155.5452,0.0,-34.0,3454.8464,33031213.003080733,0.2159992120783602
156.0,0.0,-33.779022,3454.8464,32793893.822826713,0.21818653175620778
157.0,0.0,-33.28722,3454.8464,32276686.799538605,0.22301885137916042
155.52534,1.0,-34.0,3454.8464,33038548.26061595,0.21593965057556602
156.0,1.0,-33.76939,3454.8464,32790916.434990138,0.21822180044583395
157.0,1.0,-33.277504,3454.8464,32273773.375063352,0.22305359718237935
155.46573,2.0,-34.0,3454.8464,33064200.96086434,0.21573723213644436
156.0,2.0,-33.740494,3454.8464,32785653.90219231,0.2183030984159276
157.0,2.0,-33.248344,3454.8464,32268731.248798035,0.22313218977134858
155.36627,3.0,-34.0,3454.8464,33106954.36041788,0.2154002596724364
156.0,3.0,-33.69231,3454.8464,32776914.005947754,0.2184381064674885
157.0,3.0,-33.199722,3454.8464,32260358.19673042,0.22326269254713
155.22679,4.0,-34.0,3454.8464,33166806.90982277,0.21492931705244123
156.0,4.0,-33.6248,3454.8464,32764743.040021062,0.21862609707355185
157.0,4.0,-33.131603,3454.8464,32248699.76441132,0.22344438354261803
155.04707,5.0,-34.0,3454.8464,33243756.64292345,0.21432521467184865
155.0,5.214027,-34.0,3454.8464,33263868.09666002,0.21416761147949595
156.0,5.0,-33.537926,3454.8464,32749205.43021317,0.21886606224679422
157.0,5.0,-33.043938,3454.8464,32233819.333846115,0.22367626259453027
154.82797,6.0,-34.0,3454.8464,33338489.001865163,0.21358701060669497
155.0,6.0,-33.91718,3454.8464,33248469.403988402,0.21440317486076763
156.0,6.0,-33.431618,3454.8464,32730383.35413558,0.21915672387906057
154.56853,7.0,-34.0,3454.8464,33450660.302100535,0.21271691809767823
155.0,7.0,-33.7925,3454.8464,33225523.045606606,0.2147541336859085
156.0,7.0,-33.3058,3454.8464,32708376.259704,0.21949654673955013
154.26799,8.0,-34.0,3454.8464,33580081.56520257,0.21171691083723615
154.0,8.783812,-34.0,3454.8464,33695002.67019566,0.2108324742515037
155.0,8.0,-33.6484,3454.8464,33199368.38931246,0.2151541566067705
156.0,8.0,-33.160385,3454.8464,32683300.28770167,0.21988375392049242
153.92635,9.0,-34.0,3454.8464,33727051.60989299,0.21058775065324065
154.0,9.0,-33.964897,3454.8464,33688474.3907237,0.21093140609283328
155.0,9.0,-33.48477,3454.8464,33170139.74581239,0.21560122791219521
153.54456,10.0,-34.0,3454.8464,33892519.98563459,0.20932849213543894
154.0,10.0,-33.783287,3454.8464,33654975.2835291,0.21143874280187375
155.0,10.0,-33.301502,3454.8464,33137986.965592388,0.2160931252009483
153.12018,11.0,-34.0,3454.8464,34075401.855257064,0.20794421242337865
153.0,11.257816,-34.0,3454.8464,34126957.0189132,0.20755551545973114
154.0,11.0,-33.58208,3454.8464,33618584.74003528,0.21199006503502837
155.0,11.0,-33.098457,3454.8464,33103074.638343677,0.2166274413978336
152.65477,12.0,-34.0,3454.8464,34277129.16478298,0.20643287124887505
153.0,12.0,-33.8374,3454.8464,34096855.027854204,0.20800720047950283
154.0,12.0,-33.36113,3454.8464,33579483.89859484,0.2125827838441794
152.14624,13.0,-34.0,3454.8464,34496943.06474665,0.20479888330592955
152.0,13.265337,-34.0,3454.8464,34559816.570218205,0.20433364033757198
153.0,13.0,-33.598732,3454.8464,34053511.04184581,0.20865780837905698
154.0,13.0,-33.120274,3454.8464,33537867.11418572,0.21321416749770042
151.59557,14.0,-34.0,3454.8464,34736060.68288044,0.20304105069827663
152.0,14.0,-33.81162,3454.8464,34524980.49655437,0.2048516620418605
153.0,14.0,-33.340157,3454.8464,34007735.09318143,0.20934568660791192
151.00032,15.0,-34.0,3454.8464,34993579.29241443,0.2011644212207896
151.0,15.000498,-34.0,3454.8464,34993715.93471227,0.20116342962495265
152.0,15.0,-33.535492,3454.8464,34475032.19634701,0.20559500136180733
153.0,15.0,-33.06149,3454.8464,33959748.05607459,0.21006787059008722
150.36253,16.0,-34.0,3454.8464,35271632.15111187,0.19916527240205706
150.0,16.530645,-34.0,3454.8464,35428496.62720485,0.19804450344750463
151.0,16.0,-33.706608,3454.8464,34939631.89662816,0.20196052234671708
152.0,16.0,-33.239243,3454.8464,34422988.70884675,0.20637097627375542
149.67924,17.0,-34.0,3454.8464,35569094.871750526,0.19704943245576745
149.0,17.931496,-34.0,3454.8464,35864555.29302766,0.19497114420651016
150.0,17.0,-33.853825,3454.8464,35401433.98577279,0.19844028045149986
151.0,17.0,-33.392906,3454.8464,34883557.914697275,0.20278885122865103
148.95,18.0,-34.0,3454.8464,35886582.21846724,0.19481769521868111
149.0,18.0,-33.977448,3454.8464,35860364.22094801,0.19503197335835273
150.0,18.0,-33.52279,3454.8464,35341376.632877894,0.19931932110994272
151.0,18.0,-33.058804,3454.8464,34825777.20041445,0.20364486085227734
148.17528,19.0,-34.0,3454.8464,36225540.451997355,0.19246841053389352
148.0,19.213556,-34.0,3454.8464,36301644.31940222,0.19194394058780517
149.0,19.0,-33.629173,3454.8464,35796391.137840144,0.1959599138816186
150.0,19.0,-33.17128,3454.8464,35279772.32877183,0.20022411126910292
147.35329,20.0,-34.0,3454.8464,36585918.47563474,0.19000431909583554
147.0,20.406485,-34.0,3454.8464,36739973.58817836,0.18895925604110023
148.0,20.0,-33.71234,3454.8464,36248572.60636135,0.1927079071805632
149.0,20.0,-33.26034,3454.8464,35731045.18882628,0.19691161666309112
146.48286,21.0,-34.0,3454.8464,36968219.87692697,0.1874265091960766
146.0,21.525734,-34.0,3454.8464,37179627.6572915,0.18601477550314566
147.0,21.0,-33.772537,3454.8464,36697916.58791315,0.18956037294169223
148.0,21.0,-33.326252,3454.8464,36179585.87886034,0.19370454423930733
145.56303,22.0,-34.0,3454.8464,37373219.750871874,0.18473521825426634
145.0,22.581121,-34.0,3454.8464,37620639.17652291,0.18310871642409954
146.0,22.0,-33.810013,3454.8464,37144442.399227954,0.18651421980649913
147.0,22.0,-33.36925,3454.8464,36625408.05530863,0.19059988687558843
144.59264,23.0,-34.0,3454.8464,37801746.0262244,0.1819304555082359
144.0,23.580763,-34.0,3454.8464,38063052.39119965,0.18023926051381317
145.0,23.0,-33.82499,3454.8464,37588192.45260041,0.18356623302416983
146.0,23.0,-33.389565,3454.8464,37068548.281156495,0.18759450349266743
143.57031,24.0,-34.0,3454.8464,38254684.059188984,0.1790119678603136
143.0,24.531403,-34.0,3454.8464,38506922.562810816,0.1774045738802179
144.0,24.0,-33.817677,3454.8464,38029231.52693651,0.18071311162958056
145.0,24.0,-33.387398,3454.8464,37509065.31676488,0.18468515674985053
142.49454,25.0,-34.0,3454.8464,38732981.7427769,0.17597920402617617
142.0,25.438694,-34.0,3454.8464,38952315.3729392,0.174602825283464
143.0,25.0,-33.788258,3454.8464,38467645.98997306,0.17795150275251057
144.0,25.0,-33.36294,3454.8464,37947039.3615454,0.18186854790727305
141.36359,26.0,-34.0,3454.8464,39237655.20573763,0.17283127665266035
141.0,26.307394,-34.0,3454.8464,39399306.31535935,0.1718322025024373
142.0,26.0,-33.736916,3454.8464,38903542.97944516,0.1752780329752542
143.0,26.0,-33.316372,3454.8464,38382571.25427279,0.17914134876073678
139.0,27.942879,-34.0,3454.8464,40298313.75854608,0.16637797657018633
140.17548,27.0,-34.0,3454.8464,39769795.187243104,0.1695669219970429
140.0,27.141535,-34.0,3454.8464,39847980.08065955,0.16909092683938773
141.0,27.0,-33.663795,3454.8464,39337049.55028906,0.17268933671324826
142.0,27.0,-33.24784,3454.8464,38815781.63913968,0.17650023061212006
138.92831,28.0,-34.0,3454.8464,40330960.39547994,0.1661832787781234
138.0,28.711353,-34.0,3454.8464,40750135.96457236,0.16369316972926085
139.0,28.0,-33.971443,3454.8464,40292969.09136497,0.166450775501818
140.0,28.0,-33.569042,3454.8464,39768311.79429537,0.17018208164152385
141.0,28.0,-33.157486,3454.8464,39246810.10397434,0.1739418902896928
137.62024,29.0,-34.0,3454.8464,40923337.590925485,0.16267534735618744
137.0,29.454073,-34.0,3454.8464,41203830.75299969,0.16103304642426652
138.0,29.0,-33.85097,3454.8464,40722309.25051685,0.16407039927905293
139.0,29.0,-33.452766,3454.8464,40197493.937916525,0.16775299123274923
140.0,29.0,-33.045425,3454.8464,39675814.29636685,0.17146307327539148
135.0,30.867643,-34.0,3454.8464,42116973.893761635,0.15578216226122898
136.2476,30.0,-34.0,3454.8464,41547399.134337164,0.15904313655850377
136.0,30.173292,-34.0,3454.8464,41659509.64622979,0.15839600927534386
137.0,30.0,-33.70926,3454.8464,41149702.62395471,0.16176361343575574
138.0,30.0,-33.315063,3454.8464,40624777.42327247,0.16539886450674918
134.8079,31.0,-34.0,3454.8464,42205774.99535308,0.15527979459386707
134.0,31.537722,-34.0,3454.8464,42576136.88166574,0.1531908485262065
135.0,31.0,-33.92769,3454.8464,42103398.17726657,0.1559637245386475
136.0,31.0,-33.546383,3454.8464,41575353.715509504,0.15952730187533704
137.0,31.0,-33.156017,3454.8464,41050359.976754725,0.16311659311994564
132.0,32.82072,-34.0,3454.8464,43500815.082425706,0.14806580388695334
133.29787,32.0,-34.0,3454.8464,42900907.943266176,0.15137870920527083
133.0,32.189674,-34.0,3454.8464,43037530.698781006,0.15061846968998754
134.0,32.0,-33.740078,3454.8464,42527544.156499326,0.15383845597034135
135.0,32.0,-33.362396,3454.8464,41999482.38952567,0.1573584610425187
131.71327,33.0,-34.0,3454.8464,43634987.66508773,0.1473337093008906
131.0,33.431892,-34.0,3454.8464,43965980.844546825,0.14553189002976605
132.0,33.0,-33.89682,3454.8464,43481396.44403708,0.14832254926404212
133.0,33.0,-33.531567,3454.8464,42950375.672119826,0.1517764030034176
134.0,33.0,-33.157333,3454.8464,42422322.906918146,0.1552542116268163
129.0,34.60396,-34.0,3454.8464,44902849.00791696,0.14051304393690095
130.04955,34.0,-34.0,3454.8464,44410665.826138556,0.14313680040577562
130.0,34.028717,-34.0,3454.8464,44433657.12110246,0.1430132234643774
131.0,34.0,-33.664177,3454.8464,43903125.94639402,0.1463608114113472
132.0,34.0,-33.30217,3454.8464,43372147.27715141,0.14977482824488417
127.0,35.711445,-34.0,3454.8464,45848358.6950092,0.1355545037906779
128.30199,35.0,-34.0,3454.8464,45232976.09661668,0.13877203907764746
128.0,35.16632,-34.0,3454.8464,45374627.391867496,0.13802624746027828
129.0,35.0,-33.76085,3454.8464,44857867.11382878,0.14110230258057538
130.0,35.0,-33.41081,3454.8464,44324051.59201492,0.1444556112016488
131.0,35.0,-33.05187,3454.8464,43793125.942778416,0.14783113952060348
125.0,36.759224,-34.0,3454.8464,46802748.207755975,0.1306491940205501
126.46384,36.0,-34.0,3454.8464,46104572.66998416,0.1342303941976115
126.0,36.242607,-34.0,3454.8464,46324434.188368976,0.13309559553474914
127.0,36.0,-33.822166,3454.8464,45814781.73440221,0.13599174826600852
128.0,36.0,-33.483833,3454.8464,45278207.16394618,0.13928739600343704
129.0,36.0,-33.13667,3454.8464,44744458.61612725,0.14260452343676464
123.0,37.751564,-34.0,3454.8464,47766273.4567542,0.12579040069310224
124.52793,37.0,-34.0,3454.8464,47030573.34016906,0.12949443660089088
124.0,37.26199,-34.0,3454.8464,47283329.654886305,0.1282144469008068
125.0,37.0,-33.848694,3454.8464,46774101.66113657,0.13102030231034412
126.0,37.0,-33.521805,3454.8464,46234833.49883286,0.13426129529641487
127.0,37.0,-33.186153,3454.8464,45698328.78401681,0.13752303073513522
121.0,38.69221,-34.0,3454.8464,48739191.91573055,0.12097182743057133
122.48549,38.0,-34.0,3454.8464,48016914.1647861,0.12454332634681956
122.0,38.22834,-34.0,3454.8464,48251571.83038328,0.1233763803980252
123.0,38.0,-33.840942,3454.8464,47736111.611632474,0.12617941490494686
124.0,38.0,-33.52524,3454.8464,47194198.73947121,0.12936872184074433
125.0,38.0,-33.200848,3454.8464,46654991.852344066,0.13257802780504385
119.0,39.58443,-34.0,3454.8464,49721778.47446936,0.11618755323331828
120.32582,39.0,-34.0,3454.8464,49070526.35337828,0.1193520562278401
120.0,39.145046,-34.0,3454.8464,49229430.50852493,0.11857535904536282
121.0,39.0,-33.799393,3454.8464,48701136.5539289,0.12146088562235816
122.0,39.0,-33.49462,3454.8464,48156621.77265929,0.12460140297471856
123.0,39.0,-33.181232,3454.8464,47614751.74921392,0.12776119455850238
116.0,40.838707,-34.0,3454.8464,51214594.170792446,0.10906324298093943
117.0,40.431072,-34.0,3454.8464,50714329.59599261,0.1114320659999897
118.03582,40.0,-34.0,3454.8464,50199580.76618048,0.11389046007080238
118.0,40.01507,-34.0,3454.8464,50217199.70431266,0.11380573999281655
119.0,40.0,-33.724476,3454.8464,49669556.61681641,0.1168568327048607
120.0,40.0,-33.430378,3454.8464,49122462.29654946,0.11995141913679697
121.0,40.0,-33.12774,3454.8464,48577958.034198284,0.12306454837507788
113.0,41.997143,-34.0,3454.8464,52730490.656972215,0.10198750641843503
114.0,41.62,-34.0,3454.8464,52222246.75045295,0.10434210649443537
115.598145,41.0,-34.0,3454.8464,51417419.56941863,0.1081098845035357
115.0,41.234608,-34.0,3454.8464,51717135.87273137,0.10670026873032522
116.0,41.0,-33.891838,3454.8464,51193958.866125844,0.10932626708205646
117.0,41.0,-33.61657,3454.8464,50641809.01476588,0.11235972858703025
118.0,41.0,-33.332897,3454.8464,50092140.37427616,0.11541117821057784
119.0,41.0,-33.040764,3454.8464,49545009.642956585,0.11848044672304196
111.0,42.717136,-34.0,3454.8464,53753671.94145581,0.09729052330054297
112.992325,42.0,-34.0,3454.8464,52734433.86916756,0.10196935644879312
112.0,42.36122,-34.0,3454.8464,53240515.95718537,0.09963769493849742
113.0,42.0,-33.998062,3454.8464,52730119.72878641,0.10199221472698593
114.0,42.0,-33.741154,3454.8464,52173054.33914747,0.10496861488142217
115.0,42.0,-33.47599,3454.8464,51618367.021547824,0.10796241435013904
116.0,42.0,-33.202507,3454.8464,51066114.566395536,0.11097346493333773
108.0,43.727047,-34.0,3454.8464,55309105.60408799,0.09026366817908632
109.0,43.3996,-34.0,3454.8464,54787841.053663865,0.09260405277712866
110.18795,43.0,-34.0,3454.8464,54173249.49210827,0.09538461490931374
110.0,43.064117,-34.0,3454.8464,54269713.517662235,0.09494589949842104
111.0,43.0,-33.80541,3454.8464,53716605.34575863,0.09776116874583632
112.0,43.0,-33.558292,3454.8464,53157011.216000095,0.10070131606305184
113.0,43.0,-33.303005,3454.8464,52599755.00664704,0.10365811374327008
114.0,43.0,-33.03948,3454.8464,52044892.27980052,0.10663142723106427
104.0,44.945496,-34.0,3454.8464,57421610.85770182,0.080911911017797
105.0,44.65361,-34.0,3454.8464,56889056.85896446,0.08324926019499657
106.0,44.353745,-34.0,3454.8464,56359620.6981913,0.0855867204492651
107.14646,44.0,-34.0,3454.8464,55756955.263328046,0.08826572760884574
107.0,44.045918,-34.0,3454.8464,55833315.94856239,0.0879245563239539
108.0,44.0,-33.8105,3454.8464,55273020.29280376,0.09072111386365553
109.0,44.0,-33.58098,3454.8464,54708593.326949045,0.0936115773444315
110.0,44.0,-33.343437,3454.8464,54146415.82267758,0.0965180519292568
111.0,44.0,-33.097805,3454.8464,53586541.7968241,0.0994404332029708
101.0,45.76517,-34.0,3454.8464,59034821.84294072,0.07389751832470698
102.0,45.500053,-34.0,3454.8464,58494041.03830469,0.07623642687845561
103.80926,45.0,-34.0,3454.8464,57524094.04096643,0.08046459813491659
103.0,45.22701,-34.0,3454.8464,57956370.52780755,0.07857446433501979
104.0,45.0,-33.96204,3454.8464,57414362.34992692,0.0810035499756915
105.0,45.0,-33.75746,3454.8464,56843014.61368162,0.0838328624309043
106.0,45.0,-33.545097,3454.8464,56273786.903463125,0.08667756551010522
107.0,45.0,-33.324867,3454.8464,55706730.50084558,0.0895376036723299
108.0,45.0,-33.096695,3454.8464,55141897.12767286,0.09241290332478683
96.0,46.962162,-34.0,3454.8464,61781028.50111475,0.062179091713315635
97.0,46.73904,-34.0,3454.8464,61225801.4772175,0.06452676407543426
98.0,46.507977,-34.0,3454.8464,60673645.65782868,0.06687223778303195
99.0,46.268997,-34.0,3454.8464,60124576.53001639,0.06921573231318343
100.0875,46.0,-34.0,3454.8464,59531261.51118384,0.07176157887395244
100.0,46.02213,-34.0,3454.8464,59578609.29871415,0.07155747056281055
101.0,46.0,-33.835167,3454.8464,59003561.934162796,0.07429343056261023
102.0,46.0,-33.647175,3454.8464,58427463.532860845,0.07708158095260999
103.0,46.0,-33.45155,3454.8464,57853422.17582296,0.07988438289175726
104.0,46.0,-33.24821,3454.8464,57281485.87470778,0.08270181148557579
105.0,46.0,-33.037083,3454.8464,56711703.36310859,0.08553382356672329
91.0,47.949883,-34.0,3454.8464,64598886.16563243,0.05039635816179322
92.0,47.76833,-34.0,3454.8464,64029254.49048506,0.052759158985873314
93.0,47.57878,-34.0,3454.8464,63462652.04993822,0.0551186563148338
94.0,47.381268,-34.0,3454.8464,62899094.99310588,0.057475033952929896
95.82522,47.0,-34.0,3454.8464,61878858.93453688,0.06176734605135013
95.0,47.175827,-34.0,3454.8464,62338599.31876625,0.05982848095082231
96.0,47.0,-33.973537,3454.8464,61776022.753800295,0.06224247835163201
97.0,47.0,-33.816486,3454.8464,61191212.00415519,0.06496556766194089
98.0,47.0,-33.652107,3454.8464,60608324.23582058,0.0677024835395532
99.0,47.0,-33.480324,3454.8464,60027401.30416821,0.0704532661132676
100.0,47.0,-33.30105,3454.8464,59448486.26230787,0.07321793739418296
101.0,47.0,-33.114216,3454.8464,58871623.254123434,0.07599650126463138
84.0,48.987026,-34.0,3454.8464,68665874.34369633,0.03374386640738955
85.0,48.863247,-34.0,3454.8464,68075963.3388404,0.03613540253088803
86.0,48.73129,-34.0,3454.8464,67489005.60535926,0.03852252315895651
87.0,48.591194,-34.0,3454.8464,66905017.49681641,0.0409053549424061
88.0,48.443005,-34.0,3454.8464,66324015.38698603,0.043284031968856884
89.0,48.286762,-34.0,3454.8464,65746015.64268817,0.04565869544449977
90.71264,48.0,-34.0,3454.8464,64763754.9541578,0.04971527779323684
90.0,48.122498,-34.0,3454.8464,65171034.595590405,0.04802949336344599
91.0,48.0,-33.9651,3454.8464,64592356.579720356,0.05047933919582521
92.0,48.0,-33.837776,3454.8464,63998962.16984499,0.053144615465728406
93.0,48.0,-33.70342,3454.8464,63407396.261508435,0.0558227129971014
94.0,48.0,-33.56195,3454.8464,62817692.79504832,0.058513729582793515
95.0,48.0,-33.413296,3454.8464,62229887.30923018,0.061217746466927445
96.0,48.0,-33.257374,3454.8464,61644016.849882916,0.0639348280081415
97.0,48.0,-33.09411,3454.8464,61060119.87525537,0.06666502141818115
71.0,49.82407,-34.0,3454.8464,76593207.39697179,0.002202355088829507
72.0,49.811504,-34.0,3454.8464,75966360.74298209,0.004659166964891019
73.0,49.790047,-34.0,3454.8464,75342300.7297077,0.007110788089433252
74.0,49.759777,-34.0,3454.8464,74721042.18178906,0.009557222911878068
75.0,49.72077,-34.0,3454.8464,74102600.11631906,0.011998485331985418
76.0,49.673096,-34.0,3454.8464,73486989.73751518,0.014434598645987982
77.0,49.616817,-34.0,3454.8464,72874226.4292941,0.016865595469170686
78.0,49.552006,-34.0,3454.8464,72264325.74581726,0.01929151763520017
79.0,49.478714,-34.0,3454.8464,71657303.40004104,0.021712416072667245
80.0,49.397007,-34.0,3454.8464,71053175.25034964,0.02412835065939306
81.0,49.306942,-34.0,3454.8464,70451957.28533553,0.02653939005516217
82.0,49.20857,-34.0,3454.8464,69853665.60680977,0.02894561151371391
83.888374,49.0,-34.0,3454.8464,68732165.2063884,0.033476057156402284
83.0,49.10194,-34.0,3454.8464,69258316.41111776,0.031347100674846584
84.0,49.0,-33.991108,3454.8464,68664245.07253952,0.033764723756811416
85.0,49.0,-33.90575,3454.8464,68058682.70899263,0.036356692006336934
86.0,49.0,-33.813774,3454.8464,67454855.62631409,0.03896002739762523
87.0,49.0,-33.715107,3454.8464,66852784.59526454,0.04157489874734707
88.0,49.0,-33.609684,3454.8464,66252492.41094796,0.04420146237716586
89.0,49.0,-33.49742,3454.8464,65654003.83201468,0.04683986141172926
90.0,49.0,-33.37825,3454.8464,65057345.51499215,0.0494902251276898
91.0,49.0,-33.252098,3454.8464,64462545.9439707,0.052152668358134174
92.0,49.0,-33.11889,3454.8464,63869635.355872676,0.05482729095649763
71.0,50.0,-33.885185,3454.8464,76573577.37278624,0.0024605388203929055
72.0,50.0,-33.876312,3454.8464,75945086.44356468,0.004938351262248911
73.0,50.0,-33.861477,3454.8464,75318342.98147164,0.007424557748398591
74.0,50.0,-33.840637,3454.8464,74693339.90120786,0.009919388329568216
75.0,50.0,-33.81374,3454.8464,74070072.32507165,0.012423071335551216
76.0,50.0,-33.780735,3454.8464,73448537.59741417,0.014935832491780661
77.0,50.0,-33.74157,3454.8464,72828735.29280646,0.017457894026571906
78.0,50.0,-33.696186,3454.8464,72210667.21797079,0.019989473773461677
79.0,50.0,-33.644527,3454.8464,71594337.40749145,0.022530784273210574
80.0,50.0,-33.586533,3454.8464,70979752.11338277,0.025082031880181953
81.0,50.0,-33.52214,3454.8464,70366919.78858733,0.027643415877943996
82.0,50.0,-33.451286,3454.8464,69755851.06449564,0.030215127609070837
83.0,50.0,-33.37391,3454.8464,69146558.72259569,0.032797349624091
84.0,50.0,-33.289932,3454.8464,68539057.66038385,0.03539025485457523
85.0,50.0,-33.1993,3454.8464,67933364.85166854,0.03799400581540254
86.0,50.0,-33.101933,3454.8464,67329499.30142798,0.04060875384108507
70.0,51.0,-33.22237,3454.8464,77094836.86092366,0.001466349024075949
71.0,51.0,-33.215763,3454.8464,76463293.96564619,0.003949712229450327
72.0,51.0,-33.203106,3454.8464,75833586.15532675,0.006441216860872365
73.0,51.0,-33.184353,3454.8464,75205705.67103262,0.008941071270247514
74.0,51.0,-33.159466,3454.8464,74579646.85404806,0.011449482214508533
75.0,51.0,-33.128395,3454.8464,73955406.16468291,0.013966654015524221
76.0,51.0,-33.091084,3454.8464,73332982.19495068,0.01649278770998732
77.0,51.0,-33.047485,3454.8464,72712375.67513129,0.019028080193607053
157.57625,0.0,-33.0,3454.8464,31981157.579730965,0.2258196284473947
158.0,0.0,-32.782284,3454.8464,31759057.332844444,0.22797155967206106
159.0,0.0,-32.262638,3454.8464,31239689.849748384,0.23307267725292258
157.55681,1.0,-33.0,3454.8464,31988277.496486135,0.22575901483819044
158.0,1.0,-32.77231,3454.8464,31756028.760122016,0.22800903400197053
159.0,1.0,-32.25257,3454.8464,31236729.47051653,0.23310951834345878
157.49841,2.0,-33.0,3454.8464,32013342.08695088,0.22555114032449136
158.0,2.0,-32.74237,3454.8464,31750671.640452847,0.22809458582784672
159.0,2.0,-32.222363,3454.8464,31231608.150958676,0.2331918856460038
157.40099,3.0,-33.0,3454.8464,32055114.261827096,0.22520512284413208
158.0,3.0,-32.69245,3454.8464,31741775.658043135,0.22823661380686888
159.0,3.0,-32.17199,3454.8464,31223104.604750525,0.23332861168122931
157.26437,4.0,-33.0,3454.8464,32113590.910761997,0.2247216184482267
158.0,4.0,-32.622517,3454.8464,31729389.42446532,0.2284342867517685
159.0,4.0,-32.101418,3454.8464,31211266.59980989,0.23351887366467466
157.08832,5.0,-33.0,3454.8464,32188767.885557264,0.22410153763742474
157.0,5.4098763,-33.0,3454.8464,32226400.770987116,0.22379182334931305
158.0,5.0,-32.532516,3454.8464,31713580.570589438,0.22868645370203422
159.0,5.0,-32.010597,3454.8464,31196160.590518717,0.23376153241879977
156.87349,6.0,-33.0,3454.8464,32281120.42549034,0.22334465470921042
157.0,6.0,-32.93557,3454.8464,32214632.23251202,0.2239779783341105
158.0,6.0,-32.42239,3454.8464,31694435.32735399,0.22899165635767021
156.6195,7.0,-33.0,3454.8464,32390643.85518698,0.22245235558985554
157.0,7.0,-32.806416,3454.8464,32191249.794157095,0.22434757826315146
158.0,7.0,-32.292053,3454.8464,31672057.995347973,0.229348144690875
156.3253,8.0,-33.0,3454.8464,32516998.877806276,0.22142721506451069
156.0,8.971411,-33.0,3454.8464,32656079.80652353,0.22030409978477436
157.0,8.0,-32.657143,3454.8464,32164608.100630105,0.22476840598215447
158.0,8.0,-32.141415,3454.8464,31646570.309392706,0.22975389546814812
155.99046,9.0,-33.0,3454.8464,32660216.574162673,0.22027095323781276
156.0,9.0,-32.99519,3454.8464,32655200.986278534,0.2203178606834352
157.0,9.0,-32.487648,3454.8464,32134848.00151199,0.22523816370350547
155.61696,10.0,-33.0,3454.8464,32821658.031060047,0.21898163384645603
156.0,10.0,-32.80708,3454.8464,32621038.567585073,0.22085219529788358
157.0,10.0,-32.29781,3454.8464,32102126.518960845,0.22575432178994562
155.20181,11.0,-33.0,3454.8464,33000066.92216122,0.21756506921783708
155.0,11.442213,-33.0,3454.8464,33086356.49369264,0.21688322576223346
156.0,11.0,-32.598675,3454.8464,32583946.43865995,0.22143201618446384
157.0,11.0,-32.087494,3454.8464,32066615.934813295,0.22631414397189953
154.74612,12.0,-33.0,3454.8464,33196437.805419408,0.2160207161353105
155.0,12.0,-32.873375,3454.8464,33063327.064304497,0.2172399486532152
156.0,12.0,-32.369823,3454.8464,32544114.37384984,0.22205437900581598
154.249,13.0,-33.0,3454.8464,33410717.402761765,0.21435120842705918
154.0,13.461677,-33.0,3454.8464,33517398.602699425,0.2135246824426429
155.0,13.0,-32.62619,3454.8464,33019109.99022658,0.2179243619671253
156.0,13.0,-32.12036,3454.8464,32501745.6351935,0.2227161843302826
153.71017,14.0,-33.0,3454.8464,33643276.56940811,0.21255807181457756
154.0,14.0,-32.856964,3454.8464,33491411.73523467,0.21392330061560905
155.0,14.0,-32.358395,3454.8464,32972441.774535254,0.21864666597822136
153.12868,15.0,-33.0,3454.8464,33894113.346216165,0.21064402045877176
153.0,15.206246,-33.0,3454.8464,33949281.5035666,0.21022530862095665
154.0,15.0,-32.57101,3454.8464,33440424.025044993,0.21470501027953115
155.0,15.0,-32.0698,3454.8464,32923553.18646638,0.21940350398732222
152.50516,16.0,-33.0,3454.8464,34164256.035298266,0.2086088368003448
152.0,16.756365,-33.0,3454.8464,34382020.723372266,0.20698273768665992
153.0,16.0,-32.75856,3454.8464,33905552.61884236,0.21088957395953367
154.0,16.0,-32.264233,3454.8464,33387334.91171606,0.21551938493016715
151.83733,17.0,-33.0,3454.8464,34453067.69186875,0.2064572414477307
152.0,17.0,-32.92137,3454.8464,34367715.075903095,0.20719827263960386
153.0,17.0,-32.433735,3454.8464,33848284.053285,0.21175992277856603
151.12569,18.0,-33.0,3454.8464,34761631.00710711,0.2041889527736209
151.0,18.166348,-33.0,3454.8464,34815736.69463787,0.20379356031292012
152.0,18.0,-32.578625,3454.8464,34306310.22236072,0.2081227936591986
153.0,18.0,-32.0878,3454.8464,33789317.40742351,0.21265735608131248
150.36967,19.0,-33.0,3454.8464,35090535.64022489,0.20180514761955906
150.0,19.461227,-33.0,3454.8464,35250399.145980835,0.20065608994741063
151.0,19.0,-32.69921,3454.8464,34761349.43702539,0.204605327541337
152.0,19.0,-32.2147,3454.8464,34243372.106205456,0.20907222917351234
149.56763,20.0,-33.0,3454.8464,35439720.34598666,0.19930892731434877
149.0,20.669147,-33.0,3454.8464,35686226.70513638,0.1975662433443397
150.0,20.0,-32.795776,3454.8464,35213363.561256506,0.2012045655135177
151.0,20.0,-32.317387,3454.8464,34694519.482624196,0.20560469937949738
148.71883,21.0,-33.0,3454.8464,35809838.42524036,0.1967012641222398
148.0,21.802305,-33.0,3454.8464,36123236.822832085,0.19452211237411232
149.0,21.0,-32.8686,3454.8464,35662339.72439505,0.19791730880927585
150.0,21.0,-32.396133,3454.8464,35142741.15907379,0.20225167711978484
147.82245,22.0,-33.0,3454.8464,36201586.21843265,0.19398295659063602
147.0,22.870687,-33.0,3454.8464,36561459.74695359,0.1915217158484911
148.0,22.0,-32.91793,3454.8464,36108289.68847586,0.19474016781265566
149.0,22.0,-32.4512,3454.8464,35588043.169572935,0.19900986937959975
146.87749,23.0,-33.0,3454.8464,36615706.637098856,0.19115459864424608
146.0,23.882547,-33.0,3454.8464,37000937.92741018,0.18856302498776814
147.0,23.0,-32.944008,3454.8464,36551249.13354305,0.19166960776730765
148.0,23.0,-32.482815,3454.8464,36030455.26825206,0.19587582602637432
149.0,23.0,-32.011986,3454.8464,35513102.856644236,0.20011711921559006
145.8828,24.0,-33.0,3454.8464,37052993.058194414,0.1882165478223471
145.0,24.84475,-33.0,3454.8464,37441725.398569785,0.18564398675358526
146.0,24.0,-32.947063,3454.8464,36991276.884922,0.18870199133431723
147.0,24.0,-32.49121,3454.8464,36470030.17659576,0.19284598295331284
148.0,24.0,-32.025738,3454.8464,35952202.23613357,0.1970239829965723
144.83707,25.0,-33.0,3454.8464,37514293.63080384,0.18516889246074966
144.0,25.763046,-33.0,3454.8464,37883887.14526774,0.1827625449976027
145.0,25.0,-32.927296,3454.8464,37428454.09181746,0.18583361782223656
146.0,25.0,-32.476593,3454.8464,36906842.78159484,0.18991670193825483
147.0,25.0,-32.016285,3454.8464,36388627.74287365,0.19403271881741502
143.73877,26.0,-33.0,3454.8464,38000516.05279117,0.18201141756282158
143.0,26.642282,-33.0,3454.8464,38327498.45775955,0.17991665941830143
144.0,26.0,-32.8849,3454.8464,37862883.36588523,0.18306075898932989
145.0,26.0,-32.439148,3454.8464,37340989.293453574,0.18708430710407287
142.58623,27.0,-33.0,3454.8464,38512632.88425401,0.17874356904167824
142.0,27.486563,-33.0,3454.8464,38772644.28043627,0.17710432235411144
143.0,27.0,-32.820038,3454.8464,38294687.88756166,0.18037969138639118
144.0,27.0,-32.379044,3454.8464,37772586.37067692,0.18434511793595523
141.37749,28.0,-33.0,3454.8464,39051687.47565893,0.1753644159468521
141.0,28.299383,-33.0,3454.8464,39219418.55852319,0.1743235734720385
142.0,28.0,-32.732872,3454.8464,38724010.48715087,0.17778672526750205
143.0,28.0,-32.29644,3454.8464,38201770.21957271,0.1816954788721391
139.0,29.837864,-33.0,3454.8464,40117884.645554185,0.16885172630173584
140.11038,29.0,-33.0,3454.8464,39618800.60148696,0.17187261021241634
140.0,29.083721,-33.0,3454.8464,39667923.586422294,0.17157251243567934
141.0,29.0,-32.623524,3454.8464,39151012.70685238,0.17527823014681027
142.0,29.0,-32.19146,3454.8464,38628695.674371615,0.1791317855361616
138.78352,30.0,-33.0,3454.8464,40216323.635333486,0.1682628153035477
138.0,30.565945,-33.0,3454.8464,40569489.54068075,0.1661587045977917
139.0,30.0,-32.91051,3454.8464,40101459.00812719,0.16907859271086162
140.0,30.0,-32.492115,3454.8464,39575873.8491122,0.1728506571208188
141.0,30.0,-32.064224,3454.8464,39053535.26339215,0.17665050772221702
136.0,31.957695,-33.0,3454.8464,41478587.65959791,0.16084589397243218
137.39381,31.0,-33.0,3454.8464,40845383.07156655,0.1645331982175201
137.0,31.272326,-33.0,3454.8464,41023052.08831139,0.16349043731848764
138.0,31.0,-32.753166,3454.8464,40524328.93680911,0.16677961369026156
139.0,31.0,-32.338734,3454.8464,39998790.01593745,0.17050055810914228
135.93791,32.0,-33.0,3454.8464,41507194.43697748,0.16068141617386428
135.0,32.617893,-33.0,3454.8464,41935511.43330853,0.15822720203814555
136.0,32.0,-32.97535,3454.8464,41474038.82324255,0.16090786145009298
137.0,32.0,-32.574112,3454.8464,40945425.38502233,0.16455327201843756
138.0,32.0,-32.163452,3454.8464,40419973.14310377,0.1682246021921324
133.0,33.886257,-33.0,3454.8464,42855839.01007524,0.1530507629146109
134.41383,33.0,-33.0,3454.8464,42205619.1947556,0.15669660776241656
134.0,33.261192,-33.0,3454.8464,42394657.61477705,0.15562877340830317
135.0,33.0,-32.771076,3454.8464,41893458.01430349,0.1587980017201221
136.0,33.0,-32.373405,3454.8464,41364982.12367988,0.16239636880191088
132.81662,34.0,-33.0,3454.8464,42941316.808350876,0.15257751818613471
132.0,34.490982,-33.0,3454.8464,43318655.797532454,0.1504940836433296
133.0,34.0,-32.93032,3454.8464,42842950.66294974,0.15322430694031752
134.0,34.0,-32.545364,3454.8464,42311560.03785621,0.1567530378114823
135.0,34.0,-32.151062,3454.8464,41783246.81502705,0.1603058519299527
130.0,35.653942,-33.0,3454.8464,44250916.13087999,0.14543292836599425
131.14267,35.0,-33.0,3454.8464,43718093.54138106,0.14831270058880328
131.0,35.082207,-33.0,3454.8464,43783991.68462063,0.14795370040461128
132.0,35.0,-32.680004,3454.8464,43259807.81011449,0.15128437869836078
133.0,35.0,-32.298214,3454.8464,42728612.49288177,0.15477008438844952
128.0,36.755215,-33.0,3454.8464,45191677.042555444,0.14043738328603386
129.38712,36.0,-33.0,3454.8464,44539529.84722659,0.1438909301955773
129.0,36.212376,-33.0,3454.8464,44720273.47964479,0.14292720759480074
130.0,36.0,-32.77796,3454.8464,44209873.53131421,0.1459804350587041
131.0,36.0,-32.408413,3454.8464,43675885.41019575,0.14940228715127638
132.0,36.0,-32.0296,3454.8464,43144894.86032942,0.15284642123612424
126.0,37.79933,-33.0,3454.8464,46141191.56930503,0.13549990392847178
127.543846,37.0,-33.0,3454.8464,45408698.42290252,0.1393020722455328
127.0,37.28387,-33.0,3454.8464,45665262.06987725,0.1379620548091563
128.0,37.0,-32.839848,3454.8464,45161953.35998289,0.14083155248742985
129.0,37.0,-32.482273,3454.8464,44625250.802776024,0.14419275837787454
130.0,37.0,-32.115498,3454.8464,44091480.8274403,0.14757550098960717
124.0,38.790257,-33.0,3454.8464,47099726.32382061,0.13061334370920788
125.60621,38.0,-33.0,3454.8464,46330388.41937707,0.13452995657003858
125.0,38.300797,-33.0,3454.8464,46619221.419238485,0.13305098080723476
126.0,38.0,-32.866238,3454.8464,46116292.190990746,0.13582840138095298
127.0,38.0,-32.520367,3454.8464,45576941.5229543,0.13913211729315592
128.0,38.0,-32.165367,3454.8464,45040459.39310635,0.142456630478964
122.0,39.731483,-33.0,3454.8464,48067560.41189823,0.12577096821625686
123.566124,39.0,-33.0,3454.8464,47310131.62837416,0.12955530076991517
123.0,39.26677,-33.0,3454.8464,47582428.046663515,0.128187129503076
124.0,39.0,-32.857674,3454.8464,47073184.07774187,0.1309619956673991
125.0,39.0,-32.52324,3454.8464,46531238.52752348,0.134211323197936
126.0,39.0,-32.17974,3454.8464,45992099.06332756,0.13748071332359188
120.0,40.626064,-33.0,3454.8464,49044984.29517344,0.12096646607086506
121.41378,40.0,-33.0,3454.8464,48354357.126974165,0.124355055897072
121.0,40.18494,-33.0,3454.8464,48555169.908594154,0.12336406154748394
122.0,40.0,-32.81465,3454.8464,48032972.36906526,0.12622370810478267
123.0,40.0,-32.491383,3454.8464,47488471.10050988,0.1294216909423293
124.0,40.0,-32.159126,3454.8464,46946715.691103004,0.13263900563930098
117.0,41.887115,-33.0,3454.8464,50530028.62522493,0.11381747412366226
118.0,41.476658,-33.0,3454.8464,50032299.091993436,0.11619395553281651
119.137215,41.0,-33.0,3454.8464,49470588.72681833,0.11890156699672498
119.0,41.05809,-33.0,3454.8464,49537745.22442414,0.11857576279765995
120.0,41.0,-32.737625,3454.8464,48996049.532684736,0.12160528280630459
121.0,41.0,-32.42526,3454.8464,48449016.77821291,0.12475490348339019
122.0,41.0,-32.10398,3454.8464,47904672.49482354,0.12792312867797923
115.0,42.67458,-33.0,3454.8464,51532350.78470743,0.10908362692506038
116.72124,42.0,-33.0,3454.8464,50670115.554953426,0.11315351179339311
116.0,42.285595,-33.0,3454.8464,51029813.37741321,0.11144799403102043
117.0,42.0,-32.919952,3454.8464,50514988.77026154,0.1140127778489855
118.0,42.0,-32.626995,3454.8464,49962856.94455864,0.11709884481702978
119.0,42.0,-32.32527,3454.8464,49413300.94971469,0.12020302213194708
120.0,42.0,-32.014717,3454.8464,48866379.76762298,0.12332507903233084
112.0,43.783714,-33.0,3454.8464,53055841.89378504,0.10201717288858332
113.0,43.423237,-33.0,3454.8464,52545251.07974768,0.10436887066188735
114.14695,43.0,-33.0,3454.8464,51964030.09190038,0.1070684094330041
114.0,43.05487,-33.0,3454.8464,52037844.68908493,0.1067235737643799
115.0,43.0,-32.765755,3454.8464,51488495.78318386,0.10965270522183596
116.0,43.0,-32.48311,3454.8464,50933882.73997936,0.11269691187171098
117.0,43.0,-32.191772,3454.8464,50381796.198103994,0.11575849470718744
109.0,44.808384,-33.0,3454.8464,54603298.83098565,0.09498003491857876
110.0,44.475452,-33.0,3454.8464,54084586.215687156,0.09732351576855641
111.388626,44.0,-33.0,3454.8464,53370467.50785661,0.1005780984845362
111.0,44.134724,-33.0,3454.8464,53569054.68843576,0.0996687855379028
112.0,44.0,-32.842888,3454.8464,53026333.805355094,0.10239898812306306
113.0,44.0,-32.578835,3454.8464,52466786.07242268,0.10538727550657426
114.0,44.0,-32.306248,3454.8464,51909662.49913683,0.10839239698595224
115.0,44.0,-32.025055,3454.8464,51355020.74890273,0.11141416412126297
106.0,45.752274,-33.0,3454.8464,56175256.20204337,0.08795905205007547
107.0,45.446045,-33.0,3454.8464,55648354.11209142,0.09029842689965956
108.412704,45.0,-33.0,3454.8464,54910323.04598194,0.09360181741405638
108.0,45.132088,-33.0,3454.8464,55124628.09468335,0.09263844959223015
109.0,45.0,-32.859634,3454.8464,54576920.86583802,0.09532085270221134
110.0,45.0,-32.6137,3454.8464,54012524.27055701,0.09825724245726511
111.0,45.0,-32.35939,3454.8464,53450457.23003314,0.10120988335433606
112.0,45.0,-32.09663,3454.8464,52890776.25057166,0.10417861788483088
102.0,46.891026,-33.0,3454.8464,58310568.38134193,0.0786028239313417
103.0,46.618458,-33.0,3454.8464,57772254.50978003,0.08094250438651314
104.0,46.3382,-33.0,3454.8464,57237095.822504655,0.08328152100036727
105.17124,46.0,-33.0,3454.8464,56614850.07394485,0.08601910683691436
105.0,46.050266,-33.0,3454.8464,56705106.78736326,0.08562012862722602
106.0,46.0,-32.817123,3454.8464,56140962.98458121,0.08840215331463214
107.0,46.0,-32.58884,3454.8464,55571762.38062583,0.091290629493681
108.0,46.0,-32.352345,3454.8464,55004806.42617026,0.09419473266078277
109.0,46.0,-32.107555,3454.8464,54440149.66940594,0.09711433784785989
98.0,47.89627,-33.0,3454.8464,60491226.16092546,0.06923103570419334
99.0,47.65669,-33.0,3454.8464,59941466.01108058,0.07157651111522986
100.0,47.40943,-33.0,3454.8464,59394837.22883439,0.07392014446508566
101.590515,47.0,-33.0,3454.8464,58532770.87859667,0.07764217379480196
101.0,47.154522,-33.0,3454.8464,58851355.35703553,0.07626216894545451
102.0,47.0,-32.91942,3454.8464,58295450.08661078,0.07879803743869507
103.0,47.0,-32.71632,3454.8464,57719325.998246714,0.08162749416297976
104.0,47.0,-32.505245,3454.8464,57145321.785645574,0.08447198789143781
105.0,47.0,-32.286114,3454.8464,56573488.737239696,0.0873314458871023
106.0,47.0,-32.058853,3454.8464,56003878.704873085,0.09020577614512235
93.0,48.970833,-33.0,3454.8464,63282247.41883478,0.05746461529239511
94.0,48.771458,-33.0,3454.8464,62717922.43975956,0.05982366565909449
95.0,48.56437,-33.0,3454.8464,62156686.41408918,0.062179647286695006
96.0,48.34959,-33.0,3454.8464,61598555.87992139,0.06453276186807533
97.55459,48.0,-33.0,3454.8464,60737949.31491879,0.06818346360828845
97.0,48.127155,-33.0,3454.8464,61043547.13679798,0.06688321532047573
98.0,48.0,-32.923225,3454.8464,60476886.824359864,0.06941650817846313
99.0,48.0,-32.744484,3454.8464,59893953.232109696,0.07219223793892962
100.0,48.0,-32.55801,3454.8464,59313035.88499998,0.07498229712579504
101.0,48.0,-32.363724,3454.8464,58734181.46687403,0.07778666502101367
102.0,48.0,-32.161545,3454.8464,58157437.61993344,0.0806053012582942
87.0,49.99694,-33.0,3454.8464,66727849.12952575,0.04322952079181108
88.0,49.845413,-33.0,3454.8464,66145978.47960498,0.04561204118747435
89.0,49.686058,-33.0,3454.8464,65567135.08537805,0.04799035317678088
90.0,49.51891,-33.0,3454.8464,64991336.03634179,0.05036461254736882
91.0,49.344,-33.0,3454.8464,64418598.348095044,0.05273498144922374
92.84875,49.0,-33.0,3454.8464,63368287.17628476,0.05710648453687464
92.0,49.161366,-33.0,3454.8464,63848938.92985366,0.05510162801792706
93.0,49.0,-32.978527,3454.8464,63278264.84227842,0.05751628084648412
94.0,49.0,-32.830784,3454.8464,62686630.71900205,0.06023017810202939
95.0,49.0,-32.675636,3454.8464,62096894.552524924,0.06295754899289221
96.0,49.0,-32.51299,3454.8464,61509095.84753441,0.06569844040227817
97.0,49.0,-32.34277,3454.8464,60923275.52283025,0.06845288026645846
98.0,49.0,-32.16489,3454.8464,60339475.80787062,0.07122087744410961
78.0,50.996544,-33.0,3454.8464,72093976.27484743,0.021567191776544883
79.0,50.917686,-33.0,3454.8464,71485926.2129491,0.023994209981050802
80.0,50.83066,-33.0,3454.8464,70880790.65661061,0.026416000244730554
81.0,50.735523,-33.0,3454.8464,70278586.29050387,0.028832637787888644
82.0,50.632317,-33.0,3454.8464,69679329.92450097,0.03124420657623944
83.0,50.521095,-33.0,3454.8464,69083038.4723543,0.033650799085995685
84.0,50.40191,-33.0,3454.8464,68489728.92875713,0.03605251604981703
85.0,50.27479,-33.0,3454.8464,67899418.34488712,0.03844946618498471
86.978836,50.0,-33.0,3454.8464,66740256.00343399,0.043178911411435136
86.0,50.139793,-33.0,3454.8464,67312123.80254737,0.04084176590503196
87.0,50.0,-32.997772,3454.8464,66727442.2134445,0.0432348337821358
88.0,50.0,-32.88685,3454.8464,66125325.87623645,0.0458818754208831
89.0,50.0,-32.768898,3454.8464,65525003.595099434,0.048541239399626644
90.0,50.0,-32.64384,3454.8464,64926504.26387234,0.051213046572191515
91.0,50.0,-32.511597,3454.8464,64329858.636914775,0.05389740150737349
92.0,50.0,-32.37208,3454.8464,63735099.24842183,0.05659439195671229
93.0,50.0,-32.225216,3454.8464,63142260.327590086,0.059304088394842275
94.0,50.0,-32.070923,3454.8464,62551377.70990211,0.06202654363596017
70.0,51.32497,-33.0,3454.8464,77060071.92294851,0.00195366163707298
71.0,51.313667,-33.0,3454.8464,76429319.13312814,0.004424252540850786
72.0,51.29372,-33.0,3454.8464,75801389.54109696,0.006889432123968221
73.0,51.265205,-33.0,3454.8464,75176298.84414595,0.009349194954804657
74.0,51.228195,-33.0,3454.8464,74554062.92424773,0.01180354498616054
75.0,51.182762,-33.0,3454.8464,73934697.84211735,0.014252495502822104
76.0,51.12897,-33.0,3454.8464,73318219.82912666,0.016696069045331562
77.951355,51.0,-33.0,3454.8464,72123732.66238652,0.021448770759541616
77.0,51.066883,-33.0,3454.8464,72704645.27712452,0.019134297310455652
78.0,51.0,-32.99756,3454.8464,72093545.67152056,0.02157289871816074
79.0,51.0,-32.941467,3454.8464,71475581.64912617,0.02413120393103028
80.0,51.0,-32.8789,3454.8464,70859340.1003611,0.02669989892315839
81.0,51.0,-32.809784,3454.8464,70244831.1209342,0.029279187355459355
82.0,51.0,-32.73405,3454.8464,69632067.06353027,0.03186926344913804
83.0,51.0,-32.65163,3454.8464,69021062.50416477,0.03447031107673104
84.0,51.0,-32.56245,3454.8464,68411834.20267808,0.037082502883452495
85.0,51.0,-32.46643,3454.8464,67804401.05752686,0.03970599944439411
86.0,51.0,-32.363503,3454.8464,67198784.05504008,0.04234094846290111
87.0,51.0,-32.253586,3454.8464,66595006.213336535,0.04498748401542693
88.0,51.0,-32.13661,3454.8464,65993092.52108943,0.04764572584791999
89.0,51.0,-32.01249,3454.8464,65393069.87136367,0.05031577872859639
69.0,52.0,-32.537884,3454.8464,77617780.8453067,0.000517097385611016
70.0,52.0,-32.533527,3454.8464,76982984.28718118,0.00300695964527432
71.0,52.0,-32.523067,3454.8464,76350005.19168904,0.005505100478706028
72.0,52.0,-32.50646,3454.8464,75718834.47370078,0.008011741307336341
73.0,52.0,-32.48365,3454.8464,75089465.23440945,0.010527101938727733
74.0,52.0,-32.454594,3454.8464,74461892.78285193,0.013051399657872532
75.0,52.0,-32.419228,3454.8464,73836114.65104619,0.015584848306026484
76.0,52.0,-32.377502,3454.8464,73212130.60282679,0.018127657351589815
77.0,52.0,-32.329357,3454.8464,72589942.63597432,0.02068003095783022
78.0,52.0,-32.27473,3454.8464,71969554.9787592,0.023242167052145334
79.0,52.0,-32.21356,3454.8464,71350974.07953471,0.025814256402265433
80.0,52.0,-32.14578,3454.8464,70734208.59052606,0.02839648170432486
81.0,52.0,-32.07132,3454.8464,70119269.34548587,0.030989016688199974
159.49937,0.0,-32.0,3454.8464,30982637.26909334,0.2356329637723092
160.0,0.0,-31.728165,3454.8464,30719172.965332355,0.23831991912897732
161.0,0.0,-31.178623,3454.8464,30197627.785235114,0.24371523723636057
159.48027,1.0,-32.0,3454.8464,30989561.583246402,0.2355710773610897
160.0,1.0,-31.717813,3454.8464,30716099.797599427,0.23835966198048278
161.0,1.0,-31.168177,3454.8464,30194627.186604626,0.2437542177836992
159.42293,2.0,-32.0,3454.8464,31014099.42938152,0.23535692408229825
160.0,2.0,-31.68675,3454.8464,30710673.61222122,0.23844933879166802
161.0,2.0,-31.136831,3454.8464,30189452.81563404,0.2438401529152496
159.32724,3.0,-32.0,3454.8464,31054992.700644933,0.2350004945144243
160.0,3.0,-31.634954,3454.8464,30701664.102337696,0.23859816422216046
161.0,3.0,-31.084562,3454.8464,30180862.361283027,0.24398275026134505
159.19307,4.0,-32.0,3454.8464,31112236.79465259,0.23450252293202242
160.0,4.0,-31.56239,3454.8464,30689122.230583645,0.23880519208810838
161.0,4.0,-31.011337,3454.8464,30168905.836351804,0.24418107570397993
159.02019,5.0,-32.0,3454.8464,31185825.479366597,0.23386402824400235
159.0,5.0954704,-32.0,3454.8464,31194402.50289927,0.23378975668936683
160.0,5.0,-31.469004,3454.8464,30673118.875745263,0.23906911298163508
158.80977,6.0,-32.0,3454.8464,31276436.122070547,0.23308432325947423
159.0,6.0,-31.897568,3454.8464,31176064.969399832,0.2340900638383275
160.0,6.0,-31.354734,3454.8464,30653744.37097976,0.2393882691811557
158.56047,7.0,-32.0,3454.8464,31383584.563364327,0.23216633718315915
159.0,7.0,-31.763563,3454.8464,31152354.99201069,0.23447787479898724
160.0,7.0,-31.219501,3454.8464,30631107.920082636,0.23976067334778475
158.2717,8.0,-32.0,3454.8464,31507188.761993475,0.23111208691881308
158.0,8.827061,-32.0,3454.8464,31622985.59386602,0.23012906702357241
159.0,8.0,-31.608688,3454.8464,31125351.737723097,0.23491893366055874
160.0,8.0,-31.063208,3454.8464,30605336.899019714,0.24018403067051977
157.94344,9.0,-32.0,3454.8464,31647445.997730624,0.2299230131004541
158.0,9.0,-31.96982,3454.8464,31617581.158971548,0.2302166131463045
159.0,9.0,-31.432835,3454.8464,31095202.66209841,0.23541063099644538
157.57703,10.0,-32.0,3454.8464,31805270.744004227,0.22859868410941406
158.0,10.0,-31.77466,3454.8464,31582911.42138467,0.23077743273764095
159.0,10.0,-31.235878,3454.8464,31062072.01377356,0.23595009866653502
157.1698,11.0,-32.0,3454.8464,31979661.26887874,0.22714443449494814
157.0,11.379447,-32.0,3454.8464,32052015.495918073,0.22654410359615673
158.0,11.0,-31.558449,3454.8464,31545290.59769301,0.2313850387332692
159.0,11.0,-31.017681,3454.8464,31026139.834419493,0.2365342398280925
156.72316,12.0,-32.0,3454.8464,32171640.401590537,0.22555988836334384
157.0,12.0,-31.85388,3454.8464,32025970.276331175,0.22696106368694355
158.0,12.0,-31.321032,3454.8464,31504917.05415678,0.23203609672394157
156.23582,13.0,-32.0,3454.8464,32380942.873762637,0.22384857731637495
156.0,13.446107,-32.0,3454.8464,32481611.953603826,0.22303042980011953
157.0,13.0,-31.597456,3454.8464,31981082.466660865,0.22767859528167048
158.0,13.0,-31.06224,3454.8464,31462003.017287996,0.23272710430473165
155.70784,14.0,-32.0,3454.8464,32608041.16127394,0.22201201613937716
156.0,14.0,-31.847345,3454.8464,32454429.171623267,0.22346103493539726
157.0,14.0,-31.319664,3454.8464,31933741.099124637,0.22843436106913684
155.13818,15.0,-32.0,3454.8464,32852863.185698204,0.22005342807577039
155.0,15.226056,-32.0,3454.8464,32911873.36955432,0.21958414232429374
156.0,15.0,-31.550732,3454.8464,32402633.22340419,0.22428041645495161
157.0,15.0,-31.020302,3454.8464,31884186.814618595,0.22922457680231167
154.52754,16.0,-32.0,3454.8464,33116340.18971947,0.21797318060096793
154.0,16.806574,-32.0,3454.8464,33342843.597676896,0.21620220739815627
155.0,16.0,-31.75581,3454.8464,32868526.04759483,0.22026358312680527
156.0,16.0,-31.232525,3454.8464,32348746.260994542,0.22513216868182157
153.8736,17.0,-32.0,3454.8464,33397835.393637173,0.21577632403474875
154.0,17.0,-31.935247,3454.8464,33331294.613620102,0.21638166476540505
155.0,17.0,-31.41891,3454.8464,32810322.170380667,0.22117518522295143
153.17734,18.0,-32.0,3454.8464,33698556.43855376,0.21346252130018933
153.0,18.2398,-32.0,3454.8464,33774575.32055678,0.2128815816409329
154.0,18.0,-31.579786,3454.8464,33268812.76325112,0.21735115064870789
155.0,18.0,-31.06013,3454.8464,32750445.25192622,0.22211290406718792
152.43771,19.0,-32.0,3454.8464,34018694.26635565,0.21103445372839974
152.0,19.558203,-32.0,3454.8464,34207155.16249442,0.20961899908708498
153.0,19.0,-31.715475,3454.8464,33724143.65543224,0.2136571908900639
154.0,19.0,-31.202375,3454.8464,33204827.60543311,0.21834432836607337
151.65334,20.0,-32.0,3454.8464,34358304.83946966,0.20849521380565378
151.0,20.787603,-32.0,3454.8464,34640761.721383385,0.20641038153271207
152.0,20.0,-31.826283,3454.8464,34176267.15212884,0.2100900957897769
153.0,20.0,-31.319536,3454.8464,33656127.230891556,0.21470355252227918
150.8236,21.0,-32.0,3454.8464,34717977.15202786,0.20584629635348
150.0,21.940504,-32.0,3454.8464,35075409.11218613,0.20325362523601548
151.0,21.0,-31.91249,3454.8464,34625161.89789735,0.20664637608057682
152.0,21.0,-31.411901,3454.8464,34104317.12007245,0.21118721264609355
149.9478,22.0,-32.0,3454.8464,35098338.568277374,0.20308903858449368
150.0,22.0,-31.974377,3454.8464,35070832.01906947,0.20332232016619994
151.0,22.0,-31.47974,3454.8464,34549395.60660839,0.20779170775804812
149.02527,23.0,-32.0,3454.8464,35500166.17158307,0.20022426460063503
149.0,23.026117,-32.0,3454.8464,35511081.701649986,0.20014695419505
150.0,23.0,-31.523308,3454.8464,34991385.56082119,0.2045132531757718
151.0,23.0,-31.0244,3454.8464,34473045.24937088,0.20894930007675713
148.05487,24.0,-32.0,3454.8464,35924088.21111663,0.1972531606211239
148.0,24.05398,-32.0,3454.8464,35947853.61692825,0.19708774987191885
149.0,24.0,-31.542845,3454.8464,35430333.59895496,0.20134792985250072
150.0,24.0,-31.0495,3454.8464,34911587.30405865,0.20571399717264083
146.0,25.967325,-32.0,3454.8464,36825147.22134954,0.1911005510491684
147.03511,25.0,-32.0,3454.8464,36370629.143116966,0.1941771286662308
147.0,25.032923,-32.0,3454.8464,36385873.02539058,0.19407285531607482
148.0,25.0,-31.538568,3454.8464,35866309.230706975,0.19829172998663658
149.0,25.0,-31.050583,3454.8464,35347251.58553418,0.20258923369353687
145.96489,26.0,-32.0,3454.8464,36840745.53180824,0.19099614797213013
145.0,26.860691,-32.0,3454.8464,37265659.221750945,0.1881693362926941
146.0,26.0,-31.983534,3454.8464,36822197.548979916,0.19114354353656052
147.0,26.0,-31.510687,3454.8464,36299403.967535764,0.19534059868261544
148.0,26.0,-31.027859,3454.8464,35780123.224392295,0.19957101803165936
144.84306,27.0,-32.0,3454.8464,37335537.723354205,0.1877096152797251
144.0,27.718397,-32.0,3454.8464,37707556.65447449,0.18527639211473707
145.0,27.0,-31.92729,3454.8464,37252643.05304418,0.1883578015116274
146.0,27.0,-31.459385,3454.8464,36729730.4004102,0.19249047160986055
143.66771,28.0,-32.0,3454.8464,37855783.22071018,0.1843177490468098
143.0,28.544031,-32.0,3454.8464,38150933.966075346,0.18241950885913188
144.0,28.0,-31.847998,3454.8464,37680378.19621745,0.185667449548957
145.0,28.0,-31.384827,3454.8464,37157421.254693076,0.1897373086793344
142.43692,29.0,-32.0,3454.8464,38402483.15547479,0.1808199142192466
142.0,29.340664,-32.0,3454.8464,38595894.34412389,0.17959653979588935
143.0,29.0,-31.745802,3454.8464,38105561.7078266,0.18306847099065462
144.0,29.0,-31.287167,3454.8464,37582628.42891061,0.18707712381953184
140.0,30.853386,-32.0,3454.8464,39490634.65136001,0.17404671714924094
141.14856,30.0,-32.0,3454.8464,38976712.38959838,0.1772150573937816
141.0,30.110922,-32.0,3454.8464,39042549.03710384,0.17680541352979448
142.0,30.0,-31.620834,3454.8464,38528370.59216713,0.18055693759904157
143.0,30.0,-31.16653,3454.8464,38005522.023233786,0.1845060109855584
139.80127,31.0,-32.0,3454.8464,39580640.48594553,0.17349852597813853
139.0,31.570799,-32.0,3454.8464,39940249.505968615,0.1713183782658262
140.0,31.0,-31.913498,3454.8464,39475072.12337642,0.17426576172370156
141.0,31.0,-31.473202,3454.8464,38948999.134463385,0.17812903123203191
142.0,31.0,-31.023027,3454.8464,38426289.36261997,0.18202016657531955
137.0,32.94501,-32.0,3454.8464,40845276.0758107,0.16594034889291912
138.39235,32.0,-32.0,3454.8464,40215623.278531015,0.16966791584261715
138.0,32.26792,-32.0,3454.8464,40391804.398740694,0.1686165327481528
139.0,32.0,-31.73938,3454.8464,39893525.038047165,0.17197293492958077
140.0,32.0,-31.302994,3454.8464,39367657.90570267,0.17578106216122327
136.91832,33.0,-32.0,3454.8464,40882736.738959484,0.16572144325968527
136.0,33.598457,-32.0,3454.8464,41300074.89837975,0.16329215262600522
137.0,33.0,-31.96582,3454.8464,40839095.0300269,0.16602614033871818
138.0,33.0,-31.542955,3454.8464,40310194.99619763,0.16975485768173093
139.0,33.0,-31.110277,3454.8464,39784572.77065233,0.17350948426264828
134.0,34.85551,-32.0,3454.8464,42216035.472552806,0.1580615634040839
135.37746,34.0,-32.0,3454.8464,41585568.47736739,0.16164918455783966
135.0,34.235947,-32.0,3454.8464,41757096.26119642,0.1606656134701177
136.0,34.0,-31.74364,3454.8464,41253934.343274675,0.16393016542305472
137.0,34.0,-31.324265,3454.8464,40725329.300274454,0.1676081453912238
133.76497,35.0,-32.0,3454.8464,42325040.28281759,0.15744920275025862
133.0,35.4563,-32.0,3454.8464,42676631.649699934,0.15548026264166465
134.0,35.0,-31.905764,3454.8464,42198955.020253055,0.15829586702717882
135.0,35.0,-31.499416,3454.8464,41667475.133542374,0.16190072671413447
136.0,35.0,-31.083328,3454.8464,41139188.5625663,0.16552958395222242
131.0,36.61275,-32.0,3454.8464,43604278.11049518,0.15037453862344796
132.07724,36.0,-32.0,3454.8464,43104284.053952016,0.15311226881199283
132.0,36.044212,-32.0,3454.8464,43139763.598054305,0.15291637061603597
133.0,36.0,-31.636415,3454.8464,42611127.12346706,0.15637636297988464
134.0,36.0,-31.23314,3454.8464,42079997.512046464,0.1599348032009342
129.0,37.710083,-32.0,3454.8464,44540289.10305431,0.14534001038362943
130.31013,37.0,-32.0,3454.8464,43927388.80342023,0.14862566401639649
130.0,37.16929,-32.0,3454.8464,44071356.19198676,0.1478482941017284
131.0,37.0,-31.735922,3454.8464,43556448.52921327,0.15102451822066038
132.0,37.0,-31.345184,3454.8464,43022564.63253059,0.15451597205909798
127.0,38.752514,-32.0,3454.8464,45484932.44563624,0.14036865609128757
128.45753,38.0,-32.0,3454.8464,44796948.905332804,0.14398090578899542
128.0,38.23804,-32.0,3454.8464,45011530.61533253,0.14284684774704237
129.0,38.0,-31.798567,3454.8464,44503649.92113873,0.1458350091919399
130.0,38.0,-31.420088,3454.8464,43967089.939856954,0.14926284717244795
131.0,38.0,-31.032011,3454.8464,43433576.37568417,0.15271207054648844
125.0,39.743748,-32.0,3454.8464,46438489.26874232,0.13545287914515267
126.513245,39.0,-32.0,3454.8464,45717480.17877412,0.13916284143592308
126.0,39.2543,-32.0,3454.8464,45960565.366066866,0.13790431496152528
127.0,39.0,-31.824945,3454.8464,45452989.89839237,0.1407980236981404
128.0,39.0,-31.458447,3454.8464,44913820.33739397,0.14416555376493478
129.0,39.0,-31.082418,3454.8464,44377632.07195728,0.14755373048259546
123.0,40.68705,-32.0,3454.8464,47401252.93019955,0.13058552051581365
124.469734,40.0,-32.0,3454.8464,46694176.4644679,0.1341534543839537
124.0,40.22144,-32.0,3454.8464,46918751.23477575,0.1330134100907245
125.0,40.0,-31.81562,3454.8464,46404775.555812396,0.13590413478250968
126.0,40.0,-31.460821,3454.8464,45863050.14794123,0.1392146001790083
127.0,40.0,-31.096565,3454.8464,45324242.17015764,0.1425449813803877
121.0,41.58528,-32.0,3454.8464,48373527.8815893,0.12575986780120596
122.3179,41.0,-32.0,3454.8464,47733045.66412293,0.12893128869594303
122.0,41.142426,-32.0,3454.8464,47886390.18871531,0.12816728813661568
123.0,41.0,-31.77111,3454.8464,47359362.68707392,0.13114431152145126
124.0,41.0,-31.427736,3454.8464,46815121.39503238,0.13440088885103366
125.0,41.0,-31.074976,3454.8464,46273735.56849859,0.13767665764669237
118.0,42.85416,-32.0,3454.8464,49850682.9085232,0.11858555180278282
119.0,42.440945,-32.0,3454.8464,49355628.480761245,0.12096966133824907
120.04669,42.0,-32.0,3454.8464,48841082.17704596,0.12347071563647603
120.0,42.019855,-32.0,3454.8464,48863794.20485872,0.1233595515161698
121.0,42.0,-31.691895,3454.8464,48317155.685139105,0.12650992718671203
122.0,42.0,-31.359665,3454.8464,47770423.79909281,0.12971572448837806
123.0,42.0,-31.01813,3454.8464,47226487.94302493,0.13293999430298065
116.0,43.6487,-32.0,3454.8464,50847702.10405354,0.11383864094032939
117.64229,43.0,-32.0,3454.8464,50029444.35984351,0.11773122051948322
117.0,43.25623,-32.0,3454.8464,50347877.73567098,0.11620909756774264
118.0,43.0,-31.890581,3454.8464,49830499.886740185,0.11885275548911181
119.0,43.0,-31.578392,3454.8464,49278607.11284919,0.12199276542202041
120.0,43.0,-31.257038,3454.8464,48729394.459576644,0.12515082012150391
113.0,44.770443,-32.0,3454.8464,52363154.48593028,0.10675738670821938
114.0,44.40556,-32.0,3454.8464,51855264.990723476,0.10911342172605643
115.087555,44.0,-32.0,3454.8464,51306885.47858971,0.11167860376175053
115.0,44.033016,-32.0,3454.8464,51350606.03222464,0.11147283068066816
116.0,44.0,-31.732637,3454.8464,50798544.436559804,0.11448907035137827
117.0,44.0,-31.430975,3454.8464,50244216.917365715,0.11758502494234904
118.0,44.0,-31.12023,3454.8464,49692517.19697003,0.1206983016179255
110.0,45.810265,-32.0,3454.8464,53902538.185314484,0.0997104266459358
111.0,45.472057,-32.0,3454.8464,53386509.88849711,0.10205673654473058
112.3594,45.0,-32.0,3454.8464,52691090.27087465,0.10524702944881098
112.0,45.126274,-32.0,3454.8464,52873709.81291534,0.10440515665916915
113.0,45.0,-31.82382,3454.8464,52330631.46878771,0.10718660337991712
114.0,45.0,-31.541348,3454.8464,51771321.06478618,0.11022453858921391
115.0,45.0,-31.249949,3454.8464,51214531.28366263,0.11327932356817703
107.0,46.77167,-32.0,3454.8464,55466413.2101444,0.0926837132504729
108.0,46.459335,-32.0,3454.8464,54942173.57652944,0.09502465387164238
109.42825,46.0,-32.0,3454.8464,54199958.73041709,0.0983669764199655
109.0,46.13949,-32.0,3454.8464,54421157.91900394,0.09736651300771486
110.0,46.0,-31.853262,3454.8464,53875410.74161262,0.1000680091536092
111.0,46.0,-31.589483,3454.8464,53311214.22538419,0.10305197641154519
112.0,46.0,-31.31694,3454.8464,52749438.10847756,0.10605227905601394
113.0,46.0,-31.035557,3454.8464,52190141.029544726,0.10906870087594699
103.0,47.93729,-32.0,3454.8464,57591071.16193614,0.08332465171598197
104.0,47.657593,-32.0,3454.8464,57055344.9282182,0.08566466824322662
105.0,47.370422,-32.0,3454.8464,56522822.291010916,0.08800423199748084
106.25253,47.0,-32.0,3454.8464,55861072.98106732,0.09093231126223618
106.0,47.075798,-32.0,3454.8464,55993517.75568435,0.09034360393518238
107.0,47.0,-31.822174,3454.8464,55433579.10812382,0.09311663744569962
108.0,47.0,-31.576595,3454.8464,54864553.50332523,0.09605065554611349
109.0,47.0,-31.322422,3454.8464,54297857.039808095,0.09900045040271585
110.0,47.0,-31.05957,3454.8464,53733546.787072144,0.10196583940256719
99.0,48.9733,-32.0,3454.8464,59761225.2382764,0.07395401826344901
100.0,48.72559,-32.0,3454.8464,59213973.412389725,0.07629896614715942
101.0,48.47042,-32.0,3454.8464,58669901.354697675,0.07864221710133451
102.7711,48.0,-32.0,3454.8464,57714795.96254863,0.08278711772774794
102.0,48.207817,-32.0,3454.8464,58129024.84114844,0.08098401284326681
103.0,48.0,-31.951122,3454.8464,57582028.073787436,0.08344384107488462
104.0,48.0,-31.731615,3454.8464,57005992.41375989,0.08631658394305075
105.0,48.0,-31.503763,3454.8464,56432151.13463398,0.08920462893067696
106.0,48.0,-31.267485,3454.8464,55860558.56058072,0.09210784820166196
107.0,48.0,-31.022697,3454.8464,55291269.40170045,0.09502609402311926
95.0,49.883038,-32.0,3454.8464,61977604.13936052,0.06455008783962486
96.0,49.666817,-32.0,3454.8464,61418793.6671544,0.06690504929518323
97.0,49.44314,-32.0,3454.8464,60863136.63378987,0.06925721821147673
98.889656,49.0,-32.0,3454.8464,59822153.36957304,0.07369421363255012
98.0,49.21202,-32.0,3454.8464,60310649.745942354,0.07160681107431326
99.0,49.0,-31.979189,3454.8464,59757386.13604359,0.07400471539068744
100.0,49.0,-31.784874,3454.8464,59174486.70741455,0.07682138392555468
101.0,49.0,-31.582472,3454.8464,58593666.88343744,0.07965274761087154
102.0,49.0,-31.371897,3454.8464,58014976.80985771,0.08249873510062622
103.0,49.0,-31.153063,3454.8464,57438467.43676923,0.08535925413763772
90.0,50.846283,-32.0,3454.8464,64814427.23633477,0.05272199128767585
91.0,50.668766,-32.0,3454.8464,64240921.605831675,0.05509511744542059
92.0,50.48373,-32.0,3454.8464,63670523.891788706,0.05746434165631364
93.0,50.2912,-32.0,3454.8464,63103251.60947397,0.05982984475608266
94.44154,50.0,-32.0,3454.8464,62291880.25996586,0.06323145730536481
94.0,50.0912,-32.0,3454.8464,62539122.07912274,0.0621918125973835
95.0,50.0,-31.908873,3454.8464,61960932.908152595,0.06477122798206876
96.0,50.0,-31.738918,3454.8464,61371210.46432389,0.06753715754087052
97.0,50.0,-31.56113,3454.8464,60783476.92720731,0.07031705453053566
98.0,50.0,-31.375422,3454.8464,60197776.997844264,0.07311090229180053
99.0,50.0,-31.181705,3454.8464,59614156.56258841,0.07591866329685337
82.0,51.98694,-32.0,3454.8464,69507740.7175751,0.033569307017010844
83.0,51.871307,-32.0,3454.8464,68910516.46607949,0.03598053587664045
84.0,51.747925,-32.0,3454.8464,68316299.44470708,0.03838664478179323
85.0,51.616837,-32.0,3454.8464,67725107.48539627,0.040787749359018466
86.0,51.478077,-32.0,3454.8464,67136958.44812164,0.043183972937507364
87.0,51.331684,-32.0,3454.8464,66551870.19092849,0.04557544621809374
88.0,51.1777,-32.0,3454.8464,65969860.53883578,0.04796230692936066
89.09618,51.0,-32.0,3454.8464,65335704.120746575,0.05057293379519873
89.0,51.016155,-32.0,3454.8464,65390947.25175281,0.050344699472552205
90.0,51.0,-31.881052,3454.8464,64792924.4343749,0.053009067267091856
91.0,51.0,-31.742199,3454.8464,64194417.01224608,0.05571654701174128
92.0,51.0,-31.595842,3454.8464,63597798.426755875,0.0584371153059723
93.0,51.0,-31.441898,3454.8464,63003105.277945496,0.0611708247405911
94.0,51.0,-31.28028,3454.8464,62410375.77782281,0.0639177083215997
95.0,51.0,-31.110897,3454.8464,61819649.65223968,0.06667777921206902
69.0,52.759945,-32.0,3454.8464,77534231.63678479,0.0017126014931749811
70.0,52.749756,-32.0,3454.8464,76899492.00820017,0.004197120393271233
71.0,52.731113,-32.0,3454.8464,76267578.59872438,0.006675926012931486
72.0,52.704086,-32.0,3454.8464,75638507.47675419,0.009149007329078383
73.0,52.668747,-32.0,3454.8464,75012294.92745638,0.011616363047367692
74.0,52.625164,-32.0,3454.8464,74388957.44683948,0.014078001553487469
75.0,52.573402,-32.0,3454.8464,73768511.73359948,0.01653394083930793
76.0,52.513523,-32.0,3454.8464,73150974.67843601,0.01898420840423074
77.0,52.44559,-32.0,3454.8464,72536363.35162096,0.021428841132099335
78.0,52.369656,-32.0,3454.8464,71924694.98826995,0.023867885144444545
79.0,52.285778,-32.0,3454.8464,71315986.97141774,0.02630139563078151
80.0,52.194008,-32.0,3454.8464,70710256.81333186,0.028729436656779586
81.87955,52.0,-32.0,3454.8464,69580161.61678152,0.0332778642635361
81.0,52.094395,-32.0,3454.8464,70107522.13491558,0.031152080951348207
82.0,52.0,-31.990139,3454.8464,69505997.99120519,0.03359283371315927
83.0,52.0,-31.902287,3454.8464,68893232.95505683,0.036213822659519536
84.0,52.0,-31.807486,3454.8464,68282233.75375281,0.03884643394899456
85.0,52.0,-31.705654,3454.8464,67673021.3236737,0.04149082347575639
86.0,52.0,-31.596712,3454.8464,67065618.73735633,0.04414713238883557
87.0,52.0,-31.480577,3454.8464,66460051.1415291,0.046815486312541156
88.0,52.0,-31.357164,3454.8464,65856345.68997933,0.04949599462757073
89.0,52.0,-31.22639,3454.8464,65254531.471501485,0.052188749817977075
90.0,52.0,-31.088171,3454.8464,64654639.43314864,0.054893826888819455
69.0,53.0,-31.82824,3454.8464,77506125.11216556,0.0021059025092169817
70.0,53.0,-31.819925,3454.8464,76869831.2695973,0.0046109761460766795
71.0,53.0,-31.805397,3454.8464,76235330.09493454,0.0071247071608281165
72.0,53.0,-31.784603,3454.8464,75602613.4300703,0.009647328716874416
73.0,53.0,-31.757488,3454.8464,74971675.41110715,0.01217907135722936
74.0,53.0,-31.723991,3454.8464,74342512.48591417,0.014720162007377387
75.0,53.0,-31.684055,3454.8464,73715123.42525673,0.017270822969083666
76.0,53.0,-31.637615,3454.8464,73089509.32670647,0.019831270906874213
77.0,53.0,-31.584608,3454.8464,72465673.61289355,0.022401715835162136
78.0,53.0,-31.524961,3454.8464,71843622.02263387,0.024982360113434958
79.0,53.0,-31.45861,3454.8464,71223362.59577669,0.027573397449571907
80.0,53.0,-31.38548,3454.8464,70604905.65181491,0.03017501192198136
81.0,53.0,-31.305498,3454.8464,69988263.76226464,0.03278737702446405
82.0,53.0,-31.218592,3454.8464,69373451.71723501,0.035410654739810365
83.0,53.0,-31.124681,3454.8464,68760486.48485404,0.03804499464888748
84.0,53.0,-31.023691,3454.8464,68149387.16736671,0.04069053307912023
68.0,54.0,-31.100191,3454.8464,78030778.3379026,0.0012557079032188931
69.0,54.0,-31.093872,3454.8464,77391222.66557701,0.003767875984258563
70.0,54.0,-31.081236,3454.8464,76753554.58868107,0.006288441878559631
71.0,54.0,-31.062233,3454.8464,76117765.36657973,0.008817614517771405
72.0,54.0,-31.036814,3454.8464,75483848.4323431,0.011355600335688292
73.0,54.0,-31.004921,3454.8464,74851799.41482566,0.013902602321869467
161.322,0.0,-31.0,3454.8464,30031310.395477146,0.24545835492581802
162.0,0.0,-30.611095,3454.8464,29673186.114187635,0.24930739194006724
163.0,0.0,-30.029406,3454.8464,29149471.396622237,0.25502429872972543
161.30319,1.0,-31.0,3454.8464,30038057.177606188,0.24539497473124117
162.0,1.0,-30.600336,3454.8464,29670075.738217585,0.24934943770398982
163.0,1.0,-30.018549,3454.8464,29146438.10882105,0.255065431641867
161.24673,2.0,-31.0,3454.8464,30062124.651342735,0.24517370688842838
162.0,2.0,-30.568052,3454.8464,29664609.121369403,0.2494429645023672
161.15254,3.0,-31.0,3454.8464,30102233.000088334,0.24480547690849386
162.0,3.0,-30.514221,3454.8464,29655533.81845832,0.24959812118590202
161.02046,4.0,-31.0,3454.8464,30158376.17213512,0.2442911042103361
161.0,4.120402,-31.0,3454.8464,30167058.923907187,0.2442116927108898
162.0,4.0,-30.438807,3454.8464,29642903.157301567,0.24981383500219484
160.85146,5.0,-31.0,3454.8464,30231053.609203674,0.24363025072833455
161.0,5.0,-30.915401,3454.8464,30152194.891036876,0.24446428135948237
162.0,5.0,-30.341753,3454.8464,29626791.280549575,0.2500886223483753
160.64455,6.0,-31.0,3454.8464,30319944.85777292,0.24282525891014514
161.0,6.0,-30.797726,3454.8464,30131723.233157903,0.24481162029297207
162.0,6.0,-30.222998,3454.8464,29607292.63767676,0.2504206065932189
160.39923,7.0,-31.0,3454.8464,30424968.34924737,0.24187806770431444
161.0,7.0,-30.65846,3454.8464,30107807.431085683,0.24521662170426645
162.0,7.0,-30.082457,3454.8464,29584521.343439892,0.25080754039352837
160.1151,8.0,-31.0,3454.8464,30546110.59286155,0.2407906933681938
160.0,8.356604,-31.0,3454.8464,30595001.53268438,0.24035360214661372
161.0,8.0,-30.49751,3454.8464,30080583.16380198,0.24567665479910236
159.79332,9.0,-31.0,3454.8464,30684075.557176623,0.23956331656635577
160.0,9.0,-30.883419,3454.8464,30574588.053644918,0.2406960960117053
161.0,9.0,-30.314762,3454.8464,30050204.503630266,0.2461887686473669
159.43297,10.0,-31.0,3454.8464,30838658.315576963,0.23819900382631348
160.0,10.0,-30.680613,3454.8464,30539585.711556308,0.24128208013098412
161.0,10.0,-30.110088,3454.8464,30016842.916118495,0.24674972529892278
159.0325,11.0,-31.0,3454.8464,31009445.54818264,0.23670165415933084
159.0,11.073966,-31.0,3454.8464,31023246.897839665,0.23658120251574735
160.0,11.0,-30.455936,3454.8464,30501629.484511755,0.2419158618893273
158.59447,12.0,-31.0,3454.8464,31197854.782832816,0.23507000247908943
159.0,12.0,-30.773596,3454.8464,30983790.376876876,0.23723477401085472
160.0,12.0,-30.20923,3454.8464,30460926.300159246,0.242593681672846
158.11548,13.0,-31.0,3454.8464,31402687.466585692,0.23331062064180547
158.0,13.222523,-31.0,3454.8464,31451793.247104034,0.23289125055056434
159.0,13.0,-30.507147,3454.8464,30938457.953307793,0.23798373710106097
157.59761,14.0,-31.0,3454.8464,31625263.489130132,0.2314228411852785
158.0,14.0,-30.777508,3454.8464,31413057.973332256,0.23352562991326714
159.0,14.0,-30.218504,3454.8464,30890687.8123971,0.2387709167688027
157.03804,15.0,-31.0,3454.8464,31864676.314331893,0.22941266953420997
157.0,15.063421,-31.0,3454.8464,31880855.150334932,0.22927761782397582
158.0,15.0,-30.469324,3454.8464,31360711.76354337,0.23438089545136642
156.43922,16.0,-31.0,3454.8464,32122554.59104605,0.22727873761570508
156.0,16.684628,-31.0,3454.8464,32310340.142862536,0.22573867127040717
157.0,16.0,-30.693157,3454.8464,31827601.897347152,0.230139823739132
158.0,16.0,-30.138716,3454.8464,31306302.858890947,0.2352678336739163
155.79793,17.0,-31.0,3454.8464,32397877.6873955,0.22502757627172146
156.0,17.0,-30.890368,3454.8464,32291220.515689544,0.2260454018518203
157.0,17.0,-30.343143,3454.8464,31768751.641418416,0.23109074306677235
155.11485,18.0,-31.0,3454.8464,32691531.647743322,0.22266013532103157
155.0,18.1584,-31.0,3454.8464,32740541.070908748,0.22226778884232448
156.0,18.0,-30.521095,3454.8464,32227963.232837535,0.22705817006037388
154.39,19.0,-31.0,3454.8464,33004198.31067042,0.22017798408301753
154.0,19.507484,-31.0,3454.8464,33171331.083730727,0.21886403856557274
155.0,19.0,-30.672905,3454.8464,32683852.588548604,0.22316702916960754
156.0,19.0,-30.129038,3454.8464,32163249.929977633,0.22809294648908987
153.62146,20.0,-31.0,3454.8464,33335623.718113944,0.21758548555703672
153.0,20.764778,-31.0,3454.8464,33603010.6912178,0.21552130224939034
154.0,20.0,-30.798891,3454.8464,33136362.514213055,0.21941384444703904
155.0,20.0,-30.26163,3454.8464,32614980.762672253,0.22425846801456562
152.80873,21.0,-31.0,3454.8464,33686339.65685966,0.21488464968601823
152.0,21.94319,-31.0,3454.8464,34035590.36333204,0.21223726811680926
153.0,21.0,-30.899359,3454.8464,33585462.99993706,0.21579481679835377
154.0,21.0,-30.368492,3454.8464,33063427.734456804,0.22055927281496604
151.95123,22.0,-31.0,3454.8464,34056912.418476135,0.2120773398924513
152.0,22.0,-30.974592,3454.8464,34031150.468756944,0.2123058879616044
153.0,22.0,-30.449913,3454.8464,33508581.370649576,0.21699142941766458
151.04857,23.0,-31.0,3454.8464,34448142.60352501,0.20916464884103594
151.0,23.05128,-31.0,3454.8464,34469006.03893723,0.20901046415728744
152.0,23.0,-30.506165,3454.8464,33950457.59790933,0.21355079176679304
150.09953,24.0,-31.0,3454.8464,34860494.07961476,0.20614859732824625
150.0,24.100117,-31.0,3454.8464,34903376.01030061,0.20583745319508812
151.0,24.0,-30.537498,3454.8464,34389096.87820883,0.2102330558992323
152.0,24.0,-30.014149,3454.8464,33869495.8185711,0.21480227545158975
149.10281,25.0,-31.0,3454.8464,35294443.24147447,0.20303107201074752
149.0,25.098635,-31.0,3454.8464,35338847.015906714,0.20271472543834418
150.0,25.0,-30.544153,3454.8464,34824563.303509876,0.20703381213693167
151.0,25.0,-30.026371,3454.8464,34304727.65941101,0.21152723440136492
147.0,26.965265,-31.0,3454.8464,36213309.55562197,0.19661068591994307
148.05725,26.0,-31.0,3454.8464,35750707.86986949,0.1998131112420991
148.0,26.052452,-31.0,3454.8464,35775489.67740059,0.19963974361890016
149.0,26.0,-30.526346,3454.8464,35256943.64364613,0.2039485927486502
150.0,26.0,-30.013924,3454.8464,34736967.49988609,0.20836782644747198
146.9618,27.0,-31.0,3454.8464,36230223.10340415,0.1964949509272621
146.0,27.839653,-31.0,3454.8464,36652254.352358066,0.19362625572990405
147.0,27.0,-30.98117,3454.8464,36210009.30874481,0.1966597576198012
148.0,27.0,-30.484282,3454.8464,35686346.37072924,0.20097291492753128
145.81544,28.0,-31.0,3454.8464,36734131.859403975,0.19307602746109492
145.0,28.681087,-31.0,3454.8464,37092529.89313632,0.1906829099247913
146.0,28.0,-30.910105,3454.8464,36636513.484763354,0.19385871016249778
147.0,28.0,-30.418139,3454.8464,36112900.66299763,0.1981023191449715
144.6161,29.0,-31.0,3454.8464,37263087.26392773,0.18955710048682567
144.0,29.492746,-31.0,3454.8464,37534240.08261863,0.1877782321023955
145.0,29.0,-30.81534,3454.8464,37060244.44419598,0.19115659118033296
146.0,29.0,-30.328085,3454.8464,36536755.39637948,0.1953324029732432
143.3619,30.0,-31.0,3454.8464,37818052.84271023,0.18593779293426427
143.0,30.277357,-31.0,3454.8464,37977497.24423164,0.18490988610105222
144.0,30.0,-30.697018,3454.8464,37481376.77435537,0.18854905887299203
145.0,30.0,-30.214264,3454.8464,36958078.13005442,0.19265885053678408
141.0,31.768969,-31.0,3454.8464,38868481.23387815,0.1792780518311599
142.0507,31.0,-31.0,3454.8464,38400062.70748825,0.18221730511937195
142.0,31.037266,-31.0,3454.8464,38422421.416672125,0.18207562788532222
143.0,31.0,-30.555265,3454.8464,37900102.791921586,0.18603189196154568
144.0,31.0,-30.0768,3454.8464,37377054.091251194,0.19007745780114965
140.68199,32.0,-31.0,3454.8464,39011791.1439624,0.17838950542298482
140.0,32.478943,-31.0,3454.8464,39316231.84746796,0.17651158246110127
141.0,32.0,-30.854288,3454.8464,38842862.3631088,0.17964557160752473
142.0,32.0,-30.390188,3454.8464,38316631.51491448,0.18360101023778597
138.0,33.839188,-31.0,3454.8464,40217167.133521244,0.17106488761687733
139.2518,33.0,-31.0,3454.8464,39653483.689472705,0.1744555467939147
139.0,33.16972,-31.0,3454.8464,39765913.789810754,0.17377342672526744
140.0,33.0,-30.662117,3454.8464,39257050.30679348,0.17735645649899207
141.0,33.0,-30.201864,3454.8464,38731187.64188526,0.18125249150854172
137.75813,34.0,-31.0,3454.8464,40327477.06248309,0.17040980398569788
137.0,34.48843,-31.0,3454.8464,40669981.778762825,0.16838468601870957
138.0,34.0,-30.893358,3454.8464,40198324.686112165,0.17133140279171669
139.0,34.0,-30.446972,3454.8464,39669467.889381856,0.1751441642629754
135.0,35.736946,-31.0,3454.8464,41581566.85990138,0.16309703813247622
136.19788,35.0,-31.0,3454.8464,41035663.47217747,0.16624772191934015
136.0,35.122425,-31.0,3454.8464,41125027.567827694,0.16572761331886712
137.0,35.0,-30.65187,3454.8464,40608778.066078946,0.1692470252124081
138.0,35.0,-30.20889,3454.8464,40080375.43044166,0.1730051374478761
133.0,36.920845,-31.0,3454.8464,42500909.27701619,0.15790081130286746
134.56796,36.0,-31.0,3454.8464,41780726.64516494,0.16196191253009204
134.0,36.33584,-31.0,3454.8464,42040097.591835834,0.16048890854431813
135.0,36.0,-30.817287,3454.8464,41549214.80050021,0.16354926476974008
136.0,36.0,-30.387667,3454.8464,41017973.03448505,0.16723080169616755
132.86377,37.0,-31.0,3454.8464,42564386.36948907,0.1575476653202335
132.0,37.48795,-31.0,3454.8464,42963132.88315327,0.15533620994221306
133.0,37.0,-30.943933,3454.8464,42490920.38455541,0.15803944141264645
134.0,37.0,-30.527388,3454.8464,41956937.259424835,0.16164806848240657
135.0,37.0,-30.100739,3454.8464,41426201.55939927,0.1652795904976928
130.0,38.583225,-31.0,3454.8464,43894401.99713526,0.1502605717230343
131.08154,38.0,-31.0,3454.8464,43390509.18500716,0.1529930401401452
131.0,38.04424,-31.0,3454.8464,43428100.31076585,0.15278751747275654
132.0,38.0,-30.62873,3454.8464,42897447.509657495,0.15624581748143956
133.0,38.0,-30.21493,3454.8464,42363990.63186346,0.15980726075609952
128.0,39.625603,-31.0,3454.8464,44834187.53044762,0.14525348818674325
129.21613,39.0,-31.0,3454.8464,44262822.22858896,0.14828602907805707
129.0,39.111946,-31.0,3454.8464,44363473.99852351,0.14774784952512074
130.0,39.0,-30.692347,3454.8464,43839729.615127884,0.1510133359210891
131.0,39.0,-30.291107,3454.8464,43303628.798703894,0.15450823721950832
126.0,40.618557,-31.0,3454.8464,45782785.07026156,0.14030690729321962
127.261086,40.0,-31.0,3454.8464,45184824.42129062,0.14341481164421066
127.0,40.12901,-31.0,3454.8464,45307602.681798585,0.14277219706014338
128.0,40.0,-30.718853,3454.8464,44784056.574232005,0.14594033179367047
129.0,40.0,-30.329887,3454.8464,44245377.749635756,0.14937215242127433
124.0,41.565155,-31.0,3454.8464,46740502.108460836,0.13541324070460517
125.20934,41.0,-31.0,3454.8464,46161425.2115555,0.1383624015255945
125.0,41.09859,-31.0,3454.8464,46260791.3178841,0.13785284003990775
126.0,41.0,-30.708836,3454.8464,45730749.075593464,0.14101694287730315
127.0,41.0,-30.331854,3454.8464,45189545.76930334,0.14438906802240986
121.0,42.90492,-31.0,3454.8464,48195212.6690231,0.12815558954748602
122.0,42.46809,-31.0,3454.8464,47707656.91449885,0.13056537071609575
123.05237,42.0,-31.0,3454.8464,47198279.28435915,0.1331086400557327
123.0,42.02348,-31.0,3454.8464,47223355.72690597,0.13298252351424353
124.0,42.0,-30.662834,3454.8464,46680175.763553426,0.13623374247524933
125.0,42.0,-30.297548,3454.8464,46136488.07524446,0.13954948074437415
119.0,43.745655,-31.0,3454.8464,49176799.68974655,0.12336505575332601
120.77998,43.0,-31.0,3454.8464,48303594.39600295,0.12762410009402847
120.0,43.32972,-31.0,3454.8464,48684577.36020657,0.12575665444345463
121.0,43.0,-30.925547,3454.8464,48181751.055445336,0.12833763731155345
122.0,43.0,-30.581347,3454.8464,47632753.21431571,0.13158174269356196
123.0,43.0,-30.227468,3454.8464,47086606.88364769,0.13484432565026208
116.0,44.936325,-31.0,3454.8464,50668778.74528833,0.11623306054360266
117.0,44.547993,-31.0,3454.8464,50168554.77930324,0.1186045954797216
118.37919,44.0,-31.0,3454.8464,49484943.8749379,0.1218802704411811
118.0,44.152103,-31.0,3454.8464,49671599.689730495,0.12098092558842251
119.0,44.0,-30.79798,3454.8464,49140332.9065477,0.12385758193163397
120.0,44.0,-30.464819,3454.8464,48588945.59247941,0.12705239598123144
121.0,44.0,-30.122066,3454.8464,48040351.17181377,0.13026497752304358
114.0,45.682804,-31.0,3454.8464,51675858.78740944,0.11150857331090964
115.834045,45.0,-31.0,3454.8464,50752653.14787703,0.11583819388310518
115.0,45.31364,-31.0,3454.8464,51170823.381023124,0.11386867177699728
116.0,45.0,-30.949003,3454.8464,50659512.49297238,0.11635779236544108
117.0,45.0,-30.636045,3454.8464,50103049.846860096,0.11948900162576172
118.0,45.0,-30.313646,3454.8464,49549263.96107608,0.1226375955553782
111.0,46.738052,-31.0,3454.8464,53207068.27979842,0.10445220671172449
112.0,46.39474,-31.0,3454.8464,52693873.263440415,0.10680100669587203
113.12402,46.0,-31.0,3454.8464,52121371.10313618,0.1094426655816261
113.0,46.044056,-31.0,3454.8464,52183956.43364383,0.10915222473279539
114.0,46.0,-30.74263,3454.8464,51629313.127927504,0.11213561245261115
115.0,46.0,-30.44007,3454.8464,51070475.791893095,0.11522430971988898
116.0,46.0,-30.12816,3454.8464,50514265.222123295,0.11832967523043368
108.0,47.71707,-31.0,3454.8464,54762768.716303505,0.09742055987712743
109.0,47.398838,-31.0,3454.8464,54241336.35462566,0.09976265701423735
110.221756,47.0,-31.0,3454.8464,53609389.549318284,0.10262370188457427
110.0,47.0733,-31.0,3454.8464,53723178.940777116,0.10210593449261998
111.0,47.0,-30.785975,3454.8464,53168272.269642875,0.10497441250114622
112.0,47.0,-30.502735,3454.8464,52604490.07470684,0.10800727001534427
113.0,47.0,-30.21031,3454.8464,52043229.4059226,0.11105636205672803
104.0,48.909218,-31.0,3454.8464,56876551.739213035,0.08806031862403085
105.0,48.622658,-31.0,3454.8464,56343550.145480335,0.09040019055891271
106.0,48.32883,-31.0,3454.8464,55813803.983653665,0.0927398181685247
107.09073,48.0,-31.0,3454.8464,55240041.4779772,0.095290796074867
107.0,48.027752,-31.0,3454.8464,55287327.638860375,0.09507946631315371
108.0,48.0,-30.767372,3454.8464,54720615.831512704,0.09798830421485495
109.0,48.0,-30.502935,3454.8464,54151957.07539293,0.1009693493515893
110.0,48.0,-30.229486,3454.8464,53585722.7729643,0.10396614904202296
100.0,49.97539,-31.0,3454.8464,59036002.61602475,0.07869301951935723
101.0,49.71987,-31.0,3454.8464,58491387.72029613,0.08103687762835184
102.0,49.457104,-31.0,3454.8464,57950004.69842778,0.08337918649309575
103.67681,49.0,-31.0,3454.8464,57050332.85255281,0.08730160103017219
103.0,49.187103,-31.0,3454.8464,57411869.42461434,0.08572019437143047
104.0,49.0,-30.925362,3454.8464,56862979.60207253,0.08824312601349836
105.0,49.0,-30.687977,3454.8464,56287189.68835576,0.09116093438581452
106.0,49.0,-30.441841,3454.8464,55713680.21317369,0.09409415960378861
107.0,49.0,-30.186869,3454.8464,55142508.22444308,0.09704261173044294
96.0,50.918808,-31.0,3454.8464,61241885.590631075,0.06929522414759826
97.0,50.693848,-31.0,3454.8464,60685620.58542736,0.07164851632116101
98.0,50.46164,-31.0,3454.8464,60132560.865905635,0.07399909694192655
99.9016,50.0,-31.0,3454.8464,59090090.70815785,0.07846138528073941
99.0,50.2222,-31.0,3454.8464,59582723.438582435,0.07634719136479676
100.0,50.0,-30.979782,3454.8464,59032331.39814073,0.07874258096061143
101.0,50.0,-30.768515,3454.8464,58449587.91444664,0.08160219224408365
102.0,50.0,-30.548769,3454.8464,57868999.44128901,0.08447673811065803
103.0,50.0,-30.320452,3454.8464,57290619.343015626,0.08736608860775213
104.0,50.0,-30.083475,3454.8464,56714501.61419045,0.09027009197747629
91.0,51.9291,-31.0,3454.8464,64066053.06452318,0.05747627250778196
92.0,51.74169,-31.0,3454.8464,63494948.03010606,0.05984751904471256
93.0,51.546978,-31.0,3454.8464,62927001.529902115,0.062214862470395565
94.0,51.344982,-31.0,3454.8464,62362231.619337946,0.06457849504100477
95.62887,51.0,-31.0,3454.8464,61449968.22545748,0.06841887721272984
95.0,51.135735,-31.0,3454.8464,61800656.09285282,0.06693861336263984
96.0,51.0,-30.933388,3454.8464,61229870.874550894,0.06945819591523253
97.0,51.0,-30.747341,3454.8464,60640248.313759506,0.07226484083813745
98.0,51.0,-30.553087,3454.8464,60052678.381885886,0.07508579916690591
99.0,51.0,-30.35053,3454.8464,59467209.395774394,0.07792100108659145
100.0,51.0,-30.13958,3454.8464,58883890.709422365,0.08077035436628106
85.0,52.89475,-31.0,3454.8464,67553575.14444984,0.04315053410472887
86.0,52.75234,-31.0,3454.8464,66964591.56343277,0.045550172647002965
87.0,52.60249,-31.0,3454.8464,66378698.919631824,0.04794482860266414
88.0,52.445244,-31.0,3454.8464,65795915.83761243,0.05033464626101518
89.0,52.28063,-31.0,3454.8464,65216260.86107083,0.05271977647110952
90.60806,52.0,-31.0,3454.8464,64291531.32091274,0.05654375972396335
90.0,52.10868,-31.0,3454.8464,64639752.41711509,0.0551003762527744
91.0,52.0,-30.942287,3454.8464,64055743.712615535,0.05761704173038053
92.0,52.0,-30.78848,3454.8464,63457267.33349943,0.06036250022677876
93.0,52.0,-30.626822,3454.8464,62860727.210260555,0.06312152126271939
94.0,52.0,-30.457218,3454.8464,62266163.95025729,0.06589411345700667
95.0,52.0,-30.279575,3454.8464,61673619.664335415,0.06868026360974007
96.0,52.0,-30.093803,3454.8464,61083137.85995364,0.07147993661057792
74.0,53.956554,-31.0,3454.8464,74226627.05146357,0.0163823316204137
75.0,53.89874,-31.0,3454.8464,73605101.13201642,0.018844843827825156
76.0,53.83304,-31.0,3454.8464,72986507.34259239,0.021301380958452198
77.0,53.7595,-31.0,3454.8464,72370863.50266506,0.02375198513063776
78.0,53.67818,-31.0,3454.8464,71758187.61000568,0.02619670787623064
79.0,53.58913,-31.0,3454.8464,71148497.8211059,0.028635609944612755
80.0,53.4924,-31.0,3454.8464,70541812.4295777,0.03106876108387915
81.0,53.388035,-31.0,3454.8464,69938149.84277253,0.03349623980056119
82.0,53.276085,-31.0,3454.8464,69337528.55619909,0.03591813309944494
83.0,53.156586,-31.0,3454.8464,68739967.12657127,0.03833453620476883
84.2212,53.0,-31.0,3454.8464,68014912.43549842,0.04127690653725876
84.0,53.029587,-31.0,3454.8464,68145484.14403686,0.04074555226380694
85.0,53.0,-30.915545,3454.8464,67538762.89018765,0.043354990610638425
86.0,53.0,-30.800076,3454.8464,66929549.448970646,0.04603393935880998
87.0,53.0,-30.677183,3454.8464,66322172.27218683,0.04872539583100502
88.0,53.0,-30.546778,3454.8464,65716660.74779561,0.05142945528067624
89.0,53.0,-30.40877,3454.8464,65113046.21924569,0.05414619398328085
90.0,53.0,-30.263063,3454.8464,64511361.90281762,0.05687566866963588
91.0,53.0,-30.109571,3454.8464,63911642.80061626,0.059617916045596055
68.0,54.134037,-31.0,3454.8464,78015783.67250504,0.0014791043380476025
69.0,54.124897,-31.0,3454.8464,77377063.1921075,0.003977928620142598
70.0,54.10749,-31.0,3454.8464,76741211.16631402,0.006470822183816107
71.0,54.08189,-31.0,3454.8464,76108244.65888624,0.008957762716221928
72.0,54.048172,-31.0,3454.8464,75478180.93561766,0.011438737495481686
73.129295,54.0,-31.0,3454.8464,74770395.64375997,0.014232814275948002
73.0,54.006405,-31.0,3454.8464,74851037.45762981,0.013913743343088952
74.0,54.0,-30.966652,3454.8464,74221054.04740377,0.0164611856847084
75.0,54.0,-30.921816,3454.8464,73591983.39611359,0.019030127237181768
76.0,54.0,-30.870314,3454.8464,72964672.70578071,0.021609310387565753
77.0,54.0,-30.812077,3454.8464,72339126.9767877,0.024198949227386045
78.0,54.0,-30.747026,3454.8464,71715353.6045458,0.026799248570903697
79.0,54.0,-30.675089,3454.8464,71093362.35883252,0.029410402888581676
80.0,54.0,-30.596186,3454.8464,70473165.35687287,0.03203259526179421
81.0,54.0,-30.510235,3454.8464,69854777.03016023,0.0346659963731491
82.0,54.0,-30.417156,3454.8464,69238214.08497888,0.037310763524172744
83.0,54.0,-30.316866,3454.8464,68623495.45679942,0.039967039698033474
84.0,54.0,-30.209278,3454.8464,68010642.25976397,0.04263495268261766
85.0,54.0,-30.094307,3454.8464,67399677.72942303,0.04531461423454207
67.0,55.0,-30.349043,3454.8464,78556042.2411042,0.0004634053065071765
68.0,55.0,-30.344637,3454.8464,77913022.71214283,0.002983888477410481
69.0,55.0,-30.333838,3454.8464,77271883.3427273,0.005512931299925016
70.0,55.0,-30.316593,3454.8464,76632614.14707369,0.008050754733787385
71.0,55.0,-30.292847,3454.8464,75995207.38877894,0.010597577121286221
72.0,55.0,-30.26254,3454.8464,75359657.60541424,0.013153613166685969
73.0,55.0,-30.225615,3454.8464,74725961.62640572,0.015719072901991687
74.0,55.0,-30.182005,3454.8464,74094118.58425654,0.01829416064566518
75.0,55.0,-30.131645,3454.8464,73464129.9192606,0.02087907395639529
76.0,55.0,-30.074465,3454.8464,72835999.37765041,0.023474002591597452
77.0,55.0,-30.010397,3454.8464,72209733.00115962,0.026079127475878483
163.05028,0.0,-30.0,3454.8464,29123423.89325413,0.25531188932535565
164.0,0.0,-29.424643,3454.8464,28620085.40971835,0.2610192733018822
163.03172,1.0,-30.0,3454.8464,29130009.801752556,0.25524679218257373
163.0,1.5694495,-30.0,3454.8464,29143475.17177359,0.25511624681302725
164.0,1.0,-29.413443,3454.8464,28616946.07318581,0.2610636181631527
162.97621,2.0,-30.0,3454.8464,29153736.25718372,0.2550173296235616
163.0,2.0,-29.985659,3454.8464,29140997.834880788,0.2551600487495149
164.0,2.0,-29.379835,3454.8464,28611471.034006767,0.2611605324405728
162.88402,3.0,-30.0,3454.8464,29193445.42880133,0.2546350078545032
163.0,3.0,-29.930132,3454.8464,29131434.54569296,0.25532901578774586
164.0,3.0,-29.323797,3454.8464,28602383.281124637,0.26132124175339944
162.75476,4.0,-30.0,3454.8464,29249027.641546004,0.2541010366180691
163.0,4.0,-29.852339,3454.8464,29118125.67199661,0.25556384093652296
164.0,4.0,-29.245289,3454.8464,28589738.497300483,0.2615445353753312
162.58823,5.0,-30.0,3454.8464,29320472.54312873,0.2534166809624726
163.0,5.0,-29.752228,3454.8464,29101150.252918802,0.2558628217815575
164.0,5.0,-29.14426,3454.8464,28573614.070842806,0.26182874005145024
162.38414,6.0,-30.0,3454.8464,29407767.21382527,0.252583547352064
163.0,6.0,-29.62973,3454.8464,29080608.932468753,0.25622380645847176
164.0,6.0,-29.02064,3454.8464,28554108.53766736,0.2621717412210253
162.14218,7.0,-30.0,3454.8464,29510896.454372935,0.251603569074617
162.0,7.5080647,-30.0,3454.8464,29571285.83304573,0.2510320617778924
163.0,7.0,-29.48476,3454.8464,29056623.245038852,0.2566442203316913
161.86308,8.0,-30.0,3454.8464,29630294.770443182,0.25047766564405044
162.0,8.0,-29.918268,3454.8464,29557248.90806502,0.2512767023730866
163.0,8.0,-29.317219,3454.8464,29029334.762471378,0.2571210974897647
161.54675,9.0,-30.0,3454.8464,29766079.818039,0.2492079659797297
162.0,9.0,-29.729778,3454.8464,29525244.634982295,0.2518331030357728
163.0,9.0,-29.126991,3454.8464,28998904.11414741,0.257651116442923
161.1915,10.0,-30.0,3454.8464,29917765.401667286,0.2477986337691725
161.0,10.486085,-30.0,3454.8464,29999131.00386683,0.2470469145288861
162.0,10.0,-29.518673,3454.8464,29490104.549221024,0.25244189776870773
160.7984,11.0,-30.0,3454.8464,30086007.325600736,0.2462507210033343
161.0,11.0,-29.880787,3454.8464,29978722.869961556,0.24739785590347102
162.0,11.0,-29.28481,3454.8464,29452028.162640743,0.2530991048582855
160.36702,12.0,-30.0,3454.8464,30270872.12305779,0.2445672244091517
160.0,12.778535,-30.0,3454.8464,30427139.30847533,0.24315490849383734
161.0,12.0,-29.626354,3454.8464,29935847.479728907,0.24813291790894748
162.0,12.0,-29.02802,3454.8464,29411230.83859856,0.25380050591791037
159.89595,13.0,-30.0,3454.8464,30472055.78745153,0.24275242330279423
160.0,13.0,-29.93902,3454.8464,30416699.893122714,0.2433322876182402
161.0,13.0,-29.349024,3454.8464,29890321.97619682,0.24891035460802036
159.38683,14.0,-30.0,3454.8464,30690559.324713714,0.24080691041112418
159.0,14.703152,-30.0,3454.8464,30855349.465818234,0.23935186279492732
160.0,14.0,-29.641367,3454.8464,30366380.992675163,0.2441849052122853
161.0,14.0,-29.048605,3454.8464,29842394.377863154,0.2497255304938097
158.83713,15.0,-30.0,3454.8464,30925682.81923371,0.23873643836921685
159.0,15.0,-29.905458,3454.8464,30839199.471893597,0.23962293759963815
160.0,15.0,-29.320616,3454.8464,30313771.06324435,0.24507288487258372
158.24802,16.0,-30.0,3454.8464,31178314.639407076,0.23654217249455917
158.0,16.39353,-30.0,3454.8464,31283882.458606683,0.23563255589757484
159.0,16.0,-29.564566,3454.8464,30781890.992214713,0.24058204268528488
157.61844,17.0,-30.0,3454.8464,31448451.117647246,0.23422799863184557
157.0,17.920914,-30.0,3454.8464,31712950.17366435,0.2319908434384705
158.0,17.0,-29.780834,3454.8464,31246603.43663894,0.23625061331595726
159.0,17.0,-29.200312,3454.8464,30722714.64159804,0.24156886775630187
156.94696,18.0,-30.0,3454.8464,31735934.421698496,0.23179832882755924
157.0,18.0,-29.969786,3454.8464,31707788.049884427,0.23207561092256399
158.0,18.0,-29.396553,3454.8464,31182905.090011403,0.23730350812224021
156.23517,19.0,-30.0,3454.8464,32042056.385964997,0.22925327592217512
156.0,19.311766,-30.0,3454.8464,32142345.36563726,0.22842663327517299
157.0,19.0,-29.565617,3454.8464,31639621.50823863,0.2331919637749189
155.48102,20.0,-30.0,3454.8464,32366494.459262885,0.2265977747011826
155.0,20.603298,-30.0,3454.8464,32572405.73037654,0.22493249272049673
156.0,20.0,-29.707838,3454.8464,32092796.971385665,0.2292304809879958
157.0,20.0,-29.137667,3454.8464,31570260.37971378,0.2343250233233421
154.68365,21.0,-30.0,3454.8464,32709537.91851974,0.22383492093916785
154.0,21.812933,-30.0,3454.8464,33003226.78858495,0.22150465845616266
155.0,21.0,-29.823536,3454.8464,32542392.75101657,0.22541493106391813
156.0,21.0,-29.260017,3454.8464,32019256.610024434,0.23042099404949068
153.84258,22.0,-30.0,3454.8464,33071698.445999682,0.22096709975055018
153.0,22.951668,-30.0,3454.8464,33434829.947963256,0.21814046099901546
154.0,22.0,-29.913013,3454.8464,32988397.498588175,0.22174088381227477
155.0,22.0,-29.35593,3454.8464,32464787.68027169,0.22665981389394319
152.95715,23.0,-30.0,3454.8464,33453521.358066097,0.21799652721701102
153.0,23.0,-29.976559,3454.8464,33430826.35465742,0.21820367658029258
154.0,23.0,-29.425695,3454.8464,32906862.511704035,0.22303694758706216
152.02686,24.0,-30.0,3454.8464,33855693.32599426,0.21492490214089352
152.0,24.027569,-30.0,3454.8464,33867197.31912877,0.21483774344987633
153.0,24.0,-29.469578,3454.8464,33345515.375248283,0.2195476746168351
151.05057,25.0,-30.0,3454.8464,34278721.1500283,0.21175436010004697
151.0,25.04954,-30.0,3454.8464,34300435.59782082,0.21159297468237892
152.0,25.0,-29.487831,3454.8464,33780804.912996545,0.2161871490100195
149.0,26.95839,-30.0,3454.8464,35169972.05257647,0.20526396521277687
150.027,26.0,-30.0,3454.8464,34723087.42391544,0.20848698933974194
150.0,26.025257,-30.0,3454.8464,34734698.4541181,0.20840233177646644
151.0,26.0,-29.480692,3454.8464,34212813.124251604,0.21295045393371098
148.95526,27.0,-30.0,3454.8464,35189671.272737406,0.20512352604649023
148.0,27.852694,-30.0,3454.8464,35606276.3314108,0.2021756851231082
149.0,27.0,-29.976545,3454.8464,35165958.338450015,0.20532530202815125
150.0,27.0,-29.448376,3454.8464,34641644.33216428,0.20983265074778498
147.8343,28.0,-30.0,3454.8464,35679356.85455566,0.20166452485813874
147.0,28.71289,-30.0,3454.8464,36043762.004385084,0.199134121532436
148.0,28.0,-29.914127,3454.8464,35591593.11561354,0.20239841132261682
149.0,28.0,-29.39108,3454.8464,35067424.12407955,0.20682882267640046
146.66241,29.0,-30.0,3454.8464,36192844.718137555,0.19811092751852596
146.0,29.542295,-30.0,3454.8464,36482533.51241206,0.19613656299811594
147.0,29.0,-29.82713,3454.8464,36014243.229093455,0.19957872208565955
148.0,29.0,-29.308987,3454.8464,35490298.29216727,0.20393411329740474
145.43793,30.0,-30.0,3454.8464,36731002.521120116,0.19446297312276198
145.0,30.343758,-30.0,3454.8464,36922704.07357861,0.1931803835269717
146.0,30.0,-29.715715,3454.8464,36434080.76092091,0.196861441728301
147.0,30.0,-29.202253,3454.8464,35910431.7699157,0.20114375990363942
143.0,31.869183,-30.0,3454.8464,37807346.34699373,0.1873852759830598
144.15897,31.0,-30.0,3454.8464,37294760.36196358,0.19072050312214384
144.0,31.119726,-30.0,3454.8464,37364394.943220355,0.1902630562528983
145.0,31.0,-29.580025,3454.8464,36851295.939669594,0.194241909802359
146.0,31.0,-29.071024,3454.8464,36328007.57356705,0.19845312205467108
142.82452,32.0,-30.0,3454.8464,37885932.6972543,0.18688037851944928
142.0,32.594112,-30.0,3454.8464,38251598.3633412,0.18454505975156676
143.0,32.0,-29.9142,3454.8464,37792597.55535419,0.18760211062285823
144.0,32.0,-29.420177,3454.8464,37266096.07515471,0.19171562107081205
140.0,33.98576,-30.0,3454.8464,39145561.483063035,0.1789599384322233
141.43245,33.0,-30.0,3454.8464,38505826.800051145,0.18294078042049083
141.0,33.299267,-30.0,3454.8464,38697637.371923424,0.1817372192099819
142.0,33.0,-29.726294,3454.8464,38204715.813096754,0.18523058970396114
143.0,33.0,-29.23627,3454.8464,37678704.5059279,0.18927824441903685
139.97917,34.0,-30.0,3454.8464,39155002.25379947,0.17890198626482312
139.0,34.648525,-30.0,3454.8464,39594469.14879998,0.1762182914588415
140.0,34.0,-29.990181,3454.8464,39143863.46189144,0.17898452510080132
141.0,34.0,-29.514626,3454.8464,38614838.6152281,0.18294187709385076
142.0,34.0,-29.028381,3454.8464,38089359.56207444,0.18692563795591247
137.0,35.92658,-30.0,3454.8464,40498454.603777714,0.17081439344303104
138.46443,35.0,-30.0,3454.8464,39837106.681765124,0.17475427331352972
138.0,35.295628,-30.0,3454.8464,40045467.52765806,0.17350318078385635
139.0,35.0,-29.751265,3454.8464,39551662.689636,0.176835376500393
140.0,35.0,-29.27925,3454.8464,39023225.69146958,0.1807320433469513
136.88298,36.0,-30.0,3454.8464,40552069.1947574,0.17049932608258567
136.0,36.537926,-30.0,3454.8464,40952677.09297763,0.16815544458398224
137.0,36.0,-29.946964,3454.8464,40489254.76287982,0.170945898100913
138.0,36.0,-29.488892,3454.8464,39957972.69431165,0.17475947580625484
139.0,36.0,-29.020197,3454.8464,39430149.72487225,0.17859737385836327
134.0,37.718147,-30.0,3454.8464,41867492.53253061,0.16290614261050845
135.23315,37.0,-30.0,3454.8464,41303645.565629855,0.16612639431055334
135.0,37.136562,-30.0,3454.8464,41409324.71637208,0.16551790427691274
136.0,37.0,-29.65806,3454.8464,40893715.96810126,0.16899542395174924
137.0,37.0,-29.203068,3454.8464,40363085.59954943,0.1727533509047365
132.0,38.840878,-30.0,3454.8464,42790185.57083845,0.15774546430950886
133.5106,38.0,-30.0,3454.8464,42093855.478181556,0.1616298434333297
133.0,38.286137,-30.0,3454.8464,42327760.72700587,0.16031570897839284
134.0,38.0,-29.787477,3454.8464,41830615.53238311,0.1634278131527636
135.0,38.0,-29.3459,3454.8464,41297273.23066096,0.16710963088385444
130.0,39.910168,-30.0,3454.8464,43721042.5872413,0.15266406442776181
131.71078,39.0,-30.0,3454.8464,42925328.515040785,0.1570016988004303
131.0,39.38091,-30.0,3454.8464,43254305.55430931,0.15519671322637812
132.0,39.0,-29.877851,3454.8464,42768877.09722637,0.15804502345184532
133.0,39.0,-29.44939,3454.8464,42232909.14410396,0.16165450650401514
134.0,39.0,-29.010435,3454.8464,41700247.000875466,0.16528553086900452
128.0,40.929607,-30.0,3454.8464,44660363.57640881,0.1476530768664303
129.829,40.0,-30.0,3454.8464,43801739.48219561,0.15223016793255087
129.0,40.42458,-30.0,3454.8464,44189256.52427299,0.15015192298999686
130.0,40.0,-29.929853,3454.8464,43708752.98588157,0.15283590136602193
131.0,40.0,-29.514212,3454.8464,43170235.27261245,0.15637673677817976
132.0,40.0,-29.088139,3454.8464,42634955.20010132,0.15993836612543838
126.0,41.902355,-30.0,3454.8464,45608461.084562056,0.14270412475857577
127.85954,41.0,-30.0,3454.8464,44727270.806194514,0.14730127591561942
127.0,41.420414,-30.0,3454.8464,45132923.5761797,0.14517282732797349
128.0,41.0,-29.944128,3454.8464,44650542.87147572,0.1477897667178599
129.0,41.0,-29.541004,3454.8464,44109539.73055826,0.1512655544703148
130.0,41.0,-29.127514,3454.8464,43571706.272989534,0.15476140512618908
124.0,42.831207,-30.0,3454.8464,46565659.114789106,0.1378093272637536
125.79561,42.0,-30.0,3454.8464,45706704.24281889,0.14219848127144122
125.0,42.3713,-30.0,3454.8464,46085628.17979413,0.14025140575609393
126.0,42.0,-29.92128,3454.8464,45594594.28973627,0.1428964155697559
127.0,42.0,-29.530369,3454.8464,45051157.383129805,0.1463106693939276
128.0,42.0,-29.129166,3454.8464,44510823.086783856,0.14974426878416053
122.0,43.71861,-30.0,3454.8464,47532291.994354285,0.13296130351360225
123.62895,43.0,-30.0,3454.8464,46745534.96252758,0.1369021946642313
123.0,43.279778,-30.0,3454.8464,47047702.21727502,0.1353801327313359
124.0,43.0,-29.861872,3454.8464,46541302.891144894,0.13814612024208886
125.0,43.0,-29.482872,3454.8464,45995470.17302103,0.14150226856143008
126.0,43.0,-29.093657,3454.8464,45452674.54426777,0.14487705633756667
119.0,44.977898,-30.0,3454.8464,49001226.7955381,0.12576068014064817
120.0,44.566715,-30.0,3454.8464,48508703.19659722,0.12815317408486027
121.349655,44.0,-30.0,3454.8464,47850114.76881524,0.13138917061481814
121.0,44.148075,-30.0,3454.8464,48019486.82260844,0.13055197963997955
122.0,44.0,-29.766426,3454.8464,47491112.39831008,0.1335296272925398
123.0,44.0,-29.399035,3454.8464,46942907.16982822,0.13683101408474244
124.0,44.0,-29.021507,3454.8464,46397675.716562554,0.14015034324994927
117.0,45.769302,-30.0,3454.8464,49992475.948395796,0.1210018628224533
118.94573,45.0,-30.0,3454.8464,49028253.94598005,0.12563033397331017
118.0,45.3774,-30.0,3454.8464,49495244.109917924,0.1233785603215671
119.0,45.0,-29.9815,3454.8464,48997935.65498056,0.12580591956114787
120.0,45.0,-29.635408,3454.8464,48444514.23741801,0.12903815422351855
121.0,45.0,-29.279327,3454.8464,47893944.31011059,0.13228803962093805
114.0,46.891716,-30.0,3454.8464,51499616.65798354,0.113907797441404
115.0,46.525627,-30.0,3454.8464,50994284.49517467,0.1162678095669982
116.402306,46.0,-30.0,3454.8464,50292206.85544088,0.11958050998521542
116.0,46.152275,-30.0,3454.8464,50492272.7464454,0.11863158177770929
117.0,46.0,-29.804394,3454.8464,49957784.26026242,0.12147877986851444
118.0,46.0,-29.46923,3454.8464,49402046.81627859,0.12466338556979024
119.0,46.0,-29.124165,3454.8464,48849103.79949349,0.1278649460456514
111.0,47.937572,-30.0,3454.8464,53030728.836542696,0.10685401353612099
112.0,47.596478,-30.0,3454.8464,52517213.58197977,0.10920244457735356
113.70015,47.0,-30.0,3454.8464,51652621.50412801,0.11319814786766137
113.0,47.248196,-30.0,3454.8464,52007017.63146502,0.1115532962783932
114.0,47.0,-29.907557,3454.8464,51483139.61331165,0.11413396093282663
115.0,47.0,-29.592766,3454.8464,50922377.42466508,0.11725740295318537
116.0,47.0,-29.26824,3454.8464,50364294.42564335,0.12039746890220832
108.0,48.909954,-30.0,3454.8464,54586421.76551754,0.09982503711174966
109.0,48.59313,-30.0,3454.8464,54064642.399400376,0.10216664696893463
110.8144,48.0,-30.0,3454.8464,53126997.7248935,0.10641651770442062
110.0,48.269173,-30.0,3454.8464,53546178.935972504,0.104509405511562
111.0,48.0,-29.946375,3454.8464,53021147.4841653,0.1069855061111523
112.0,48.0,-29.651413,3454.8464,52455469.56986144,0.11005186826860733
113.0,48.0,-29.346888,3454.8464,51892361.53719379,0.11313448045533131
114.0,48.0,-29.032719,3454.8464,51331885.74504174,0.11623301116894792
105.0,49.81144,-30.0,3454.8464,56167308.65949914,0.09280693052614766
106.0,49.518246,-30.0,3454.8464,55637185.61918132,0.09514611010932725
107.71107,49.0,-30.0,3454.8464,54738602.275776014,0.09914617057825716
107.0,49.217976,-30.0,3454.8464,55110373.065975204,0.097485244044337
108.0,49.0,-29.922224,3454.8464,54572528.37712836,0.10001595582601933
109.0,49.0,-29.646542,3454.8464,54002005.013297275,0.10302929731838087
110.0,49.0,-29.361479,3454.8464,53433950.35105243,0.10605846507721903
111.0,49.0,-29.06695,3454.8464,52868425.67943022,0.10910316252811289
101.0,50.907177,-30.0,3454.8464,58315836.77104902,0.08344517565268444
102.0,50.644135,-30.0,3454.8464,57774004.2023453,0.08578732975123421
103.0,50.37403,-30.0,3454.8464,57235459.19704911,0.08812807854851876
104.342896,50.0,-30.0,3454.8464,56518317.60081488,0.09126709519463469
104.0,50.096886,-30.0,3454.8464,56700217.56200176,0.09046767470154919
105.0,50.0,-29.836334,3454.8464,56138161.90112686,0.09320859749587047
106.0,50.0,-29.5794,3454.8464,55562820.33013483,0.09617295157135845
107.0,50.0,-29.313269,3454.8464,54989856.41931821,0.09915265497784372
108.0,50.0,-29.037851,3454.8464,54419329.55847325,0.10214744926336414
97.0,51.88345,-30.0,3454.8464,60511026.86630991,0.07405623400908193
98.0,51.650085,-30.0,3454.8464,59957443.680741504,0.07640716713202267
99.0,51.40966,-30.0,3454.8464,59407121.49202253,0.07875547083574876
100.63933,51.0,-30.0,3454.8464,58512934.27143709,0.0825975073358631
100.0,51.1622,-30.0,3454.8464,58860077.46695818,0.08110137743302022
101.0,51.0,-29.919561,3454.8464,58301510.541145615,0.08364315588784592
102.0,51.0,-29.689768,3454.8464,57719089.26435831,0.08654750357854751
103.0,51.0,-29.451063,3454.8464,57138910.28489495,0.08946686709038651
104.0,51.0,-29.203352,3454.8464,56561029.866673164,0.09240105009623752
92.0,52.93932,-30.0,3454.8464,63322240.72053881,0.06225041392513477
93.0,52.74242,-30.0,3454.8464,62753659.23377676,0.06461900544398015
94.0,52.538418,-30.0,3454.8464,62188291.04512969,0.06698369894955375
95.0,52.327335,-30.0,3454.8464,61626154.65143138,0.0693446965729059
96.48698,52.0,-30.0,3454.8464,60797195.5576542,0.07284650827794986
96.0,52.1092,-30.0,3454.8464,61067268.21236689,0.0717022040626444
97.0,52.0,-29.899223,3454.8464,60493170.69006536,0.07430428107529627
98.0,52.0,-29.695612,3454.8464,59903777.16077238,0.0771536719761657
99.0,52.0,-29.483377,3454.8464,59316512.32513016,0.08001759043210224
100.0,52.0,-29.262417,3454.8464,58731427.869941115,0.08289590475984412
101.0,52.0,-29.032639,3454.8464,58148576.34980063,0.08578845967734101
86.0,53.966606,-30.0,3454.8464,66795052.08574774,0.04793976977324391
87.0,53.81338,-30.0,3454.8464,66208382.14506979,0.05033706798228438
88.0,53.65293,-30.0,3454.8464,65624855.43842673,0.052729292148146506
89.0,53.4853,-30.0,3454.8464,65044491.31611749,0.05511659915605792
90.0,53.310505,-30.0,3454.8464,64467308.98796044,0.05749915188651726
91.68192,53.0,-30.0,3454.8464,63504510.236328594,0.061494159436659306
91.0,53.128582,-30.0,3454.8464,63893327.48421772,0.05987711879856182
92.0,53.0,-29.947998,3454.8464,63313094.66778443,0.06237835900001444
93.0,53.0,-29.777903,3454.8464,62714728.90367735,0.0651640816443581
94.0,53.0,-29.599567,3454.8464,62118359.47870713,0.06796374566856242
95.0,53.0,-29.41289,3454.8464,61524030.86793812,0.07077730632618938
96.0,53.0,-29.217772,3454.8464,60931788.916562036,0.07360469499742128
97.0,53.0,-29.014114,3454.8464,60341680.72518932,0.07644581930879395
78.0,54.926212,-30.0,3454.8464,71594494.60112977,0.02855327992825418
79.0,54.832176,-30.0,3454.8464,70983834.69645424,0.030997104685729485
80.0,54.73065,-30.0,3454.8464,70376208.07522649,0.03343488781773675
81.0,54.62169,-30.0,3454.8464,69771633.98548588,0.0358667134730282
82.0,54.505325,-30.0,3454.8464,69170131.76057246,0.038292674324997014
83.0,54.38161,-30.0,3454.8464,68571720.78997463,0.04071287126438394
84.0,54.250576,-30.0,3454.8464,67976420.4880114,0.043127413091062584
85.7725,54.0,-30.0,3454.8464,66929501.563746504,0.04739226886077334
85.0,54.112263,-30.0,3454.8464,67384250.2605029,0.045536416164144264
86.0,54.0,-29.971825,3454.8464,66790172.35066001,0.04800878781123588
87.0,54.0,-29.841564,3454.8464,66180977.00259136,0.05072474915541536
88.0,54.0,-29.70353,3454.8464,65573656.82366688,0.05345375675630851
89.0,54.0,-29.557621,3454.8464,64968245.44679124,0.056195866222496935
90.0,54.0,-29.403742,3454.8464,64364778.381058425,0.05895111140569652
91.0,54.0,-29.24179,3454.8464,63763292.919020586,0.06171950396299003
92.0,54.0,-29.071672,3454.8464,63163828.040003896,0.06450103302181585
67.0,55.451553,-30.0,3454.8464,78504462.43182005,0.0012521578972551285
68.0,55.443344,-30.0,3454.8464,77861677.2120341,0.003765475257279381
69.0,55.42703,-30.0,3454.8464,77221766.32686965,0.006272554717146703
70.0,55.402676,-30.0,3454.8464,76584747.289504,0.008773367267007705
71.0,55.370358,-30.0,3454.8464,75950637.84523264,0.011267893799718513
72.0,55.33014,-30.0,3454.8464,75319455.96469063,0.01375612506852693
73.0,55.282085,-30.0,3454.8464,74691219.83455923,0.016238061618292523
74.0,55.226257,-30.0,3454.8464,74065947.84591721,0.018713713690607384
75.0,55.162712,-30.0,3454.8464,73443658.58039683,0.021183101103315817
76.0,55.09151,-30.0,3454.8464,72824370.7935704,0.02364625310529943
77.14785,55.0,-30.0,3454.8464,72117563.2452936,0.02646520144939505
77.0,55.012703,-30.0,3454.8464,72208103.39530186,0.026103208207615074
78.0,55.0,-29.939474,3454.8464,71584355.53672336,0.028699541406959073
79.0,55.0,-29.861485,3454.8464,70960586.15790614,0.031332119350573916
80.0,55.0,-29.776318,3454.8464,70338608.06301087,0.0339762136915704
81.0,55.0,-29.683887,3454.8464,69718437.65214857,0.03663198924859786
82.0,55.0,-29.5841,3454.8464,69100093.64553371,0.039299595378578564
83.0,55.0,-29.47687,3454.8464,68483597.03367499,0.04197916500622273
84.0,55.0,-29.3621,3454.8464,67868971.01961021,0.04467081372042727
85.0,55.0,-29.239702,3454.8464,67256240.95626427,0.047374638919479975
86.0,55.0,-29.10958,3454.8464,66645434.27843728,0.05009071903874259
67.0,56.0,-29.5703,3454.8464,78438190.99088493,0.0022519334360556046
68.0,56.0,-29.561247,3454.8464,77793518.59629229,0.004789941848724851
69.0,56.0,-29.54566,3454.8464,77150711.65244626,0.007336915333021247
70.0,56.0,-29.523481,3454.8464,76509761.25295292,0.009893084315684947
71.0,56.0,-29.49465,3454.8464,75870660.83974358,0.012458675368100176
72.0,56.0,-29.459097,3454.8464,75233406.22315285,0.01503391008960887
73.0,56.0,-29.416756,3454.8464,74597995.5950272,0.017619003980227758
74.0,56.0,-29.367556,3454.8464,73964429.53486015,0.020214165305652676
75.0,56.0,-29.311422,3454.8464,73332711.01037733,0.022819593979194842
76.0,56.0,-29.248281,3454.8464,72702845.36819309,0.0254354804257054
77.0,56.0,-29.178051,3454.8464,72074840.32060273,0.028062004470744674
78.0,56.0,-29.100655,3454.8464,71448705.92620714,0.030699334274054517
79.0,56.0,-29.016006,3454.8464,70824454.56163971,0.03334762525763446
164.69179,0.0,-29.0,3454.8464,28256680.152983427,0.2652040133345113
165.0,0.0,-28.80373,3454.8464,28091021.824945465,0.26716563566992485
166.0,0.0,-28.161367,3454.8464,27558910.504160337,0.2735511575091137
164.6736,1.0,-29.0,3454.8464,28263176.322205078,0.26513680906770487
165.0,1.0,-28.792158,3454.8464,28087776.070093863,0.2672134684852295
166.0,1.0,-28.149689,3454.8464,27555751.381110173,0.2735977476523201
164.61897,2.0,-29.0,3454.8464,28286622.87598167,0.26489823325367745
165.0,2.0,-28.757431,3454.8464,28082024.345304903,0.26731888156059064
166.0,2.0,-28.114643,3454.8464,27550303.572444487,0.2736973496159057
164.52785,3.0,-29.0,3454.8464,28325694.39156409,0.26450128755108293
165.0,3.0,-28.699528,3454.8464,28072477.90155673,0.26749363628547074
166.0,3.0,-28.05621,3454.8464,27541262.765104275,0.27386243793437054
164.40007,4.0,-29.0,3454.8464,28380381.878288887,0.26394698611979955
165.0,4.0,-28.618408,3454.8464,28059196.06625785,0.26773634522688505
164.23544,5.0,-29.0,3454.8464,28450672.98878238,0.26323673525681307
165.0,5.0,-28.514017,3454.8464,28042261.264777523,0.2680450920213054
164.0337,6.0,-29.0,3454.8464,28536552.25562734,0.26237232013608175
164.0,6.14124,-29.0,3454.8464,28550865.39977656,0.26222869829945117
165.0,6.0,-28.386282,3454.8464,28021778.398710743,0.2684174567421854
163.79628,7.0,-29.0,3454.8464,28638638.006212868,0.26135401598374536
164.0,7.0,-28.871347,3454.8464,28529253.8268709,0.26262051807427034
165.0,7.0,-28.235117,3454.8464,27997874.062284715,0.26885054757549437
163.52165,8.0,-29.0,3454.8464,28756491.034381405,0.2601855407449311
164.0,8.0,-28.698244,3454.8464,28500589.794173453,0.2631384071962969
165.0,8.0,-28.06042,3454.8464,27970695.60820518,0.269341038140337
163.20909,9.0,-29.0,3454.8464,28889983.66881644,0.25887001139504046
163.0,9.596557,-29.0,3454.8464,28978868.26931771,0.257999106749874
164.0,9.0,-28.501701,3454.8464,28468632.200497568,0.2637134003820929
162.8593,10.0,-29.0,3454.8464,29039538.968688156,0.2574092103256493
163.0,10.0,-28.911905,3454.8464,28964094.44786231,0.2582632652742331
164.0,10.0,-28.281586,3454.8464,28433570.792803776,0.2643413488429449
162.47258,11.0,-29.0,3454.8464,29205460.90442945,0.2558055324216132
163.0,11.0,-28.670298,3454.8464,28924102.605134156,0.2589759213359385
164.0,11.0,-28.037743,3454.8464,28395612.930158846,0.2650177985560704
162.04657,12.0,-29.0,3454.8464,29387061.518901177,0.25406453960322584
162.0,12.100359,-29.0,3454.8464,29406814.026891083,0.2538762732571141
163.0,12.0,-28.405012,3454.8464,28881264.85576637,0.2597354333781654
161.58406,13.0,-29.0,3454.8464,29585658.076446228,0.2521860665033756
162.0,13.0,-28.742197,3454.8464,29363872.23088058,0.2546324417389948
163.0,13.0,-28.115862,3454.8464,28835824.8203884,0.26053679368874044
161.0815,14.0,-29.0,3454.8464,29800149.171312176,0.2501772926031359
161.0,14.150541,-29.0,3454.8464,29834721.38039743,0.24985570964231457
162.0,14.0,-28.43186,3454.8464,29313547.897857353,0.2555141355350862
160.54149,15.0,-29.0,3454.8464,30031867.518036213,0.2480383188038993
160.0,15.932039,-29.0,3454.8464,30262782.32346753,0.2459302864886708
161.0,15.0,-28.718435,3454.8464,29787927.071610667,0.25066895881594586
162.0,15.0,-28.097456,3454.8464,29260990.990326915,0.25642993527435665
159.96062,16.0,-29.0,3454.8464,30279803.582752332,0.24577633074443508
160.0,16.0,-28.975996,3454.8464,30258770.744673446,0.2459992973806431
161.0,16.0,-28.363037,3454.8464,29730574.701368064,0.2516607744773341
159.34169,17.0,-29.0,3454.8464,30545472.938639447,0.24339107635653096
159.0,17.517387,-29.0,3454.8464,30690912.320105884,0.24209763502652026
160.0,17.0,-28.599789,3454.8464,30196626.680898204,0.2470648968752704
158.68181,18.0,-29.0,3454.8464,30828133.535636082,0.2408890969878211
158.0,18.972116,-29.0,3454.8464,31119586.355737157,0.23834702621280274
159.0,18.0,-28.808092,3454.8464,30659014.473568957,0.24263915190467228
160.0,18.0,-28.199188,3454.8464,30132856.024092987,0.2481529325447859
157.98047,19.0,-29.0,3454.8464,31128044.673961997,0.23827398431154248
158.0,19.0,-28.988317,3454.8464,31117636.67245519,0.2383797956034627
159.0,19.0,-28.386774,3454.8464,30590671.74006955,0.24379491550471566
157.23936,20.0,-29.0,3454.8464,31446465.080183756,0.23554632037720252
157.0,20.305506,-29.0,3454.8464,31548385.422546737,0.2346815064204825
158.0,20.0,-28.546413,3454.8464,31044795.82344186,0.23960016967767941
156.45602,21.0,-29.0,3454.8464,31782948.060108233,0.23271178790301927
156.0,21.552025,-29.0,3454.8464,31977771.376300894,0.2310912686444092
157.0,21.0,-28.678436,3454.8464,31495180.70586975,0.23556421814986672
158.0,21.0,-28.079636,3454.8464,30971066.82144359,0.24083064987640818
155.62985,22.0,-29.0,3454.8464,32137888.115775265,0.2297734996886297
155.0,22.724503,-29.0,3454.8464,32407798.316736437,0.22757284868852573
156.0,22.0,-28.783165,3454.8464,31941807.184881806,0.23168223351464567
157.0,22.0,-28.191063,3454.8464,31417283.01168354,0.23685248628107022
154.76031,23.0,-29.0,3454.8464,32511778.309772875,0.22673419783441454
154.0,23.832449,-29.0,3454.8464,32838498.991940852,0.22412319448799922
155.0,23.0,-28.860903,3454.8464,32384683.45707715,0.22794911703379528
156.0,23.0,-28.275274,3454.8464,31859874.4005228,0.23302479081887462
153.84677,24.0,-29.0,3454.8464,32905144.659637034,0.22359642907166857
153.0,24.88379,-29.0,3454.8464,33269920.23958514,0.22073917507543575
154.0,24.0,-28.911936,3454.8464,32823844.092548974,0.2243595722992337
155.0,24.0,-28.332556,3454.8464,32298869.01640556,0.22934239338229553
152.88846,25.0,-29.0,3454.8464,33318548.629136294,0.22036251683762925
152.0,25.885166,-29.0,3454.8464,33702122.15242372,0.21741761852192829
153.0,25.0,-28.93653,3454.8464,33259348.961968407,0.22090817276710742
154.0,25.0,-28.363173,3454.8464,32734320.022130333,0.22579997541222105
151.88448,26.0,-29.0,3454.8464,33752589.82156477,0.21703453405743173
151.0,26.842196,-29.0,3454.8464,34135177.24184956,0.21415534615444462
152.0,26.0,-28.93494,3454.8464,33691282.12826807,0.21758942290736438
153.0,26.0,-28.367378,3454.8464,33166304.627663776,0.22239213227169502
150.83379,27.0,-29.0,3454.8464,34207908.90648428,0.21361427677775782
150.0,27.759634,-29.0,3454.8464,34569169.60621545,0.21094920245372692
151.0,27.0,-28.907398,3454.8464,34119750.72120738,0.2143978132951009
152.0,27.0,-28.345402,3454.8464,33594922.98114206,0.2191134293077601
149.73524,28.0,-29.0,3454.8464,34685190.81257519,0.21010323790514798
149.0,28.641546,-29.0,3454.8464,35004194.09654501,0.20779608140503067
150.0,28.0,-28.854118,3454.8464,34544883.8048586,0.2113278690745954
151.0,28.0,-28.297459,3454.8464,34020297.04848341,0.2159584517704914
148.58751,29.0,-29.0,3454.8464,35185168.21227686,0.20650258146000477
148.0,29.491407,-29.0,3454.8464,35440355.50011307,0.20469294885133765
149.0,29.0,-28.775297,3454.8464,34966831.23402829,0.20837419266426563
150.0,29.0,-28.223743,3454.8464,34442569.49757411,0.21292184844916132
147.38908,30.0,-29.0,3454.8464,35708625.35188551,0.20281311639243133
147.0,30.31221,-29.0,3454.8464,35877767.742873535,0.20163686158140248
148.0,30.0,-28.67111,3454.8464,35385762.51983037,0.20553150025102263
149.0,30.0,-28.124434,3454.8464,34861902.57165334,0.20999836961730856
145.0,31.873554,-29.0,3454.8464,36756450.8894517,0.19565806527445448
146.13829,31.0,-29.0,3454.8464,36256402.27521377,0.19903527019559675
146.0,31.10653,-29.0,3454.8464,36316553.10910335,0.1986249830402897
147.0,31.0,-28.541716,3454.8464,35801865.70934229,0.20279465300234614
144.83437,32.0,-29.0,3454.8464,36830128.540004715,0.1951667782424756
144.0,32.615543,-29.0,3454.8464,37197528.04877022,0.1927336627069196
145.0,32.0,-28.91365,3454.8464,36741983.30346678,0.19587619591582764
146.0,32.0,-28.387247,3454.8464,36215346.27760692,0.2001586829662415
143.47534,33.0,-29.0,3454.8464,37430930.56626582,0.19120669289420267
143.0,33.337006,-29.0,3454.8464,37640247.05418059,0.1898462222945117
144.0,33.0,-28.730057,3454.8464,37152451.95018228,0.19340922221368878
145.0,33.0,-28.20782,3454.8464,36626426.03951792,0.19761881419856012
141.0,34.718384,-29.0,3454.8464,38530209.96081923,0.1841801772890027
142.05788,34.0,-29.0,3454.8464,38059274.52387756,0.18715589783618317
142.0,34.03945,-29.0,3454.8464,38084754.27179808,0.18699332117222156
143.0,34.0,-28.521828,3454.8464,37560710.19188453,0.19103162652668387
144.0,34.0,-28.003525,3454.8464,37035342.08321636,0.19517047950855654
140.58199,35.0,-29.0,3454.8464,38718282.96933249,0.18300662869463194
140.0,35.380222,-29.0,3454.8464,38977478.35052192,0.18139851935327195
141.0,35.0,-28.79248,3454.8464,38495362.45635655,0.1846944993601756
142.0,35.0,-28.289036,3454.8464,37967016.90635522,0.18873907606559645
138.0,36.65267,-29.0,3454.8464,39877183.082658604,0.17592704656950606
139.04271,36.0,-29.0,3454.8464,39407849.01039808,0.17876103089755
139.0,36.026844,-29.0,3454.8464,39426855.56298785,0.17864517667742452
140.0,36.0,-28.531717,3454.8464,38899239.39680765,0.18254805656434264
141.0,36.0,-28.031723,3454.8464,38371644.16962498,0.186527474916008
136.0,37.862125,-29.0,3454.8464,40784126.958659455,0.17056769375467454
137.43965,37.0,-29.0,3454.8464,40131873.046627566,0.17440821975222182
137.0,37.264847,-29.0,3454.8464,40329698.413634196,0.1732342457296306
138.0,37.0,-28.732363,3454.8464,39832108.24995716,0.17658380957272063
139.0,37.0,-28.246687,3454.8464,39301698.07336586,0.18047663038405212
135.76761,38.0,-29.0,3454.8464,40890885.27797458,0.16994769406878238
135.0,38.44305,-29.0,3454.8464,41240001.914862834,0.16792903942089366
136.0,38.0,-28.891748,3454.8464,40765765.69695093,0.17083321689632067
137.0,38.0,-28.420095,3454.8464,40232642.77671244,0.1746435786432936
133.0,39.56576,-29.0,3454.8464,42158053.23828079,0.16271919418956438
134.02354,39.0,-29.0,3454.8464,41687839.55678041,0.16537086070587984
134.0,39.013077,-29.0,3454.8464,41698530.186129056,0.1653100377965289
135.0,39.0,-28.552692,3454.8464,41164657.08318203,0.16901560902089136
136.0,39.0,-28.083755,3454.8464,40632368.67734242,0.17276945957788759
131.0,40.63678,-29.0,3454.8464,43084153.78011314,0.1575948479833869
132.20424,40.0,-29.0,3454.8464,42526697.38315428,0.16066543335247555
132.0,40.108635,-29.0,3454.8464,42620377.96365888,0.16014535554169707
133.0,40.0,-28.645203,3454.8464,42097964.33279189,0.16358053273786594
134.0,40.0,-28.189734,3454.8464,41563072.25170465,0.16725912927324094
129.0,41.659485,-29.0,3454.8464,44018618.116782725,0.1525466506613505
130.30386,41.0,-29.0,3454.8464,43409775.255993836,0.1558239752533242
130.0,41.154694,-29.0,3454.8464,43550527.48974359,0.15506079490416128
131.0,41.0,-28.698322,3454.8464,43032833.34445936,0.1583266882701877
132.0,41.0,-28.256014,3454.8464,42495411.14879757,0.16193388449349744
127.0,42.63686,-29.0,3454.8464,44961772.94280842,0.14756577084726877
128.31699,42.0,-29.0,3454.8464,44341082.186176196,0.15083306982725087
128.0,42.154343,-29.0,3454.8464,44489302.90551976,0.15004738463541534
129.0,42.0,-28.712717,3454.8464,43969579.18939975,0.15324294176283426
130.0,42.0,-28.283258,3454.8464,43429689.33069395,0.15678248903568284
125.0,43.571545,-29.0,3454.8464,45913955.98395555,0.14264389976210418
126.23707,43.0,-29.0,3454.8464,45325186.349905565,0.14567688105850973
126.0,43.110302,-29.0,3454.8464,45437039.46277721,0.14509667120270442
127.0,43.0,-28.689016,3454.8464,44908563.7552736,0.14831868366580536
128.0,43.0,-28.272093,3454.8464,44366256.45362073,0.15179423352259452
122.0,44.89936,-29.0,3454.8464,47360291.94388132,0.13535368075894788
123.0,44.46586,-29.0,3454.8464,46875514.87808907,0.13777325249214395
124.05624,44.0,-29.0,3454.8464,46367318.19421814,0.14033671841481482
124.0,44.024982,-29.0,3454.8464,46394082.41739242,0.14020072050768542
125.0,44.0,-28.627804,3454.8464,45850196.06284773,0.1435438226558265
126.0,44.0,-28.223103,3454.8464,45305508.25263533,0.1469589294761831
120.0,45.735935,-29.0,3454.8464,48336183.9808302,0.13054768367363112
121.76555,45.0,-29.0,3454.8464,47475154.878956504,0.13478498385897392
121.0,45.321842,-29.0,3454.8464,47846806.01588681,0.1329465670829258
122.0,45.0,-28.911848,3454.8464,47345019.027839765,0.135568264383687
123.0,45.0,-28.529627,3454.8464,46794932.29925951,0.13890877779506233
124.0,45.0,-28.136831,3454.8464,46247886.660718106,0.1422669013917079
117.0,46.92498,-29.0,3454.8464,49819660.497318946,0.12339952989382501
118.0,46.536713,-29.0,3454.8464,49322245.60918926,0.12577571842963586
119.353065,46.0,-29.0,3454.8464,48655483.324797064,0.12899601742575373
119.0,46.141273,-29.0,3454.8464,48828193.3334565,0.1281571017859512
120.0,46.0,-28.765686,3454.8464,48295649.96884378,0.13111689801911652
121.0,46.0,-28.394976,3454.8464,47743275.53506264,0.13440446975847872
122.0,46.0,-28.013777,3454.8464,47193879.62861758,0.13770897767130705
115.0,47.67357,-29.0,3454.8464,50821025.243232876,0.11866886635472979
116.80462,47.0,-29.0,3454.8464,49917871.158472925,0.12293372075807311
116.0,47.30317,-29.0,3454.8464,50318849.08633333,0.1210317218321541
117.0,47.0,-28.932976,3454.8464,49807979.048959896,0.12356322028480755
118.0,47.0,-28.583796,3454.8464,49250449.010863006,0.12678441057436823
119.0,47.0,-28.224285,3454.8464,48695775.09592442,0.13002231183777282
112.0,48.735855,-29.0,3454.8464,52343774.961777635,0.11160815491852857
113.0,48.38971,-29.0,3454.8464,51833385.834669665,0.11395780866422904
114.102356,48.0,-29.0,3454.8464,51275035.98810928,0.11654985779775891
114.0,48.036556,-29.0,3454.8464,51326371.44772173,0.1163101435961023
115.0,48.0,-28.704922,3454.8464,50769831.36732707,0.11938740685822602
116.0,48.0,-28.366543,3454.8464,50210027.793384016,0.12256278709818252
117.0,48.0,-28.017927,3454.8464,49653025.56408106,0.12575420130464926
109.0,49.72652,-29.0,3454.8464,53891129.35021329,0.10457723242433514
110.0,49.403934,-29.0,3454.8464,53372440.47220472,0.10691867148239029
111.222694,49.0,-29.0,3454.8464,52743521.72520644,0.10978117961918665
111.0,49.074398,-29.0,3454.8464,52857124.3407145,0.10926148234175362
112.0,49.0,-28.759916,3454.8464,52301987.105804764,0.11219492319609783
113.0,49.0,-28.4421,3454.8464,51737170.59633316,0.11531182516878039
114.0,49.0,-28.114225,3454.8464,51175042.24497065,0.11844448884337777
105.0,50.94077,-29.0,3454.8464,55994153.25173544,0.09522331867300837
106.0,50.64804,-29.0,3454.8464,55463725.74947049,0.09756129807850691
107.0,50.348396,-29.0,3454.8464,54936652.342614196,0.09989914507110818
108.134605,50.0,-29.0,3454.8464,54343177.302234,0.1025503849119979
108.0,50.04186,-29.0,3454.8464,54412947.380915485,0.10223712768307643
109.0,50.0,-28.750233,3454.8464,53847630.20740377,0.10518917607317027
110.0,50.0,-28.452412,3454.8464,53277880.63641626,0.10825161504537467
111.0,50.0,-28.144718,3454.8464,52710713.19409868,0.11132949543172038
102.0,51.77276,-29.0,3454.8464,57601089.55743922,0.08820737989384955
103.0,51.50242,-29.0,3454.8464,57062202.01531628,0.09054714141886291
104.794205,51.0,-29.0,3454.8464,56104369.57206391,0.09474016508910602
104.0,51.225204,-29.0,3454.8464,56526661.07562406,0.09288563087790239
105.0,51.0,-28.946001,3454.8464,55984698.83997513,0.09535653828641852
106.0,51.0,-28.677198,3454.8464,55407630.696842924,0.09835312890119194
107.0,51.0,-28.39881,3454.8464,54832986.53323951,0.10136509870056147
108.0,51.0,-28.110739,3454.8464,54260827.735046685,0.10439213522606273
98.0,52.781086,-29.0,3454.8464,59785368.8990359,0.07883007581627902
99.0,52.539597,-29.0,3454.8464,59234621.08303756,0.08117790031530558
100.0,52.291233,-29.0,3454.8464,58687193.694235235,0.08352317254678468
101.138435,52.0,-29.0,3454.8464,58068505.05714117,0.08618893950072525
101.0,52.03601,-29.0,3454.8464,58143103.88716227,0.08586612972097611
102.0,52.0,-28.792088,3454.8464,57564904.565872625,0.0887199483408557
103.0,52.0,-28.541971,3454.8464,56983018.12741694,0.09167051263495843
104.0,52.0,-28.282469,3454.8464,56403472.695872694,0.09463598187091252
105.0,52.0,-28.013481,3454.8464,55826327.04139642,0.09761608614331928
93.0,53.881176,-29.0,3454.8464,62583295.05657503,0.06704147895061525
94.0,53.67514,-29.0,3454.8464,62017376.93046894,0.06940659600091811
95.0,53.462185,-29.0,3454.8464,61454730.994734645,0.07176782144115637
96.0,53.242336,-29.0,3454.8464,60895376.05394304,0.07412536550416844
97.06736,53.0,-29.0,3454.8464,60302228.14392212,0.07663721851387709
97.0,53.015614,-29.0,3454.8464,60339330.48966352,0.07647944126468566
98.0,53.0,-28.800327,3454.8464,59750744.39453231,0.07932339801178885
99.0,53.0,-28.577463,3454.8464,59161754.59110798,0.08221734648282841
100.0,53.0,-28.345514,3454.8464,58574981.66882053,0.08512587106489355
101.0,53.0,-28.104376,3454.8464,57990480.35791515,0.0880487696437324
87.0,54.96796,-29.0,3454.8464,66040986.92909575,0.05275154299133194
88.0,54.80435,-29.0,3454.8464,65456751.812733166,0.05514559570392508
89.0,54.633728,-29.0,3454.8464,64875716.65195386,0.05753448967122011
90.0,54.456112,-29.0,3454.8464,64297901.447419494,0.05991839309614881
91.0,54.27153,-29.0,3454.8464,63723325.98780158,0.06229747952837066
92.405106,54.0,-29.0,3454.8464,62922357.822372675,0.06563016280110368
92.0,54.08001,-29.0,3454.8464,63152009.80774627,0.06467192742780488
93.0,54.0,-28.892693,3454.8464,62564784.484182544,0.0673072309473191
94.0,54.0,-28.704775,3454.8464,61966652.78283428,0.07013540507930352
95.0,54.0,-28.508184,3454.8464,61370590.2800902,0.0729777721769462
96.0,54.0,-28.302809,3454.8464,60776645.0930668,0.07583422437082775
97.0,54.0,-28.088547,3454.8464,60184866.55228582,0.07870462816866418
80.0,55.91239,-29.0,3454.8464,70213507.34792383,0.0358273826145265
81.0,55.798954,-29.0,3454.8464,69608042.47462855,0.03826304528504056
82.0,55.6783,-29.0,3454.8464,69005682.66727424,0.04069255325727314
83.0,55.550465,-29.0,3454.8464,68406448.18708552,0.04311601280656281
84.0,55.415485,-29.0,3454.8464,67810359.30622695,0.04553353804721084
85.0,55.273396,-29.0,3454.8464,67217436.27171859,0.04794525056859977
86.79654,55.0,-29.0,3454.8464,66160774.95293709,0.05226239553551925
86.0,55.124233,-29.0,3454.8464,66627699.26824931,0.05035127905963399
87.0,55.0,-28.971546,3454.8464,66036139.61585715,0.0528219354506418
88.0,55.0,-28.825157,3454.8464,65427021.85582319,0.05557739921318321
89.0,55.0,-28.670597,3454.8464,64819831.18250124,0.05834637011814543
90.0,55.0,-28.50776,3454.8464,64214605.39114548,0.06112885397177608
91.0,55.0,-28.336538,3454.8464,63611384.046141356,0.0639248320964147
92.0,55.0,-28.156828,3454.8464,63010208.3790227,0.06673426107041996
66.0,56.716625,-29.0,3454.8464,79001399.34178497,0.0010343159207665104
67.0,56.709286,-29.0,3454.8464,78354516.86620918,0.0035624020662388136
68.0,56.69398,-29.0,3454.8464,77710515.27337623,0.006083937004790629
69.0,56.670784,-29.0,3454.8464,77069412.55013798,0.008598884494288734
70.0,56.639767,-29.0,3454.8464,76431226.94575149,0.011107218502197074
71.0,56.60099,-29.0,3454.8464,75795976.96501753,0.013608923168074237
72.0,56.55452,-29.0,3454.8464,75163681.35877319,0.016103992738159274
73.0,56.500416,-29.0,3454.8464,74534359.11153147,0.01859243146990821
74.0,56.438736,-29.0,3454.8464,73908029.4276446,0.021074253519701755
75.0,56.369534,-29.0,3454.8464,73284711.71392035,0.023549482793278512
76.0,56.292862,-29.0,3454.8464,72664425.55922739,0.026018152765129164
77.0,56.20878,-29.0,3454.8464,72047190.71342564,0.02848030628883815
78.0,56.11732,-29.0,3454.8464,71433027.06452894,0.03093599538706946
79.17582,56.0,-29.0,3454.8464,70715241.47663668,0.03381425580221621
79.0,56.018547,-29.0,3454.8464,70821954.61168626,0.033385280999724015
80.0,56.0,-28.924011,3454.8464,70200914.8143963,0.036013702933038814
81.0,56.0,-28.82451,3454.8464,69578936.7497726,0.038693328868759425
82.0,56.0,-28.717405,3454.8464,68958792.15157416,0.04138525677197148
83.0,56.0,-28.602594,3454.8464,68340504.13063577,0.044089605503166304
84.0,56.0,-28.479979,3454.8464,67724098.0326708,0.04680647423863362
85.0,56.0,-28.349457,3454.8464,67109601.36956313,0.04953594161787715
86.0,56.0,-28.210928,3454.8464,66497043.74446708,0.0522780649767286
87.0,56.0,-28.06429,3454.8464,65886456.77667576,0.05503287966798501
66.0,57.0,-28.770128,3454.8464,78966641.7592536,0.0015761257201180562
67.0,57.0,-28.762718,3454.8464,78318366.37445022,0.004123667149295357
68.0,57.0,-28.74868,3454.8464,77671956.05400872,0.006680370393126437
69.0,57.0,-28.72795,3454.8464,77027400.73104909,0.009246478117346326
70.0,57.0,-28.70046,3454.8464,76384692.75685182,0.011822228888662724
71.0,57.0,-28.666142,3454.8464,75743826.92297766,0.014407855970149881
72.0,57.0,-28.62492,3454.8464,75104800.47622843,0.017003586103449576
73.0,57.0,-28.576721,3454.8464,74467613.12618487,0.019609638281371744
74.0,57.0,-28.521465,3454.8464,73832267.04695043,0.022226222535338687
75.0,57.0,-28.459072,3454.8464,73198766.87040147,0.024853538701907638
76.0,57.0,-28.389456,3454.8464,72567119.6717802,0.027491775222823117
77.0,57.0,-28.31253,3454.8464,71937334.95218886,0.030141107975725494
78.0,57.0,-28.228209,3454.8464,71309424.6107913,0.03280169911183429
79.0,57.0,-28.136398,3454.8464,70683402.91214722,0.03547369594381365
80.0,57.0,-28.037006,3454.8464,70059286.44720735,0.03815722987537012
166.24928,0.0,-28.0,3454.8464,27427617.7136212,0.27514707295470686
167.0,0.0,-27.494976,3454.8464,27023003.71300784,0.28021150005148876
166.23126,1.0,-28.0,3454.8464,27433979.03283914,0.2750777035679135
167.0,1.0,-27.482887,3454.8464,27019743.334778856,0.2802616905602595
166.17715,2.0,-28.0,3454.8464,27457089.73100108,0.274829403898555
167.0,2.0,-27.446611,3454.8464,27014039.680612035,0.2803697740727441
166.0869,3.0,-28.0,3454.8464,27495600.517584506,0.2744163271353319
166.0,3.6867886,-28.0,3454.8464,27532610.7930409,0.27402020177064534
167.0,3.0,-27.386126,3454.8464,27004574.97286407,0.28054886672149076
165.96066,4.0,-28.0,3454.8464,27549617.558558024,0.27383925560416295
166.0,4.0,-27.973688,3454.8464,27528268.43867239,0.27410245351402907
167.0,4.0,-27.30139,3454.8464,26991410.935505927,0.2807974143152786
165.79903,5.0,-28.0,3454.8464,27619371.681216866,0.2730990270605129
166.0,5.0,-27.865639,3454.8464,27510529.286954314,0.2744378615181008
167.0,5.0,-27.192345,3454.8464,26974633.288110774,0.2811132718525633
165.60094,6.0,-28.0,3454.8464,27704589.054393455,0.2721983764268486
166.0,6.0,-27.733429,3454.8464,27489077.263462216,0.27484209222121964
167.0,6.0,-27.058918,3454.8464,26954351.064912055,0.2814937335429093
165.36612,7.0,-28.0,3454.8464,27805248.104474667,0.27113968564604507
166.0,7.0,-27.576967,3454.8464,27464047.03327462,0.275311842061736
165.09418,8.0,-28.0,3454.8464,27921324.252861317,0.2699257148723547
165.0,8.304989,-28.0,3454.8464,27961373.452834204,0.2695088673584386
166.0,8.0,-27.39615,3454.8464,27435595.23102033,0.2758433156685067
164.78658,9.0,-28.0,3454.8464,28053433.182397198,0.26855767324306223
165.0,9.0,-27.858547,3454.8464,27938199.73781473,0.26994033699792414
166.0,9.0,-27.190853,3454.8464,27403899.270984475,0.2764322760240944
164.4421,10.0,-28.0,3454.8464,28201292.703829207,0.2670397448802247
165.0,10.0,-27.630737,3454.8464,27901487.135713495,0.27062072378784185
164.05934,11.0,-28.0,3454.8464,28364589.85201314,0.26537649461174867
164.0,11.141268,-28.0,3454.8464,28389785.689088088,0.2651213802214089
165.0,11.0,-27.378372,3454.8464,27861754.27632135,0.2713526507311895
163.64085,12.0,-28.0,3454.8464,28544392.09517599,0.26356864542982344
164.0,12.0,-27.764164,3454.8464,28351355.427294385,0.26582558584387983
165.0,12.0,-27.101282,3454.8464,27819238.083230074,0.27213077515242984
163.18367,13.0,-28.0,3454.8464,28739858.359650057,0.26162281637228213
163.0,13.370582,-28.0,3454.8464,28817889.00301162,0.26085196867942667
164.0,13.0,-27.464931,3454.8464,28303787.954201296,0.2666919359879329
162.6892,14.0,-28.0,3454.8464,28951744.390932783,0.2595410651061656
163.0,14.0,-27.797657,3454.8464,28784958.83477437,0.26144709887402384
164.0,14.0,-27.140797,3454.8464,28253784.47491869,0.26759637980056644
162.15587,15.0,-28.0,3454.8464,29179732.402376845,0.2573288105815712
162.0,15.272346,-28.0,3454.8464,29245897.574904848,0.2566920317675
163.0,15.0,-27.451622,3454.8464,28729944.084524207,0.2624358345177848
161.58476,16.0,-28.0,3454.8464,29424538.97116977,0.25498850155768454
161.0,16.956175,-28.0,3454.8464,29673958.440015342,0.2526347954302716
162.0,16.0,-27.732178,3454.8464,29202462.970054522,0.2574659726019174
163.0,16.0,-27.08044,3454.8464,28672914.412752204,0.26345357891905874
160.97327,17.0,-28.0,3454.8464,29685514.217525586,0.25252677329395357
161.0,17.0,-27.982883,3454.8464,29671168.347948942,0.25268398327306474
162.0,17.0,-27.33927,3454.8464,29140555.767196134,0.2585625215130772
160.32407,18.0,-28.0,3454.8464,29964058.368497536,0.24994417131268482
160.0,18.469372,-28.0,3454.8464,30101879.696815073,0.24867942504958085
161.0,18.0,-27.568422,3454.8464,29604408.408298105,0.2538565067889948
159.63422,19.0,-28.0,3454.8464,30259467.639225416,0.24724758239521338
159.0,19.867533,-28.0,3454.8464,30530204.81647096,0.24481319911464056
160.0,19.0,-27.768282,3454.8464,30064359.77443044,0.24933154548092923
161.0,19.0,-27.128431,3454.8464,29536310.627473123,0.2550447170896284
158.90326,20.0,-28.0,3454.8464,30572031.048872307,0.24444092051928454
159.0,20.0,-27.939222,3454.8464,30520328.83991961,0.24498306694106686
160.0,20.0,-27.306808,3454.8464,29991672.50408066,0.25058865007628733
158.13206,21.0,-28.0,3454.8464,30902596.366046593,0.2415263765414532
158.0,21.162506,-28.0,3454.8464,30958691.338287417,0.24103656391941297
159.0,21.0,-27.456385,3454.8464,30443146.610472485,0.24630542625756452
157.31956,22.0,-28.0,3454.8464,31251352.167175557,0.23850807037374322
157.0,22.373806,-28.0,3454.8464,31387482.144607805,0.2373439124243684
158.0,22.0,-27.5775,3454.8464,30890705.773540244,0.2421897962105996
156.46451,23.0,-28.0,3454.8464,31618420.109476127,0.23539025225344345
156.0,23.517378,-28.0,3454.8464,31816804.280755572,0.23372880857420553
157.0,23.0,-27.67047,3454.8464,31334351.174165063,0.23823619400451285
158.0,23.0,-27.04719,3454.8464,30808860.665758416,0.24357192935341698
155.56635,24.0,-28.0,3454.8464,32004276.13290294,0.23217599585923918
155.0,24.601555,-28.0,3454.8464,32246702.11760965,0.2301877952771605
156.0,24.0,-27.735598,3454.8464,31774111.2285595,0.23443882178761974
157.0,24.0,-27.118828,3454.8464,31248532.806916565,0.23967206082490541
154.62439,25.0,-28.0,3454.8464,32409428.62630212,0.2288681497353212
154.0,25.633324,-28.0,3454.8464,32677233.922319293,0.22671735983119762
155.0,25.0,-27.773167,3454.8464,32210040.429674342,0.2307917270558421
156.0,25.0,-27.162674,3454.8464,31684491.336502627,0.2359244832339135
153.63783,26.0,-28.0,3454.8464,32834420.838555306,0.2254693107359404
153.0,26.618593,-28.0,3454.8464,33108470.958558038,0.22331397327449323
154.0,26.0,-27.78345,3454.8464,32642218.161753576,0.22728887289720873
155.0,26.0,-27.178993,3454.8464,32116808.64251399,0.23232326314531704
152.60579,27.0,-28.0,3454.8464,33279833.47760134,0.22198179852635352
152.0,27.56237,-28.0,3454.8464,33540496.59201209,0.21997412514635845
153.0,27.0,-27.76669,3454.8464,33070747.49506425,0.22392420074177635
154.0,27.0,-27.168036,3454.8464,32545580.676128823,0.22886242710007593
151.52719,28.0,-28.0,3454.8464,33746287.52429299,0.21840763099897592
151.0,28.468937,-28.0,3454.8464,33973405.40468481,0.21669435375934826
152.0,28.0,-27.723118,3454.8464,33495753.975930713,0.22069168583703477
153.0,28.0,-27.13003,3454.8464,32970925.758893017,0.22553601848492635
150.40086,29.0,-28.0,3454.8464,34234447.29472843,0.2147485003318093
150.0,29.341957,-28.0,3454.8464,34407302.33390231,0.21347127210792835
151.0,29.0,-27.65295,3454.8464,33917384.41953502,0.21758538563258178
152.0,29.0,-27.065186,3454.8464,33392983.392853986,0.22233814730492035
148.0,30.99953,-28.0,3454.8464,35278525.526583,0.20718214592479026
149.22545,30.0,-28.0,3454.8464,34745023.77912819,0.21100574945802428
149.0,30.184584,-28.0,3454.8464,34842301.815297514,0.21030158981685354
150.0,30.0,-27.556377,3454.8464,34335805.720012926,0.21459948132881762
147.99942,31.0,-28.0,3454.8464,35278780.664898284,0.20718034122125972
147.0,31.783981,-28.0,3454.8464,35715415.16138296,0.20411665067684942
148.0,31.0,-27.999676,3454.8464,35278472.48354391,0.2071829723261708
149.0,31.0,-27.433569,3454.8464,34751203.666928984,0.21172831307380385
146.72311,32.0,-28.0,3454.8464,35837678.468026266,0.20326925901187243
146.0,32.545128,-28.0,3454.8464,36153659.08682662,0.2010961688550757
147.0,32.0,-27.846195,3454.8464,35690377.8920605,0.20450401095223658
148.0,32.0,-27.284678,3454.8464,35163781.79585311,0.20896640909187933
145.39294,33.0,-28.0,3454.8464,36421710.06486449,0.19927539293655003
145.0,33.284832,-28.0,3454.8464,36593399.13357387,0.19811781905946316
146.0,33.0,-27.667007,3454.8464,36099625.082402095,0.2019266712119939
147.0,33.0,-27.109833,3454.8464,35573760.259262405,0.20630850932396705
143.0,34.699944,-28.0,3454.8464,37476868.40998426,0.19228596210006849
144.00676,34.0,-28.0,3454.8464,37031833.94668484,0.195198375255802
144.0,34.004707,-28.0,3454.8464,37034783.40897193,0.19517887468731715
145.0,34.0,-27.462217,3454.8464,36506457.397536606,0.19944593033317123
142.56517,35.0,-28.0,3454.8464,37671027.79987289,0.19103117186021745
142.0,35.378147,-28.0,3454.8464,37920743.06336154,0.18942798773647257
143.0,35.0,-27.769457,3454.8464,37439217.163245864,0.1928552384791932
144.0,35.0,-27.23191,3454.8464,36911132.63190096,0.19705701776617768
140.0,36.682056,-28.0,3454.8464,38813307.443521604,0.1838164661156212
141.0629,36.0,-28.0,3454.8464,38338818.15973147,0.18677738878575031
141.0,36.040516,-28.0,3454.8464,38366586.245197445,0.1866024395626557
142.0,36.0,-27.510101,3454.8464,37841122.08099364,0.1906257423819835
138.0,37.921913,-28.0,3454.8464,39712737.44351644,0.17833208108331014
139.50017,37.0,-28.0,3454.8464,39038764.302414134,0.1824275186133662
139.0,37.309143,-28.0,3454.8464,39262021.2633449,0.1810600136745893
140.0,37.0,-27.744547,3454.8464,38771427.165206775,0.184440934308021
141.0,37.0,-27.225573,3454.8464,38241397.57047181,0.188477036128691
137.87192,38.0,-28.0,3454.8464,39771136.11639189,0.17798222299491634
137.0,38.517025,-28.0,3454.8464,40164545.43320739,0.17563764999835513
138.0,38.0,-27.936071,3454.8464,39702174.25441981,0.17848832934678618
139.0,38.0,-27.431768,3454.8464,39169422.66505619,0.18243529702911482
135.0,39.668587,-28.0,3454.8464,41074449.31329352,0.17032402775120872
136.17659,39.0,-28.0,3454.8464,40539324.95016196,0.17343182566211068
136.0,39.10085,-28.0,3454.8464,40618874.06683345,0.17296589749904476
137.0,39.0,-27.595537,3454.8464,40098160.10853904,0.1766163971480476
138.0,39.0,-27.094059,3454.8464,39566393.86326271,0.18050065194221268
133.0,40.767746,-28.0,3454.8464,41992038.18668207,0.16510836117368718
134.41028,40.0,-28.0,3454.8464,41345601.41051,0.16876985452419563
134.0,40.224705,-28.0,3454.8464,41532314.59985903,0.16770428481256783
135.0,40.0,-27.717651,3454.8464,41027816.18657861,0.1710071140640081
136.0,40.0,-27.230272,3454.8464,40493450.27472271,0.1748099766761077
131.0,41.817997,-28.0,3454.8464,42917631.01766929,0.15998040928345086
132.56845,41.0,-28.0,3454.8464,42192417.425021216,0.16398886236787277
132.0,41.298447,-28.0,3454.8464,42453695.96189735,0.16253465252499572
133.0,41.0,-27.798864,3454.8464,41958641.701605685,0.16559481595489373
134.0,41.0,-27.325266,3454.8464,41421757.4371762,0.1693203997181431
129.0,42.82242,-28.0,3454.8464,43851559.40181895,0.15493048182036026
130.64667,42.0,-28.0,3454.8464,43083255.57737586,0.15907760713752106
130.0,42.325253,-28.0,3454.8464,43383347.149126396,0.15744716674890424
131.0,42.0,-27.839897,3454.8464,42890932.92011213,0.16036745895878862
132.0,42.0,-27.379759,3454.8464,42351601.48913017,0.16401975805655705
127.0,43.783756,-28.0,3454.8464,44794166.502225615,0.14994944200539548
128.63956,43.0,-28.0,3454.8464,44022060.90370943,0.15402282114949153
128.0,43.307957,-28.0,3454.8464,44321608.7997927,0.15243254250047183
129.0,43.0,-27.84144,3454.8464,43825032.34720478,0.15531357998738177
130.0,43.0,-27.394436,3454.8464,43283313.621721834,0.15889647336306895
125.0,44.704422,-28.0,3454.8464,45745805.96420038,0.1450287066525542
126.54073,44.0,-28.0,3454.8464,45013320.679245785,0.1488088779010196
126.0,44.249058,-28.0,3454.8464,45268832.11787046,0.14748204421988162
127.0,44.0,-27.804152,3454.8464,44761329.286941394,0.15042228622892376
128.0,44.0,-27.369951,3454.8464,44217270.69074096,0.1539395418542252
123.0,45.586544,-28.0,3454.8464,46706840.800188646,0.14016024409342753
124.3425,45.0,-28.0,3454.8464,46062162.89808231,0.1434173773608543
124.0,45.150753,-28.0,3454.8464,46225377.76957169,0.14258748406259536
125.0,45.0,-27.728642,3454.8464,45700260.14886689,0.14568324245979178
126.0,45.0,-27.306917,3454.8464,45153895.59357904,0.1491385216816779
120.0,46.841923,-28.0,3454.8464,48167073.38518282,0.13293861724597494
121.0,46.431995,-28.0,3454.8464,47677642.23646134,0.1353365702983802
122.035675,46.0,-28.0,3454.8464,47174478.870355904,0.13782662561290843
122.0,46.014988,-28.0,3454.8464,47191614.74450799,0.1377412183607782
123.0,46.0,-27.615479,3454.8464,46642308.46391694,0.14108665715813462
124.0,46.0,-27.205898,3454.8464,46093657.37364061,0.14448351886807878
118.0,47.63436,-28.0,3454.8464,49152674.54399349,0.12817082221238274
119.60987,47.0,-28.0,3454.8464,48359904.556952104,0.13200146137823274
119.0,47.2424,-28.0,3454.8464,48658588.51304615,0.13055074350899507
120.0,47.0,-27.85198,3454.8464,48141986.541876845,0.1332978196727671
121.0,47.0,-27.465178,3454.8464,47588004.57627648,0.13662326828071475
122.0,47.0,-27.067413,3454.8464,47037071.01786742,0.13996517267838246
115.0,48.761555,-28.0,3454.8464,50651123.86475273,0.12107033880252929
116.0,48.39381,-28.0,3454.8464,50148883.42733553,0.12343133434953563
117.05066,48.0,-28.0,3454.8464,49625079.47832282,0.12591560999814785
117.0,48.019157,-28.0,3454.8464,49650063.62849338,0.12579635763335056
118.0,48.0,-27.653599,3454.8464,49094140.40869236,0.1290098275952743
119.0,48.0,-27.278194,3454.8464,48537924.98181137,0.13228432942937587
112.0,49.816776,-28.0,3454.8464,52173644.27372956,0.11401670888057804
113.0,49.47251,-28.0,3454.8464,51663156.533053905,0.11636426324624724
114.34128,49.0,-28.0,3454.8464,50984741.47387652,0.11951406774083298
114.0,49.121403,-28.0,3454.8464,51156090.297750205,0.11871444630261818
115.0,49.0,-27.772875,3454.8464,50612520.776660584,0.12162360994110533
116.0,49.0,-27.419249,3454.8464,50051173.00815609,0.12483477459783623
117.0,49.0,-27.054924,3454.8464,49492691.288213775,0.12806159699749667
109.0,50.80276,-28.0,3454.8464,53720893.32822179,0.10699306120645471
110.0,50.48132,-28.0,3454.8464,53202068.00853982,0.10933231603862234
111.45928,50.0,-28.0,3454.8464,52452106.68229158,0.11274499957006939
111.0,50.15309,-28.0,3454.8464,52686662.271133274,0.11167286201505716
112.0,50.0,-27.824654,3454.8464,52143742.4663486,0.11444583405131004
113.0,50.0,-27.492205,3454.8464,51577380.17048493,0.11759768261802296
114.0,50.0,-27.149244,3454.8464,51013767.34196859,0.12076499866761799
106.0,51.721794,-28.0,3454.8464,55293530.34352203,0.09998411046089029
107.0,51.4226,-28.0,3454.8464,54766279.46099008,0.10231983856336263
108.37528,51.0,-28.0,3454.8464,54047690.8881775,0.10552915525723058
108.0,51.11667,-28.0,3454.8464,54242443.76250131,0.1046555924288841
109.0,51.0,-27.810478,3454.8464,53688552.501139216,0.10745847912101172
110.0,51.0,-27.498608,3454.8464,53117256.461846694,0.11055500897728528
111.0,51.0,-27.176418,3454.8464,52548600.34216865,0.11366676597526681
102.0,52.84643,-28.0,3454.8464,57431369.442464985,0.09063820306781871
103.0,52.57572,-28.0,3454.8464,56892214.23600961,0.09297619698587818
104.0,52.29829,-28.0,3454.8464,56356451.8348638,0.09531277778782986
105.04908,52.0,-28.0,3454.8464,55798246.663538165,0.09776220164326961
105.0,52.014153,-28.0,3454.8464,55824098.06773734,0.09764820166178995
106.0,52.0,-27.731762,3454.8464,55247854.77582607,0.10064426732517676
107.0,52.0,-27.43987,3454.8464,54671664.099077195,0.1036894626775814
108.0,52.0,-27.137867,3454.8464,54098012.987707816,0.10674958639030217
98.0,53.857994,-28.0,3454.8464,59616449.13487188,0.08126682333586964
99.0,53.615345,-28.0,3454.8464,59065342.105883196,0.08361343398910677
100.0,53.365974,-28.0,3454.8464,58517600.799341395,0.08595731812890328
101.42036,53.0,-28.0,3454.8464,57746389.68783963,0.08927932193679322
101.0,53.109898,-28.0,3454.8464,57973242.80242832,0.08829871542367647
102.0,53.0,-27.85243,3454.8464,57406195.00061087,0.09100373763142283
103.0,53.0,-27.589745,3454.8464,56822713.58846402,0.09398667525918603
104.0,53.0,-27.317257,3454.8464,56241621.87513174,0.09698450692025497
105.0,53.0,-27.034859,3454.8464,55662980.52391452,0.09999690541241577
93.0,54.966515,-28.0,3454.8464,62416020.02315052,0.0694814556913135
94.0,54.7584,-28.0,3454.8464,61849607.05023461,0.07184631987800766
95.0,54.54352,-28.0,3454.8464,61286509.73662405,0.07420708048374525
96.0,54.321903,-28.0,3454.8464,60726747.49914384,0.07656395141652039
97.40008,54.0,-28.0,3454.8464,59949595.8559826,0.07985489828734801
97.0,54.09356,-28.0,3454.8464,60170339.28035276,0.07891714906992882
98.0,54.0,-27.864094,3454.8464,59593342.01536843,0.08160466901895758
99.0,54.0,-27.629524,3454.8464,59002717.93770724,0.08452998221994566
100.0,54.0,-27.385471,3454.8464,58414353.75340644,0.08746997359382797
101.0,54.0,-27.131826,3454.8464,57828306.22062655,0.09042438799522141
88.0,55.90273,-28.0,3454.8464,65291716.70427577,0.05758289367376684
89.0,55.729126,-28.0,3454.8464,64710054.74411245,0.059972751347275366
90.0,55.548687,-28.0,3454.8464,64131653.92515011,0.06235736801939912
91.0,55.361435,-28.0,3454.8464,63556534.78553793,0.06473692167390621
92.83479,55.0,-28.0,3454.8464,62510415.51474124,0.06908891608310148
92.0,55.1674,-28.0,3454.8464,62984717.56823746,0.06711159492750476
93.0,55.0,-27.968306,3454.8464,62410656.531529106,0.06956057384379304
94.0,55.0,-27.769844,3454.8464,61810824.558780774,0.07241876106213403
95.0,55.0,-27.562338,3454.8464,61213096.93888156,0.07529138336316332
96.0,55.0,-27.345673,3454.8464,60617523.955904864,0.07817828739430305
97.0,55.0,-27.119736,3454.8464,60024157.05495269,0.08107929233164594
81.0,56.923077,-28.0,3454.8464,69447479.6919698,0.040684786185121995
82.0,56.798218,-28.0,3454.8464,68844290.7909652,0.04311729433330779
83.0,56.66634,-28.0,3454.8464,68244264.13075382,0.045543457488422
84.0,56.527485,-28.0,3454.8464,67647420.86680323,0.04796339466427531
85.0,56.38168,-28.0,3454.8464,67053782.10685374,0.050377232225205223
86.0,56.22896,-28.0,3454.8464,66463368.869349636,0.052785103488271354
87.41849,56.0,-28.0,3454.8464,65632277.95531064,0.05618840903547759
87.0,56.069355,-28.0,3454.8464,65876202.04716858,0.05518714831276715
88.0,56.0,-27.908998,3454.8464,65276529.6168365,0.057809806614335164
89.0,56.0,-27.744925,3454.8464,64667593.2344061,0.060607228572982945
90.0,56.0,-27.572237,3454.8464,64060649.12276866,0.06341850866852872
91.0,56.0,-27.390821,3454.8464,63455739.06308086,0.06624359203006654
92.0,56.0,-27.20056,3454.8464,62852906.471806206,0.06908239674853436
93.0,56.0,-27.001343,3454.8464,62252196.29064399,0.07193481384879905
65.0,57.93247,-28.0,3454.8464,79506737.9015003,0.0008255834754104263
66.0,57.92593,-28.0,3454.8464,78855724.54878211,0.003368726092055278
67.0,57.911564,-28.0,3454.8464,78207599.34002362,0.005904998374808845
68.0,57.88944,-28.0,3454.8464,77562380.7614326,0.008434356296634362
69.0,57.859623,-28.0,3454.8464,76920087.59201573,0.010956766340676539
70.0,57.822186,-28.0,3454.8464,76280738.89660884,0.013472205468040862
71.0,57.777184,-28.0,3454.8464,75644354.01610152,0.015980661056192356
72.0,57.724678,-28.0,3454.8464,75010952.55490763,0.018482130808382256
73.0,57.664726,-28.0,3454.8464,74380554.36537634,0.02097662263483392
74.0,57.59738,-28.0,3454.8464,73753179.53132553,0.023464154505819262
75.0,57.522697,-28.0,3454.8464,73128848.34616753,0.025944754278728145
76.0,57.440723,-28.0,3454.8464,72507581.29057932,0.028418459499132787
77.0,57.35151,-28.0,3454.8464,71889399.00788611,0.03088531717725859
78.0,57.255096,-28.0,3454.8464,71274322.2766783,0.0333453835416193
79.0,57.151535,-28.0,3454.8464,70662371.98159957,0.03579872377101097
80.34859,57.0,-28.0,3454.8464,69842767.15106854,0.039095004556633256
80.0,57.040863,-28.0,3454.8464,70053569.08224364,0.03824541170654201
81.0,57.0,-27.929815,3454.8464,69436044.60121666,0.04085893316283115
82.0,57.0,-27.814686,3454.8464,68814092.56991719,0.0435768019412406
83.0,57.0,-27.691565,3454.8464,68194012.90755169,0.04630754578529939
84.0,57.0,-27.56034,3454.8464,67575833.12718378,0.04905124265043129
85.0,57.0,-27.420904,3454.8464,66959582.91164591,0.051807947424279785
86.0,57.0,-27.273146,3454.8464,66345294.02981214,0.05457769115814193
87.0,57.0,-27.116953,3454.8464,65733000.26068547,0.05736048044633091
65.0,58.0,-27.943275,3454.8464,79498359.02664454,0.0009609896487478408
66.0,58.0,-27.93739,3454.8464,78846402.42053068,0.0035187163004991168
67.0,58.0,-27.924768,3454.8464,78196315.22020584,0.006085815629785574
68.0,58.0,-27.905346,3454.8464,77548086.21857318,0.008662542671835725
69.0,58.0,-27.879051,3454.8464,76901706.69130968,0.011249148088669843
70.0,58.0,-27.845808,3454.8464,76257170.42082176,0.01384587687104618
71.0,58.0,-27.805538,3454.8464,75614473.71281286,0.016452967024353747
72.0,58.0,-27.75816,3454.8464,74973615.40550874,0.019070648245450947
73.0,58.0,-27.70359,3454.8464,74334596.87121019,0.021699140597959476
74.0,58.0,-27.64174,3454.8464,73697422.01273014,0.024338653192968622
75.0,58.0,-27.572521,3454.8464,73062097.24853033,0.026989382884773046
76.0,58.0,-27.49584,3454.8464,72428631.49525368,0.029651512987564646
77.0,58.0,-27.411602,3454.8464,71797036.14125368,0.03232521202295406
78.0,58.0,-27.31971,3454.8464,71167325.01394573,0.03501063250608026
79.0,58.0,-27.220064,3454.8464,70539514.34071808,0.037707909778790946
80.0,58.0,-27.112566,3454.8464,69913622.70359744,0.04041716089816447
64.0,59.0,-27.08918,3454.8464,80032116.33193263,0.00041745165230854816
65.0,59.0,-27.084616,3454.8464,79376457.62355317,0.00298596517993585
66.0,59.0,-27.073181,3454.8464,78722777.99789917,0.005563575402263864
67.0,59.0,-27.05481,3454.8464,78071065.83026893,0.008150506897801132
68.0,59.0,-27.029438,3454.8464,77421311.83037835,0.010746979974631346
167.72803,0.0,-27.0,3454.8464,26634385.70010916,0.28514706556590724
168.0,0.0,-26.807486,3454.8464,26485790.045435585,0.28709267592548887
169.0,0.0,-26.094122,3454.8464,25945068.09444899,0.2942665318315906
167.7103,1.0,-27.0,3454.8464,26640675.437519155,0.28507514657051
168.0,1.0,-26.794949,3454.8464,26482429.158874664,0.28714674166941245
169.0,1.0,-26.08147,3454.8464,25941804.202006,0.2943189166993969
167.65707,2.0,-27.0,3454.8464,26663642.188801408,0.2848157450648521
168.0,2.0,-26.757334,3454.8464,26476473.974813085,0.2872639673736193
169.0,2.0,-26.04351,3454.8464,25936191.814974293,0.29442845585722643
167.56828,3.0,-27.0,3454.8464,26701912.01449151,0.2843842482739136
168.0,3.0,-26.694613,3454.8464,26466592.707067136,0.28745814766674327
167.4438,4.0,-27.0,3454.8464,26755472.910097495,0.2837819058079427
168.0,4.0,-26.606745,3454.8464,26452851.024053562,0.2877275073836296
167.28342,5.0,-27.0,3454.8464,26824308.33803907,0.2830104493543699
168.0,5.0,-26.49367,3454.8464,26435340.08794283,0.28806959814468514
167.08688,6.0,-27.0,3454.8464,26908397.492551565,0.2820720752975706
167.0,6.3734508,-27.0,3454.8464,26945458.15643894,0.28166015057731214
168.0,6.0,-26.355312,3454.8464,26414175.796328545,0.28848133415150073
166.85521,7.0,-27.0,3454.8464,27008128.7797517,0.2809681969512827
167.0,7.0,-26.898302,3454.8464,26929143.329741467,0.28197766535157587
168.0,7.0,-26.19158,3454.8464,26389497.82858752,0.2889590367440097
166.58781,8.0,-27.0,3454.8464,27123407.80876409,0.27970206706911965
167.0,8.0,-26.710815,3454.8464,26899440.425449982,0.2825532476163909
168.0,8.0,-26.002363,3454.8464,26361468.512139868,0.2894984866918979
166.28354,9.0,-27.0,3454.8464,27253956.820863612,0.2782778612428397
166.0,9.8303795,-27.0,3454.8464,27374974.957901742,0.27696695488719125
167.0,9.0,-26.497946,3454.8464,26866361.09270031,0.2831903208452192
165.9424,10.0,-27.0,3454.8464,27399909.043381914,0.2766988815406361
166.0,10.0,-26.95987,3454.8464,27368550.335263662,0.27709003476739985
167.0,10.0,-26.259552,3454.8464,26830114.126504064,0.2838836321126842
165.5662,11.0,-27.0,3454.8464,27561982.62314961,0.2749670034305758
166.0,11.0,-26.698215,3454.8464,27327074.49010197,0.2778815837512773
165.15181,12.0,-27.0,3454.8464,27739320.822100878,0.2730890712216108
165.0,12.335951,-27.0,3454.8464,27803906.2375238,0.2724102506029592
166.0,12.0,-26.410927,3454.8464,27282711.09883552,0.27872175758141987
164.70123,13.0,-27.0,3454.8464,27932766.705387853,0.2710671026866841
165.0,13.0,-26.793812,3454.8464,27771139.94937591,0.273027027432256
166.0,13.0,-26.097809,3454.8464,27235726.931695413,0.2796042726973276
164.21278,14.0,-27.0,3454.8464,28141950.35157925,0.26890694626819145
164.0,14.403873,-27.0,3454.8464,28232438.405719824,0.2679806990291959
165.0,14.0,-26.457775,3454.8464,27718963.228879817,0.27400259004132815
163.68706,15.0,-27.0,3454.8464,28367327.660849888,0.2666121430189116
164.0,15.0,-26.78589,3454.8464,28198500.615180142,0.26861006674027577
165.0,15.0,-26.095692,3454.8464,27666215.07843804,0.2749944225116864
163.12265,16.0,-27.0,3454.8464,28608665.009291865,0.26418843793626584
163.0,16.203407,-27.0,3454.8464,28660727.45296088,0.2636702103665654
164.0,16.0,-26.40111,3454.8464,28141005.182622768,0.26975218460127226
162.52098,17.0,-27.0,3454.8464,28866753.61407165,0.2616385867471439
162.0,17.811518,-27.0,3454.8464,29088822.338198204,0.25947318828950544
163.0,17.0,-26.675333,3454.8464,28609510.429008078,0.26460566798754276
161.87927,18.0,-27.0,3454.8464,29140957.869805317,0.2589696980452819
162.0,18.0,-26.918781,3454.8464,29075950.764445025,0.2597056743337361
163.0,18.0,-26.241674,3454.8464,28543334.666117206,0.2658051172164169
161.19922,19.0,-27.0,3454.8464,29432229.653773114,0.25618412788577205
161.0,19.276546,-27.0,3454.8464,29516804.669766106,0.2553836422668304
162.0,19.0,-26.462744,3454.8464,29004895.601503342,0.2609827504598161
160.47961,20.0,-27.0,3454.8464,29740573.18868792,0.2532870725287243
160.0,20.63049,-27.0,3454.8464,29944849.38436533,0.2513944063050044
161.0,20.0,-26.65359,3454.8464,29462340.237264376,0.25635250703939516
159.7192,21.0,-27.0,3454.8464,30065972.945757937,0.2502837607259697
159.0,21.897224,-27.0,3454.8464,30373197.294514447,0.24749771902770362
160.0,21.0,-26.814587,3454.8464,29915609.15522948,0.2519089276951637
161.0,21.0,-26.148436,3454.8464,29385710.739703827,0.2577064854220728
158.91766,22.0,-27.0,3454.8464,30408814.049927577,0.2471781442223544
159.0,22.0,-26.946087,3454.8464,30364673.665515568,0.24764610693307446
160.0,22.0,-26.287209,3454.8464,29834522.138909947,0.25332826911642714
158.07524,23.0,-27.0,3454.8464,30769758.010092854,0.2439732369415737
158.0,23.085135,-27.0,3454.8464,30801687.150515996,0.24369265901423515
159.0,23.0,-26.396582,3454.8464,30279267.059219576,0.2491264868241621
157.19115,24.0,-27.0,3454.8464,31149142.00159475,0.24067291745654787
157.0,24.20632,-27.0,3454.8464,31230420.378388695,0.2399741088238396
158.0,24.0,-26.476871,3454.8464,30719967.68295847,0.24509480233066508
156.26407,25.0,-27.0,3454.8464,31547155.75068261,0.23728138079717248
156.0,25.272287,-27.0,3454.8464,31659642.12630318,0.23633517763675815
157.0,25.0,-26.528383,3454.8464,31156673.142086126,0.2412266953361351
155.2933,26.0,-27.0,3454.8464,31964291.708785396,0.23380174134551798
155.0,26.289278,-27.0,3454.8464,32089422.142787494,0.23277195605205714
156.0,26.0,-26.551395,3454.8464,31589457.979737706,0.23751554396047708
154.27803,27.0,-27.0,3454.8464,32401076.763529934,0.23023683106264475
154.0,27.262587,-27.0,3454.8464,32519842.81828609,0.2292805469443545
155.0,27.0,-26.546179,3454.8464,32018421.247009464,0.23395469338811126
153.21732,28.0,-27.0,3454.8464,32858074.75056444,0.22658917612400062
153.0,28.19674,-27.0,3454.8464,32950998.241269942,0.22585710041280035
154.0,28.0,-26.512976,3454.8464,32443684.950518496,0.23053752127460458
151.0,29.961525,-27.0,3454.8464,33815825.92817292,0.21920047463891787
152.11008,29.0,-27.0,3454.8464,33335889.166797303,0.22286097467249966
152.0,29.095613,-27.0,3454.8464,33382993.274590977,0.22249784371648243
153.0,29.0,-26.452017,3454.8464,32865392.837992262,0.22725749227181596
150.95546,30.0,-27.0,3454.8464,33835335.369494185,0.21905354817009076
150.0,30.795238,-27.0,3454.8464,34249318.10191469,0.21596467389948143
151.0,30.0,-26.973032,3454.8464,33811554.6556291,0.21926938375217464
152.0,30.0,-26.363508,3454.8464,33283709.136323165,0.22410820521303781
149.75294,31.0,-27.0,3454.8464,34357552.11205575,0.21516697383230343
149.0,31.602156,-27.0,3454.8464,34683881.20268454,0.21278344278082323
150.0,31.0,-26.852118,3454.8464,34225944.43001093,0.2163387645292494
151.0,31.0,-26.247637,3454.8464,33698817.31500771,0.22108343286744656
148.50012,32.0,-27.0,3454.8464,34902888.280403666,0.21120355057878126
148.0,32.384567,-27.0,3454.8464,35119651.12796498,0.2096533925159474
149.0,32.0,-26.704262,3454.8464,34637257.45525882,0.2135240079290592
150.0,32.0,-26.104572,3454.8464,34110918.87993296,0.2181771547774437
146.0,33.88095,-27.0,3454.8464,35994956.375999935,0.20353828660512702
147.19528,33.0,-27.0,3454.8464,35472154.92469856,0.2071638942747191
147.0,33.14446,-27.0,3454.8464,35556771.0297596,0.20657129458013498
148.0,33.0,-26.529612,3454.8464,35045719.861823425,0.21081932536457565
145.83766,34.0,-27.0,3454.8464,36066897.8062324,0.20304604332099785
145.0,34.594933,-27.0,3454.8464,36434128.62781817,0.2005530977042689
146.0,34.0,-26.906935,3454.8464,35980162.631153904,0.20376894272642299
147.0,34.0,-26.328293,3454.8464,35451573.530864716,0.20821919226621421
143.0,35.970184,-27.0,3454.8464,37317509.033687726,0.19470031835588156
144.42574,35.0,-27.0,3454.8464,36688451.639122784,0.1988484172900492
144.0,35.29115,-27.0,3454.8464,36874964.168613665,0.19760765678034842
145.0,35.0,-26.675035,3454.8464,36382686.26011599,0.20135027881373901
146.0,35.0,-26.100403,3454.8464,35855074.966961965,0.205718362445466
142.95595,36.0,-27.0,3454.8464,37337240.041258365,0.19457205077363957
142.0,36.627865,-27.0,3454.8464,37760760.242069975,0.19183810734239354
143.0,36.0,-26.975584,3454.8464,37313605.4018272,0.19476021058467402
144.0,36.0,-26.4169,3454.8464,36783089.12343121,0.19902340735135005
140.0,37.89933,-27.0,3454.8464,38653042.08581668,0.18621211736415233
141.42865,37.0,-27.0,3454.8464,38016339.421586275,0.1902092331172913
141.0,37.271248,-27.0,3454.8464,38206022.403058894,0.18900836197907592
142.0,37.0,-26.68779,3454.8464,37711105.662705444,0.1925961585787328
143.0,37.0,-26.132586,3454.8464,37181661.68229935,0.19678369662910178
139.83891,38.0,-27.0,3454.8464,38725876.21700142,0.18576136068811086
139.0,38.509895,-27.0,3454.8464,39101129.02773453,0.18345317172299921
140.0,38.0,-26.913937,3454.8464,38639237.30013958,0.1864210892481354
141.0,38.0,-26.374102,3454.8464,38107055.48590365,0.19051248408456728
137.0,39.691265,-27.0,3454.8464,40003240.72884406,0.17802138657274882
138.18552,39.0,-27.0,3454.8464,39468757.93319185,0.18122059889424946
138.0,39.108677,-27.0,3454.8464,39551602.34489456,0.1807203762057677
139.0,39.0,-26.57141,3454.8464,39032824.59386127,0.1844832220419262
140.0,39.0,-26.03452,3454.8464,38501775.22636473,0.18850520025663647
135.0,40.819412,-27.0,3454.8464,40912666.57383156,0.17270123653117436
136.46521,40.0,-27.0,3454.8464,40247106.88150735,0.17658126198656765
136.0,40.261684,-27.0,3454.8464,40456986.543560386,0.17534826277886784
137.0,40.0,-26.725336,3454.8464,39959160.10809512,0.1786815558371849
138.0,40.0,-26.20322,3454.8464,39425506.474839464,0.18261572338900842
133.0,41.89793,-27.0,3454.8464,41829729.7533751,0.16748153411726668
134.67381,41.0,-27.0,3454.8464,41062890.17142177,0.17183781321888927
134.0,41.36384,-27.0,3454.8464,41369943.75443569,0.17008116460241757
135.0,41.0,-26.836687,3454.8464,40886296.459943265,0.17309379545649314
136.0,41.0,-26.329021,3454.8464,40350126.22564548,0.176944552298805
131.0,42.930016,-27.0,3454.8464,42754766.53489673,0.16235167897010197
132.80766,42.0,-27.0,3454.8464,41919163.36392082,0.16698077467746458
132.0,42.418438,-27.0,3454.8464,42290807.61099777,0.16490833287830986
133.0,42.0,-26.90624,3454.8464,41814512.49872401,0.167706909763355
134.0,42.0,-26.412695,3454.8464,41275904.25197466,0.17147851637916237
129.0,43.918507,-27.0,3454.8464,43688125.21344234,0.1573016590668725
130.86235,43.0,-27.0,3454.8464,42819370.38797313,0.16199893861163228
130.0,43.428402,-27.0,3454.8464,43219923.84833364,0.15981960305249115
131.0,43.0,-26.93475,3454.8464,42744132.44676055,0.16250851526738355
132.0,43.0,-26.454987,3454.8464,42203154.46777848,0.16620509789566723
127.0,44.86592,-27.0,3454.8464,44630165.05203402,0.15232204919018147
128.83258,44.0,-27.0,3454.8464,43767406.370264485,0.15687910805821165
128.0,44.39633,-27.0,3454.8464,44157649.24911852,0.15480539365462626
129.0,44.0,-26.922934,3454.8464,43675526.67647991,0.15748686084993813
130.0,44.0,-26.456612,3454.8464,43132235.73950693,0.1611124173305085
125.0,45.77448,-27.0,3454.8464,45581255.2030615,0.1474040071857834
126.712036,45.0,-27.0,3454.8464,44767694.39526445,0.1516057770060571
126.0,45.324528,-27.0,3454.8464,45104350.57296475,0.14985670286915648
127.0,45.0,-26.871479,3454.8464,44609112.266618125,0.15263080974060117
128.0,45.0,-26.418251,3454.8464,44063552.49642244,0.15618921565792393
123.0,46.646137,-27.0,3454.8464,46541773.601930015,0.14253926846321208
124.49319,46.0,-27.0,3454.8464,45825280.046118416,0.14616073291962758
124.0,46.21501,-27.0,3454.8464,46060403.46065411,0.14496510330782586
125.0,46.0,-26.781021,3454.8464,45545353.29684927,0.14792981990766882
126.0,46.0,-26.340542,3454.8464,44997555.098406516,0.15142483473263363
120.0,47.88874,-27.0,3454.8464,48001472.16897052,0.13532422400125074
121.0,47.48261,-27.0,3454.8464,47512105.82395728,0.13772013910918807
122.167,47.0,-27.0,3454.8464,46945948.82635507,0.14052255888825943
122.0,47.069565,-27.0,3454.8464,47026191.30452071,0.14012273536990222
123.0,47.0,-26.652157,3454.8464,46484760.84329387,0.14337392388825648
124.0,47.0,-26.22408,3454.8464,45934739.92296796,0.14680919684122168
118.0,48.674206,-27.0,3454.8464,48986648.866477326,0.13056211423765854
119.72324,48.0,-27.0,3454.8464,48138339.16152157,0.134659343620934
119.0,48.28538,-27.0,3454.8464,48492643.895487435,0.13293948790842364
120.0,48.0,-26.889973,3454.8464,47983258.57810264,0.1355904272669242
121.0,48.0,-26.485426,3454.8464,47427892.641295195,0.13895370894059683
122.0,48.0,-26.0694,3454.8464,46875649.13664578,0.14233278432927088
115.0,49.79325,-27.0,3454.8464,50484706.55875672,0.12347055987909371
116.0,49.42787,-27.0,3454.8464,49982510.97419819,0.12582866570920354
117.14832,49.0,-27.0,3454.8464,49410626.20934585,0.12853962337826702
117.0,49.05574,-27.0,3454.8464,49483785.05032681,0.12819073749903484
118.0,49.0,-26.674236,3454.8464,48932894.2191616,0.1313491527461762
119.0,49.0,-26.281305,3454.8464,48375352.38538065,0.13466029825849135
112.0,50.84273,-27.0,3454.8464,52006956.53835366,0.11642652989653715
113.0,50.500095,-27.0,3454.8464,51496473.520729974,0.11877100384462261
114.42582,50.0,-27.0,3454.8464,50775628.28744337,0.12211480636440478
114.0,50.15077,-27.0,3454.8464,50989461.39718641,0.12111802096870053
115.0,50.0,-26.792315,3454.8464,50450233.9006104,0.12397574405236433
116.0,50.0,-26.421864,3454.8464,49887543.567457214,0.12722298114468047
117.0,50.0,-26.040209,3454.8464,49327788.64356248,0.1304853338352725
109.0,51.82518,-27.0,3454.8464,53554078.72460426,0.10941264917198179
110.0,51.50467,-27.0,3454.8464,53035214.43999548,0.11174878165255606
111.5342,51.0,-27.0,3454.8464,52246946.0878761,0.1153318140341309
111.0,51.17752,-27.0,3454.8464,52519819.297600955,0.11408609440076978
112.0,51.0,-26.8414,3454.8464,51980542.13837463,0.11681452546965887
113.0,51.0,-26.4928,3454.8464,51412821.42023767,0.1200018289025408
114.0,51.0,-26.13319,3454.8464,50847916.493786365,0.1232041503470831
106.0,52.742714,-27.0,3454.8464,55126753.65414096,0.10241315906030204
107.0,52.443787,-27.0,3454.8464,54599416.90435926,0.10474586841805278
108.445305,52.0,-27.0,3454.8464,53844393.25081524,0.1081138806151006
108.0,52.138268,-27.0,3454.8464,54075544.88262048,0.10707846596052062
109.0,52.0,-26.823128,3454.8464,53524599.99183495,0.10984730462684586
110.0,52.0,-26.495743,3454.8464,52951929.896823674,0.11297862881316374
111.0,52.0,-26.157553,3454.8464,52381962.859085076,0.11612482215659692
102.0,53.86824,-27.0,3454.8464,57265000.44859461,0.09307857189495258
103.0,53.597023,-27.0,3454.8464,56725660.41616424,0.09541395768910463
104.0,53.319225,-27.0,3454.8464,56189762.341085315,0.09774776478305217
105.120804,53.0,-27.0,3454.8464,55593669.38535859,0.10036054637337566
105.0,53.034863,-27.0,3454.8464,55657322.25099516,0.10008024971301618
106.0,53.0,-26.738998,3454.8464,55083345.77469198,0.10305662307293247
107.0,53.0,-26.4322,3454.8464,54505765.486362964,0.10613591764145827
108.0,53.0,-26.114809,3454.8464,53930784.60598008,0.10922987065259292
98.0,54.8838,-27.0,3454.8464,59450844.347617306,0.08371633787089217
99.0,54.639893,-27.0,3454.8464,58899452.16085854,0.0860609465822852
100.0,54.389404,-27.0,3454.8464,58351474.03414041,0.0884026327637681
101.50432,54.0,-27.0,3454.8464,57534611.31426746,0.09191716310241739
101.0,54.132355,-27.0,3454.8464,57806927.91710823,0.09074163758773005
102.0,54.0,-26.866917,3454.8464,57242820.10649466,0.09340931402026899
103.0,54.0,-26.590347,3454.8464,56657878.58741778,0.09642575757329913
104.0,54.0,-26.303516,3454.8464,56075381.57000761,0.09945697128512015
105.0,54.0,-26.006311,3454.8464,55495391.395333886,0.10250256457492789
94.0,55.791122,-27.0,3454.8464,61685145.78802106,0.0743019517360205
95.0,55.574257,-27.0,3454.8464,61121662.52381396,0.07666150716874116
96.0,55.350796,-27.0,3454.8464,60561561.49862489,0.07901694514526461
97.512505,55.0,-27.0,3454.8464,59721849.52296023,0.0825692576032342
97.0,55.120754,-27.0,3454.8464,60004862.163433865,0.08136848450288775
98.0,55.0,-26.88322,3454.8464,59431441.68479278,0.0840080383120878
99.0,55.0,-26.635721,3454.8464,58839295.35476774,0.08696605253787333
100.0,55.0,-26.3783,3454.8464,58249458.41619298,0.08993875337325513
101.0,55.0,-26.110842,3454.8464,57661989.464614674,0.09292582612763652
88.0,56.950947,-27.0,3454.8464,65129906.54425514,0.06004049900402026
89.0,56.77436,-27.0,3454.8464,64547668.69134161,0.062430658459698814
90.0,56.591087,-27.0,3454.8464,63968736.28132958,0.06481531023593264
91.0,56.401142,-27.0,3454.8464,63393130.580112785,0.06719463601740207
92.0,56.20456,-27.0,3454.8464,62820872.51086838,0.06956882182209907
93.00654,56.0,-27.0,3454.8464,62248298.83705554,0.07195345924593341
93.0,56.00136,-27.0,3454.8464,62251982.60735285,0.07193805754734993
94.0,56.0,-26.791248,3454.8464,61650764.873717606,0.07482441600736636
95.0,56.0,-26.571692,3454.8464,61051460.93422517,0.07772878059680646
96.0,56.0,-26.342558,3454.8464,60454355.69974573,0.08064754915152032
97.0,56.0,-26.103731,3454.8464,59859502.57114168,0.08358048686133823
81.0,57.996964,-27.0,3454.8464,69290091.80070078,0.04313149041731938
82.0,57.86797,-27.0,3454.8464,68686108.05930728,0.045566421476760946
83.0,57.732113,-27.0,3454.8464,68085326.45976308,0.047994697417804794
84.0,57.589424,-27.0,3454.8464,67487769.05613421,0.05041644165536925
85.0,57.43994,-27.0,3454.8464,66893457.826819345,0.052831784776709814
86.0,57.283688,-27.0,3454.8464,66302414.625465125,0.055240864146549495
87.71283,57.0,-27.0,3454.8464,65298432.21786853,0.05935104414861721
87.0,57.120697,-27.0,3454.8464,65714661.14843305,0.05764382347838854
88.0,57.0,-26.951921,3454.8464,65122058.913883716,0.06016140938819401
89.0,57.0,-26.777357,3454.8464,64511428.41617483,0.06298896453643116
90.0,57.0,-26.593801,3454.8464,63902824.66362965,0.06583067989387367
91.0,57.0,-26.401133,3454.8464,63296291.55693393,0.06868645794894732
92.0,57.0,-26.199228,3454.8464,62691874.587751664,0.0715561718038316
69.0,58.996666,-27.0,3454.8464,76773912.32130018,0.013346082405704082
70.0,58.95302,-27.0,3454.8464,76133407.74318743,0.015868189781829044
71.0,58.901993,-27.0,3454.8464,75495897.53489049,0.0183829478618827
72.0,58.84364,-27.0,3454.8464,74861402.22431692,0.0208903577070885
73.0,58.77801,-27.0,3454.8464,74229942.59793869,0.023390430746111412
74.0,58.705166,-27.0,3454.8464,73601539.67952242,0.025883188600479355
75.0,58.62515,-27.0,3454.8464,72976214.70629987,0.028368662883053317
76.0,58.538006,-27.0,3454.8464,72353989.1027067,0.030846894970814165
77.0,58.443787,-27.0,3454.8464,71734884.45181122,0.03331793575341349
78.0,58.34253,-27.0,3454.8464,71118922.46458101,0.035781845359076594
79.0,58.23428,-27.0,3454.8464,70506124.9471347,0.03823869285957211
80.975296,58.0,-27.0,3454.8464,69305129.03033377,0.04307104575334371
80.0,58.11908,-27.0,3454.8464,69896513.76614232,0.040688555956041476
81.0,58.0,-26.9971,3454.8464,69289629.48443182,0.043138762768097035
82.0,58.0,-26.873144,3454.8464,68665878.0474533,0.04588432988981094
83.0,58.0,-26.740873,3454.8464,68044021.84073849,0.04864321599238321
84.0,58.0,-26.600168,3454.8464,67424090.53411472,0.051415472362262654
85.0,58.0,-26.450909,3454.8464,66806115.95538532,0.0542011244645677
86.0,58.0,-26.29298,3454.8464,66190132.00075838,0.057000171288910065
87.0,58.0,-26.126257,3454.8464,65576174.55356873,0.059812584742196924
64.0,59.102226,-27.0,3454.8464,80020079.2668869,0.000624464452167474
65.0,59.096405,-27.0,3454.8464,79364928.1970819,0.0031830666010405056
66.0,59.082867,-27.0,3454.8464,78712718.07515518,0.005734587232303748
67.0,59.061684,-27.0,3454.8464,78063468.61822999,0.008278968205999092
68.90833,59.0,-27.0,3454.8464,76832939.40075187,0.013114113816905162
68.0,59.03293,-27.0,3454.8464,77417199.80679032,0.010816161605975164
69.0,59.0,-26.997002,3454.8464,76773465.6156845,0.013353437604658052
70.0,59.0,-26.957489,3454.8464,76127038.15030749,0.015972712869162974
71.0,59.0,-26.910728,3454.8464,75482453.61717531,0.01860286445458437
72.0,59.0,-26.856625,3454.8464,74839712.5871093,0.021244122330026923
73.0,59.0,-26.79509,3454.8464,74198818.22450829,0.02389670468140621
74.0,59.0,-26.726023,3454.8464,73559776.2756147,0.02656081649785126
75.0,59.0,-26.649328,3454.8464,72922595.04968019,0.02923664818035404
76.0,59.0,-26.564903,3454.8464,72287285.39319904,0.031924374181733106
77.0,59.0,-26.472641,3454.8464,71653860.65738195,0.03462415168709912
78.0,59.0,-26.372438,3454.8464,71022336.65907392,0.03733611934402332
79.0,59.0,-26.264187,3454.8464,70392731.63531938,0.040060396051617465
80.0,59.0,-26.147776,3454.8464,69765066.19180208,0.04279707981758309
81.0,59.0,-26.023092,3454.8464,69139363.24538265,0.045546246692076874
64.0,60.0,-26.202879,3454.8464,79909539.8243725,0.002527967358700614
65.0,60.0,-26.192495,3454.8464,79251992.41251609,0.005117874926921852
66.0,60.0,-26.175047,3454.8464,78596424.91124378,0.007717337137817141
67.0,60.0,-26.150463,3454.8464,77942827.00400305,0.01032658451490196
68.0,60.0,-26.11867,3454.8464,77291190.79027072,0.01294584167129205
69.0,60.0,-26.079586,3454.8464,76641510.80884734,0.015575325972817494
70.0,60.0,-26.03313,3454.8464,75993784.0538148,0.01821524618925195
169.1312,0.0,-26.0,3454.8464,25874893.14213597,0.2952088698537594
170.0,0.0,-25.349798,3454.8464,25399178.642236225,0.30180274351099745
169.11357,1.0,-26.0,3454.8464,25881071.210418377,0.29513431362730097
170.0,1.0,-25.336653,3454.8464,25395821.100927927,0.3018590456826139
169.06067,2.0,-26.0,3454.8464,25903775.851367623,0.2948633099033646
169.0,2.687513,-26.0,3454.8464,25929781.788933307,0.29455339747223314
170.0,2.0,-25.297215,3454.8464,25389984.52969752,0.3019773575922372
168.97266,3.0,-26.0,3454.8464,25941681.70124979,0.2944123477503867
169.0,3.0,-25.979631,3454.8464,25926576.10932238,0.2946188711559949
170.0,3.0,-25.231451,3454.8464,25380302.524030812,0.30217321659097085
168.85004,4.0,-26.0,3454.8464,25994958.364837326,0.29378226826451054
169.0,4.0,-25.888344,3454.8464,25912271.535746735,0.294910490719743
170.0,4.0,-25.139324,3454.8464,25366843.077409945,0.3024446533490275
168.69206,5.0,-26.0,3454.8464,26063424.497109167,0.2929754743654086
169.0,5.0,-25.77087,3454.8464,25894046.799640857,0.2952806077276488
170.0,5.0,-25.02077,3454.8464,25349700.53617868,0.30278895412585743
168.49849,6.0,-26.0,3454.8464,26147056.44573268,0.2919943996929487
169.0,6.0,-25.627132,3454.8464,25872025.029405236,0.29572570771746276
168.26903,7.0,-26.0,3454.8464,26245826.040788062,0.2908419669396149
169.0,7.0,-25.457031,3454.8464,25846354.51882893,0.2962416058169697
168.00333,8.0,-26.0,3454.8464,26359701.02353197,0.2895215583148826
168.0,8.011022,-26.0,3454.8464,26361119.801444706,0.28950518476699655
169.0,8.0,-25.260456,3454.8464,25817207.46787013,0.296823508816354
167.70367,9.0,-26.0,3454.8464,26489458.39539198,0.28803455966928104
168.0,9.0,-25.781298,3454.8464,26327078.606642228,0.2901858805736642
169.0,9.0,-25.037275,3454.8464,25784778.545529887,0.29746608485595666
167.36728,10.0,-26.0,3454.8464,26634351.199756794,0.2863872811774909
167.0,10.982892,-26.0,3454.8464,26791586.265762456,0.2846151177826445
168.0,10.0,-25.53365,3454.8464,26289371.431620494,0.29093400636859823
166.99364,11.0,-26.0,3454.8464,26794346.576459683,0.28458424507154495
167.0,11.0,-25.99534,3454.8464,26790859.55497992,0.28462944030428416
168.0,11.0,-25.259317,3454.8464,26248623.838173524,0.29173548127568416
166.58575,12.0,-26.0,3454.8464,26970502.927260026,0.28262701569042253
167.0,12.0,-25.696917,3454.8464,26744700.266802356,0.28553569883898416
166.13966,13.0,-26.0,3454.8464,27161753.496020894,0.28052377309282917
166.0,13.288966,-26.0,3454.8464,27221252.281304464,0.27987488637694957
167.0,13.0,-25.371662,3454.8464,26695838.537501745,0.2864858970657342
165.65778,14.0,-26.0,3454.8464,27369025.013686262,0.278276948234658
166.0,14.0,-25.751617,3454.8464,27182883.402297106,0.2806165922153797
167.0,14.0,-25.01936,3454.8464,26644570.64421084,0.28747278809590926
165.13779,15.0,-26.0,3454.8464,27593366.19948333,0.2758778180765447
165.0,15.246644,-26.0,3454.8464,27651753.300332353,0.27525925010441554
166.0,15.0,-25.375528,3454.8464,27126314.98529882,0.28170089115924773
164.58092,16.0,-26.0,3454.8464,27832390.71745783,0.2734084895817069
164.0,16.97576,-26.0,3454.8464,28079277.761945397,0.2708000759430067
165.0,16.0,-25.698423,3454.8464,27605346.183348294,0.27614257752955423
163.9856,17.0,-26.0,3454.8464,28085429.769541558,0.2707341027792337
164.0,17.0,-25.989712,3454.8464,28077605.196724985,0.27082813187087684
165.0,17.0,-25.271847,3454.8464,27539817.66010446,0.27735979549194734
163.3536,18.0,-26.0,3454.8464,28356917.68937982,0.26796757595462867
163.0,18.525974,-26.0,3454.8464,28507412.2498363,0.26645211534332625
164.0,18.0,-25.539343,3454.8464,28008773.354197405,0.27211609080686594
162.68202,19.0,-26.0,3454.8464,28644505.409812547,0.26508512921986727
162.0,19.95859,-26.0,3454.8464,28935739.565285522,0.2622157149767677
163.0,19.0,-25.775042,3454.8464,28472866.625739865,0.26709111437287236
164.0,19.0,-25.061262,3454.8464,27938718.301946916,0.27341329421556043
161.9706,20.0,-26.0,3454.8464,28948460.296918206,0.2620916435799539
162.0,20.0,-25.979351,3454.8464,28932557.411885533,0.26227390086121494
163.0,20.0,-25.273663,3454.8464,28397941.10821853,0.2684670163414519
161.2211,21.0,-26.0,3454.8464,29269796.950614974,0.2589896785503873
161.0,21.279741,-26.0,3454.8464,29363665.936318878,0.25809409769751723
162.0,21.0,-25.454815,3454.8464,28852856.766805757,0.2637240400999905
160.43124,22.0,-26.0,3454.8464,29608179.30921813,0.25578580252768274
160.0,22.51893,-26.0,3454.8464,29791704.863586873,0.2540736589469449
161.0,22.0,-25.605093,3454.8464,29303428.421016067,0.2591779640698211
159.6004,23.0,-26.0,3454.8464,29963888.640031114,0.2524846129721823
159.0,23.688345,-26.0,3454.8464,30219951.085344255,0.25014901757965513
160.0,23.0,-25.72485,3454.8464,29749649.80040171,0.25482198621424856
161.0,23.0,-25.029087,3454.8464,29218976.450543597,0.2606858841474928
158.72815,24.0,-26.0,3454.8464,30337322.431762647,0.249090219810377
158.0,24.79659,-26.0,3454.8464,30648447.983434204,0.24631589592795924
159.0,24.0,-25.814423,3454.8464,30191543.876034018,0.2506490137366674
160.0,24.0,-25.125748,3454.8464,29660969.595115133,0.256390057084119
157.81396,25.0,-26.0,3454.8464,30728906.459118463,0.2456064890356738
157.0,25.850893,-26.0,3454.8464,31077254.270366393,0.2425699391275798
158.0,25.0,-25.874132,3454.8464,30629162.789670482,0.24665175293510863
159.0,25.0,-25.19229,3454.8464,30098813.578805536,0.252272406219109
156.85722,26.0,-26.0,3454.8464,31139096.821310155,0.2420370163051057
156.0,26.857359,-26.0,3454.8464,31506442.42118184,0.23890677065600596
157.0,26.0,-25.904282,3454.8464,31062581.09726144,0.24282284255973904
158.0,26.0,-25.229015,3454.8464,30532586.075625245,0.24832561442136158
155.85716,27.0,-26.0,3454.8464,31568381.829691313,0.23838510483840894
155.0,27.82117,-26.0,3454.8464,31936098.40854262,0.23532203119251222
156.0,27.0,-25.905153,3454.8464,31491902.7544985,0.2391548657547489
157.0,27.0,-25.236204,3454.8464,30962366.773085296,0.24454250406803518
154.81294,28.0,-26.0,3454.8464,32017284.84705668,0.23465373870146783
154.0,28.74676,-26.0,3454.8464,32366320.17921535,0.23181142158786341
155.0,28.0,-25.877012,3454.8464,31917253.95403132,0.23564046865325192
156.0,28.0,-25.214123,3454.8464,31388281.56573053,0.24091574144182037
153.7236,29.0,-26.0,3454.8464,32486366.38451856,0.23084556486882118
153.0,29.63792,-26.0,3454.8464,32797216.788076352,0.22837073498955482
154.0,29.0,-25.820105,3454.8464,32338783.04037824,0.23227240899118157
155.0,29.0,-25.163012,3454.8464,31810471.248489335,0.23743814979737074
152.588,30.0,-26.0,3454.8464,32976226.882299267,0.22696287264467527
152.0,30.497923,-26.0,3454.8464,33228907.438724864,0.22499588452507832
153.0,30.0,-25.734653,3454.8464,32756659.297886305,0.22904360769627347
154.0,30.0,-25.083097,3454.8464,32229097.27232821,0.2341026928408667
151.40489,31.0,-26.0,3454.8464,33487509.615115114,0.22300757481918437
151.0,31.329592,-26.0,3454.8464,33661520.55922645,0.22168292594136535
152.0,31.0,-25.620865,3454.8464,33171071.626648817,0.2259471919104014
149.0,32.915447,-26.0,3454.8464,34529761.96975168,0.21523112520275578
150.17288,32.0,-26.0,3454.8464,34020903.85651572,0.218981189405053
150.0,32.135372,-26.0,3454.8464,34095192.91569224,0.21842807563019265
151.0,32.0,-25.478924,3454.8464,33582227.266029,0.22297653030157408
148.89127,33.0,-26.0,3454.8464,34577568.73978076,0.21488349842327534
148.0,33.670277,-26.0,3454.8464,34965052.71950209,0.2120916783692281
149.0,33.0,-25.93271,3454.8464,34519394.795786306,0.21539814408305993
150.0,33.0,-25.308992,3454.8464,33990350.56121269,0.22012526114574027
147.55911,34.0,-26.0,3454.8464,35158767.099327385,0.21071367710737937
147.0,34.4049,-26.0,3454.8464,35401702.17417945,0.20900077005531992
148.0,34.0,-25.730465,3454.8464,34923671.307963565,0.21275359992510437
149.0,34.0,-25.111208,3454.8464,34395681.77073347,0.21738731376623754
145.0,35.815544,-26.0,3454.8464,36278969.098831326,0.20295918382488673
146.17313,35.0,-26.0,3454.8464,35764713.62851999,0.2064739326167891
146.0,35.12078,-26.0,3454.8464,35839870.98868243,0.20595520938756054
147.0,35.0,-25.500755,3454.8464,35325360.96750482,0.21021376228381536
144.73311,36.0,-26.0,3454.8464,36397449.317821346,0.20216040819811976
144.0,36.491688,-26.0,3454.8464,36719277.10823896,0.20000793949692344
145.0,36.0,-25.842031,3454.8464,36254557.85548969,0.2033430144715133
146.0,36.0,-25.243673,3454.8464,35724740.49443537,0.20777321552858663
142.0,37.796,-26.0,3454.8464,37604783.23283096,0.19422213580437683
143.23628,37.0,-26.0,3454.8464,37057868.56724421,0.1977725902014851
143.0,37.152763,-26.0,3454.8464,37161455.79985225,0.19709390020669426
144.0,37.0,-25.55401,3454.8464,36650709.59875991,0.20108011447867852
141.68091,38.0,-26.0,3454.8464,37747769.161650576,0.19330676960984522
141.0,38.4233,-26.0,3454.8464,38049513.91147992,0.19138865096792967
142.0,38.0,-25.817612,3454.8464,37576484.72102784,0.19466070049645434
143.0,38.0,-25.239004,3454.8464,37045116.085760474,0.19890396268366412
139.0,39.63549,-26.0,3454.8464,38944196.46658537,0.18582281908267917
140.06374,39.0,-26.0,3454.8464,38468300.2626624,0.18876101731688044
140.0,39.03821,-26.0,3454.8464,38496495.24879519,0.18858528679115694
141.0,39.0,-25.472563,3454.8464,37968189.789730355,0.19264356083847467
137.0,40.793507,-26.0,3454.8464,39845816.2848378,0.1803835841523542
138.3839,40.0,-26.0,3454.8464,39222611.87481992,0.18412659030565054
138.0,40.22127,-26.0,3454.8464,39394182.40163615,0.1830876683497509
139.0,40.0,-25.66084,3454.8464,38891498.37235089,0.18663007025773556
140.0,40.0,-25.100807,3454.8464,38358789.78253476,0.19070218093782326
135.0,41.90107,-26.0,3454.8464,40754700.69948904,0.1750587517993727
136.63652,41.0,-26.0,3454.8464,40011714.492674366,0.17940132632809797
136.0,41.35263,-26.0,3454.8464,40299068.501503244,0.1777093315099207
137.0,41.0,-25.80469,3454.8464,39815261.8591945,0.18084864190021915
138.0,41.0,-25.259829,3454.8464,39280030.17138832,0.18483095744735512
133.0,42.961483,-26.0,3454.8464,41671190.50582223,0.16983675646358892
134.81857,42.0,-26.0,3454.8464,40838312.43736805,0.17457720290576417
134.0,42.435696,-26.0,3454.8464,41211491.68124446,0.1724385561173414
135.0,42.0,-25.904953,3454.8464,40739743.42598938,0.17528516797369306
136.0,42.0,-25.374922,3454.8464,40202073.17167157,0.17918224356140544
131.0,43.97769,-26.0,3454.8464,42595638.918155886,0.16470666057145017
132.92638,43.0,-26.0,3454.8464,41705440.70526266,0.16964469333653362
132.0,43.473495,-26.0,3454.8464,42131802.57018007,0.16726424657910138
133.0,43.0,-25.96244,3454.8464,41665250.50201355,0.1699262665320161
134.0,43.0,-25.446894,3454.8464,41125216.97563746,0.1737425003772859
129.0,44.95231,-26.0,3454.8464,43528410.527435936,0.1596581508229717
130.95554,44.0,-26.0,3454.8464,42616515.2439788,0.16459256165325767
130.0,44.468727,-26.0,3454.8464,43060363.25433123,0.1621759284958762
131.0,44.0,-25.977936,3454.8464,42592135.73448491,0.1647592611614138
132.0,44.0,-25.476519,3454.8464,42049803.74988854,0.16849890185266364
127.0,45.887657,-26.0,3454.8464,44469880.25087884,0.15468153223205725
128.90079,45.0,-26.0,3454.8464,43575393.79041414,0.15940761201928486
128.0,45.423786,-26.0,3454.8464,43997546.23069899,0.15716374296816518
129.0,45.0,-25.952192,3454.8464,43520797.767824344,0.1597721572271155
130.0,45.0,-25.464546,3454.8464,42976220.45178371,0.16343931162584202
125.0,46.785774,-26.0,3454.8464,45420432.26466925,0.1497677204523928
126.75591,46.0,-26.0,3454.8464,44586450.061132334,0.154074380089799
126.0,46.34079,-26.0,3454.8464,44943733.34691146,0.15221843912882066
127.0,46.0,-25.88592,3454.8464,44451681.793508336,0.15495361601719965
128.0,46.0,-25.411684,3454.8464,43904899.43631308,0.15855225739285822
123.0,47.648468,-26.0,3454.8464,46380458.91042062,0.14490823282479862
124.51342,47.0,-26.0,3454.8464,45654664.94744107,0.14857475001849885
124.0,47.221603,-26.0,3454.8464,45899314.71723969,0.1473313653567288
125.0,47.0,-25.779793,3454.8464,45385279.82895736,0.15029292797929525
126.0,47.0,-25.3186,3454.8464,44836318.81137512,0.1538269040555154
120.0,48.88001,-26.0,3454.8464,47839533.67966799,0.1377025192777052
121.0,48.477314,-26.0,3454.8464,47350359.566190094,0.14009517849240122
122.164406,48.0,-26.0,3454.8464,46785739.53908297,0.1428874755665684
122.0,48.067867,-26.0,3454.8464,46864687.6058148,0.14249445953673034
123.0,48.0,-25.63443,3454.8464,46322130.68727072,0.14577998609925868
124.0,48.0,-25.185915,3454.8464,45771002.50257601,0.14925302671351806
118.0,49.659683,-26.0,3454.8464,48824339.47090448,0.13294761237764596
119.699005,49.0,-26.0,3454.8464,47988330.25873948,0.1369804274425276
119.0,49.273674,-26.0,3454.8464,48330539.47106926,0.13532124785546157
120.0,49.0,-25.874563,3454.8464,47819319.15466679,0.1380044685945998
121.0,49.0,-25.4504,3454.8464,47262819.60545627,0.14140526031630885
122.0,49.0,-25.014194,3454.8464,46709519.9921317,0.14482098443394223
115.0,50.771935,-26.0,3454.8464,50321952.8248509,0.12586765801266403
116.0,50.408627,-26.0,3454.8464,49819920.149995476,0.1282217473851699
117.10375,50.0,-26.0,3454.8464,49270274.41595206,0.1308231977924759
117.0,50.038723,-26.0,3454.8464,49321408.49777291,0.13057970155140966
118.0,50.0,-25.640514,3454.8464,48766604.70599033,0.13381220145791278
119.0,50.0,-25.228203,3454.8464,48207977.49753322,0.13715977371656807
112.0,51.81684,-26.0,3454.8464,51843900.31704614,0.11883585679616648
113.0,51.475582,-26.0,3454.8464,51333534.09331975,0.12117617961130003
114.36284,51.0,-26.0,3454.8464,50644623.51922035,0.12436624427308576
114.0,51.12778,-26.0,3454.8464,50826690.63177406,0.12351892383034595
115.0,51.0,-25.758163,3454.8464,50282882.288981795,0.12645394364676513
116.0,51.0,-25.369099,3454.8464,49719076.63431293,0.12973731773401778
109.0,52.79677,-26.0,3454.8464,53390883.576692015,0.11183434719636584
110.0,52.476967,-26.0,3454.8464,52872086.33288434,0.11416633607918593
111.45515,52.0,-26.0,3454.8464,52124486.2617762,0.11755810390506019
111.0,52.150677,-26.0,3454.8464,52356810.39157675,0.11649936096911538
112.0,52.0,-25.805176,3454.8464,51812318.04502617,0.11931142576384299
113.0,52.0,-25.438698,3454.8464,51243451.45172237,0.12253450493597845
114.0,52.0,-25.060665,3454.8464,50677471.45936057,0.12577197881014282
106.0,53.713657,-26.0,3454.8464,54963603.57223869,0.1048469098341499
107.0,53.414814,-26.0,3454.8464,54436280.8694787,0.10717562336254868
108.35345,53.0,-26.0,3454.8464,53729130.247864634,0.11032382757369258
108.0,53.109516,-26.0,3454.8464,53912475.13954344,0.10950405671495031
109.0,53.0,-25.783287,3454.8464,53355728.23982449,0.11236635248481505
110.0,53.0,-25.438728,3454.8464,52781881.13532768,0.11553302220009234
111.0,53.0,-25.082827,3454.8464,52210805.10600401,0.11871404071029067
102.0,54.84095,-26.0,3454.8464,57102192.51749014,0.09552714054417207
103.0,54.569073,-26.0,3454.8464,56562758.63529666,0.09785900872008746
104.0,54.290752,-26.0,3454.8464,56026818.74214345,0.10018910510255284
105.02082,54.0,-26.0,3454.8464,55483424.511857994,0.10256587856552811
105.0,54.00601,-26.0,3454.8464,55494388.9633193,0.10251768560591974
106.0,54.0,-25.694098,3454.8464,54914086.312837616,0.10560114840283912
107.0,54.0,-25.370789,3454.8464,54335297.280352354,0.10871529755028271
108.0,54.0,-25.03636,3454.8464,53759172.74206602,0.11184368517046256
98.0,55.86118,-26.0,3454.8464,59288767.326506086,0.08617745475825256
99.0,55.615902,-26.0,3454.8464,58737171.939412475,0.08851921184986614
100.0,55.36418,-26.0,3454.8464,58189041.957576565,0.09085782580082194
101.40293,55.0,-26.0,3454.8464,57426906.2442641,0.09413077337889877
101.0,55.10603,-26.0,3454.8464,57644395.60772317,0.09319353833239398
102.0,55.0,-25.830984,3454.8464,57074769.63644503,0.09594793409167374
103.0,55.0,-25.539036,3454.8464,56488526.346298635,0.09899894826018743
104.0,55.0,-25.236317,3454.8464,55904788.18510276,0.10206447772869164
93.0,56.988342,-26.0,3454.8464,62091417.80886903,0.07441036273848901
94.0,56.775906,-26.0,3454.8464,61524209.629908666,0.07677250356747554
95.0,56.556984,-26.0,3454.8464,60960413.447018646,0.07913005842938611
96.0,56.3316,-26.0,3454.8464,60400049.746562965,0.08148324594167257
97.42086,56.0,-26.0,3454.8464,59610763.28643957,0.08481669298683735
97.0,56.09977,-26.0,3454.8464,59843138.420281634,0.08383228648191675
98.0,56.0,-25.853367,3454.8464,59265045.671201035,0.08654497752514033
99.0,56.0,-25.591541,3454.8464,58671511.78418124,0.08953700802100079
100.0,56.0,-25.319313,3454.8464,58080343.105145365,0.09254362291741654
101.0,56.0,-25.036552,3454.8464,57491599.83068045,0.09556444120318952
88.0,57.951588,-26.0,3454.8464,64971528.02989424,0.06251768967081778
89.0,57.772003,-26.0,3454.8464,64388772.34159679,0.06490744420887577
90.0,57.58586,-26.0,3454.8464,63809369.57336819,0.06729140590240927
91.0,57.393192,-26.0,3454.8464,63233341.68281768,0.06966975933829662
92.94383,57.0,-26.0,3454.8464,62123579.69369373,0.07427693606966325
92.0,57.194016,-26.0,3454.8464,62660710.230782025,0.07204269312268913
93.0,57.0,-25.98785,3454.8464,62089459.68747782,0.0744410666271981
94.0,57.0,-25.764847,3454.8464,61486494.467468336,0.07736398066335032
95.0,57.0,-25.531939,3454.8464,60885724.59785886,0.08030159582701371
96.0,57.0,-25.288996,3454.8464,60287204.20116168,0.08325364718859249
97.0,57.0,-25.035889,3454.8464,59690988.42741044,0.08621983888332724
82.0,58.890137,-26.0,3454.8464,68531334.36650345,0.04803945176685116
83.0,58.75034,-26.0,3454.8464,67929841.56765789,0.05046921306256298
84.0,58.60385,-26.0,3454.8464,67331616.87617175,0.052892121014982266
85.0,58.450703,-26.0,3454.8464,66736683.13672609,0.05530830982942677
86.0,58.290928,-26.0,3454.8464,66145063.031601466,0.057717920273193654
87.72177,58.0,-26.0,3454.8464,65134981.712673716,0.0618496378769163
87.0,58.124554,-26.0,3454.8464,65556779.04038922,0.06012109922856515
88.0,58.0,-25.950249,3454.8464,64963615.23074861,0.06264374055849073
89.0,58.0,-25.764067,3454.8464,64351503.70976156,0.06550304409123382
90.0,58.0,-25.56848,3454.8464,63741177.606044,0.06837705629623259
91.0,58.0,-25.363354,3454.8464,63133107.37392566,0.0712651766387995
92.0,58.0,-25.148558,3454.8464,62527198.895896405,0.07416737727716499
71.0,59.978157,-26.0,3454.8464,75350777.92867485,0.020815654582656096
72.0,59.914116,-26.0,3454.8464,74715205.63047491,0.02332851992983492
73.0,59.842964,-26.0,3454.8464,74082704.1138143,0.02583367678296199
74.0,59.76475,-26.0,3454.8464,73453295.39787303,0.02833115017105292
75.0,59.679523,-26.0,3454.8464,72827001.71326515,0.030820975181460937
76.0,59.587326,-26.0,3454.8464,72203845.47202131,0.03330319670404194
77.0,59.4882,-26.0,3454.8464,71583849.2352594,0.035777869151622704
78.0,59.38219,-26.0,3454.8464,70967035.67872493,0.038245056158554794
79.0,59.269333,-26.0,3454.8464,70353427.5563555,0.04070483025932023
80.0,59.14967,-26.0,3454.8464,69743047.6620539,0.043157272549239296
81.17552,59.0,-26.0,3454.8464,69030161.90814099,0.04602961629354778
81.0,59.023235,-26.0,3454.8464,69135918.78984302,0.045602472329354965
82.0,59.0,-25.889484,3454.8464,68514153.49270007,0.04831909659605104
83.0,59.0,-25.747099,3454.8464,67890553.38995166,0.05110800291839021
84.0,59.0,-25.595913,3454.8464,67268910.61844583,0.05391067161493009
85.0,59.0,-25.435793,3454.8464,66649259.08142783,0.05672709244888058
86.0,59.0,-25.266613,3454.8464,66031634.7197565,0.05955722584997377
87.0,59.0,-25.088242,3454.8464,65416075.421078436,0.06240100241064106
63.0,60.22857,-26.0,3454.8464,80541968.82579128,0.0004315982696582969
64.0,60.223408,-26.0,3454.8464,79882644.31518628,0.0030063160449096482
65.0,60.210644,-26.0,3454.8464,79226234.8538954,0.0055731967287698265
66.0,60.190346,-26.0,3454.8464,78572797.16002299,0.008132606270685778
67.0,60.16258,-26.0,3454.8464,77922351.82548244,0.010684487965465903
68.0,60.12741,-26.0,3454.8464,77274919.72386187,0.013228795562808184
69.0,60.084904,-26.0,3454.8464,76630521.99910891,0.015765493214968822
70.617386,60.0,-26.0,3454.8464,75595308.65978274,0.019850751297695514
70.0,60.03512,-26.0,3454.8464,75989180.05128804,0.018294555395030204
71.0,60.0,-25.979221,3454.8464,75347723.52621885,0.02086753469569882
72.0,60.0,-25.917736,3454.8464,74703060.51224479,0.02353417602216815
73.0,60.0,-25.848547,3454.8464,74060257.92135699,0.026212676613644677
74.0,60.0,-25.771545,3454.8464,73419323.4356686,0.02890323352559921
75.0,60.0,-25.686623,3454.8464,72780267.33085458,0.031606026614956505
76.0,60.0,-25.593666,3454.8464,72143102.44355929,0.03432121710790052
77.0,60.0,-25.492565,3454.8464,71507844.13215151,0.037048946220226864
78.0,60.0,-25.383198,3454.8464,70874510.23107918,0.0397893338403475
79.0,60.0,-25.265451,3454.8464,70243120.99904922,0.04254247728499551
80.0,60.0,-25.139202,3454.8464,69613699.06128614,0.04530845013741267
81.0,60.0,-25.00433,3454.8464,68986269.34613039,0.04808730117754305
63.0,61.0,-25.29055,3454.8464,80446844.26470688,0.00214638164277371
64.0,61.0,-25.281034,3454.8464,79785336.71788937,0.004749618910217826
65.0,61.0,-25.26431,3454.8464,79125826.98424636,0.007362538816862512
66.0,61.0,-25.240307,3454.8464,78468303.72670808,0.009985505819457714
67.0,61.0,-25.208937,3454.8464,77812758.10051408,0.012618754211438335
68.0,61.0,-25.17012,3454.8464,77159183.74702804,0.015262510474709574
69.0,61.0,-25.123766,3454.8464,76507576.8107397,0.01791699182684531
70.0,61.0,-25.069784,3454.8464,75857935.94880307,0.020582404761903976
71.0,61.0,-25.008078,3454.8464,75210262.33322474,0.02325894359336964
170.46356,0.0,-25.0,3454.8464,25147955.074970864,0.3053326525802832
171.0,0.0,-24.576937,3454.8464,24850360.06523939,0.3096533623455793
170.44618,1.0,-25.0,3454.8464,25154077.821178734,0.30525507764290305
171.0,1.0,-24.563253,3454.8464,24846911.203887653,0.3097138234056789
170.394,2.0,-25.0,3454.8464,25176691.4007508,0.30497107766746756
171.0,2.0,-24.522196,3454.8464,24840860.512093183,0.3098413764929956
170.30692,3.0,-25.0,3454.8464,25214370.467068754,0.3044987757138046
171.0,3.0,-24.453737,3454.8464,24830824.450820073,0.3100524554174259
170.18484,4.0,-25.0,3454.8464,25267099.825051844,0.30383970696226237
171.0,4.0,-24.357832,3454.8464,24816875.183339696,0.3103448219580089
170.02757,5.0,-25.0,3454.8464,25334858.508179568,0.3029959972533934
170.0,5.143316,-25.0,3454.8464,25346708.36953917,0.3028489442149031
171.0,5.0,-24.234417,3454.8464,24799112.798560373,0.3107153941148751
169.8364,6.0,-25.0,3454.8464,25418044.87361193,0.30196907359704017
170.0,6.0,-24.871798,3454.8464,25327164.255014077,0.30325969722289814
171.0,6.0,-24.08341,3454.8464,24777664.391938284,0.3111602959868282
169.61009,7.0,-25.0,3454.8464,25516363.35845875,0.30076295826113675
170.0,7.0,-24.69473,3454.8464,25300543.738030978,0.30381588816192684
169.34805,8.0,-25.0,3454.8464,25629706.542672094,0.2993816034533625
170.0,8.0,-24.490105,3454.8464,25270329.319237627,0.3044424680398725
169.04987,9.0,-25.0,3454.8464,25758033.92823112,0.2978292168533537
169.0,9.149388,-25.0,3454.8464,25779401.71430163,0.29757227757179133
170.0,9.0,-24.257786,3454.8464,25236727.12431718,0.30513340118432863
168.71773,10.0,-25.0,3454.8464,25902046.51644744,0.29610820584329256
169.0,10.0,-24.780666,3454.8464,25746216.24814167,0.2982556043458447
168.34929,11.0,-25.0,3454.8464,26061174.171879686,0.29422515266632754
168.0,11.861234,-25.0,3454.8464,26211034.40568476,0.2924685646701539
169.0,11.0,-24.495117,3454.8464,25703978.632247753,0.2991175761769853
167.94402,12.0,-25.0,3454.8464,26235387.364225816,0.2921853458306628
168.0,12.0,-24.956808,3454.8464,26204496.02879586,0.2926010977397423
169.0,12.0,-24.181604,3454.8464,25658882.429771274,0.3000280609979709
167.50433,13.0,-25.0,3454.8464,26425512.08555676,0.2899917969148281
168.0,13.0,-24.618275,3454.8464,26153839.962170266,0.2936224762230911
167.02632,14.0,-25.0,3454.8464,26630561.632006027,0.2876531804137871
167.0,14.051146,-25.0,3454.8464,26641778.468608137,0.28752632738312567
168.0,14.0,-24.25159,3454.8464,26100721.755977243,0.29468108686348293
166.51372,15.0,-25.0,3454.8464,26851811.310433783,0.2851715729332107
166.0,15.93113,-25.0,3454.8464,27071731.50390559,0.28273655641094125
167.0,15.0,-24.628544,3454.8464,26586200.169019107,0.2886292286979884
165.96214,16.0,-25.0,3454.8464,27088331.243988175,0.2825545250149823
166.0,16.0,-24.97127,3454.8464,27067408.24688278,0.2828213064756329
167.0,16.0,-24.20871,3454.8464,26525573.509100825,0.2898180674531609
165.37517,17.0,-25.0,3454.8464,27340886.98882383,0.2798097374200593
165.0,17.59886,-25.0,3454.8464,27500941.555342853,0.27809174299455164
166.0,17.0,-24.526915,3454.8464,27001398.762438834,0.2841081380291906
164.74942,18.0,-25.0,3454.8464,27609245.78518885,0.2769402393941389
165.0,18.0,-24.811579,3454.8464,27472769.238876056,0.2786345306510466
166.0,18.0,-24.053802,3454.8464,26933954.024696283,0.2854064967254798
164.08536,19.0,-25.0,3454.8464,27893634.360467568,0.27395284427207683
164.0,19.121487,-25.0,3454.8464,27929870.171932124,0.2735763212180551
165.0,19.0,-24.314083,3454.8464,27400180.169393625,0.2800218520391589
163.38405,20.0,-25.0,3454.8464,28194725.561724234,0.27085169190397673
163.0,20.517897,-25.0,3454.8464,28358221.196258087,0.2691911064868562
164.0,20.0,-24.54144,3454.8464,27861888.399230577,0.2748634549392486
162.64308,21.0,-25.0,3454.8464,28512106.13311821,0.2676441449113061
162.0,21.823391,-25.0,3454.8464,28786554.738462072,0.26492003300738187
163.0,21.0,-24.736282,3454.8464,28319007.40038599,0.26992468766965316
161.86223,22.0,-25.0,3454.8464,28846094.35948885,0.2643352629385688
162.0,22.0,-24.899,3454.8464,28771499.164815143,0.2651983633866982
163.0,22.0,-24.161093,3454.8464,28236055.047885466,0.27146370266972114
161.04158,23.0,-25.0,3454.8464,29197157.53295375,0.26092952391879726
161.0,23.048325,-25.0,3454.8464,29214772.306560647,0.2607606133445718
162.0,23.0,-24.299734,3454.8464,28683982.26840289,0.26680620051182535
160.18126,24.0,-25.0,3454.8464,29565843.663662214,0.25743100036652267
160.0,24.201048,-25.0,3454.8464,29642744.105908465,0.2567107214531314
161.0,24.0,-24.406723,3454.8464,29127440.65516649,0.2623481391658432
159.27956,25.0,-25.0,3454.8464,29952125.454291064,0.2538453413260607
159.0,25.29637,-25.0,3454.8464,30070880.739811376,0.2527589612805459
160.0,25.0,-24.482395,3454.8464,29566475.677189436,0.2580815608465457
158.33588,26.0,-25.0,3454.8464,30356422.752319932,0.25017660753261595
158.0,26.340797,-25.0,3454.8464,30499263.12243057,0.24890041835407067
159.0,26.0,-24.52707,3454.8464,30001163.44627679,0.2539984650683874
157.34958,27.0,-25.0,3454.8464,30779169.235302836,0.246428683027139
157.0,27.339867,-25.0,3454.8464,30927956.418402407,0.2451304244342613
158.0,27.0,-24.54105,3454.8464,30431604.43050416,0.25009050573309183
156.31989,28.0,-25.0,3454.8464,31220840.44151327,0.2426050412733029
156.0,28.298298,-25.0,3454.8464,31357067.034994543,0.24144413564223705
157.0,28.0,-24.524612,3454.8464,30857904.35396743,0.24634987212561787
155.2459,29.0,-25.0,3454.8464,31681949.81979102,0.23870878545040283
155.0,29.220152,-25.0,3454.8464,31786703.83959362,0.2378368851580324
156.0,29.0,-24.478025,3454.8464,31280219.38579212,0.24276839960804314
153.0,30.966782,-25.0,3454.8464,32647927.88889615,0.2308429789876366
154.1266,30.0,-25.0,3454.8464,32163044.62705278,0.23474267376277957
154.0,30.108921,-25.0,3454.8464,32216985.985946953,0.23430412729290673
155.0,30.0,-24.401525,3454.8464,31698719.800783686,0.23933851028528091
152.9612,31.0,-25.0,3454.8464,32664848.4177264,0.23070865405854274
152.0,31.793896,-25.0,3454.8464,33079267.852831975,0.22745408579044749
153.0,31.0,-24.973839,3454.8464,32644027.898076523,0.23090859289983776
154.0,31.0,-24.295338,3454.8464,32113588.904253803,0.23605257744561536
151.7495,32.0,-25.0,3454.8464,33188477.856684826,0.22660717551566095
151.0,32.59566,-25.0,3454.8464,33511515.111598004,0.22412820817044668
152.0,32.0,-24.832926,3454.8464,33054422.984663103,0.22786848016837868
153.0,32.0,-24.159658,3454.8464,32525031.845299143,0.23290331885221585
150.48898,33.0,-25.0,3454.8464,33734186.32531731,0.22244109918005006
150.0,33.37417,-25.0,3454.8464,33944819.01184646,0.22086135126593745
151.0,33.0,-24.662985,3454.8464,33461545.635532834,0.22495485186228847
148.0,34.865635,-25.0,3454.8464,34814677.889874555,0.21449575134485524
149.17802,34.0,-25.0,3454.8464,34302711.83669817,0.2182115026709449
149.0,34.131233,-25.0,3454.8464,34379335.649101704,0.21764972932382173
150.0,34.0,-24.464169,3454.8464,33865642.46873237,0.2221610588938785
147.81631,35.0,-25.0,3454.8464,34895555.06647967,0.21391677045868632
147.0,35.578808,-25.0,3454.8464,35250875.25803228,0.21139672313535202
148.0,35.0,-24.882446,3454.8464,34797104.93544214,0.21478087815154046
149.0,35.0,-24.236612,3454.8464,34266974.979264796,0.2194808009934533
145.0,36.954266,-25.0,3454.8464,36127905.75622896,0.20533450876810697
146.40219,36.0,-25.0,3454.8464,35513781.85391757,0.2095563570960275
146.0,36.274944,-25.0,3454.8464,35688626.6466533,0.2083433451753799
147.0,36.0,-24.622164,3454.8464,35194645.701573774,0.212303065079256
144.93246,37.0,-25.0,3454.8464,36157927.01193368,0.2051311094427754
144.0,37.613396,-25.0,3454.8464,36567734.9214938,0.20237785377851644
145.0,37.0,-24.958158,3454.8464,36121614.211721696,0.2054349027662823
146.0,37.0,-24.333624,3454.8464,35589949.16715569,0.20992422840015193
142.0,38.88908,-25.0,3454.8464,37452838.49631794,0.19657817219375429
143.40768,38.0,-25.0,3454.8464,36830618.98260434,0.20063489252115452
143.0,38.258717,-25.0,3454.8464,37009492.01632871,0.19945841638959144
144.0,38.0,-24.637909,3454.8464,36513592.50396781,0.20323716252432408
145.0,38.0,-24.016884,3454.8464,35983322.97863933,0.20763920764036028
141.82324,39.0,-25.0,3454.8464,37532111.06382187,0.19606884868470362
141.0,39.502766,-25.0,3454.8464,37897114.84079366,0.19374113182996935
142.0,39.0,-24.894226,3454.8464,37436880.35033965,0.19682931678557228
143.0,39.0,-24.289783,3454.8464,36903940.115000896,0.20112555157357007
139.0,40.691586,-25.0,3454.8464,38791292.54096509,0.188166747935787
140.17816,40.0,-25.0,3454.8464,38264894.74721967,0.19142661915195375
140.0,40.105003,-25.0,3454.8464,38343719.00748084,0.19093404677437975
141.0,40.0,-24.515316,3454.8464,37824479.49775585,0.19487955012142077
137.0,41.82901,-25.0,3454.8464,39692356.57458481,0.1827219975467073
138.46974,41.0,-25.0,3454.8464,39030965.9825615,0.18670306873409975
138.0,41.26639,-25.0,3454.8464,39240894.55732683,0.18542929834555485
139.0,41.0,-24.694387,3454.8464,38745148.97795926,0.1888850806824295
140.0,41.0,-24.1088,3454.8464,38211126.72638683,0.1930047936897958
135.0,42.918465,-25.0,3454.8464,40600652.194423944,0.17739429022892178
136.6941,42.0,-25.0,3454.8464,39831972.22734845,0.18189386487345982
136.0,42.378647,-25.0,3454.8464,40145231.88116459,0.1800466312746431
137.0,42.0,-24.827892,3454.8464,39666198.10646873,0.1831268564000843
138.0,42.0,-24.2579,3454.8464,39129728.90407388,0.1871550178316453
133.0,43.963,-25.0,3454.8464,41516537.40322583,0.17217170885230182
134.84818,43.0,-25.0,3454.8464,40670610.3260743,0.1769908745950599
134.0,43.444904,-25.0,3454.8464,41057086.3761375,0.17477396346896668
135.0,43.0,-24.916702,3454.8464,40587919.35221925,0.17759040655549485
136.0,43.0,-24.36195,3454.8464,40049083.99996749,0.18153171631532558
131.0,44.965332,-25.0,3454.8464,42440381.920236565,0.1670430031201313
132.92825,44.0,-25.0,3454.8464,41549903.00659157,0.17198447110556594
132.0,44.46796,-25.0,3454.8464,41976825.24038984,0.16959987742964577
133.0,44.0,-24.961662,3454.8464,41510649.22259672,0.17226205105586606
134.0,44.0,-24.421785,3454.8464,40969519.126304284,0.17612103433161141
129.0,45.92788,-25.0,3454.8464,43372566.1507386,0.16199758079440157
130.92995,45.0,-25.0,3454.8464,42473247.84288232,0.1668633344761862
130.0,45.450306,-25.0,3454.8464,42904826.44433899,0.16451361170418133
131.0,45.0,-24.963593,3454.8464,42434769.236926116,0.16712887066493176
132.0,45.0,-24.438221,3454.8464,41891405.15492265,0.17090988746691876
127.0,46.85277,-25.0,3454.8464,44313480.149500296,0.157025497240358
128.84804,46.0,-25.0,3454.8464,43444476.41232087,0.16161420826394035
128.0,46.394157,-25.0,3454.8464,43841477.69780673,0.1595050505784158
129.0,46.0,-24.923277,3454.8464,43360706.705402546,0.16217867448477388
130.0,46.0,-24.412037,3454.8464,42815157.536452964,0.16588592970892796
125.0,47.74191,-25.0,3454.8464,45263522.56868053,0.15211744380248493
126.676285,47.0,-25.0,3454.8464,44467926.31547532,0.15622160014281755
126.0,47.301468,-25.0,3454.8464,44787175.40386794,0.15456471254165755
127.0,47.0,-24.841465,3454.8464,44288935.26808536,0.1573999660550199
128.0,47.0,-24.343971,3454.8464,43741236.899832,0.1610375197091291
123.0,48.59695,-25.0,3454.8464,46223099.579944536,0.14726473542334703
124.40727,48.0,-25.0,3454.8464,45548529.541998625,0.15066741096150418
124.0,48.173958,-25.0,3454.8464,45742323.59003027,0.14968373795504394
125.0,48.0,-24.718857,3454.8464,45219975.15180707,0.15278190928594265
126.0,48.0,-24.234726,3454.8464,44670149.38933265,0.15635368653681658
120.0,49.81895,-25.0,3454.8464,47681469.11924826,0.14007123341139602
121.0,49.419346,-25.0,3454.8464,47192623.764560565,0.14245929781437972
122.03214,49.0,-25.0,3454.8464,46691921.77098467,0.14493047170611356
122.0,49.01314,-25.0,3454.8464,46707332.8067516,0.14485387626429244
123.0,49.0,-24.556107,3454.8464,46154393.10620666,0.14831429528560833
124.0,49.0,-24.084951,3454.8464,45602446.699722454,0.15182409600371713
117.0,50.97084,-25.0,3454.8464,49162999.79012064,0.13296143626693477
118.0,50.59386,-25.0,3454.8464,48665975.3064125,0.13532506296681698
119.54177,50.0,-25.0,3454.8464,47907697.62332463,0.1389752248074682
119.0,50.21035,-25.0,3454.8464,48172512.95115252,0.1376936544164412
120.0,50.0,-24.799717,3454.8464,47650158.28309342,0.1405498580585551
121.0,50.0,-24.35381,3454.8464,47092801.990184285,0.143987510999601
115.0,51.70051,-25.0,3454.8464,50163100.615023755,0.12825951419897508
116.92199,51.0,-25.0,3454.8464,49202224.31971566,0.13277616020008137
116.0,51.339,-25.0,3454.8464,49661357.559350654,0.13060835311109356
117.0,51.0,-24.967625,3454.8464,49157899.216366716,0.133039566271709
118.0,51.0,-24.546295,3454.8464,48595305.87385235,0.1364090336149288
119.0,51.0,-24.112494,3454.8464,48035859.96652449,0.13979251035749723
112.0,52.741882,-25.0,3454.8464,51684722.88244155,0.12124270486353567
113.0,52.401752,-25.0,3454.8464,51174594.0497196,0.12357770592692821
114.15775,52.0,-25.0,3454.8464,50589017.784468696,0.12628191274621553
114.0,52.05522,-25.0,3454.8464,50668042.12722864,0.12591496740462196
115.0,52.0,-24.664413,3454.8464,50110520.18218484,0.1290687112576784
116.0,52.0,-24.2547,3454.8464,49545851.95915337,0.13238801974828968
109.0,53.72017,-25.0,3454.8464,53231564.76237144,0.11425630603905808
110.0,53.400867,-25.0,3454.8464,52712948.94575735,0.11658303692066149
111.22823,53.0,-25.0,3454.8464,52081605.286890686,0.11943940657982756
111.0,53.075214,-25.0,3454.8464,52197909.014575325,0.11891062320471481
112.0,53.0,-24.710096,3454.8464,51639147.618865475,0.12194745292997021
113.0,53.0,-24.323778,3454.8464,51069372.958797276,0.1252063997973272
105.0,54.929787,-25.0,3454.8464,55335104.64681539,0.10495925170115024
106.0,54.637173,-25.0,3454.8464,54804346.83148416,0.10728365155204633
107.0,54.338226,-25.0,3454.8464,54277146.310615316,0.10960730518156178
108.10668,54.0,-25.0,3454.8464,53698268.5181132,0.1121769234133867
108.0,54.03296,-25.0,3454.8464,53753517.549225844,0.11193047654848842
109.0,54.0,-24.685186,3454.8464,53182041.02070317,0.11502693076215338
110.0,54.0,-24.321554,3454.8464,52607238.84440636,0.11822930616719916
102.0,55.76701,-25.0,3454.8464,56943214.289760515,0.09798241763363844
103.0,55.49432,-25.0,3454.8464,56403785.699056916,0.10030978030889853
104.756454,55.0,-25.0,3454.8464,55465677.46616897,0.10439042821632935
104.0,55.21532,-25.0,3454.8464,55867905.88562563,0.10263514762347822
105.0,55.0,-24.921453,3454.8464,55322669.519352295,0.10515414715017678
106.0,55.0,-24.591381,3454.8464,54740209.828163415,0.10828951833431619
107.0,55.0,-24.249731,3454.8464,54160417.31627146,0.11143912341396806
98.0,56.79251,-25.0,3454.8464,59130489.14431235,0.08864889367132016
99.0,56.545746,-25.0,3454.8464,58578780.5501291,0.09098687901704934
100.0,56.292664,-25.0,3454.8464,58030591.62773944,0.09332147311562376
101.12629,56.0,-25.0,3454.8464,57417865.940112635,0.0959456458238295
101.0,56.033283,-25.0,3454.8464,57485940.77991936,0.09565291731429569
102.0,56.0,-24.73925,3454.8464,56902185.9051881,0.09863171793108783
103.0,56.0,-24.43021,3454.8464,56314823.426332995,0.10171826863954134
104.0,56.0,-24.109844,3454.8464,55730032.0650976,0.1048189294126699
93.0,57.929775,-25.0,3454.8464,61934565.76089551,0.07689734218882542
94.0,57.71507,-25.0,3454.8464,61367072.683432594,0.0792568995630764
95.0,57.494007,-25.0,3454.8464,60803044.450120285,0.08161159521664771
96.0,57.26661,-25.0,3454.8464,60242501.97335554,0.08396164874832539
97.13808,57.0,-25.0,3454.8464,59609307.80431423,0.0866292943221687
97.0,57.03289,-25.0,3454.8464,59685465.502068356,0.08630728117120412
98.0,57.0,-24.769417,3454.8464,59094310.00092632,0.08922794795435104
99.0,57.0,-24.49167,3454.8464,58499547.027302,0.09225526352811822
100.0,57.0,-24.202984,3454.8464,57907211.060616195,0.09529693203912926
88.0,58.906948,-25.0,3454.8464,64816941.72558327,0.06501942966582605
89.0,58.7243,-25.0,3454.8464,64233817.66510859,0.0674021700618074
90.0,58.535282,-25.0,3454.8464,63653770.351709604,0.06978132803403263
91.0,58.339836,-25.0,3454.8464,63077453.46623217,0.07216135892499015
92.66482,58.0,-25.0,3454.8464,62126417.627339944,0.07610265448439689
92.0,58.138012,-25.0,3454.8464,62504523.659152634,0.07453221674542912
93.0,58.0,-24.923096,3454.8464,61922542.03274955,0.07709248331363858
94.0,58.0,-24.685757,3454.8464,61318188.56365954,0.0800501659484324
95.0,58.0,-24.438013,3454.8464,60716086.139471486,0.08302254161285724
96.0,58.0,-24.179724,3454.8464,60116290.45221733,0.08600927838954185
82.0,59.867023,-25.0,3454.8464,68380223.32181792,0.05053588777005274
83.0,59.723305,-25.0,3454.8464,67778070.10592231,0.052966464770997444
84.0,59.573025,-25.0,3454.8464,67179232.09619325,0.05538984879363536
85.0,59.41622,-25.0,3454.8464,66583732.984740436,0.057806176950317374
86.0,59.25292,-25.0,3454.8464,65991596.25893749,0.0602155926775498
87.473816,59.0,-25.0,3454.8464,65126043.149504304,0.06375460908396757
87.0,59.083145,-25.0,3454.8464,65402845.151204295,0.06261824528297863
88.0,59.0,-24.899643,3454.8464,64801452.29051901,0.06527523770530544
89.0,59.0,-24.70053,3454.8464,64187749.711903125,0.06816268846837675
90.0,59.0,-24.491602,3454.8464,63575852.12097858,0.07106735185256954
91.0,59.0,-24.272635,3454.8464,62966408.83722255,0.07399267600737305
92.0,59.0,-24.043514,3454.8464,62359123.5487295,0.07692896993334772
72.0,60.938538,-25.0,3454.8464,74572586.30086084,0.025796491408891307
73.0,60.86198,-25.0,3454.8464,73939068.20259714,0.028306205832205784
74.0,60.77851,-25.0,3454.8464,73308681.90002458,0.030807854128874233
75.0,60.688175,-25.0,3454.8464,72681450.65755478,0.03330147449322364
76.0,60.591007,-25.0,3454.8464,72057397.9090428,0.03578711492203742
77.0,60.487057,-25.0,3454.8464,71436547.22153339,0.0382648329075566
78.0,60.37636,-25.0,3454.8464,70818922.25692894,0.040734695109707814
79.0,60.258957,-25.0,3454.8464,70204546.73174882,0.0431967770097568
80.0,60.13488,-25.0,3454.8464,69593444.37518993,0.04565116254762927
81.030556,60.0,-25.0,3454.8464,68967215.79981755,0.0481723156599311
81.0,60.004166,-25.0,3454.8464,68985638.8856822,0.04809794374519421
82.0,60.0,-24.859827,3454.8464,68359070.17272446,0.050893646865297265
83.0,60.0,-24.706223,3454.8464,67733778.65533379,0.05371458089971416
84.0,60.0,-24.543402,3454.8464,67110484.57283664,0.056549633348584566
85.0,60.0,-24.371227,3454.8464,66489223.78392773,0.05939875121991743
86.0,60.0,-24.189556,3454.8464,65870034.13779254,0.06226184921778001
62.0,61.313732,-25.0,3454.8464,81073175.56724618,0.00024946952237625466
63.0,61.30918,-25.0,3454.8464,80409537.14136012,0.0028397517134608266
64.0,61.297123,-25.0,3454.8464,79748895.59204853,0.005422302010764405
65.0,61.27763,-25.0,3454.8464,79091237.7779496,0.007997043891652676
66.0,61.25077,-25.0,3454.8464,78436584.92921154,0.010563911237585528
67.0,61.21661,-25.0,3454.8464,77784958.58354992,0.013122848633322566
68.0,61.175213,-25.0,3454.8464,77136380.57450603,0.01567381132007242
69.0,61.12663,-25.0,3454.8464,76490873.01661864,0.01821676511790514
70.0,61.070927,-25.0,3454.8464,75848458.28757538,0.020751686318220598
71.117485,61.0,-25.0,3454.8464,75134517.87517104,0.023574215123859047
71.0,61.008156,-25.0,3454.8464,75209159.00745553,0.023278561547099695
72.0,61.0,-24.938456,3454.8464,74563758.09951772,0.025952262147196706
73.0,61.0,-24.860813,3454.8464,73919029.77807175,0.028658698544153392
74.0,61.0,-24.775043,3454.8464,73276192.79756147,0.03137773126514286
75.0,61.0,-24.681023,3454.8464,72635259.44181539,0.03410952484379496
76.0,61.0,-24.57863,3454.8464,71996244.56127757,0.03685422221223413
77.0,61.0,-24.467743,3454.8464,71359165.52696744,0.0396119432710495
78.0,61.0,-24.34823,3454.8464,70724042.17828727,0.042382783536978746
79.0,61.0,-24.219963,3454.8464,70090896.7649332,0.04516681287914143
80.0,61.0,-24.082811,3454.8464,69459753.88319676,0.047964074354421085
62.0,62.0,-24.346117,3454.8464,80988738.65724759,0.0018481989162442505
63.0,62.0,-24.337255,3454.8464,80323172.18779814,0.004465540487639226
64.0,62.0,-24.321032,3454.8464,79659627.1971036,0.007092961105512917
65.0,62.0,-24.297363,3454.8464,78998091.43595275,0.009730711465395763
66.0,62.0,-24.266165,3454.8464,78338555.15421899,0.012379035372246359
67.0,62.0,-24.227343,3454.8464,77681011.12624338,0.015038168194451335
68.0,62.0,-24.180803,3454.8464,77025454.66849725,0.017708335300486634
69.0,62.0,-24.126448,3454.8464,76371883.6496272,0.020389750487022903
70.0,62.0,-24.064175,3454.8464,75720298.49298294,0.023082614407680113
171.72627,0.0,-24.0,3454.8464,24451685.611030225,0.3155181991424077
172.0,0.0,-23.77226,3454.8464,24297866.037359104,0.31785864956237314
171.70909,1.0,-24.0,3454.8464,24457759.56869847,0.31543736395508304
172.0,1.0,-23.757986,3454.8464,24294328.67908056,0.3179235012754846
171.65755,2.0,-24.0,3454.8464,24480303.628819488,0.31513938185611134
172.0,2.0,-23.715157,3454.8464,24288075.852606088,0.3180606937561496
171.57153,3.0,-24.0,3454.8464,24517865.666507233,0.3146438876970503
172.0,3.0,-23.64374,3454.8464,24277705.838157937,0.3182876348277046
171.45094,4.0,-24.0,3454.8464,24570428.75446365,0.31395258190254505
172.0,4.0,-23.543692,3454.8464,24263295.15266955,0.3186017859072291
171.2956,5.0,-24.0,3454.8464,24637969.52494614,0.31306781819128826
172.0,5.0,-23.414948,3454.8464,24244949.875125803,0.31899965411602094
171.10526,6.0,-24.0,3454.8464,24720458.494550895,0.3119925773725951
171.0,6.467092,-24.0,3454.8464,24765922.330637865,0.3114028629080069
172.0,6.0,-23.25742,3454.8464,24222804.625865612,0.31947685138863235
170.88077,7.0,-24.0,3454.8464,24818158.226466224,0.31072954537320874
171.0,7.0,-23.901506,3454.8464,24751334.075311653,0.31171927783068387
172.0,7.0,-23.071005,3454.8464,24197021.28771405,0.32002816766707914
170.622,8.0,-24.0,3454.8464,24931076.84697722,0.30928271164879184
171.0,8.0,-23.688055,3454.8464,24720111.641109932,0.3123924323213536
170.32755,9.0,-24.0,3454.8464,25058908.132273167,0.3076575019283909
170.0,9.990857,-24.0,3454.8464,25200295.64595158,0.30587545597089466
171.0,9.0,-23.445713,3454.8464,24685404.974158935,0.31313361281879487
169.997,10.0,-24.0,3454.8464,25201610.387069244,0.305859003310257
170.0,10.0,-23.997538,3454.8464,25199931.882072885,0.3058831990782624
171.0,10.0,-23.174324,3454.8464,24647454.93597197,0.3139354399447529
169.63324,11.0,-24.0,3454.8464,25360038.03926893,0.3038900294459816
170.0,11.0,-23.699684,3454.8464,25156286.587321725,0.3068081993365239
169.23264,12.0,-24.0,3454.8464,25533307.511224564,0.3017589478075533
169.0,12.532144,-24.0,3454.8464,25633259.966432318,0.30054136488618044
170.0,12.0,-23.372667,3454.8464,25109716.130922146,0.3077833497226742
168.7965,13.0,-24.0,3454.8464,25721887.379541263,0.2994703737684692
169.0,13.0,-23.83457,3454.8464,25609037.108671658,0.30104609349327544
170.0,13.0,-23.016266,3454.8464,25060525.69979776,0.308799958216088
168.32472,14.0,-24.0,3454.8464,25925879.26116079,0.29703027849763614
168.0,14.637504,-24.0,3454.8464,26065181.42625258,0.2953828188629763
169.0,14.0,-23.452112,3454.8464,25554175.85291116,0.3021791385892022
167.81615,15.0,-24.0,3454.8464,26145109.999580294,0.2944456402494661
168.0,15.0,-23.851728,3454.8464,26043542.067277357,0.2958257780066686
169.0,15.0,-23.040035,3454.8464,25497148.788137175,0.3033404880448616
167.27159,16.0,-24.0,3454.8464,26379977.518317383,0.29172187930194327
167.0,16.466175,-24.0,3454.8464,26496123.373021908,0.29039080097374176
168.0,16.0,-23.41386,3454.8464,25980931.085443906,0.2970965290686987
166.69008,17.0,-24.0,3454.8464,26630403.772487573,0.2888659242352827
167.0,17.0,-23.752214,3454.8464,26460161.39170012,0.2911136219957965
166.07063,18.0,-24.0,3454.8464,26896319.958157014,0.28588473476586773
166.0,18.10751,-24.0,3454.8464,26926387.839883205,0.2855513589771869
167.0,18.0,-23.25881,3454.8464,26390526.243616056,0.2924988253209718
165.41518,19.0,-24.0,3454.8464,27178540.207840644,0.28278260358233065
165.0,19.597351,-24.0,3454.8464,27355768.626355164,0.28086271508899496
166.0,19.0,-23.536776,3454.8464,26859679.179116234,0.28686753511272656
164.7208,20.0,-24.0,3454.8464,27476487.098417148,0.2795679723151809
164.0,20.982729,-24.0,3454.8464,27784951.22071418,0.27630404959382665
165.0,20.0,-23.780405,3454.8464,27324035.15052534,0.2814809290949616
163.98735,21.0,-24.0,3454.8464,27790431.427542634,0.2762466539197582
164.0,21.0,-23.990128,3454.8464,27783520.477607127,0.2763315750089426
165.0,21.0,-23.205849,3454.8464,27243247.263114415,0.28304042556685144
163.2167,22.0,-24.0,3454.8464,28121284.42356896,0.27282240326093515
163.0,22.267208,-24.0,3454.8464,28213341.033621307,0.2718823417662929
164.0,22.0,-23.390385,3454.8464,27697846.119194545,0.2779699258598451
162.40633,23.0,-24.0,3454.8464,28468685.509706084,0.2693026652995612
162.0,23.47759,-24.0,3454.8464,28641580.093609825,0.26757925331657306
163.0,23.0,-23.541552,3454.8464,28147683.388947837,0.2731227085054604
161.5558,24.0,-24.0,3454.8464,28832928.780462287,0.26569273757291756
161.0,24.623678,-24.0,3454.8464,29069743.84866965,0.26338883143716707
162.0,24.0,-23.659727,3454.8464,28592777.050805144,0.268490141323764
160.66469,25.0,-24.0,3454.8464,29214369.296864115,0.2619975307718435
160.0,25.71309,-24.0,3454.8464,29497890.827342257,0.25930571149744663
161.0,25.0,-23.745268,3454.8464,29033174.853442278,0.26406335597024494
159.73248,26.0,-24.0,3454.8464,29613391.010318596,0.2582216964352752
159.0,26.752262,-24.0,3454.8464,29926102.011219304,0.25532466340453175
160.0,26.0,-23.798515,3454.8464,29468952.65953456,0.25983336400889934
161.0,26.0,-23.03893,3454.8464,28934906.828009106,0.26586210851663156
158.75858,27.0,-24.0,3454.8464,30030407.705218583,0.2543695334093222
158.0,27.746666,-24.0,3454.8464,30354459.032257475,0.25143991963312573
159.0,27.0,-23.819788,3454.8464,29900218.54730639,0.25579129907586184
160.0,27.0,-23.06712,3454.8464,29366854.83795296,0.26168241537085424
157.74228,28.0,-24.0,3454.8464,30465853.43666131,0.25044477137781684
157.0,28.700977,-24.0,3454.8464,30783048.399580218,0.24764650586668635
158.0,28.0,-23.80939,3454.8464,30327094.300933,0.2519279087622585
159.0,28.0,-23.063354,3454.8464,29794524.252269622,0.25768498643723
156.68279,29.0,-24.0,3454.8464,30920193.809984528,0.24645111860413088
156.0,29.619205,-24.0,3454.8464,31211997.020092636,0.24393888451872836
157.0,29.0,-23.7676,3454.8464,30749716.26784763,0.24823468543984156
158.0,29.0,-23.027914,3454.8464,30218057.5547706,0.25386111292138397
155.57913,30.0,-24.0,3454.8464,31393953.01405125,0.24239162009103316
155.0,30.504808,-24.0,3454.8464,31641435.456312507,0.24031240583556218
156.0,30.0,-23.694677,3454.8464,31168271.973382577,0.24470277373726554
154.43028,31.0,-24.0,3454.8464,31887679.51834464,0.23826927636448203
154.0,31.360775,-24.0,3454.8464,32071490.64073665,0.23676203959424463
155.0,31.0,-23.590864,3454.8464,31582956.718199693,0.24132417339477208
152.0,32.993687,-24.0,3454.8464,32934003.704296943,0.22987151361656483
153.23503,32.0,-24.0,3454.8464,32401955.884441793,0.2340863405904695
153.0,32.189697,-24.0,3454.8464,32502304.896096047,0.23328311912048294
154.0,32.0,-23.45638,3454.8464,31993976.631245226,0.2380907585265008
151.99214,33.0,-24.0,3454.8464,32937439.62236472,0.22984466655295863
151.0,33.770092,-24.0,3454.8464,33365882.98663081,0.2265336487622492
152.0,33.0,-23.994503,3454.8464,32933209.69112288,0.22988494202892987
153.0,33.0,-23.29142,3454.8464,32401560.35241404,0.23499487001916466
150.70244,34.0,-24.0,3454.8464,33495787.81756285,0.2255426864174614
150.0,34.525417,-24.0,3454.8464,33798832.687451996,0.22325550552158435
151.0,34.0,-23.79435,3454.8464,33336274.063492153,0.2270303211703976
152.0,34.0,-23.096159,3454.8464,32805952.704925187,0.23202921497845735
148.0,35.978474,-24.0,3454.8464,34668522.95755543,0.2168639524266904
149.36223,35.0,-24.0,3454.8464,34076932.87315597,0.22118391434601536
149.0,35.261234,-24.0,3454.8464,34233020.11065568,0.22003315067750984
150.0,35.0,-23.564342,3454.8464,33736351.97168384,0.22429556033208042
147.96992,36.0,-24.0,3454.8464,34681781.632576995,0.21676852816089637
147.0,36.67345,-24.0,3454.8464,35104314.92038186,0.21375714872299784
148.0,36.0,-23.97983,3454.8464,34665596.99734786,0.21691211310495132
149.0,36.0,-23.304607,3454.8464,34133725.27942009,0.22167418966626745
146.52661,37.0,-24.0,3454.8464,35312664.88129979,0.21229188613459957
146.0,37.352802,-24.0,3454.8464,35541710.17386999,0.21069616771716576
147.0,37.0,-23.686485,3454.8464,35059061.92089002,0.21449720138147244
148.0,37.0,-23.015245,3454.8464,34528688.508066304,0.21916014784990553
144.0,38.662495,-24.0,3454.8464,36420404.62281947,0.20471505272494814
145.027,38.0,-24.0,3454.8464,35969173.46968289,0.20775772054429983
145.0,38.017456,-24.0,3454.8464,35980893.07229437,0.2076778812509522
146.0,38.0,-23.363895,3454.8464,35450393.07022637,0.21218070407797024
142.0,39.91284,-24.0,3454.8464,37305008.211219214,0.1989038379588372
143.47273,39.0,-24.0,3454.8464,36654454.37255952,0.20315811600756403
143.0,39.29445,-24.0,3454.8464,36861830.59982233,0.20179020995125935
144.0,39.0,-23.66224,3454.8464,36371454.29904841,0.20550381825442637
145.0,39.0,-23.01211,3454.8464,35839915.40963053,0.20995743717344165
141.85849,40.0,-24.0,3454.8464,37368462.587688714,0.19849505326849565
141.0,40.515034,-24.0,3454.8464,37748935.584309086,0.1960631439590949
142.0,40.0,-23.911264,3454.8464,37292035.31907291,0.19911123561725072
143.0,40.0,-23.278225,3454.8464,36757909.371575385,0.20345702166843357
139.0,41.68318,-24.0,3454.8464,38642543.64225675,0.1904822712267894
140.1839,41.0,-24.0,3454.8464,38113981.4652715,0.1937610915787587
140.0,41.106533,-24.0,3454.8464,38195279.91097138,0.19325220043971597
141.0,41.0,-23.495642,3454.8464,37675727.81401621,0.19722900967274493
137.0,42.802437,-24.0,3454.8464,39543004.473810256,0.18503391150156312
138.44588,42.0,-24.0,3454.8464,38892830.32170777,0.1889515252278151
138.0,42.24874,-24.0,3454.8464,39091892.838015795,0.18774233785113043
139.0,42.0,-23.66531,3454.8464,38593608.95912239,0.19125681928945554
140.0,42.0,-23.05142,3454.8464,38058649.227079585,0.19542098963532642
135.0,43.875954,-24.0,3454.8464,40450680.80805022,0.17970510973745613
136.64075,43.0,-24.0,3454.8464,39706822.82614042,0.1840613377424214
136.0,43.34412,-24.0,3454.8464,39995647.17547405,0.18235722098151957
137.0,43.0,-23.788157,3454.8464,39511832.436180055,0.18552478771313574
138.0,43.0,-23.190321,3454.8464,38974496.320567906,0.18959590751786304
133.0,44.906563,-24.0,3454.8464,41365947.37062257,0.1744836262563763
134.7654,44.0,-24.0,3454.8464,40558654.95691759,0.179082242570387
134.0,44.395573,-24.0,3454.8464,40906915.114245996,0.17708443530160783
135.0,44.0,-23.865091,3454.8464,40430720.525568455,0.18001814046264894
136.0,44.0,-23.282938,3454.8464,39891084.47890032,0.18400104245401422
131.0,45.896767,-24.0,3454.8464,42289189.865054056,0.1693579245211308
132.81612,45.0,-24.0,3454.8464,41451344.73150916,0.1740044671935396
132.0,45.405685,-24.0,3454.8464,41826079.91476727,0.17191226842178614
133.0,45.0,-23.897,3454.8464,41350639.296180695,0.17472295542365857
134.0,45.0,-23.330147,3454.8464,40808770.216864526,0.17862227974152275
129.0,46.84881,-24.0,3454.8464,43220803.95863417,0.16431715724711526
130.78848,46.0,-24.0,3454.8464,42388280.07236434,0.16881655838014936
130.0,46.376766,-24.0,3454.8464,42753534.89380188,0.1668296963008105
131.0,46.0,-23.88474,3454.8464,42271999.58544559,0.1696261233761378
132.0,46.0,-23.332798,3454.8464,41727953.55967435,0.17344632940952623
127.0,47.764668,-24.0,3454.8464,44161194.263362505,0.15935115145162118
128.67723,47.0,-24.0,3454.8464,43373276.5583278,0.16350514462407853
128.0,47.310863,-24.0,3454.8464,43689682.408155255,0.16182636831329944
129.0,47.0,-23.829134,3454.8464,43195257.772912644,0.16471530653756167
130.0,47.0,-23.291708,3454.8464,42649078.860653564,0.16846068523292007
125.0,48.64609,-24.0,3454.8464,45110773.30214977,0.15445039292241172
126.47615,48.0,-24.0,3454.8464,44410647.62581708,0.15805464430869365
126.0,48.209785,-24.0,3454.8464,44634932.82583439,0.1568925916805873
127.0,48.0,-23.730967,3454.8464,44120916.30121865,0.15997889650280084
128.0,48.0,-23.207651,3454.8464,43572635.38690312,0.16365358276421532
122.0,49.90757,-24.0,3454.8464,46553810.61270066,0.14720040470337895
123.0,49.494617,-24.0,3454.8464,46069960.449420884,0.149606010473299
124.17781,49.0,-24.0,3454.8464,45505290.55969676,0.15244690463682703
124.0,49.075127,-24.0,3454.8464,45589703.47474855,0.15201931565327556
125.0,49.0,-23.590971,3454.8464,45049523.9020191,0.15540597280757013
126.0,49.0,-23.081364,3454.8464,44499157.62969473,0.15901395762619286
120.0,50.70843,-24.0,3454.8464,47527552.38208341,0.142427760331863
121.77434,50.0,-24.0,3454.8464,46664231.85465916,0.14665578234039583
121.0,50.311584,-24.0,3454.8464,47039180.84205292,0.14480976031087622
122.0,50.0,-23.892714,3454.8464,46537558.278526254,0.1474541700430555
123.0,50.0,-23.409838,3454.8464,45981675.488703124,0.15098626318044853
117.0,51.854385,-24.0,3454.8464,49008449.079611406,0.1353345726294397
118.0,51.479458,-24.0,3454.8464,48511848.06511481,0.13769189377238045
119.25503,51.0,-24.0,3454.8464,47894519.852471374,0.1406542189910982
119.0,51.09814,-24.0,3454.8464,48018864.2325203,0.14005401057164568
120.0,51.0,-23.658276,3454.8464,47475922.2312455,0.14323661419802672
121.0,51.0,-23.188192,3454.8464,46918011.68612998,0.14671010640621154
114.0,52.93522,-24.0,3454.8464,50513391.666794606,0.12830475214749185
115.0,52.581562,-24.0,3454.8464,50008451.093969,0.1306437185410382
116.607254,52.0,-24.0,3454.8464,49205489.21025989,0.13440627713809125
116.0,52.221573,-24.0,3454.8464,49507132.532021195,0.13298595588943082
117.0,52.0,-23.82885,3454.8464,48982392.12116467,0.13574421540902926
118.0,52.0,-23.384296,3454.8464,48419191.12381334,0.1391499112149578
111.0,53.953274,-24.0,3454.8464,52043120.77225985,0.12131821932018266
112.0,53.62031,-24.0,3454.8464,51529735.04376267,0.12364482599215934
113.81497,53.0,-24.0,3454.8464,50607861.13788824,0.1278699920798715
113.0,53.281067,-24.0,3454.8464,51019972.308600046,0.12597322477897993
114.0,53.0,-23.923698,3454.8464,50501714.52314892,0.12848923682618207
115.0,53.0,-23.503948,3454.8464,49933365.10382667,0.1318308966466294
116.0,53.0,-23.071259,3454.8464,49368111.90274983,0.13518562453611274
108.0,54.91052,-24.0,3454.8464,53598375.27795992,0.11435655554278483
109.0,54.59774,-24.0,3454.8464,53076442.88053419,0.11667644020609341
110.85816,54.0,-24.0,3454.8464,52116753.91296129,0.12098649749031036
110.0,54.278725,-24.0,3454.8464,52558130.91408579,0.11899669550421589
111.0,54.0,-23.94489,3454.8464,52034664.9452773,0.12145266976369139
112.0,54.0,-23.549192,3454.8464,51461275.3260798,0.1247340156892581
113.0,54.0,-23.140785,3454.8464,50890855.20729354,0.1280286498093649
105.0,55.808548,-24.0,3454.8464,55179890.87827771,0.10740304889741946
106.0,55.515514,-24.0,3454.8464,54649313.92898786,0.1097214631859835
107.71007,55.0,-24.0,3454.8464,53751252.76224582,0.11368093216956199
107.0,55.216274,-24.0,3454.8464,54122351.67011371,0.1120388959337978
108.0,55.0,-23.894384,3454.8464,53582173.50263773,0.11461621970133987
109.0,55.0,-23.52198,3454.8464,53003812.76729107,0.11784097884755554
110.0,55.0,-23.13711,3454.8464,52428302.095846936,0.12107918799528583
101.0,56.916042,-24.0,3454.8464,57331303.53473434,0.09811844978391655
102.0,56.64859,-24.0,3454.8464,56788398.23674116,0.10044273756312644
103.0,56.374935,-24.0,3454.8464,56249082.096217476,0.10276451863512692
104.33458,56.0,-24.0,3454.8464,55535884.42071816,0.1058564453145103
104.0,56.095097,-24.0,3454.8464,55713372.09596625,0.10508404744800184
105.0,56.0,-23.773996,3454.8464,55145330.45077957,0.10796224131601792
106.0,56.0,-23.424124,3454.8464,54562023.92577983,0.11113417573166501
107.0,56.0,-23.06204,3454.8464,53981457.56082342,0.11431964591196035
97.0,57.922066,-24.0,3454.8464,59531625.620758854,0.08879210995453983
98.0,57.679897,-24.0,3454.8464,58976344.46089251,0.09112923408848546
99.0,57.43152,-24.0,3454.8464,58424620.66473299,0.09346244764321311
100.68062,57.0,-24.0,3454.8464,57506359.37218069,0.09737252067658742
100.0,57.17695,-24.0,3454.8464,57876473.584374405,0.09579199144635
101.0,57.0,-23.901628,3454.8464,57316238.959002085,0.09836492487062207
102.0,57.0,-23.585348,3454.8464,56725388.41265736,0.10147371840722916
103.0,57.0,-23.257256,3454.8464,56137113.95341415,0.10459663945494621
93.0,58.827724,-24.0,3454.8464,61781764.30929129,0.07939788578849229
94.0,58.610664,-24.0,3454.8464,61214072.11054672,0.08175395575722175
95.0,58.387367,-24.0,3454.8464,60649900.624242395,0.0841048614186144
96.67166,58.0,-24.0,3454.8464,59715620.81474334,0.0880209156588583
96.0,58.157856,-24.0,3454.8464,60089271.094167985,0.08645082244936331
97.0,58.0,-23.90943,3454.8464,59517811.4193812,0.08902117508512897
98.0,58.0,-23.625322,3454.8464,58919570.203248985,0.092070493343685
99.0,58.0,-23.329823,3454.8464,58323761.16648868,0.09513428859076409
100.0,58.0,-23.022789,3454.8464,57730446.38398511,0.09821205585638053
87.0,59.99843,-24.0,3454.8464,65253198.761816934,0.06513446214652414
88.0,59.819057,-24.0,3454.8464,64666178.32503082,0.06752768474774193
89.0,59.633358,-24.0,3454.8464,64082793.713105224,0.06991407075677139
90.0,59.441357,-24.0,3454.8464,63502462.421169676,0.07229447553773244
91.0,59.243073,-24.0,3454.8464,62925813.76333342,0.07466841551523616
92.18407,59.0,-24.0,3454.8464,62248151.12864108,0.07746962626504178
92.0,59.03853,-24.0,3454.8464,62352668.33575581,0.07703630569784566
93.0,59.0,-23.801544,3454.8464,61751794.18854244,0.07990283845004414
94.0,59.0,-23.54822,3454.8464,61146203.56768073,0.08289689797533265
95.0,59.0,-23.28393,3454.8464,60542926.09971011,0.08590552404019575
96.0,59.0,-23.008528,3454.8464,59942018.737826794,0.08892830973667941
81.0,60.94185,-24.0,3454.8464,68839184.27597433,0.05061684843866374
82.0,60.80067,-24.0,3454.8464,68233088.1275105,0.053055208514556584
83.0,60.65303,-24.0,3454.8464,67630332.79269193,0.055485882900362896
84.0,60.49896,-24.0,3454.8464,67030942.98363921,0.05790900431024181
85.0,60.33848,-24.0,3454.8464,66434943.20755053,0.06032471199393838
86.99099,60.0,-24.0,3454.8464,65258538.22666156,0.06511276071774032
86.0,60.17163,-24.0,3454.8464,65842357.71385358,0.06273315127452044
87.0,60.0,-23.998232,3454.8464,65252934.33720053,0.06513901067883891
88.0,60.0,-23.79499,3454.8464,64635614.23559053,0.06805294283766959
89.0,60.0,-23.581518,3454.8464,64020420.13149659,0.07098177987757238
90.0,60.0,-23.35766,3454.8464,63407399.68389089,0.07392528861496744
91.0,60.0,-23.12326,3454.8464,62796602.055352524,0.07688319893687734
71.0,61.9941,-24.0,3454.8464,75071474.57411876,0.025771963799164275
72.0,61.919056,-24.0,3454.8464,74433821.98348843,0.0282941722368467
73.0,61.837196,-24.0,3454.8464,73799319.08543544,0.03080788514875472
74.0,61.748558,-24.0,3454.8464,73167990.01852772,0.03331313330172935
75.0,61.65319,-24.0,3454.8464,72539859.11008844,0.035809957538732465
76.0,61.551125,-24.0,3454.8464,71914950.83809465,0.03829840846725578
77.0,61.44241,-24.0,3454.8464,71293289.79086632,0.04077854612622409
78.0,61.327072,-24.0,3454.8464,70674900.62475362,0.043250439633726045
79.0,61.20516,-24.0,3454.8464,70059808.02002811,0.04571416681787236
80.57009,61.0,-24.0,3454.8464,69101594.9787038,0.049563771478937084
80.0,61.0767,-24.0,3454.8464,69448036.63518953,0.04816981383332283
81.0,61.0,-23.936178,3454.8464,68829871.86699395,0.0507813692484181
82.0,61.0,-23.779602,3454.8464,68200953.83023718,0.053621971780640265
83.0,61.0,-23.613499,3454.8464,67574045.52742799,0.05647706859120781
84.0,61.0,-23.43772,3454.8464,66949182.571097955,0.05934659110296822
85.0,61.0,-23.252111,3454.8464,66326402.59670122,0.0622304357826435
86.0,61.0,-23.056524,3454.8464,65705745.16495673,0.06512846371357388
61.0,62.359814,-24.0,3454.8464,81613793.5927442,7.707220091838178e-05
62.0,62.355816,-24.0,3454.8464,80945912.61207616,0.002683676049025193
63.0,62.344402,-24.0,3454.8464,80281006.67631438,0.005282215674038478
64.0,62.32565,-24.0,3454.8464,79619097.33873354,0.00787260394840195
65.0,62.299618,-24.0,3454.8464,78960206.49423866,0.010454764691909188
66.0,62.266376,-24.0,3454.8464,78304356.37048969,0.01302863266336581
67.0,62.225983,-24.0,3454.8464,77651569.51569588,0.01559415351980646
68.0,62.178505,-24.0,3454.8464,77001868.78315061,0.018151283743824395
69.0,62.12399,-24.0,3454.8464,76355277.31259523,0.020699990539739734
70.91391,62.0,-24.0,3454.8464,75126716.48590252,0.02555387956839253
70.0,62.062496,-24.0,3454.8464,75711818.50849423,0.02324025169950632
71.0,62.0,-23.99386,3454.8464,75070626.62924194,0.025787673412031167
72.0,62.0,-23.9152,3454.8464,74422061.88530967,0.02851128735695522
73.0,62.0,-23.828182,3454.8464,73775408.11335604,0.031247878105971055
74.0,62.0,-23.732676,3454.8464,73130677.0054936,0.0339976126534389
75.0,62.0,-23.628551,3454.8464,72487882.85230765,0.03676063467226617
76.0,62.0,-23.515675,3454.8464,71847042.49620697,0.03953706296338124
77.0,62.0,-23.393908,3454.8464,71208175.27867818,0.04232698998830578
78.0,62.0,-23.263111,3454.8464,70571302.98174721,0.045130480496826525
79.0,62.0,-23.123142,3454.8464,69936449.76395178,0.04794757026139301
61.0,63.0,-23.367836,3454.8464,81535725.92664704,0.0016404175688221616
62.0,63.0,-23.359388,3454.8464,80865995.86147672,0.004273134704648812
63.0,63.0,-23.343405,3454.8464,80198317.21417971,0.006916227037073613
64.0,63.0,-23.3198,3454.8464,79532676.85026166,0.00956995513147151
65.0,63.0,-23.288477,3454.8464,78869064.16268972,0.012234572084159947
66.0,63.0,-23.249338,3454.8464,78207471.09766386,0.014910321861887628
67.0,63.0,-23.202286,3454.8464,77547892.17248815,0.017597437620945948
68.0,63.0,-23.14721,3454.8464,76890324.48566371,0.020296140015363676
69.0,63.0,-23.084002,3454.8464,76234767.71934552,0.023006635504211767
70.0,63.0,-23.012547,3454.8464,75581224.13432656,0.025729114668435332
172.92242,0.0,-23.0,3454.8464,23785090.182954542,0.32576025673189085
173.0,0.0,-22.93183,3454.8464,23740947.05033536,0.32646443473201486
174.0,0.0,-22.049011,3454.8464,23178206.519599058,0.33554740107527276
172.90544,1.0,-23.0,3454.8464,23791121.59913045,0.3256759143239158
173.0,1.0,-22.916906,3454.8464,23737324.801220644,0.3265338850767742
174.0,1.0,-22.03395,3454.8464,23174704.92044532,0.33561392404550694
172.85445,2.0,-23.0,3454.8464,23813616.72028067,0.3253629378075601
173.0,2.0,-22.872126,3454.8464,23730884.66660391,0.3266809946854344
172.7694,3.0,-23.0,3454.8464,23851095.98068536,0.32484257558812757
173.0,3.0,-22.797459,3454.8464,23720205.524544537,0.326924238154271
172.65012,4.0,-23.0,3454.8464,23903540.648030773,0.32411671002312387
173.0,4.0,-22.692856,3454.8464,23705368.412301235,0.327260743415146
172.49648,5.0,-23.0,3454.8464,23970924.85416411,0.32318794555588004
173.0,5.0,-22.55825,3454.8464,23686485.6218315,0.3276865619742752
172.30823,6.0,-23.0,3454.8464,24053215.9456662,0.3220595786651287
173.0,6.0,-22.39355,3454.8464,23663699.567586035,0.328196738798553
172.0851,7.0,-23.0,3454.8464,24150374.925510406,0.3207355603487327
172.0,7.3299437,-23.0,3454.8464,24187284.845453918,0.3202354421694645
173.0,7.0,-22.198654,3454.8464,23637181.36976243,0.3287853986990572
171.8284,8.0,-23.0,3454.8464,24262768.526608214,0.3192192244205213
172.0,8.0,-22.850393,3454.8464,24165833.522943445,0.3207154032763882
171.53725,9.0,-23.0,3454.8464,24390218.926205225,0.3175160804048798
172.0,9.0,-22.597033,3454.8464,24130106.55875799,0.3215080674384375
171.2104,10.0,-23.0,3454.8464,24532468.70061827,0.3156323649773225
171.0,10.580415,-23.0,3454.8464,24623506.143439367,0.31443731128694674
172.0,10.0,-22.313305,3454.8464,24091064.15829841,0.32236404018472675
170.8488,11.0,-23.0,3454.8464,24689828.342783634,0.31357305557846854
171.0,11.0,-22.869183,3454.8464,24604846.56956889,0.31484617874297904
170.4528,12.0,-23.0,3454.8464,24862459.93193929,0.31134396123375885
171.0,12.0,-22.527313,3454.8464,24556914.64539174,0.31588749280666767
170.0198,13.0,-23.0,3454.8464,25049788.870174114,0.30895340400602245
170.0,13.042252,-23.0,3454.8464,25058299.377734043,0.30884576525993757
171.0,13.0,-22.154726,3454.8464,24506323.88492294,0.31697059272931677
169.55339,14.0,-23.0,3454.8464,25252856.56249945,0.3064051426045221
170.0,14.0,-22.617035,3454.8464,25004264.640027136,0.31000231570579245
169.0491,15.0,-23.0,3454.8464,25470622.599844404,0.3037093595888031
169.0,15.090849,-23.0,3454.8464,25491670.03842588,0.30345145840678633
170.0,15.0,-22.186268,3454.8464,24945608.89875693,0.3112386652391297
168.51064,16.0,-23.0,3454.8464,25704206.57159415,0.30086992156942016
168.0,16.885048,-23.0,3454.8464,25923887.81631236,0.2982387233917228
169.0,16.0,-22.583748,3454.8464,25433217.270873904,0.3046788635695517
167.93393,17.0,-23.0,3454.8464,25952688.60787703,0.29789688395255576
168.0,17.0,-22.944145,3454.8464,25916004.994237095,0.2984020604445933
169.0,17.0,-22.094757,3454.8464,25367146.081492096,0.3060447592763461
167.32213,18.0,-23.0,3454.8464,26217109.851954777,0.2947944731925225
167.0,18.495144,-23.0,3454.8464,26354982.391380496,0.2931988822141967
168.0,18.0,-22.428413,3454.8464,25844345.298718967,0.2998759020366557
166.67253,19.0,-23.0,3454.8464,26496958.145565957,0.291571541428174
166.0,19.977427,-23.0,3454.8464,26785557.616334643,0.2883105205489624
167.0,19.0,-22.725708,3454.8464,26316583.70551475,0.29397907528378847
165.98451,20.0,-23.0,3454.8464,26792291.076596692,0.28823518661245573
166.0,20.0,-22.987114,3454.8464,26783747.444674276,0.28834681680490915
167.0,20.0,-22.151667,3454.8464,26238633.023163162,0.2955446969517907
165.26045,21.0,-23.0,3454.8464,27104058.3221784,0.2847897229680029
165.0,21.341,-23.0,3454.8464,27215018.985142272,0.2835807972108316
166.0,21.0,-22.386625,3454.8464,26700607.56823653,0.2900027415835881
164.49753,22.0,-23.0,3454.8464,27431786.309635155,0.28124358795900517
164.0,22.619972,-23.0,3454.8464,27644107.954243958,0.2789868558526191
165.0,22.0,-22.586306,3454.8464,27157559.51674237,0.28471063219340587
163.69542,23.0,-23.0,3454.8464,27775713.953921966,0.2776029158459522
163.0,23.826164,-23.0,3454.8464,28072891.922387667,0.2745220406425557
164.0,23.0,-22.751122,3454.8464,27609475.760423407,0.27965913600337
162.8538,24.0,-23.0,3454.8464,28136144.094718017,0.273873443713159
162.0,24.968582,-23.0,3454.8464,28501414.756388817,0.2701804657648529
163.0,24.0,-22.881474,3454.8464,28056375.809422843,0.27483863041430034
164.0,24.0,-22.065521,3454.8464,27516921.44412593,0.2814385103274892
161.97232,25.0,-23.0,3454.8464,28513403.730031956,0.27006060538307
162.0,25.0,-22.97774,3454.8464,28498309.980040893,0.2702392489939538
163.0,25.0,-22.169626,3454.8464,27959416.581074644,0.27668296285071226
161.05098,26.0,-23.0,3454.8464,28907993.504949354,0.2661690581897484
161.0,26.053001,-23.0,3454.8464,28929580.84266802,0.2659590644061766
162.0,26.0,-22.239716,3454.8464,28397157.55700763,0.27214209744717294
160.08865,27.0,-23.0,3454.8464,29320112.279130086,0.2622041004312022
160.0,27.088354,-23.0,3454.8464,29357661.22864598,0.26184800233686145
161.0,27.0,-22.276129,3454.8464,28830242.485523023,0.2678060706932749
159.08441,28.0,-23.0,3454.8464,29750081.813247237,0.2581703795159666
159.0,28.080744,-23.0,3454.8464,29785840.395234823,0.2578397752430221
160.0,28.0,-22.279184,3454.8464,29258794.893010285,0.26366510666820436
157.0,29.952017,-23.0,3454.8464,30642775.940100163,0.2501117741616687
158.03754,29.0,-23.0,3454.8464,30198334.272582754,0.25407191515825733
158.0,29.034487,-23.0,3454.8464,30214230.630813822,0.2539286341023002
159.0,29.0,-22.249184,3454.8464,29682962.029200047,0.2597095840205314
156.94762,30.0,-23.0,3454.8464,30665489.869077817,0.24991189988007295
156.0,30.836233,-23.0,3454.8464,31071530.71966282,0.24638481068479398
157.0,30.0,-22.959726,3454.8464,30637174.91908542,0.2502119672075492
158.0,30.0,-22.186403,3454.8464,30102913.23681856,0.2559301090905109
155.81395,31.0,-23.0,3454.8464,31152168.238250952,0.24569307010017785
155.0,31.691105,-23.0,3454.8464,31500744.19147125,0.24274044855343802
156.0,31.0,-22.858366,3454.8464,31051871.493301455,0.24673291895899616
157.0,31.0,-22.0911,3454.8464,30518837.54117533,0.2523175828557392
154.63509,32.0,-23.0,3454.8464,31658793.93703512,0.24141859019614426
154.0,32.51921,-23.0,3454.8464,31930563.698101714,0.23917353235969224
155.0,32.0,-22.725025,3454.8464,31462669.633152395,0.2434081058071102
153.40979,33.0,-23.0,3454.8464,32185955.829079133,0.2370907620287555
153.0,33.32279,-23.0,3454.8464,32361144.48996201,0.2356791528815344
154.0,33.0,-22.559917,3454.8464,31869804.380878452,0.2402291444546512
151.0,34.861015,-23.0,3454.8464,33224635.4684857,0.22889739379352994
152.13669,34.0,-23.0,3454.8464,32734286.042033754,0.23271144050609507
152.0,34.10379,-23.0,3454.8464,32792648.79990327,0.23225265922876204
153.0,34.0,-22.363235,3454.8464,32273527.0390459,0.23718806891993446
150.81583,35.0,-23.0,3454.8464,33305109.223141406,0.228280009430201
150.0,35.59664,-23.0,3454.8464,33657274.15699742,0.2256082964912136
151.0,35.0,-22.866457,3454.8464,33206032.560494233,0.22921380263802152
152.0,35.0,-22.13515,3454.8464,32674103.897429705,0.2342773477285827
149.4455,36.0,-23.0,3454.8464,33899191.07121328,0.22379726827951435
149.0,36.31437,-23.0,3454.8464,34091190.988536745,0.2223753825414418
150.0,36.0,-22.602608,3454.8464,33602158.22471602,0.22653866876720932
147.0,37.69521,-23.0,3454.8464,34962104.54928185,0.216079439586588
148.02257,37.0,-23.0,3454.8464,34516859.879176326,0.21926507846256588
148.0,37.015373,-23.0,3454.8464,34526568.10725885,0.21919487735114865
149.0,37.0,-22.307932,3454.8464,33995670.92767674,0.2239764832286607
146.54877,38.0,-23.0,3454.8464,35160672.806930855,0.21467796121100657
146.0,38.3603,-23.0,3454.8464,35399233.56673728,0.2130107380766573
147.0,38.0,-22.68648,3454.8464,34918372.86073415,0.2168051574305685
144.0,39.644474,-23.0,3454.8464,36277413.87792535,0.20701658273649434
145.0185,39.0,-23.0,3454.8464,35830197.66045855,0.21003957112870014
145.0,39.01173,-23.0,3454.8464,35838221.68852905,0.20998477165054008
146.0,39.0,-22.326872,3454.8464,35305895.740814924,0.21455082478843662
142.0,40.872364,-23.0,3454.8464,37161436.42560425,0.20119615634417765
143.43362,40.0,-23.0,3454.8464,36528615.37097938,0.2053417431478776
143.0,40.26509,-23.0,3454.8464,36718627.451287165,0.20408603556153335
144.0,40.0,-22.619389,3454.8464,36224146.81148322,0.2078882777153016
141.78886,41.0,-23.0,3454.8464,37256011.774854764,0.20058587430873434
141.0,41.464863,-23.0,3454.8464,37605148.5175467,0.19835143267131097
142.0,41.0,-22.8611,3454.8464,37141831.48391662,0.2015146733381755
143.0,41.0,-22.196312,3454.8464,36606936.812129885,0.20590587711646302
139.0,42.61471,-23.0,3454.8464,38498139.07032581,0.19276612204215102
140.08304,42.0,-23.0,3454.8464,38014731.04695265,0.19576579500332436
140.0,42.047276,-23.0,3454.8464,38051377.83022941,0.19553624612670717
141.0,42.0,-22.405506,3454.8464,37521878.89325365,0.19969950990151114
137.0,43.717915,-23.0,3454.8464,39397966.55698124,0.1873160473689419
138.31436,43.0,-23.0,3454.8464,38807320.52234986,0.19087426338048097
138.0,43.17249,-23.0,3454.8464,38947393.97674385,0.19002328885701625
139.0,43.0,-22.56553,3454.8464,38436855.304061435,0.19375293987972758
135.0,44.777397,-23.0,3454.8464,40305010.650833346,0.1819879231317406
136.4785,44.0,-23.0,3454.8464,39635324.08348104,0.18590696739427648
136.0,44.25295,-23.0,3454.8464,39850548.25684282,0.18463760793291248
137.0,44.0,-22.677359,3454.8464,39352176.279953934,0.1880501946302079
138.0,44.0,-22.048582,3454.8464,38814372.04400506,0.19216075764252988
133.0,45.795776,-23.0,3454.8464,41219662.236745924,0.1767692182474812
134.57231,45.0,-23.0,3454.8464,40501442.942048565,0.18085542887022088
134.0,45.29135,-23.0,3454.8464,40761229.10441506,0.1793664881627789
135.0,45.0,-22.741941,3454.8464,40268194.42389764,0.18257625859482318
136.0,45.0,-22.129324,3454.8464,39728149.706680305,0.18659751021815985
131.0,46.775387,-23.0,3454.8464,42142322.41152109,0.17164813806124413
132.59201,46.0,-23.0,3454.8464,41408697.35478966,0.1757096894575212
132.0,46.290092,-23.0,3454.8464,41679835.26429568,0.1741979510569404
133.0,46.0,-22.760204,3454.8464,41185305.85879676,0.1773170264850504
134.0,46.0,-22.163347,3454.8464,40643082.409806356,0.1812537086738636
129.0,47.7183,-23.0,3454.8464,43073401.48958758,0.1666136053729619
130.53316,47.0,-23.0,3454.8464,42360473.58617516,0.17045811937660435
130.0,47.251324,-23.0,3454.8464,42606774.79810545,0.169120735810413
131.0,47.0,-22.73305,3454.8464,42103951.208747044,0.17225925399070025
132.0,47.0,-22.15154,3454.8464,41559599.7990648,0.17611591250252348
127.0,48.62635,-23.0,3454.8464,44013318.004201435,0.16165524106188667
128.39044,48.0,-23.0,3454.8464,43360580.49963355,0.16508718438202266
128.0,48.176933,-23.0,3454.8464,43542464.0873584,0.16412427980742908
129.0,48.0,-22.661337,3454.8464,43024616.359360956,0.16739050732402694
130.0,48.0,-22.094759,3454.8464,42478175.569959186,0.1711715063343811
124.0,49.927246,-23.0,3454.8464,45441300.03182772,0.15433688603234924
125.0,49.501163,-23.0,3454.8464,44962497.694136046,0.15676334475004478
126.15761,49.0,-23.0,3454.8464,44413318.25382689,0.15958115987926214
126.0,49.068604,-23.0,3454.8464,44487326.824140236,0.15919869911235926
127.0,49.0,-22.545893,3454.8464,43947832.95049761,0.16269911298246495
122.0,50.754116,-23.0,3454.8464,46404599.77014384,0.14953048463905635
123.828064,50.0,-23.0,3454.8464,45524590.23574365,0.1539182197963514
123.0,50.34416,-23.0,3454.8464,45921372.46571264,0.1519288758357277
124.0,50.0,-22.911205,3454.8464,45428327.18153813,0.15454390106838473
125.0,50.0,-22.387493,3454.8464,44874178.55910464,0.15817410895800285
119.0,51.939087,-23.0,3454.8464,47869529.31171894,0.1424006806217326
120.0,51.55099,-23.0,3454.8464,47378124.28405793,0.1447691081565241
121.39312,51.0,-23.0,3454.8464,46700648.11840099,0.14807462365188342
121.0,51.15657,-23.0,3454.8464,46890379.3205063,0.14714343512903522
122.0,51.0,-22.69702,3454.8464,46360408.238408014,0.15023803169264968
123.0,51.0,-22.18686,3454.8464,45804276.53503554,0.15380519846028975
117.0,52.69205,-23.0,3454.8464,48858347.01144179,0.1376956677218163
118.84179,52.0,-23.0,3454.8464,47948179.8873135,0.14202434289678084
118.0,52.318882,-23.0,3454.8464,48362316.268331595,0.14004516875893958
119.0,52.0,-22.92474,3454.8464,47858449.932432145,0.14257874579524177
120.0,52.0,-22.4417,3454.8464,47296933.71878118,0.14607481776341816
114.0,53.769913,-23.0,3454.8464,50362804.292665586,0.13068641192587466
115.0,53.417377,-23.0,3454.8464,49858372.832925424,0.13301752794557334
116.16206,53.0,-23.0,3454.8464,49277397.470439225,0.13572810141940816
116.0,53.058647,-23.0,3454.8464,49357621.07419297,0.13535168662619282
117.0,53.0,-22.616312,3454.8464,48802128.90630554,0.1386043814262933
118.0,53.0,-22.14584,3454.8464,48238633.96211436,0.14204527832306013
111.0,54.78675,-23.0,3454.8464,51892257.49961397,0.1237208238820694
112.0,54.454304,-23.0,3454.8464,51379315.44070509,0.12603966945473669
113.33786,54.0,-23.0,3454.8464,50699793.54516263,0.12914090832931913
113.0,54.11571,-23.0,3454.8464,50870054.96886293,0.1283600661661281
114.0,54.0,-22.712952,3454.8464,50320533.4351196,0.1313741780338579
115.0,54.0,-22.26829,3454.8464,49751819.79142967,0.13475169931170503
108.0,55.744392,-23.0,3454.8464,53447464.51858103,0.11678005695899132
109.0,55.431557,-23.0,3454.8464,52925906.63158025,0.11909239177696612
110.34866,55.0,-23.0,3454.8464,52229310.13341333,0.1222076623819165
110.0,55.11261,-23.0,3454.8464,52408028.40343729,0.12140484110650247
111.0,55.0,-22.733809,3454.8464,51852963.759437524,0.12436532231491257
112.0,55.0,-22.314167,3454.8464,51279135.83163433,0.12768303913435536
104.0,56.93184,-23.0,3454.8464,55563112.47341679,0.10753426665139607
105.0,56.644302,-23.0,3454.8464,55029178.36996181,0.10984698173707905
106.0,56.35067,-23.0,3454.8464,54498903.61978412,0.1121581810022213
107.16796,56.0,-23.0,3454.8464,53884816.70984963,0.11485388028907163
107.0,56.05095,-23.0,3454.8464,53972303.15127396,0.11446812512514892
108.0,56.0,-22.680965,3454.8464,53400389.6133575,0.11755962740682857
109.0,56.0,-22.285542,3454.8464,52821512.96956345,0.12082111679158261
101.0,57.756298,-23.0,3454.8464,57180883.37316806,0.10058840904971357
102.0,57.487606,-23.0,3454.8464,56638145.44095474,0.10290623100760726
103.759544,57.0,-23.0,3454.8464,55692828.36993243,0.1069751936761693
103.0,57.212826,-23.0,3454.8464,56099056.5734859,0.10522125615059819
104.0,57.0,-22.915592,3454.8464,55550590.3409209,0.10774400799297433
105.0,57.0,-22.556356,3454.8464,54963939.20560259,0.11093952258416445
106.0,57.0,-22.184343,3454.8464,54380035.99077781,0.11414840428744365
97.0,58.76921,-23.0,3454.8464,59381986.71538268,0.0912853171013226
98.0,58.52519,-23.0,3454.8464,58826736.5509076,0.09361688957401729
99.0,58.27507,-23.0,3454.8464,58275103.35688461,0.09594424148445208
100.072586,58.0,-23.0,3454.8464,57687757.06786233,0.09843513784818256
100.0,58.01887,-23.0,3454.8464,57727106.4933463,0.0982676119318574
101.0,58.0,-22.69863,3454.8464,57136505.94497952,0.10134150865500069
102.0,58.0,-22.36172,3454.8464,56544901.13559915,0.10448801963980874
103.0,58.0,-22.012318,3454.8464,55955946.42004996,0.10764797745916328
92.0,59.897366,-23.0,3454.8464,62204765.661448404,0.07955344419021788
93.0,59.684,-23.0,3454.8464,61633410.89999202,0.08191075842052692
94.0,59.46449,-23.0,3454.8464,61065613.35883845,0.08426235830801115
95.0,59.238857,-23.0,3454.8464,60501395.268888995,0.08660846154149687
96.03021,59.0,-23.0,3454.8464,59924018.41347767,0.08901952557892989
96.0,59.007122,-23.0,3454.8464,59940778.09364307,0.08894928702552586
97.0,59.0,-22.717232,3454.8464,59340520.69296323,0.09200001005044302
98.0,59.0,-22.413912,3454.8464,58741370.11080468,0.09508736335150533
99.0,59.0,-22.098549,3454.8464,58144722.95942112,0.09818872906495514
87.0,60.872326,-23.0,3454.8464,65107297.29297018,0.06766803364062882
88.0,60.689705,-23.0,3454.8464,64519923.26222794,0.07005874565789488
89.0,60.500866,-23.0,3454.8464,63936039.346554935,0.07244248790125069
90.0,60.30584,-23.0,3454.8464,63355669.7429449,0.07481944494486742
91.506874,60.0,-23.0,3454.8464,62488823.20811486,0.07838557700031851
91.0,60.104645,-23.0,3454.8464,62778838.105341725,0.07718980491357263
92.0,60.0,-22.876423,3454.8464,62186733.67543155,0.07987017634937613
93.0,60.0,-22.616627,3454.8464,61577758.33760079,0.08288744340103012
94.0,60.0,-22.345407,3454.8464,60971107.18237295,0.08591946538601562
95.0,60.0,-22.062601,3454.8464,60366837.14965464,0.08896578849200186
80.0,61.976944,-23.0,3454.8464,69307044.85433657,0.0507125259965778
81.0,61.83809,-23.0,3454.8464,68696992.30004233,0.053158791449391986
82.0,61.692867,-23.0,3454.8464,68090307.52096844,0.055596859143418775
83.0,61.541298,-23.0,3454.8464,67487016.2578285,0.058026856609926625
84.0,61.38341,-23.0,3454.8464,66887144.04440007,0.06044891813350287
85.0,61.219234,-23.0,3454.8464,66290716.15200736,0.06286318428235198
86.27785,61.0,-23.0,3454.8464,65534389.283952534,0.06593475493000865
86.0,61.048798,-23.0,3454.8464,65697757.53388071,0.06526980144155525
87.0,61.0,-22.849022,3454.8464,65085589.558599554,0.06805808069184334
88.0,61.0,-22.630247,3454.8464,64466938.2526559,0.0710095515042455
89.0,61.0,-22.400673,3454.8464,63850474.685987666,0.07397598360542533
90.0,61.0,-22.160135,3454.8464,63236247.79280061,0.07695707183241879
71.0,62.937984,-23.0,3454.8464,74937893.38728142,0.028295457794630413
72.0,62.857586,-23.0,3454.8464,74299250.85256003,0.03082148669410697
73.0,62.770496,-23.0,3454.8464,73663802.09266898,0.0333386014487666
74.0,62.676758,-23.0,3454.8464,73031572.3465841,0.035846834971384266
75.0,62.576412,-23.0,3454.8464,72402587.02007622,0.03834623020281977
76.0,62.469498,-23.0,3454.8464,71776871.64337179,0.040836839774822
77.0,62.356052,-23.0,3454.8464,71154451.82669783,0.04331872565310691
78.0,62.23611,-23.0,3454.8464,70535353.21394226,0.045791958763209316
79.82701,62.0,-23.0,3454.8464,69413405.96760355,0.05028704475388175
79.0,62.109707,-23.0,3454.8464,69919601.43466249,0.04825661860166551
80.0,62.0,-22.973639,3454.8464,69303345.26474456,0.05078112835069716
81.0,62.0,-22.81346,3454.8464,68670826.80646817,0.05364297374179102
82.0,62.0,-22.643414,3454.8464,68040336.98927552,0.056519699762721684
83.0,62.0,-22.463335,3454.8464,67411910.99512854,0.05941121985446953
84.0,62.0,-22.273062,3454.8464,66785586.04582104,0.06231740965027309
85.0,62.0,-22.072428,3454.8464,66161401.3063904,0.06523810651047447
61.0,63.365208,-23.0,3454.8464,81492120.65194248,0.0025384702183863504
62.0,63.354378,-23.0,3454.8464,80822918.9207697,0.005153328673767315
63.0,63.33629,-23.0,3454.8464,80156727.5710414,0.00775968727251301
64.0,63.31101,-23.0,3454.8464,79493569.18814412,0.01035745909898137
65.0,63.278603,-23.0,3454.8464,78833466.71448685,0.0129465683978003
66.0,63.239124,-23.0,3454.8464,78176443.43679419,0.015526950539933962
67.0,63.192642,-23.0,3454.8464,77522522.96996525,0.018098551955683117
68.0,63.139206,-23.0,3454.8464,76871729.23758933,0.02066133003536562
69.0,63.078876,-23.0,3454.8464,76224086.44922222,0.023215252998718787
70.15898,63.0,-23.0,3454.8464,75477813.42614397,0.026163093286209145
70.0,63.011696,-23.0,3454.8464,75579619.07453889,0.02576029973412829
71.0,63.0,-22.932474,3454.8464,74928924.49118339,0.0284701838410946
72.0,63.0,-22.84375,3454.8464,74278417.58754528,0.031225812913667314
73.0,63.0,-22.746279,3454.8464,73629859.55518775,0.03399499043294321
74.0,63.0,-22.639917,3454.8464,72983264.0691599,0.036777859704306144
75.0,63.0,-22.52452,3454.8464,72338647.37223387,0.039574537172234345
76.0,63.0,-22.39994,3454.8464,71696028.22138813,0.04238511083015074
77.0,63.0,-22.266027,3454.8464,71055427.82866023,0.045209638732364964
78.0,63.0,-22.122627,3454.8464,70416869.79671441,0.04804814762095431
60.0,64.0,-22.35371,3454.8464,82088464.09534672,0.0015313925450663665
61.0,64.0,-22.345396,3454.8464,81414461.00908479,0.004180771807756118
62.0,64.0,-22.329357,3454.8464,80742545.95625325,0.006840849005435219
63.0,64.0,-22.305496,3454.8464,80072704.98547785,0.009511894368517848
64.0,64.0,-22.273714,3454.8464,79404926.69074413,0.01219417001124934
65.0,64.0,-22.233906,3454.8464,78739202.23722798,0.014887928149419583
66.0,64.0,-22.185963,3454.8464,78075525.37882333,0.01759340929445114
67.0,64.0,-22.129768,3454.8464,77413892.46774678,0.020310840434020736
68.0,64.0,-22.065207,3454.8464,76754302.4564003,0.023040433210064454
174.05528,0.0,-22.0,3454.8464,23147440.35481739,0.3360497217000587
175.0,0.0,-21.118822,3454.8464,22609375.803852662,0.3451516795018489
174.0383,1.0,-22.0,3454.8464,23153397.046011753,0.3359617346505808
174.0,1.7512959,-22.0,3454.8464,23170188.24817245,0.33571480321580116
175.0,1.0,-21.103039,3454.8464,22605800.711664863,0.3452225700083834
173.98744,2.0,-22.0,3454.8464,23175776.8692998,0.3356329869213531
174.0,2.0,-21.988325,3454.8464,23168548.195486877,0.33575375260655593
175.0,2.0,-21.055674,3454.8464,22599650.291435324,0.3453650065227954
173.9032,3.0,-22.0,3454.8464,23213206.0064656,0.3350860471891213
174.0,3.0,-21.910072,3454.8464,23157591.476976175,0.33601345205882976
173.7851,4.0,-22.0,3454.8464,23265577.85778793,0.33432325401964225
174.0,4.0,-21.800446,3454.8464,23142372.2988956,0.33637247863115716
173.63295,5.0,-22.0,3454.8464,23332863.94714108,0.33334748727698904
174.0,5.0,-21.659376,3454.8464,23123009.34259591,0.33682638253084274
173.44655,6.0,-22.0,3454.8464,23415028.317681983,0.3321623898860853
174.0,6.0,-21.486769,3454.8464,23099653.025737695,0.337369586052107
173.2256,7.0,-22.0,3454.8464,23512028.008986626,0.3307723248738789
173.0,7.882178,-22.0,3454.8464,23610624.865603406,0.3293695546080636
174.0,7.0,-21.282513,3454.8464,23072483.935506124,0.33799548521885386
172.97008,8.0,-22.0,3454.8464,23623882.601576608,0.3291821195985017
173.0,8.0,-21.972408,3454.8464,23606784.423466038,0.3294585309694205
174.0,8.0,-21.046474,3454.8464,23041710.980598073,0.3386965677373778
172.68185,9.0,-22.0,3454.8464,23751061.608021945,0.32739586367518814
173.0,9.0,-21.70689,3454.8464,23570143.641772695,0.33030300093678777
172.35828,10.0,-22.0,3454.8464,23892988.186852045,0.3254212971293674
172.0,10.996894,-22.0,3454.8464,24049110.098719485,0.32327179559443825
173.0,10.0,-21.40955,3454.8464,23530129.112675585,0.33121315086120307
171.99889,11.0,-22.0,3454.8464,24049600.172224637,0.32326509673760645
172.0,11.0,-21.998983,3454.8464,24048969.524175335,0.32327498147089356
173.0,11.0,-21.080193,3454.8464,23487030.752300646,0.3321791685433569
171.60695,12.0,-22.0,3454.8464,24221740.93731349,0.32093166118560246
172.0,12.0,-21.640726,3454.8464,23999818.59864063,0.32438279774987855
171.1784,13.0,-22.0,3454.8464,24408503.74971532,0.3184309345162324
171.0,13.384072,-22.0,3454.8464,24485688.77066747,0.3174085181285423
172.0,13.0,-21.250284,3454.8464,23947984.157886155,0.32553225228858
170.71535,14.0,-22.0,3454.8464,24610494.411847576,0.3157686302356329
171.0,14.0,-21.741674,3454.8464,24450341.219566375,0.3181899538982095
170.21637,15.0,-22.0,3454.8464,24827463.549939558,0.31295322372019174
170.0,15.403937,-22.0,3454.8464,24920775.332892984,0.3117570660343082
171.0,15.0,-21.290281,3454.8464,24390235.889846597,0.3195012305936465
169.68208,16.0,-22.0,3454.8464,25059686.113558643,0.3099917605421584
170.0,16.0,-21.71375,3454.8464,24881805.82047043,0.3126013917264675
169.11098,17.0,-22.0,3454.8464,25306922.06182863,0.3068929116046987
169.0,17.182558,-22.0,3454.8464,25354546.870882347,0.30630327648412053
170.0,17.0,-21.201372,3454.8464,24814109.85926894,0.31404808873659773
168.50485,18.0,-22.0,3454.8464,25569799.856676303,0.30366277776921846
168.0,18.783262,-22.0,3454.8464,25787040.10210483,0.3010375539544973
169.0,18.0,-21.557978,3454.8464,25294813.757409647,0.3075710090234587
167.86073,19.0,-22.0,3454.8464,25847737.217728533,0.3003110309851587
168.0,19.0,-21.876486,3454.8464,25770284.835448515,0.30138825876528297
167.18037,20.0,-22.0,3454.8464,26141398.475064494,0.2968435603137052
167.0,20.250994,-22.0,3454.8464,26218469.828851577,0.29594621660379805
168.0,20.0,-21.275047,3454.8464,25690395.20815114,0.30304451389268106
166.46298,21.0,-22.0,3454.8464,26450831.48755011,0.2932679477315526
166.0,21.612051,-22.0,3454.8464,26648985.463957734,0.2910183289204178
167.0,21.0,-21.528275,3454.8464,26155155.283531938,0.29724413300251584
165.7071,22.0,-22.0,3454.8464,26775920.833891273,0.289592100562758
165.0,22.88981,-22.0,3454.8464,27078980.443641413,0.28623808282195906
166.0,22.0,-21.744547,3454.8464,26614620.922333013,0.29171326609008463
164.91257,23.0,-22.0,3454.8464,27116921.986130204,0.2858226201416824
165.0,23.0,-21.924307,3454.8464,27068779.74393414,0.2864416209074827
166.0,23.0,-21.053902,3454.8464,26524488.47645668,0.2935154744903268
164.07988,24.0,-22.0,3454.8464,27474326.733396318,0.2819651671842454
164.0,24.091597,-22.0,3454.8464,27508231.048389062,0.2816044690703051
165.0,24.0,-21.206106,3454.8464,26973904.34492144,0.28831932583371866
163.20839,25.0,-22.0,3454.8464,27848362.551701367,0.27802592312170193
163.0,25.228586,-22.0,3454.8464,27936869.093725294,0.2771085542482391
164.0,25.0,-21.32232,3454.8464,27418233.416673783,0.2833644829278409
162.29689,26.0,-22.0,3454.8464,28239114.923674785,0.2740112130947536
162.0,26.311884,-22.0,3454.8464,28365240.026981622,0.27273769900764894
163.0,26.0,-21.402925,3454.8464,27857550.21117614,0.2786400689398887
161.34483,27.0,-22.0,3454.8464,28646928.073739737,0.2699262915194351
161.0,27.34736,-22.0,3454.8464,28793433.803707227,0.26848530447539193
162.0,27.0,-21.44828,3454.8464,28291957.16661784,0.2741351902093087
160.35165,28.0,-22.0,3454.8464,29072174.12346332,0.2657760144724362
160.0,28.34003,-22.0,3454.8464,29221554.366771325,0.2643448582537648
161.0,28.0,-21.458729,3454.8464,28721582.7600172,0.2698390491054409
159.31667,29.0,-22.0,3454.8464,29515254.88361954,0.26156482418847377
159.0,29.294205,-22.0,3454.8464,29649718.350476462,0.26030998816532525
160.0,29.0,-21.434591,3454.8464,29146579.689351737,0.26574103987747943
158.23906,30.0,-22.0,3454.8464,29976603.739069585,0.25729673637021117
158.0,30.213598,-22.0,3454.8464,30078053.844834346,0.25637450635438974
159.0,30.0,-21.376165,3454.8464,29567123.128668085,0.2618308285269866
156.0,31.959501,-22.0,3454.8464,30935639.06493086,0.2487806285695131
157.11795,31.0,-22.0,3454.8464,30456687.64385402,0.25297532987471416
157.0,31.101429,-22.0,3454.8464,30506699.224175375,0.25253244457269786
158.0,31.0,-21.28373,3454.8464,29983409.063873,0.2580984178958918
155.95273,32.0,-22.0,3454.8464,30956157.529842466,0.24860328794781508
155.0,32.7883,-22.0,3454.8464,31364630.513867725,0.24511926357769254
156.0,32.0,-21.962185,3454.8464,30930571.20283772,0.24887155846142756
157.0,32.0,-21.15754,3454.8464,30395652.713999946,0.25453419926555987
154.7433,33.0,-22.0,3454.8464,31475928.01065468,0.24418214997490986
154.0,33.59272,-22.0,3454.8464,31794235.16166184,0.24153640970525758
155.0,33.0,-21.796751,3454.8464,31337471.511300914,0.24560185162898324
153.4873,34.0,-22.0,3454.8464,32016231.048408464,0.23971519278681197
153.0,34.374714,-22.0,3454.8464,32224620.422439113,0.2380269533632935
154.0,34.0,-21.59833,3454.8464,31740745.159936894,0.24247815475650883
151.0,35.875534,-22.0,3454.8464,33087845.95682056,0.23121684921088467
152.18329,35.0,-22.0,3454.8464,32577702.789070267,0.23520413507358606
152.0,35.135983,-22.0,3454.8464,32655959.80815113,0.2345860796950713
153.0,35.0,-21.367111,3454.8464,32140665.0577783,0.2394922725278285
150.83118,36.0,-22.0,3454.8464,33161606.609139886,0.2306484257536165
150.0,36.594425,-22.0,3454.8464,33520246.52055943,0.22791673069223478
151.0,36.0,-21.87139,3454.8464,33070578.465786114,0.23151463952643478
152.0,36.0,-21.103258,3454.8464,32537517.849812094,0.2366365090824147
148.0,37.983234,-22.0,3454.8464,34389154.19707556,0.22148300029492832
149.42972,37.0,-22.0,3454.8464,33768925.46557172,0.22604804248057558
149.0,37.29675,-22.0,3454.8464,33953980.53332189,0.22467306439778814
150.0,37.0,-21.57064,3454.8464,33462880.294464402,0.22889875663686
147.97552,38.0,-22.0,3454.8464,34399935.10071298,0.22140483614458487
147.0,38.6497,-22.0,3454.8464,34824392.34730374,0.21836023635911178
148.0,38.0,-21.98191,3454.8464,34386711.07098345,0.22152439860799675
149.0,38.0,-21.23784,3454.8464,33852692.28701299,0.22639516118071942
145.0,39.941914,-22.0,3454.8464,35699985.395264626,0.2122524811504827
146.47038,39.0,-22.0,3454.8464,35057185.53212507,0.21671321201179478
146.0,39.302677,-22.0,3454.8464,35261373.75728624,0.21528337214094145
147.0,39.0,-21.613436,3454.8464,34772488.13052855,0.21923444630911518
144.90887,40.0,-22.0,3454.8464,35740440.952450305,0.21197600099633493
144.0,40.564163,-22.0,3454.8464,36138956.566325426,0.2092787613430055
145.0,40.0,-21.93479,3454.8464,35691145.25140996,0.2124001344861558
146.0,40.0,-21.213392,3454.8464,35156428.86773273,0.2170413321615201
142.0,41.772125,-22.0,3454.8464,37022334.41921283,0.20345143882400912
143.29199,41.0,-22.0,3454.8464,36452424.726831704,0.20718635096552793
143.0,41.17518,-22.0,3454.8464,36580104.41087523,0.20634193462013692
144.0,41.0,-21.500196,3454.8464,36071673.9649112,0.21039736917590734
140.0,42.930252,-22.0,3454.8464,37911868.83215865,0.1977855238979078
141.6159,42.0,-22.0,3454.8464,37194036.29960255,0.20234285017414905
141.0,42.35646,-22.0,3454.8464,37465992.83129759,0.20060204936081344
142.0,42.0,-21.734558,3454.8464,36986306.62925926,0.20404656171413704
143.0,42.0,-21.03441,3454.8464,36451088.78006533,0.20847830544754672
139.878,43.0,-22.0,3454.8464,37966927.08735472,0.19744138490167137
139.0,43.49008,-22.0,3454.8464,38358335.67389194,0.19501436127506191
140.0,43.0,-21.917538,3454.8464,37900593.33301545,0.19797077837250882
141.0,43.0,-21.235247,3454.8464,37363034.01832596,0.2022973947742399
137.0,44.57909,-22.0,3454.8464,39257517.54845916,0.189564477906558
138.07658,44.0,-22.0,3454.8464,38773657.13851975,0.1924745166910464
138.0,44.04132,-22.0,3454.8464,38807681.551861316,0.19226800324200893
139.0,44.0,-21.385351,3454.8464,38275025.805146575,0.1963799682458724
135.0,45.6262,-22.0,3454.8464,40163934.461235054,0.18423881963271868
136.20871,45.0,-22.0,3454.8464,39616648.211965404,0.18743485019553308
136.0,45.108574,-22.0,3454.8464,39710236.336686194,0.18688367370547168
137.0,45.0,-21.485744,3454.8464,39187405.51112692,0.1907098137692177
133.0,46.63385,-22.0,3454.8464,41077992.82300147,0.17902459681898983
134.27022,46.0,-22.0,3454.8464,40498095.67525032,0.18231537069599257
134.0,46.135464,-22.0,3454.8464,40620347.275978774,0.18161603830915085
135.0,46.0,-21.537426,3454.8464,40100556.59328343,0.18527174009419956
131.0,47.604195,-22.0,3454.8464,42000108.471754126,0.17390978609644842
132.25723,47.0,-22.0,3454.8464,41421028.48057501,0.1771058992969463
132.0,47.124214,-22.0,3454.8464,41538427.958859116,0.17645288266982004
133.0,47.0,-21.541367,3454.8464,41014905.75756394,0.18005151958434132
128.0,48.995003,-22.0,3454.8464,43400160.581907645,0.16639502878840004
129.0,48.539173,-22.0,3454.8464,42930705.70060195,0.16888310641212123
130.16525,48.0,-22.0,3454.8464,42388838.638487354,0.17179459224384663
130.0,48.07682,-22.0,3454.8464,42464900.535700046,0.17138273609480353
131.0,48.0,-21.498512,3454.8464,41930923.93265754,0.1750358291150732
126.0,49.879498,-22.0,3454.8464,44343906.26803638,0.1614832300525998
127.98899,49.0,-22.0,3454.8464,43405396.16408943,0.16636750729349498
127.0,49.440483,-22.0,3454.8464,43870216.28095871,0.16393399536697667
128.0,49.0,-21.993635,3454.8464,43399268.537063695,0.16640954926248874
129.0,49.0,-21.409773,3454.8464,42849127.00584232,0.17021219066839946
124.0,50.73249,-22.0,3454.8464,45297096.314103015,0.15663466164200154
125.7235,50.0,-22.0,3454.8464,44476369.85601146,0.1608039745667909
125.0,50.309635,-22.0,3454.8464,44819078.47095256,0.15905258623326873
126.0,50.0,-21.845022,3454.8464,44322174.95978331,0.16183778371937882
127.0,50.0,-21.276016,3454.8464,43770076.27385167,0.16556891299292364
121.0,51.956284,-22.0,3454.8464,46746318.94223671,0.14945797121325832
122.0,51.55525,-22.0,3454.8464,46260176.28123868,0.1518403198796371
123.36011,51.0,-22.0,3454.8464,45605888.494147435,0.15508802622096246
123.0,51.14795,-22.0,3454.8464,45777735.99886188,0.15422968593239525
124.0,51.0,-21.652674,3454.8464,45248431.452854976,0.15743136445550385
125.0,51.0,-21.098063,3454.8464,44694378.56702512,0.16109503555070726
119.0,52.734974,-22.0,3454.8464,47724272.290520035,0.14473259766852603
120.89027,52.0,-22.0,3454.8464,46800309.66356407,0.14919534105433846
120.0,52.34886,-22.0,3454.8464,47233596.02998036,0.14709185397424338
121.0,52.0,-21.943098,3454.8464,46738259.72672939,0.1495904711070052
122.0,52.0,-21.417356,3454.8464,46178706.28882899,0.15318014705065736
116.0,53.851524,-22.0,3454.8464,49212149.05573138,0.13770555232320741
117.0,53.48596,-22.0,3454.8464,48713115.56216116,0.14004151896063807
118.30457,53.0,-22.0,3454.8464,48068605.295961365,0.1430916140389268
118.0,53.11426,-22.0,3454.8464,48217808.611204445,0.14238154668034944
119.0,53.0,-21.652157,3454.8464,47675190.58108233,0.14554427953544521
120.0,53.0,-21.13977,3454.8464,47113713.16360287,0.1490746025693724
113.0,54.907227,-22.0,3454.8464,50724586.41354284,0.13073693294258523
114.0,54.561634,-22.0,3454.8464,50217080.20119867,0.13305612428132438
115.58936,54.0,-22.0,3454.8464,49419199.761525236,0.13674348940767916
115.0,54.209965,-22.0,3454.8464,49713305.30720088,0.13537782672087414
116.0,54.0,-21.80492,3454.8464,49184437.88096659,0.13816706429721964
117.0,54.0,-21.320044,3454.8464,48617662.91506304,0.14163113208498435
110.0,55.904053,-22.0,3454.8464,52262360.398676105,0.12380614577880995
111.0,55.57793,-22.0,3454.8464,51746271.386921205,0.12611474261950695
112.72872,55.0,-22.0,3454.8464,50863767.047934294,0.13010499981750437
112.0,55.245773,-22.0,3454.8464,51233914.198045395,0.12842434466480832
113.0,55.0,-21.87807,3454.8464,50707194.257654354,0.1310290748053279
114.0,55.0,-21.419878,3454.8464,50135251.276384875,0.1344303443176818
107.0,56.843628,-22.0,3454.8464,53826242.135721445,0.1168943005029441
108.0,56.536537,-22.0,3454.8464,53301465.2085338,0.11919812051436351
109.70231,56.0,-22.0,3454.8464,52417628.76653294,0.12311573132396986
109.0,56.22344,-22.0,3454.8464,52780416.65023091,0.12150149584743798
110.0,56.0,-21.873955,3454.8464,52244355.25642495,0.12411164536974835
111.0,56.0,-21.441593,3454.8464,51667337.99785176,0.127453549144421
104.0,57.727234,-22.0,3454.8464,55416996.54117164,0.10998425913167614
105.0,57.438797,-22.0,3454.8464,54883431.02696657,0.11228872563001407
106.48306,57.0,-22.0,3454.8464,54100066.61799888,0.11569920845961698
106.0,57.144375,-22.0,3454.8464,54353586.84660035,0.11459136652100815
107.0,57.0,-21.794802,3454.8464,53796972.946600616,0.11739673487438099
108.0,57.0,-21.387403,3454.8464,53214934.29722367,0.12068273723454527
100.0,58.81993,-22.0,3454.8464,57581525.179436274,0.10074719704175733
101.0,58.55582,-22.0,3454.8464,57035380.7404233,0.10306068402489779
102.0,58.285725,-22.0,3454.8464,56492929.89594088,0.10537079548613709
103.03458,58.0,-22.0,3454.8464,55935775.249783084,0.10775698099771527
103.0,58.00966,-22.0,3454.8464,55954190.19797587,0.10767778228094342
104.0,58.0,-21.642677,3454.8464,55366259.86218233,0.11086684207349079
105.0,58.0,-21.259369,3454.8464,54779207.59417478,0.11410047905445037
96.0,59.81602,-22.0,3454.8464,59796017.60065903,0.09145554585300134
97.0,59.57601,-22.0,3454.8464,59237250.37905115,0.09378521532366019
98.0,59.329998,-22.0,3454.8464,58682141.93799894,0.096110081559322
99.30435,59.0,-22.0,3454.8464,57964526.41001046,0.09913256501798418
99.0,59.078,-22.0,3454.8464,58130712.51420735,0.09843038209386969
100.0,59.0,-21.766413,3454.8464,57548357.15154583,0.10133338373368903
101.0,59.0,-21.419432,3454.8464,56953589.6762814,0.10450497581713061
102.0,59.0,-21.059355,3454.8464,56361483.075346574,0.10768987726942471
91.0,60.92618,-22.0,3454.8464,62636411.145337954,0.07972401637131599
92.0,60.716206,-22.0,3454.8464,62061396.15804749,0.0820824459644039
93.0,60.500175,-22.0,3454.8464,61489976.40369451,0.0844345824637516
94.0,60.27811,-22.0,3454.8464,60922175.0870439,0.0867806409063758
95.215294,60.0,-22.0,3454.8464,60237744.20834158,0.08962152221695924
95.0,60.050034,-22.0,3454.8464,60358014.613466516,0.08912083769292761
96.0,60.0,-21.763844,3454.8464,59762673.164198235,0.0920556332925322
97.0,60.0,-21.45155,3454.8464,59160325.68899794,0.09516814837852383
98.0,60.0,-21.12665,3454.8464,58560494.38886706,0.09829468017980843
86.0,61.886196,-22.0,3454.8464,65557349.76169604,0.06782380281554425
87.0,61.706383,-22.0,3454.8464,64966184.3974154,0.07021860512420985
88.0,61.520443,-22.0,3454.8464,64378543.278529406,0.07260587146559895
89.0,61.3284,-22.0,3454.8464,63794451.623876624,0.07498578241615683
90.64003,61.0,-22.0,3454.8464,62845213.35658392,0.07887038630006338
90.0,61.130272,-22.0,3454.8464,63213934.08849334,0.07735852228505677
91.0,61.0,-21.907028,3454.8464,62623372.70395282,0.07996389857903809
92.0,61.0,-21.639744,3454.8464,62011127.07637163,0.0830060800311462
93.0,61.0,-21.360529,3454.8464,61401221.556201726,0.08606318610621788
94.0,61.0,-21.069206,3454.8464,60793712.69328404,0.08913471132188931
79.0,62.974236,-22.0,3454.8464,69784180.27270454,0.05082340773043201
80.0,62.837498,-22.0,3454.8464,69170159.08022667,0.053277707504519836
81.0,62.69447,-22.0,3454.8464,68559533.96241856,0.05572327753596813
82.0,62.545177,-22.0,3454.8464,67952331.69236456,0.05816023934919408
83.0,62.389652,-22.0,3454.8464,67348578.83224715,0.060588721447390054
84.0,62.227917,-22.0,3454.8464,66748301.67511492,0.06300885883757135
85.34657,62.0,-22.0,3454.8464,65946396.05198148,0.0662520383588104
85.0,62.06,-22.0,3454.8464,66151526.18657486,0.06542079255915073
86.0,62.0,-21.859438,3454.8464,65537967.343564935,0.06818976844357433
87.0,62.0,-21.63446,3454.8464,64915939.669588536,0.07116563681574672
88.0,62.0,-21.398232,3454.8464,64296119.76804446,0.07415675139054793
89.0,62.0,-21.150568,3454.8464,63678556.02705563,0.07716276803168563
69.0,63.99299,-22.0,3454.8464,76097663.54589993,0.025762550903064046
70.0,63.920563,-22.0,3454.8464,75451670.73164834,0.028310546159202934
71.0,63.841488,-22.0,3454.8464,74808866.87335023,0.03084915152080299
72.0,63.755795,-22.0,3454.8464,74169277.9130134,0.03337838055138799
73.0,63.663536,-22.0,3454.8464,73532930.01606803,0.0358982574171373
74.0,63.564743,-22.0,3454.8464,72899849.52935779,0.0384088165697868
75.0,63.45946,-22.0,3454.8464,72270062.93669504,0.04091010240678512
76.0,63.347725,-22.0,3454.8464,71643596.81221661,0.043402168911229236
77.0,63.22957,-22.0,3454.8464,71020477.77176452,0.045885079274324406
78.80366,63.0,-22.0,3454.8464,69905679.56648116,0.050338824902671095
78.0,63.10503,-22.0,3454.8464,70400732.42254211,0.04835890550298387
79.0,63.0,-21.969296,3454.8464,69780060.29261613,0.05090404024734004
80.0,63.0,-21.80479,3454.8464,69143972.78872426,0.05378889460728048
81.0,63.0,-21.630041,3454.8464,68509939.95263048,0.056689027600236586
82.0,63.0,-21.444868,3454.8464,67877996.3261018,0.059604332036386015
83.0,63.0,-21.249098,3454.8464,67248178.48945387,0.06253465984943044
84.0,63.0,-21.042547,3454.8464,66620524.96659435,0.06547982159180993
60.0,64.33905,-22.0,3454.8464,82048558.51113036,0.0024046036410689388
61.0,64.32874,-22.0,3454.8464,81375030.95368391,0.005036119905267444
62.0,64.31126,-22.0,3454.8464,80704528.50072059,0.0076587822753118205
63.0,64.28665,-22.0,3454.8464,80037074.4526527,0.010272492399132393
64.0,64.255,-22.0,3454.8464,79372692.4897928,0.012877163290077613
65.0,64.21635,-22.0,3454.8464,78711406.65934046,0.015472719300604978
66.0,64.17076,-22.0,3454.8464,78053241.35852166,0.018059096061801803
67.0,64.11829,-22.0,3454.8464,77398221.3142118,0.020636240389548203
68.8939,64.0,-22.0,3454.8464,76166638.31352067,0.025490932513798574
68.0,64.059006,-22.0,3454.8464,76746371.55916035,0.023204110158361324
69.0,64.0,-21.99212,3454.8464,76096672.74615103,0.025783140819616746
70.0,64.0,-21.910059,3454.8464,75440304.93496528,0.028545661254642835
71.0,64.0,-21.819107,3454.8464,74785909.53713699,0.03132199020899348
72.0,64.0,-21.71912,3454.8464,74133496.93624473,0.03411229656691706
73.0,64.0,-21.609943,3454.8464,73483080.13070479,0.03691672201680977
74.0,64.0,-21.491419,3454.8464,72834674.68490131,0.039735379235147354
75.0,64.0,-21.363388,3454.8464,72188298.67458001,0.04256835016541631
76.0,64.0,-21.225687,3454.8464,71543972.62688741,0.04541568440653392
77.0,64.0,-21.078154,3454.8464,70901719.4554132,0.048277397725008955
59.0,65.0,-21.30144,3454.8464,82647789.57061343,0.0015303477086228885
60.0,65.0,-21.29294,3454.8464,81969400.59671876,0.004197831219221667
61.0,65.0,-21.276503,3454.8464,81293143.40175405,0.00687636548730184
62.0,65.0,-21.252024,3454.8464,80619003.29510039,0.00956623015352063
63.0,65.0,-21.219398,3454.8464,79946968.13911495,0.012267696025177731
64.0,65.0,-21.17851,3454.8464,79277028.37285122,0.014981023155442537
65.0,65.0,-21.129246,3454.8464,78609177.02886829,0.017706458906606607
66.0,65.0,-21.07148,3454.8464,77943409.74170473,0.020444235994929734
67.0,65.0,-21.005083,3454.8464,77279724.74851908,0.02319457053094459
175.12685,0.0,-21.0,3454.8464,22537932.515774164,0.3463743069036974
176.0,0.0,-20.13722,3454.8464,22034684.03343869,0.3553030902017045
175.11002,1.0,-21.0,3454.8464,22543860.166993804,0.34628230226592666
176.0,1.0,-20.120634,3454.8464,22031041.318182517,0.35537842066259995
175.05945,2.0,-21.0,3454.8464,22566206.34603793,0.3459365491905175
175.0,2.705074,-21.0,3454.8464,22592451.17987626,0.34553131099194445
176.0,2.0,-20.070868,3454.8464,22024770.945186958,0.3555288597453024
174.97536,3.0,-21.0,3454.8464,22603488.40636931,0.3453616824983411
175.0,3.0,-20.975742,3454.8464,22589160.20183224,0.34561224683621294
174.85826,4.0,-21.0,3454.8464,22655830.882920627,0.3445595678000956
175.0,4.0,-20.860556,3454.8464,22573610.511593632,0.34599346787790913
174.70743,5.0,-21.0,3454.8464,22723074.508671165,0.3435337668690949
175.0,5.0,-20.71233,3454.8464,22553833.911046676,0.34647495687142627
174.52263,6.0,-21.0,3454.8464,22805179.880666178,0.34228830205307403
175.0,6.0,-20.530968,3454.8464,22529988.97477763,0.3470504580733024
174.30359,7.0,-21.0,3454.8464,22902099.90840018,0.3408279871011201
175.0,7.0,-20.316355,3454.8464,22502265.9186024,0.3477125759212172
174.04999,8.0,-21.0,3454.8464,23013780.427264012,0.33915836944025135
174.0,8.173677,-21.0,3454.8464,23035697.78988507,0.33883292965217665
175.0,8.0,-20.06835,3454.8464,22470884.56371293,0.34845291298277836
173.76381,9.0,-21.0,3454.8464,23140682.49050342,0.3372841264204592
174.0,9.0,-20.769407,3454.8464,23004855.107768055,0.33956959971447065
173.44308,10.0,-21.0,3454.8464,23282401.384815693,0.33521308437910113
174.0,10.0,-20.456999,3454.8464,22964006.529825427,0.3405327290675826
173.08688,11.0,-21.0,3454.8464,23438756.384876054,0.3329529100388003
173.0,11.222183,-21.0,3454.8464,23476660.16945877,0.3324100515134289
174.0,11.0,-20.110954,3454.8464,22920045.552443825,0.34155257051409654
172.69763,12.0,-21.0,3454.8464,23610351.818446048,0.33050939258555295
173.0,12.0,-20.707075,3454.8464,23437796.232247278,0.3333159207272473
172.27298,13.0,-21.0,3454.8464,23796698.969936978,0.3278919165602363
172.0,13.592519,-21.0,3454.8464,23915554.297723133,0.3262425701387265
173.0,13.0,-20.296864,3454.8464,23384896.4638147,0.33453010822142065
171.81325,14.0,-21.0,3454.8464,23997951.386635885,0.32510824351533907
172.0,14.0,-20.820347,3454.8464,23891790.795368362,0.3267853124593474
171.31892,15.0,-21.0,3454.8464,24214297.757731397,0.32216625949402744
171.0,15.600366,-21.0,3454.8464,24352644.15029402,0.3203104656618755
172.0,15.0,-20.346117,3454.8464,23830438.501922667,0.32816985438871277
170.78865,16.0,-21.0,3454.8464,24445527.982898794,0.319075147960175
171.0,16.0,-20.798252,3454.8464,24326103.295693126,0.3209039329786334
170.223,17.0,-21.0,3454.8464,24691886.09272158,0.3158428427165939
170.0,17.370003,-21.0,3454.8464,24788109.3967005,0.31459774245834343
171.0,17.0,-20.259975,3454.8464,24257009.00482503,0.32242958350037304
169.62169,18.0,-21.0,3454.8464,24953450.794717018,0.3124777541230114
169.0,18.972918,-21.0,3454.8464,25222340.781399447,0.30908391209878666
170.0,18.0,-20.641884,3454.8464,24741362.7544782,0.3156205249377839
168.98276,19.0,-21.0,3454.8464,25229896.969094984,0.30898943776805077
169.0,19.0,-20.983774,3454.8464,25220214.97412547,0.30912975766530965
170.0,19.0,-20.039352,3454.8464,24665424.682063356,0.3172552566665185
168.30923,20.0,-21.0,3454.8464,25522164.41929119,0.3053836219989694
168.0,20.434105,-21.0,3454.8464,25654899.97677242,0.30377168750550637
169.0,20.0,-20.35199,3454.8464,25138644.509522513,0.3108748978734835
167.59792,21.0,-21.0,3454.8464,25829676.21127083,0.3016703248820743
167.0,21.79757,-21.0,3454.8464,26086690.68621599,0.2986291217200033
168.0,21.0,-20.625336,3454.8464,25606350.419393804,0.3047959571287605
166.84857,22.0,-21.0,3454.8464,26152602.84848933,0.29785717806893264
167.0,22.0,-20.859875,3454.8464,26068493.71486276,0.29900763321768925
166.06163,23.0,-21.0,3454.8464,26491332.214317955,0.2939509355560001
166.0,23.074678,-21.0,3454.8464,26517570.279037215,0.29365279842009484
167.0,23.0,-20.134455,3454.8464,25976475.7549907,0.30090215222512395
165.23738,24.0,-21.0,3454.8464,26846262.092339803,0.2899580459634171
165.0,24.274788,-21.0,3454.8464,26947381.268031873,0.28883932093154213
166.0,24.0,-20.301744,3454.8464,26428163.282662567,0.29547278506300956
164.37407,25.0,-21.0,3454.8464,27217281.615117583,0.28588615458991506
164.0,25.414242,-21.0,3454.8464,27376667.17599535,0.2841695335034364
165.0,25.0,-20.431253,3454.8464,26874506.520829223,0.29030273293362163
163.4713,26.0,-21.0,3454.8464,27604683.306874372,0.2817414057884181
163.0,26.499956,-21.0,3454.8464,27805505.81339917,0.2796360763422524
164.0,26.0,-20.523384,3454.8464,27315583.822878778,0.285379959652305
162.52863,27.0,-21.0,3454.8464,28008785.023666833,0.2775295320535385
162.0,27.537811,-21.0,3454.8464,28233990.846423626,0.275231625827722
163.0,27.0,-20.578522,3454.8464,27751502.221565656,0.2806924332169286
161.5455,28.0,-21.0,3454.8464,28429931.581353005,0.2732558364819774
161.0,28.532839,-21.0,3454.8464,28662230.34552024,0.2709489656278952
162.0,28.0,-20.597033,3454.8464,28182395.39817666,0.27622825066386536
160.5213,29.0,-21.0,3454.8464,28868496.4458187,0.2689251788932301
160.0,29.489359,-21.0,3454.8464,29090345.39794592,0.2667810458718637
161.0,29.0,-20.579258,3454.8464,28608421.72874348,0.27197574338905406
159.45528,30.0,-21.0,3454.8464,29324883.499484237,0.2645419651328543
159.0,30.411097,-21.0,3454.8464,29518468.790513247,0.2627210313006319
160.0,30.0,-20.52552,3454.8464,29029762.418536596,0.2679235642096943
158.34659,31.0,-21.0,3454.8464,29799528.900129803,0.2601101390679345
158.0,31.301277,-21.0,3454.8464,29946743.7665682,0.2587623393929937
159.0,31.0,-20.436121,3454.8464,29446619.732428916,0.2640607576182866
156.0,32.997765,-21.0,3454.8464,30804357.08190536,0.25112417875354703
157.19429,32.0,-21.0,3454.8464,30292903.05022629,0.25563317678154596
157.0,32.162704,-21.0,3454.8464,30375322.859249406,0.25489866949898177
158.0,32.0,-20.311337,3454.8464,29859215.32553002,0.26037681478422076
155.99731,33.0,-21.0,3454.8464,30805520.93135042,0.25111405777690704
155.0,33.804424,-21.0,3454.8464,31233160.248567775,0.2474461993098112
156.0,33.0,-20.997744,3454.8464,30804066.284675088,0.25112946433733835
157.0,33.0,-20.151417,3454.8464,30267788.675736386,0.25686171490126775
154.75668,34.0,-21.0,3454.8464,31338663.263778962,0.24655310013776766
154.0,34.5887,-21.0,3454.8464,31662601.331330825,0.24384755778240247
155.0,34.0,-20.797237,3454.8464,31207120.557044126,0.24791496358736767
153.46922,35.0,-21.0,3454.8464,31892346.164111547,0.24195405852600058
153.0,35.352303,-21.0,3454.8464,32092859.00771173,0.24032297754860849
154.0,35.0,-20.562382,3454.8464,31606620.046451792,0.24484620098364082
151.0,36.819866,-21.0,3454.8464,32955656.68949866,0.23348849645539566
152.13342,36.0,-21.0,3454.8464,32467211.55587189,0.23731846601411938
152.0,36.096733,-21.0,3454.8464,32524117.144711714,0.23686751851539312
153.0,36.0,-20.293358,3454.8464,32002858.018504508,0.2419148343599175
150.74994,37.0,-21.0,3454.8464,33064790.234007165,0.2326447932182403
150.0,37.524536,-21.0,3454.8464,33387921.85761351,0.23017689956453175
151.0,37.0,-20.799545,3454.8464,32929824.45793392,0.23394021092731704
148.0,38.88646,-21.0,3454.8464,34256248.38752411,0.2237269453497075
149.31627,38.0,-21.0,3454.8464,33685633.90166313,0.2279341582263315
149.0,38.213745,-21.0,3454.8464,33821589.863445014,0.22692193683701173
150.0,38.0,-20.458357,3454.8464,33318494.338828117,0.23138226867263023
147.83067,39.0,-21.0,3454.8464,34330716.40349302,0.22318603930275682
147.0,39.541855,-21.0,3454.8464,34691396.79958643,0.22059529770325836
148.0,39.0,-20.868303,3454.8464,34239188.524926245,0.2240203244068571
149.0,39.0,-20.083746,3454.8464,33704828.22778923,0.2289358263392339
145.0,40.812263,-21.0,3454.8464,35566323.67649236,0.21447777705645454
146.29263,40.0,-21.0,3454.8464,35001653.14114975,0.2183976007169256
146.0,40.184547,-21.0,3454.8464,35128377.51768771,0.21750952892774358
147.0,40.0,-20.456806,3454.8464,34621480.19424044,0.22179078347448516
144.69948,41.0,-21.0,3454.8464,35699424.84118239,0.21356761905987937
144.0,41.42583,-21.0,3454.8464,36005297.30828236,0.21149706969603815
145.0,41.0,-20.773733,3454.8464,35536928.34692759,0.21497660832198984
146.0,41.0,-20.012371,3454.8464,35002127.9077205,0.2196572422813328
142.0,42.616074,-21.0,3454.8464,36887985.01863385,0.2056651859234398
143.04878,42.0,-21.0,3454.8464,36425288.181348495,0.20869372027661842
143.0,42.028717,-21.0,3454.8464,36446553.22436042,0.20855314310134698
144.0,42.0,-20.293583,3454.8464,35914207.54777152,0.21303629304868799
140.0,43.758705,-21.0,3454.8464,37776820.350621924,0.19999761842385916
141.34055,43.0,-21.0,3454.8464,37181904.62555133,0.20376866544805128
141.0,43.19354,-21.0,3454.8464,37331778.29472912,0.2028102667116145
142.0,43.0,-20.520548,3454.8464,36825670.43908416,0.2067123128184688
138.0,44.856792,-21.0,3454.8464,38672195.45110713,0.19447901111338212
139.57019,44.0,-21.0,3454.8464,37970163.30822124,0.19879054684998543
139.0,44.31276,-21.0,3454.8464,38223461.417499565,0.19722229974854255
140.0,44.0,-20.694374,3454.8464,37736815.51082303,0.2006668772148514
136.0,45.913082,-21.0,3454.8464,39574513.88963612,0.18909488407577946
137.7354,45.0,-21.0,3454.8464,38792307.48592359,0.19375277357280177
137.0,45.3892,-21.0,3454.8464,39122003.70123201,0.1917745558610843
138.0,45.0,-20.816166,3454.8464,38647982.12384249,0.19488275315781203
139.0,45.0,-20.113045,3454.8464,38108434.7135869,0.19914312710022636
134.0,46.930042,-21.0,3454.8464,40484189.6730398,0.18383160520131336
135.83336,46.0,-21.0,3454.8464,39650830.84579854,0.1886475423552063
135.0,46.425392,-21.0,3454.8464,40027816.80490327,0.18645319944743394
136.0,46.0,-20.887003,3454.8464,39559551.49741922,0.1893438360497652
137.0,46.0,-20.201525,3454.8464,39017876.4744129,0.193509208192907
132.0,47.90986,-21.0,3454.8464,41401646.28162916,0.17867636111429863
133.86076,47.0,-21.0,3454.8464,40548510.82171973,0.18346570483807376
133.0,47.4236,-21.0,3454.8464,40941321.97269137,0.18124521647595426
134.0,47.0,-20.907953,3454.8464,40471948.0220532,0.18403508305838803
135.0,47.0,-20.239676,3454.8464,39928207.12014851,0.18811052665554065
130.0,48.854496,-21.0,3454.8464,42327315.71882862,0.17361712816388003
131.81367,48.0,-21.0,3454.8464,41488448.18335979,0.17819660777377386
131.0,48.385845,-21.0,3454.8464,41862949.08054426,0.1761383852008497
132.0,48.0,-20.88005,3454.8464,41385640.39510879,0.17894244422600916
133.0,48.0,-20.22852,3454.8464,40839884.53613436,0.18293279460443243
128.0,49.765694,-21.0,3454.8464,43261637.56391883,0.16864264403808565
129.68742,49.0,-21.0,3454.8464,42474114.411722645,0.17282789961311273
129.0,49.31392,-21.0,3454.8464,42793135.68754527,0.17112124742131157
130.0,49.0,-20.804306,3454.8464,42301142.52638957,0.17405279308340324
131.0,49.0,-20.169056,3454.8464,41753410.55244026,0.1779626671328564
126.0,50.644978,-21.0,3454.8464,44205058.017649926,0.16374238043272715
127.47653,50.0,-21.0,3454.8464,43509408.793415606,0.1673452949129531
127.0,50.20941,-21.0,3454.8464,43732326.08177937,0.16618308073478855
128.0,50.0,-20.681688,3454.8464,43219014.16282572,0.16935385827208466
129.0,50.0,-20.062243,3454.8464,42669331.64028166,0.17318767410843705
123.0,51.907482,-21.0,3454.8464,45638830.80077323,0.15650729639021868
124.0,51.493706,-21.0,3454.8464,45158028.93036213,0.1589065170846825
125.17447,51.0,-21.0,3454.8464,44598727.72238822,0.1617322854871231
125.0,51.073723,-21.0,3454.8464,44680970.310689375,0.1613138721193825
126.0,51.0,-20.513124,3454.8464,44139861.187168434,0.16483415753041325
121.0,52.711887,-21.0,3454.8464,46606249.98779244,0.1517542594310074
122.77481,52.0,-21.0,3454.8464,45748367.007872805,0.15596514920620283
122.0,52.313046,-21.0,3454.8464,46121006.802154824,0.15412591737164735
123.0,52.0,-20.872816,3454.8464,45621591.35365607,0.1567973846031519
124.0,52.0,-20.299486,3454.8464,45064335.551854156,0.16048293524113486
118.0,53.866806,-21.0,3454.8464,48077791.47267056,0.14470073425064134
119.0,53.48844,-21.0,3454.8464,47584235.2282227,0.14704387069431832
120.26837,53.0,-21.0,3454.8464,46964496.93229476,0.1500198926578425
120.0,53.104008,-21.0,3454.8464,47094451.74463183,0.14939210558569815
121.0,53.0,-20.600683,3454.8464,46552277.22387992,0.15266800682082013
122.0,53.0,-20.041588,3454.8464,45993134.81605483,0.15629010457344172
115.0,54.96093,-21.0,3454.8464,49573452.20822932,0.1377219753901434
116.0,54.602448,-21.0,3454.8464,49071460.89816015,0.14004348108477507
117.64459,54.0,-21.0,3454.8464,48255114.274440676,0.14386529677454368
117.0,54.23795,-21.0,3454.8464,48573250.62762678,0.1423684884969039
118.0,54.0,-20.81524,3454.8464,48052612.66765424,0.14513030953550005
119.0,54.0,-20.28554,3454.8464,47488070.9237041,0.14868375746008503
112.0,55.996372,-21.0,3454.8464,51094026.5525009,0.130795657443675
113.0,55.65724,-21.0,3454.8464,50583484.38780132,0.13310211232803038
114.89015,55.0,-21.0,3454.8464,49629257.17563227,0.13746552861764916
114.0,55.31214,-21.0,3454.8464,50076726.81184066,0.13541050525999532
115.0,55.0,-20.9458,3454.8464,49566023.32621905,0.1378498959156112
116.0,55.0,-20.444641,3454.8464,48996233.55385266,0.14133803906247094
109.0,56.97491,-21.0,3454.8464,52640303.43383632,0.12390113826611922
110.0,56.654663,-21.0,3454.8464,52121100.43332858,0.1261987824401073
111.98922,56.0,-21.0,3454.8464,51099598.844531395,0.1307706236310075
111.0,56.328484,-21.0,3454.8464,51605681.10914085,0.12849684575162634
112.0,56.0,-20.99497,3454.8464,51093335.074008554,0.13080769313184
113.0,56.0,-20.521456,3454.8464,50518416.13059698,0.134233800694827
114.0,56.0,-20.032768,3454.8464,49946694.01409571,0.1376702317570628
106.0,57.89798,-21.0,3454.8464,54213065.349932626,0.1170195079091766
107.0,57.59621,-21.0,3454.8464,53685096.823274046,0.11931421041670173
108.920906,57.0,-21.0,3454.8464,52681854.18125727,0.12371822854453998
108.0,57.288536,-21.0,3454.8464,53160906.948453486,0.121607870561776
109.0,57.0,-20.965273,3454.8464,52635526.90135575,0.12398530771735872
110.0,57.0,-20.518478,3454.8464,52055559.697565705,0.1273526489231325
111.0,57.0,-20.056797,3454.8464,51478660.05397805,0.13073093602719355
103.0,58.766693,-21.0,3454.8464,55813087.244280696,0.11013364052660969
104.0,58.48306,-21.0,3454.8464,55276253.21207822,0.11243086702044622
105.6574,58.0,-21.0,3454.8464,54395810.550778866,0.11622944680175612
105.0,58.193535,-21.0,3454.8464,54743189.100265846,0.11472566037170892
106.0,58.0,-20.859097,3454.8464,54193736.61627722,0.11736488184145044
107.0,58.0,-20.438086,3454.8464,53608759.37315588,0.12067678704753991
108.0,58.0,-20.00249,3454.8464,53026729.109313734,0.12400018834531747
99.0,59.84172,-21.0,3454.8464,57990670.029410765,0.10091947598330192
100.0,59.581833,-21.0,3454.8464,57441135.007062055,0.10322824574394399
101.0,59.31605,-21.0,3454.8464,56895339.61857884,0.1055330262434322
102.16128,59.0,-21.0,3454.8464,56266829.47337691,0.10820272566043998
102.0,59.044395,-21.0,3454.8464,56353302.166215345,0.10783406709861042
103.0,59.0,-20.678652,3454.8464,55769263.40953929,0.11092900776601214
104.0,59.0,-20.28248,3454.8464,55179267.74621435,0.11418891149950146
95.0,60.822426,-21.0,3454.8464,60218809.77571835,0.09164033410566139
96.0,60.586098,-21.0,3454.8464,59656535.592228554,0.09396783411508856
97.0,60.343857,-21.0,3454.8464,59097963.46515596,0.09628991542664392
98.37904,60.0,-21.0,3454.8464,58334803.48449869,0.0994801303293059
98.0,60.09572,-21.0,3454.8464,58543114.48080608,0.09860681348025453
99.0,60.0,-20.784407,3454.8464,57961313.17659244,0.10146235705409266
100.0,60.0,-20.42591,3454.8464,57363567.06193406,0.10466070384998685
101.0,60.0,-20.053656,3454.8464,56768495.00701107,0.10787216760168014
90.0,61.91614,-21.0,3454.8464,63077097.18677479,0.079910064734132
91.0,61.70926,-21.0,3454.8464,62498425.33776268,0.08226947915713655
92.0,61.49641,-21.0,3454.8464,61923388.16248086,0.08462199210155323
93.0,61.27761,-21.0,3454.8464,61352009.8201649,0.08696781528155682
94.23092,61.0,-21.0,3454.8464,60654503.97359955,0.08984387047810427
94.0,61.052883,-21.0,3454.8464,60784313.63651865,0.08930716195842958
95.0,61.0,-20.760977,3454.8464,60186501.40161435,0.09225051792792577
96.0,61.0,-20.438381,3454.8464,59581116.306993246,0.09538999369880133
97.0,61.0,-20.102558,3454.8464,58978263.76260292,0.09854345123532929
85.0,62.862507,-21.0,3454.8464,66016753.84483924,0.06799550443986116
86.0,62.685253,-21.0,3454.8464,65421794.448833704,0.07039438627604182
87.0,62.50195,-21.0,3454.8464,64830394.79782659,0.07278513986816898
88.0,62.31262,-21.0,3454.8464,64242581.12015019,0.07516794101951864
89.58475,62.0,-21.0,3454.8464,63319453.46528408,0.07892489169097738
89.0,62.117287,-21.0,3454.8464,63658379.05740943,0.07754296947302361
90.0,62.0,-20.889423,3454.8464,63062283.286758386,0.08019709344919856
91.0,62.0,-20.613482,3454.8464,62446894.36310217,0.08326610369667982
92.0,62.0,-20.325048,3454.8464,61833866.607655406,0.08635018797869831
93.0,62.0,-20.023928,3454.8464,61223255.74470425,0.08944878392350963
78.0,63.93545,-21.0,3454.8464,70271024.99876682,0.050950046701013656
79.0,63.800625,-21.0,3454.8464,69653024.50749204,0.053412514676178136
80.0,63.65958,-21.0,3454.8464,69038449.69104126,0.055865700373247604
81.0,63.512344,-21.0,3454.8464,68427328.35290676,0.0583097184469379
82.0,63.358955,-21.0,3454.8464,67819688.07961375,0.060744690765788964
83.0,63.19943,-21.0,3454.8464,67215556.17978588,0.06317074593438511
84.198166,63.0,-21.0,3454.8464,66496984.50781313,0.06606399805770216
84.0,63.0338,-21.0,3454.8464,66614959.62316362,0.06558801881980539
85.0,63.0,-20.822487,3454.8464,65993428.862323016,0.06846101003191132
86.0,63.0,-20.590277,3454.8464,65368115.97033419,0.07146325539543448
87.0,63.0,-20.34631,3454.8464,64745037.20424026,0.07448102700492187
88.0,63.0,-20.090391,3454.8464,64124240.04068505,0.07751393744313333
68.0,64.93972,-21.0,3454.8464,76625793.41130847,0.025778700800511044
69.0,64.86841,-21.0,3454.8464,75975598.02610041,0.028340006597139925
70.0,64.79051,-21.0,3454.8464,75328612.97072025,0.03089145705680616
71.0,64.70608,-21.0,3454.8464,74684865.10926855,0.0334330558870269
72.0,64.615135,-21.0,3454.8464,74044381.54414211,0.03596481764947494
73.0,64.51774,-21.0,3454.8464,73407189.57199368,0.03848676744233455
74.0,64.413925,-21.0,3454.8464,72773316.6371462,0.040998940559468726
75.0,64.30373,-21.0,3454.8464,72142790.28270966,0.04350138212906167
76.0,64.18717,-21.0,3454.8464,71515638.09964554,0.045994146734509814
77.49994,64.0,-21.0,3454.8464,70582207.61613938,0.049712433322500416
77.0,64.064316,-21.0,3454.8464,70891887.67404106,0.04847729802039825
78.0,64.0,-20.91976,3454.8464,70260802.00463973,0.05116257879318416
79.0,64.0,-20.7501,3454.8464,69621183.92271638,0.05407242540199015
80.0,64.0,-20.569777,3454.8464,68983654.16533053,0.05699796184970612
81.0,64.0,-20.378597,3454.8464,68348246.39537291,0.05993905739268452
82.0,64.0,-20.17637,3454.8464,67714996.29101442,0.06289553710511452
59.0,65.278854,-21.0,3454.8464,82615674.22587246,0.0022826445350162005
60.0,65.26902,-21.0,3454.8464,81937792.72724652,0.004931166821157536
61.0,65.25207,-21.0,3454.8464,81262952.01030931,0.007570475632289636
62.0,65.228065,-21.0,3454.8464,80591176.11170246,0.010200460446196173
63.0,65.197075,-21.0,3454.8464,79922489.47069329,0.012821022299377264
64.0,65.159164,-21.0,3454.8464,79256916.91425785,0.015432073760901579
65.0,65.11438,-21.0,3454.8464,78594483.63974918,0.018033538881733244
66.0,65.06278,-21.0,3454.8464,77935215.1935843,0.02062535310743736
67.06851,65.0,-21.0,3454.8464,77234471.23658499,0.023383529442555007
67.0,65.00443,-21.0,3454.8464,77279137.44636516,0.02320746315759505
68.0,65.0,-20.929562,3454.8464,76617434.80937283,0.025964632288350702
69.0,65.0,-20.844978,3454.8464,75957103.01108432,0.02874926180145397
70.0,65.0,-20.7512,3454.8464,75298786.56264758,0.03154815703854898
71.0,65.0,-20.648064,3454.8464,74642495.12267552,0.03436148605111147
72.0,65.0,-20.535406,3454.8464,73988240.94435647,0.037189387512919454
73.0,65.0,-20.413055,3454.8464,73336038.82481146,0.040031968757497344
74.0,65.0,-20.28084,3454.8464,72685906.04902947,0.04288930391708408
75.0,65.0,-20.138584,3454.8464,72037862.32879868,0.04576143217905053
58.0,66.0,-20.208387,3454.8464,83214743.77782822,0.0016476553546966536
59.0,66.0,-20.19933,3454.8464,82531854.36072677,0.004334860573376091
60.0,66.0,-20.1821,3454.8464,81851148.07353525,0.007033503493031072
61.0,66.0,-20.156586,3454.8464,81172609.57570986,0.009743872879194895
62.0,66.0,-20.122673,3454.8464,80496226.07318297,0.01246624784959454
63.0,66.0,-20.080238,3454.8464,79821987.3408967,0.015200895821940901
64.0,66.0,-20.029156,3454.8464,79149885.73761801,0.017948070433882423
176.13841,0.0,-20.0,3454.8464,21955815.519051816,0.3567179832147886
177.0,0.0,-19.096397,3454.8464,21453487.243141007,0.3660658858663612
176.12169,1.0,-20.0,3454.8464,21961719.510533564,0.3566217077499086
177.0,1.0,-19.078922,3454.8464,21449783.929711718,0.3661456570867043
176.0715,2.0,-20.0,3454.8464,21984077.991997898,0.35625781736733486
176.0,2.8540912,-20.0,3454.8464,22015888.415968478,0.35574126798806716
177.0,2.0,-19.026485,3454.8464,21443420.77436608,0.36630348016645503
175.9879,3.0,-20.0,3454.8464,22021350.830100484,0.35565296829054
176.0,3.0,-19.987354,3454.8464,22014233.07533338,0.35578350288749017
175.87167,4.0,-20.0,3454.8464,22073704.978004523,0.3548091383844286
176.0,4.0,-19.865988,3454.8464,21998414.05756433,0.3561859317123197
175.72197,5.0,-20.0,3454.8464,22140958.705227636,0.3537302745805165
176.0,5.0,-19.70981,3454.8464,21978302.602235056,0.35669366064164304
175.53854,6.0,-20.0,3454.8464,22223069.013927955,0.3524208136411958
176.0,6.0,-19.518723,3454.8464,21954065.509072673,0.3572997034935803
175.32114,7.0,-20.0,3454.8464,22319984.509803552,0.3508860610172352
176.0,7.0,-19.292599,3454.8464,21925902.68041665,0.3579958143078532
175.06946,8.0,-20.0,3454.8464,22431646.065668877,0.3491321249650464
175.0,8.243072,-20.0,3454.8464,22462314.6025894,0.3486539204601228
176.0,8.0,-19.031296,3454.8464,21894044.884433348,0.35877264797742636
174.78525,9.0,-20.0,3454.8464,22558442.44891275,0.3471645134947634
175.0,9.0,-19.777422,3454.8464,22433611.33416929,0.3493639325882214
174.467,10.0,-20.0,3454.8464,22700062.474887438,0.3449914251804972
175.0,10.0,-19.448267,3454.8464,22392091.133038662,0.3503772228439021
174.11354,11.0,-20.0,3454.8464,22856282.410542145,0.3426213432169357
174.0,11.2925415,-20.0,3454.8464,22906144.650890745,0.34187237483548993
175.0,11.0,-19.083677,3454.8464,22347447.36162006,0.35144742637975707
173.72708,12.0,-20.0,3454.8464,23027608.538546775,0.3400610870066568
174.0,12.0,-19.719252,3454.8464,22870250.469330624,0.3427377131524617
173.30577,13.0,-20.0,3454.8464,23213681.49165616,0.3373203956147921
173.0,13.668789,-20.0,3454.8464,23347639.368458293,0.33537274604929773
174.0,13.0,-19.287067,3454.8464,22816494.071456805,0.3440130646076963
172.84938,14.0,-20.0,3454.8464,23414501.352701616,0.33440823935855757
173.0,14.0,-19.846123,3454.8464,23328032.28004784,0.3358354558974334
172.35907,15.0,-20.0,3454.8464,23630388.455369987,0.33133288771901365
172.0,15.681204,-20.0,3454.8464,23787035.15852981,0.3291338129857997
173.0,15.0,-19.346506,3454.8464,23265669.56440773,0.3372895145888708
171.83273,16.0,-20.0,3454.8464,23860959.895207252,0.3281047716209229
172.0,16.0,-19.830408,3454.8464,23765551.63793785,0.3296296477124586
171.27182,17.0,-20.0,3454.8464,24106625.81908036,0.3247320922269915
171.0,17.454561,-20.0,3454.8464,24224514.360278152,0.323137635916664
172.0,17.0,-19.263338,3454.8464,23695322.403182026,0.33123021637538447
170.67511,18.0,-20.0,3454.8464,24367239.978202496,0.32122463427240566
171.0,18.0,-19.673275,3454.8464,24183463.495749526,0.32406365101143675
170.04149,19.0,-20.0,3454.8464,24642670.397937987,0.3175920747687454
170.0,19.061935,-20.0,3454.8464,24660533.633423977,0.31735975136636085
171.0,19.0,-19.038542,3454.8464,24106301.305789992,0.3257755872400547
169.37349,20.0,-20.0,3454.8464,24933669.944413982,0.31384138647306803
169.0,20.52865,-20.0,3454.8464,25094689.164254885,0.31180165078666133
170.0,20.0,-19.375532,3454.8464,24582886.77715572,0.31907109081290397
168.6679,21.0,-20.0,3454.8464,25239672.30122295,0.30998316046331387
168.0,21.8984,-20.0,3454.8464,25527935.12936649,0.3064276458940661
169.0,21.0,-19.671143,3454.8464,25053695.22214482,0.3126918047855622
167.92464,22.0,-20.0,3454.8464,25560867.61665546,0.30602557105138306
168.0,22.0,-19.925886,3454.8464,25518677.662971854,0.3066257282357446
167.14503,23.0,-20.0,3454.8464,25897817.86558393,0.30197544286299904
167.0,23.17726,-20.0,3454.8464,25959784.65912642,0.30124257948447786
168.0,23.0,-19.161789,3454.8464,25425106.953902587,0.3086083428154391
166.32784,24.0,-20.0,3454.8464,26250507.664736502,0.29784094655275567
166.0,24.382816,-20.0,3454.8464,26390609.517987564,0.2962288900484445
167.0,24.0,-19.345743,3454.8464,25879242.211427055,0.30292713167801855
165.47205,25.0,-20.0,3454.8464,26619000.850647748,0.293629690900855
165.0,25.527403,-20.0,3454.8464,26820725.791006505,0.2913718623017586
166.0,25.0,-19.489923,3454.8464,26327780.913150787,0.2975244924322857
164.5773,26.0,-20.0,3454.8464,27003565.801238745,0.28934833587497466
164.0,26.617975,-20.0,3454.8464,27250214.561613955,0.286663332351625
165.0,26.0,-19.59476,3454.8464,26770805.515093442,0.2923871356274584
163.6432,27.0,-20.0,3454.8464,27404495.51216446,0.2850030933384453
163.0,27.660456,-20.0,3454.8464,27679173.29070834,0.2820951886479483
164.0,27.0,-19.660666,3454.8464,27208427.911146633,0.28750180058645647
162.66927,28.0,-20.0,3454.8464,27822109.149181813,0.280599710948239
162.0,28.659906,-20.0,3454.8464,28107714.258006006,0.2776594506973445
163.0,28.0,-19.688026,3454.8464,27640787.256092258,0.28285539314801694
161.65486,29.0,-20.0,3454.8464,28256753.648766156,0.2761434601469287
161.0,29.620676,-20.0,3454.8464,28535963.07836456,0.2733483340944354
162.0,29.0,-19.677212,3454.8464,28068047.818114422,0.2784351017104067
160.59933,30.0,-20.0,3454.8464,28708805.38010066,0.27163912770168874
160.0,30.546516,-20.0,3454.8464,28964057.29931744,0.269154302986973
161.0,30.0,-19.628567,3454.8464,28490397.063484207,0.2742284911216335
159.50189,31.0,-20.0,3454.8464,29178671.88339393,0.26709101023761506
159.0,31.440678,-20.0,3454.8464,29392145.08356744,0.2650701111704963
160.0,31.0,-19.542414,3454.8464,28908043.72583507,0.27022357887940707
158.36165,32.0,-20.0,3454.8464,29666793.701432206,0.2625029112165732
158.0,32.30598,-20.0,3454.8464,29820383.978072934,0.261088833038571
159.0,32.0,-19.419056,3454.8464,29321216.056460135,0.266408893441837
156.0,33.958614,-20.0,3454.8464,30677791.94426544,0.25341217291527934
157.17758,33.0,-20.0,3454.8464,30173646.323381983,0.257878139824241
157.0,33.144882,-20.0,3454.8464,30248939.76957,0.25720388560682744
158.0,33.0,-19.258768,3454.8464,29730160.17844393,0.2627735173761902
155.94908,34.0,-20.0,3454.8464,30699895.35460722,0.25321906022419804
155.0,34.746464,-20.0,3454.8464,31106471.92979681,0.2497174748494616
156.0,34.0,-19.954786,3454.8464,30672213.61025454,0.25351486163765247
157.0,34.0,-19.061802,3454.8464,30135138.557485856,0.25930711709792637
154.67647,35.0,-20.0,3454.8464,31246621.999406047,0.24852642797464472
154.0,35.5136,-20.0,3454.8464,31535831.465466633,0.24610274385828923
155.0,35.0,-19.715729,3454.8464,31071538.89566576,0.2503544667192227
152.0,36.99141,-20.0,3454.8464,32397304.43552884,0.2390925899923792
153.35666,36.0,-20.0,3454.8464,31813910.754106868,0.24380356528823466
153.0,36.261528,-20.0,3454.8464,31966059.473761976,0.24256258311722395
154.0,36.0,-19.440792,3454.8464,31467415.81046339,0.24733920787512237
151.98822,37.0,-20.0,3454.8464,32402449.288843296,0.23905165845351758
151.0,37.69945,-20.0,3454.8464,32828284.495496172,0.23570772812804947
152.0,37.0,-19.989927,3454.8464,32396057.18818537,0.23911487212511723
153.0,37.0,-19.130152,3454.8464,31860156.578161966,0.2444606806491331
150.57306,38.0,-20.0,3454.8464,33014225.411282964,0.23426762436717585
150.0,38.392036,-20.0,3454.8464,33260546.322136976,0.2323838378460752
151.0,38.0,-19.63922,3454.8464,32783855.300496638,0.23649553657797015
148.0,39.729992,-20.0,3454.8464,34128189.3039252,0.22592093276473524
149.10596,39.0,-20.0,3454.8464,33648874.32771012,0.22945511109812128
149.0,39.07008,-20.0,3454.8464,33694293.431650065,0.22911672104669967
150.0,39.0,-19.25346,3454.8464,33169149.386433255,0.23399337776979107
147.58855,40.0,-20.0,3454.8464,34308646.73335558,0.22460948816723086
147.0,40.376015,-20.0,3454.8464,34563410.772507295,0.22277938696911667
148.0,40.0,-19.66269,3454.8464,34086468.47857589,0.22664927310944682
145.0,41.62699,-20.0,3454.8464,35437608.504822485,0.21665484520043932
146.01614,41.0,-20.0,3454.8464,34993597.852315575,0.21973251399074492
146.0,41.009975,-20.0,3454.8464,35000564.81840412,0.21968371601548253
147.0,41.0,-19.203733,3454.8464,34465599.40746016,0.22447781556753538
143.0,42.826874,-20.0,3454.8464,36317260.46393889,0.21072474793197166
144.39066,42.0,-20.0,3454.8464,35706569.01363804,0.21481697242805578
144.0,42.233234,-20.0,3454.8464,35876774.68118916,0.21366606808563388
145.0,42.0,-19.516495,3454.8464,35377681.79754628,0.2176885200123881
141.0,43.97912,-20.0,3454.8464,37202753.98205684,0.20497175635803244
142.70697,43.0,-20.0,3454.8464,36447820.16953338,0.20986333717192313
142.0,43.4077,-20.0,3454.8464,36758745.59573623,0.2078320100581425
143.0,43.0,-19.772232,3454.8464,36288798.00132024,0.21121301351572422
140.96336,44.0,-20.0,3454.8464,37219225.23818899,0.2048667354601671
140.0,44.53656,-20.0,3454.8464,37646874.73260319,0.20216495692635972
141.0,44.0,-19.972137,3454.8464,37199246.2716297,0.2050316725904807
142.0,44.0,-19.205551,3454.8464,36660319.39686252,0.20951564267326225
138.0,45.622673,-20.0,3454.8464,38541570.78914949,0.19664927323357073
139.1592,45.0,-20.0,3454.8464,38023515.923218295,0.1998191313253262
139.0,45.085785,-20.0,3454.8464,38093917.64318323,0.19938444105607497
140.0,45.0,-19.369976,3454.8464,37568291.17398621,0.20350465421051286
136.0,46.668606,-20.0,3454.8464,39443252.997092,0.19127023838778912
137.29037,46.0,-20.0,3454.8464,38862273.330963306,0.19471580618591464
137.0,46.151077,-20.0,3454.8464,38991844.87856557,0.19394086205656733
138.0,46.0,-19.48048,3454.8464,38476389.240040675,0.19775808923501006
134.0,47.676647,-20.0,3454.8464,40352350.16576643,0.18601401137195145
135.35371,47.0,-20.0,3454.8464,39737867.12607542,0.18954914656691713
135.0,47.177616,-20.0,3454.8464,39897095.98814976,0.18862572660996343
136.0,47.0,-19.538212,3454.8464,39385027.36298439,0.19225977168535652
132.0,48.648853,-20.0,3454.8464,41269299.74507295,0.18086759570362693
133.34581,48.0,-20.0,3454.8464,40653096.28926271,0.18430972401754703
133.0,48.16752,-20.0,3454.8464,40810106.30868431,0.18342583135318252
134.0,48.0,-19.544292,3454.8464,40294662.26258258,0.18699463744900102
130.0,49.587044,-20.0,3454.8464,42194546.90059841,0.1758188052822674
131.26262,49.0,-20.0,3454.8464,41611082.22629573,0.17898660584619913
131.0,49.122665,-20.0,3454.8464,41731319.00984019,0.17832878711398362
132.0,49.0,-19.499819,3454.8464,41205794.7268222,0.18194865517814812
127.0,50.93472,-20.0,3454.8464,43599665.71610592,0.1684001930553305
128.0,50.492844,-20.0,3454.8464,43128543.59056154,0.17085623162807945
129.09938,50.0,-20.0,3454.8464,42615315.700503334,0.1735671624394749
129.0,50.044727,-20.0,3454.8464,42661184.16914167,0.17332298563457343
130.0,50.0,-19.40586,3454.8464,42118970.47419754,0.17710874750854946
125.0,51.794018,-20.0,3454.8464,44547119.161142565,0.1635500937859862
126.85148,51.0,-20.0,3454.8464,43670495.008696415,0.16803411287581385
126.0,51.36768,-20.0,3454.8464,44071747.6345202,0.16596921287903377
127.0,51.0,-19.905792,3454.8464,43587501.737196416,0.16860867304343183
128.0,51.0,-19.263443,3454.8464,43034780.71151902,0.1724627141624687
123.0,52.62419,-20.0,3454.8464,45504342.16927953,0.15876099963795234
124.5124,52.0,-20.0,3454.8464,44781356.19272567,0.16236946658058155
124.0,52.21281,-20.0,3454.8464,45024621.76371935,0.1611478047935569
125.0,52.0,-19.70016,3454.8464,44508434.22334409,0.16421660405124838
126.0,52.0,-19.073553,3454.8464,43953862.34326114,0.1679991582746076
120.0,53.817238,-20.0,3454.8464,46959790.66831433,0.15167109192135578
121.0,53.426285,-20.0,3454.8464,46471802.95536468,0.1540238526707538
122.07347,53.0,-20.0,3454.8464,45952503.14139897,0.15655514597528553
122.0,53.029324,-20.0,3454.8464,45987632.64286753,0.1563827539014501
123.0,53.0,-19.448511,3454.8464,45433334.52679886,0.15999229588173883
117.0,54.949432,-20.0,3454.8464,48438911.85150445,0.14467383720234883
118.0,54.578285,-20.0,3454.8464,47942527.28803469,0.1469997944419929
119.527824,54.0,-20.0,3454.8464,47192624.635073274,0.15055795268823766
119.0,54.201187,-20.0,3454.8464,47449972.53184724,0.14933026042066938
120.0,54.0,-19.731627,3454.8464,46924902.85113786,0.15228126749790286
121.0,54.0,-19.151718,3454.8464,46362946.99873223,0.15592589479864263
115.0,55.67113,-20.0,3454.8464,49437615.14525156,0.1400513136982768
116.86276,55.0,-20.0,3454.8464,48507855.504945934,0.14435294548229186
116.0,55.31333,-20.0,3454.8464,48936548.27719975,0.14236031987526818
117.0,55.0,-19.925762,3454.8464,48429191.17756762,0.14484558080082588
118.0,55.0,-19.376463,3454.8464,47861885.71916604,0.14842297274642383
112.0,56.706802,-20.0,3454.8464,50957880.27685095,0.13315572587669822
113.0,56.3678,-20.0,3454.8464,50448180.53894244,0.13544994369747382
114.06607,56.0,-20.0,3454.8464,49909313.16279596,0.13789645007617013
114.0,56.02295,-20.0,3454.8464,49942328.15550133,0.137745740960675
115.0,56.0,-19.514153,3454.8464,49374447.322750844,0.14117905463344704
109.0,57.686943,-20.0,3454.8464,52504128.80504288,0.12629202027765335
110.0,57.3663,-20.0,3454.8464,51985681.97563842,0.12857778800625413
111.12097,57.0,-20.0,3454.8464,51409565.282675974,0.13113835803485271
111.0,57.039837,-20.0,3454.8464,51471082.86158048,0.1308636085630207
112.0,57.0,-19.567556,3454.8464,50901507.88864261,0.1341754290754847
113.0,57.0,-19.060595,3454.8464,50327093.89983433,0.1376370554030084
105.0,58.909733,-20.0,3454.8464,54608290.767571054,0.11715594004661557
106.0,58.612877,-20.0,3454.8464,54077158.26917042,0.1194409101648988
107.0,58.310207,-20.0,3454.8464,53549856.15912397,0.12172420110198634
108.00562,58.0,-20.0,3454.8464,53023490.798252404,0.12401880433320595
108.0,58.001747,-20.0,3454.8464,53026397.68563147,0.12400607285613406
109.0,58.0,-19.539354,3454.8464,52444094.168741055,0.12739404893870787
110.0,58.0,-19.060411,3454.8464,51864514.15487019,0.130798458717673
102.0,59.764828,-20.0,3454.8464,56217836.60508305,0.11029541992780875
103.0,59.48561,-20.0,3454.8464,55677756.563860856,0.11258488750824831
104.69198,59.0,-20.0,3454.8464,54773615.68290496,0.11644823964193204
104.0,59.200603,-20.0,3454.8464,55141496.42746822,0.11487127667770215
105.0,59.0,-19.86862,3454.8464,54591060.04248286,0.11747798599230476
106.0,59.0,-19.432104,3454.8464,54003388.55836251,0.12081736457728329
98.0,60.82368,-20.0,3454.8464,58408731.93501714,0.10110559673612199
99.0,60.567665,-20.0,3454.8464,57855822.74012908,0.10340925706473118
100.0,60.305843,-20.0,3454.8464,57306700.59516263,0.10570827848995448
101.14103,60.0,-20.0,3454.8464,56685324.65108816,0.10832423259069845
101.0,60.038235,-20.0,3454.8464,56761384.51391184,0.10800290903087179
102.0,60.0,-19.659018,3454.8464,56173444.896353364,0.11114034387786823
103.0,60.0,-19.24817,3454.8464,55580730.91941866,0.11442821907026088
94.0,61.790314,-20.0,3454.8464,60650803.481753476,0.09184009779685376
95.0,61.557346,-20.0,3454.8464,60085033.166591465,0.09416515402884368
96.0,61.31855,-20.0,3454.8464,59523009.52383771,0.09648414235855678
97.29727,61.0,-20.0,3454.8464,58800450.926735,0.09948057008999946
97.0,61.07394,-20.0,3454.8464,58964754.456137136,0.0987972956268946
98.0,61.0,-19.747534,3454.8464,58375973.03767624,0.1017429739879553
99.0,61.0,-19.375856,3454.8464,57775450.37256594,0.10496995929069322
89.0,62.869007,-20.0,3454.8464,63527287.30014115,0.0801120805168448
90.0,62.664936,-20.0,3454.8464,62944963.06270115,0.08247234467816644
91.0,62.454975,-20.0,3454.8464,62366314.25784005,0.08482506836898163
92.0,62.239147,-20.0,3454.8464,61791365.973061375,0.08717045930848069
93.07742,62.0,-20.0,3454.8464,61176382.23969198,0.08968839110054536
93.0,62.017464,-20.0,3454.8464,61220142.426221766,0.08950872698754453
94.0,62.0,-19.703709,3454.8464,60612717.11366203,0.09259942287021489
95.0,62.0,-19.369278,3454.8464,60004470.15703702,0.09576788310707712
96.0,62.0,-19.020924,3454.8464,59398775.74155118,0.09895024777264959
83.0,63.97187,-20.0,3454.8464,67088317.12269051,0.06577184075133867
84.0,63.802917,-20.0,3454.8464,66485993.70803692,0.06818370316769255
85.0,63.627968,-20.0,3454.8464,65887239.047758386,0.0705866524781351
86.0,63.447044,-20.0,3454.8464,65292080.90853602,0.07298085427176743
87.0,63.260166,-20.0,3454.8464,64700546.50876011,0.07536647878287285
88.34099,63.0,-20.0,3454.8464,63913979.06331376,0.07854922364110165
88.0,63.06736,-20.0,3454.8464,64112662.45506391,0.07774370042152037
89.0,63.0,-19.818985,3454.8464,63504282.89116039,0.0805844848143412
90.0,63.0,-19.533033,3454.8464,62885892.28225802,0.08368247704116155
91.0,63.0,-19.233967,3454.8464,62269889.22777661,0.08679567108517507
76.0,64.98908,-20.0,3454.8464,71393493.40392646,0.04861234433023351
77.0,64.86214,-20.0,3454.8464,70768077.35093671,0.05109307259485922
78.0,64.72901,-20.0,3454.8464,70146088.82543534,0.053563845830025346
79.0,64.589745,-20.0,3454.8464,69527556.81524271,0.05602476297850277
80.0,64.44436,-20.0,3454.8464,68912510.1422606,0.05847593092681176
81.0,64.29288,-20.0,3454.8464,68300977.41037816,0.060917464016371006
82.82856,64.0,-20.0,3454.8464,67192488.18084109,0.06535562213843868
82.0,64.13534,-20.0,3454.8464,67692986.9290409,0.06334948357595525
83.0,64.0,-19.962328,3454.8464,67083624.38288382,0.06587180177856661
84.0,64.0,-19.733788,3454.8464,66452907.441397,0.06888646494000462
85.0,64.0,-19.49315,3454.8464,65824413.00086464,0.07191731467784102
86.0,64.0,-19.240198,3454.8464,65198185.70015143,0.07496396602315168
65.0,65.9742,-20.0,3454.8464,78483017.99551295,0.020628876350618407
66.0,65.91705,-20.0,3454.8464,77822217.80306377,0.0232243810188945
67.0,65.85329,-20.0,3454.8464,77164595.79466966,0.025809600803550003
68.0,65.78296,-20.0,3454.8464,76510179.13471176,0.028384505627617563
69.0,65.70611,-20.0,3454.8464,75858995.32209444,0.030949077062943017
70.0,65.62278,-20.0,3454.8464,75211072.1501424,0.03350330806863255
71.0,65.53301,-20.0,3454.8464,74566437.66337666,0.036047202700875455
72.0,65.43685,-20.0,3454.8464,73925120.11139922,0.03858077579659433
73.0,65.33434,-20.0,3454.8464,73287147.90013334,0.041104052633535754
74.0,65.2255,-20.0,3454.8464,72652549.54067607,0.04361706856964117
75.91018,65.0,-20.0,3454.8464,71450119.0607035,0.048388131091802226
75.0,65.11039,-20.0,3454.8464,72021353.59602535,0.04611986866455846
76.0,65.0,-19.985949,3454.8464,71391808.7742144,0.048649975621520916
77.0,65.0,-19.821093,3454.8464,70746608.34558924,0.051570819725332985
78.0,65.0,-19.645319,3454.8464,70103507.58648151,0.05450789077904272
79.0,65.0,-19.458416,3454.8464,69462536.95002483,0.057461078203573726
80.0,65.0,-19.260178,3454.8464,68823728.94116275,0.0604302244748934
81.0,65.0,-19.050392,3454.8464,68187118.04083799,0.06341512428644688
58.0,66.18596,-20.0,3454.8464,83193970.2124383,0.002173271602261753
59.0,66.176544,-20.0,3454.8464,82511709.16437222,0.004839157202035109
60.0,66.160065,-20.0,3454.8464,81832505.5346357,0.007495464126427346
61.0,66.1366,-20.0,3454.8464,81156384.11623916,0.010142068929419656
62.0,66.10619,-20.0,3454.8464,80483370.12432916,0.012778859885281976
63.0,66.06893,-20.0,3454.8464,79813489.18142241,0.015405736980299487
64.49047,66.0,-20.0,3454.8464,78821529.8862085,0.019300617606431314
64.0,66.02486,-20.0,3454.8464,79146767.29896612,0.018022611868374422
65.0,66.0,-19.969135,3454.8464,78479641.39007027,0.020711052041147714
66.0,66.0,-19.899944,3454.8464,77811191.05405693,0.023490960695575942
67.0,66.0,-19.82155,3454.8464,77144798.01856758,0.02628520681921086
68.0,66.0,-19.73379,3454.8464,76480465.92127939,0.029094013048050142
69.0,66.0,-19.63649,3454.8464,75818201.04056902,0.03191757476806568
70.0,66.0,-19.529476,3454.8464,75158012.25399774,0.0347560578317049
71.0,66.0,-19.412573,3454.8464,74499910.99081257,0.03760959634770492
72.0,66.0,-19.285591,3454.8464,73843911.17894524,0.040478290561692054
73.0,66.0,-19.148346,3454.8464,73190029.18700154,0.043362204845185846
74.0,66.0,-19.000647,3454.8464,72538283.76172464,0.04626136581049471
57.0,67.0,-19.071516,3454.8464,83790604.09165794,0.0018950215732957076
58.0,67.0,-19.061474,3454.8464,83103100.2445876,0.00460376522212693
59.0,67.0,-19.042995,3454.8464,82417838.99132808,0.007324372379858625
60.0,67.0,-19.015963,3454.8464,81734804.43983074,0.010057140605310051
177.09169,0.0,-19.0,3454.8464,21400643.753851585,0.3670596949870406
177.07507,1.0,-19.0,3454.8464,21406529.184278782,0.3669588990545826
177.02519,2.0,-19.0,3454.8464,21428916.363710653,0.36657583693911994
177.0,2.3030312,-19.0,3454.8464,21440213.461194746,0.36638291288289504
176.94258,3.0,-19.0,3454.8464,21466325.025882367,0.3659389523074639
177.0,3.0,-18.936176,3454.8464,21432182.69797401,0.36659551415724867
176.82709,4.0,-19.0,3454.8464,21518729.348510463,0.36505104621288587
177.0,4.0,-18.807913,3454.8464,21416165.69589383,0.367017342705427
176.67833,5.0,-19.0,3454.8464,21586042.46818643,0.3639161354254776
177.0,5.0,-18.64286,3454.8464,21395811.094664074,0.3675489179903965
176.49608,6.0,-19.0,3454.8464,21668217.640122414,0.36253910784300875
177.0,6.0,-18.440914,3454.8464,21371293.882650264,0.36818247697550455
176.28006,7.0,-19.0,3454.8464,21765198.988853887,0.36092580353316994
177.0,7.0,-18.201944,3454.8464,21342823.580381107,0.3689088720502808
176.02998,8.0,-19.0,3454.8464,21876922.2265512,0.3590829396409341
176.0,8.105656,-19.0,3454.8464,21890254.861446403,0.35886463379478434
175.74802,9.0,-19.0,3454.8464,22003826.857643664,0.3570165530163818
176.0,9.0,-18.722141,3454.8464,21855837.02054876,0.3597464239354219
175.43185,10.0,-19.0,3454.8464,22145449.83798921,0.3547359812497447
176.0,10.0,-18.374292,3454.8464,21813832.948812626,0.3608050704404031
175.08072,11.0,-19.0,3454.8464,22301646.277264375,0.3522502229317896
175.0,11.209441,-19.0,3454.8464,22337324.754049797,0.3516881800452541
174.69717,12.0,-19.0,3454.8464,22472952.506185453,0.3495668181297657
175.0,12.0,-18.668528,3454.8464,22296640.445982747,0.35270267851518483
174.27872,13.0,-19.0,3454.8464,22658883.43984091,0.3466966555422889
174.0,13.613937,-19.0,3454.8464,22781714.745484553,0.34482562068584144
175.0,13.0,-18.211813,3454.8464,22242267.32561339,0.3540332630051308
173.8257,14.0,-19.0,3454.8464,22859545.00805684,0.34364921464423887
174.0,14.0,-18.81049,3454.8464,22758541.97428122,0.34539068336356904
173.33879,15.0,-19.0,3454.8464,23075125.498296704,0.3404339726475284
173.0,15.647396,-19.0,3454.8464,23223734.768085945,0.338250743231839
174.0,15.0,-18.28253,3454.8464,22695439.93612895,0.34690799460143334
172.81635,16.0,-19.0,3454.8464,23305338.01625092,0.3370618702023226
173.0,16.0,-18.801807,3454.8464,23199651.365423124,0.3388244642496028
172.25946,17.0,-19.0,3454.8464,23550484.972382247,0.333542224560034
172.0,17.437092,-19.0,3454.8464,23663567.17879834,0.3319436699463405
173.0,17.0,-18.202585,3454.8464,23128587.80493251,0.34049329959254465
171.6672,18.0,-19.0,3454.8464,23810475.123431973,0.3298854183731897
172.0,18.0,-18.643726,3454.8464,23620646.681391127,0.3329418683984635
171.03828,19.0,-19.0,3454.8464,24085125.695065685,0.32610199693122055
171.0,19.057583,-19.0,3454.8464,24101681.485916294,0.3258772507190212
170.3754,20.0,-19.0,3454.8464,24375170.26795082,0.3221997301690669
170.0,20.535398,-19.0,3454.8464,24537664.864160005,0.32005265552859347
171.0,20.0,-18.337116,3454.8464,24022687.720163535,0.32767013010530266
169.6752,21.0,-19.0,3454.8464,24680034.89900856,0.31818985365131036
169.0,21.915295,-19.0,3454.8464,24972547.433637623,0.31442919975760397
170.0,21.0,-18.657495,3454.8464,24496752.514232196,0.32096698129889156
168.93767,22.0,-19.0,3454.8464,24999888.50623589,0.3140812285395934
169.0,22.0,-18.934711,3454.8464,24964733.954676934,0.3146011708457416
168.16435,23.0,-19.0,3454.8464,25335302.168753114,0.30988126325107324
168.0,23.202473,-19.0,3454.8464,25405749.00592002,0.3090141330904711
169.0,23.0,-18.127405,3454.8464,24869985.852411818,0.3166650634123479
167.35371,24.0,-19.0,3454.8464,25686174.713479027,0.30559889530935663
167.0,24.416382,-19.0,3454.8464,25837773.302685205,0.3037847955384735
168.0,24.0,-18.329872,3454.8464,25326745.370758932,0.3107117829130325
166.50487,25.0,-19.0,3454.8464,26052585.096475735,0.30124217656668173
166.0,25.568754,-19.0,3454.8464,26268905.9563115,0.2987261044118674
167.0,25.0,-18.49034,3454.8464,25777662.327027813,0.3050576288002963
165.61754,26.0,-19.0,3454.8464,26434778.8189507,0.29681828610578703
165.0,26.66662,-19.0,3454.8464,26699231.365270715,0.29382902420423884
166.0,26.0,-18.609268,3454.8464,26222823.490972318,0.2996879638171413
164.69131,27.0,-19.0,3454.8464,26833025.407730304,0.2923339147211913
164.0,27.715961,-19.0,3454.8464,27128850.830930244,0.28908459027002087
165.0,27.0,-18.687094,3454.8464,26662345.82773062,0.2945882075920511
163.72575,28.0,-19.0,3454.8464,27247619.912484594,0.2877952504262187
163.0,28.721893,-19.0,3454.8464,27557880.92746538,0.28448399537495733
164.0,28.0,-18.724234,3454.8464,27096374.152242623,0.2897439888501998
162.72029,29.0,-19.0,3454.8464,27678884.411269102,0.28320796878205445
162.0,29.688812,-19.0,3454.8464,27986451.755867004,0.28001866272111847
163.0,29.0,-18.721085,3454.8464,27525078.8688161,0.28514127059135325
161.6743,30.0,-19.0,3454.8464,28127169.529717192,0.2785772274535325
161.0,30.620512,-19.0,3454.8464,28414705.69086507,0.275680300502862
162.0,30.0,-18.678015,3454.8464,27948653.78340566,0.280766455314939
160.58705,31.0,-19.0,3454.8464,28592856.19962603,0.2739076622254151
160.0,31.520273,-19.0,3454.8464,28842795.830412608,0.27146094774970714
161.0,31.0,-18.595377,3454.8464,28367314.289671782,0.2766064643836937
159.4577,32.0,-19.0,3454.8464,29076357.266304977,0.26920338807231836
159.0,32.390953,-19.0,3454.8464,29270884.736984074,0.2673530067006237
160.0,32.0,-18.473492,3454.8464,28781295.34017306,0.2726488001166286
158.28531,33.0,-19.0,3454.8464,29578119.3206133,0.26446800094879486
158.0,33.23504,-19.0,3454.8464,29699143.237390682,0.26334926560288335
159.0,33.0,-18.31266,3454.8464,29190849.790701866,0.2688815912067717
156.0,34.84865,-19.0,3454.8464,30556129.517279707,0.25563996724062965
157.0688,34.0,-19.0,3454.8464,30098624.62014559,0.25970458141339076
157.0,34.054703,-19.0,3454.8464,30127749.318334278,0.2594429129312626
158.0,34.0,-18.113161,3454.8464,29596246.79463651,0.2652936224321527
155.80887,35.0,-19.0,3454.8464,30638954.802389473,0.2549140847030482
155.0,35.620514,-19.0,3454.8464,30984782.564974964,0.2519279842196672
156.0,35.0,-18.82069,3454.8464,30535049.525591355,0.25603289758714687
154.50339,36.0,-19.0,3454.8464,31199468.015407734,0.25009914395197197
154.0,36.373055,-19.0,3454.8464,31414172.782475606,0.24829644920432922
155.0,36.0,-18.538996,3454.8464,30930829.257153146,0.25292439328821187
152.0,37.82214,-19.0,3454.8464,32274975.656396285,0.2412671222723567
153.15024,37.0,-19.0,3454.8464,31780580.535948016,0.24526185034627565
153.0,37.107613,-19.0,3454.8464,31844498.238701556,0.2447398879703957
154.0,37.0,-18.219698,3454.8464,31323300.564251564,0.24996021034431207
151.7502,38.0,-19.0,3454.8464,32383742.06738443,0.24040090542007217
151.0,38.51905,-19.0,3454.8464,32706024.797473203,0.23786871872622156
152.0,38.0,-18.77441,3454.8464,32248397.741263583,0.24174850069784862
149.0,39.86775,-19.0,3454.8464,33571662.980908915,0.2312608828061781
150.30093,39.0,-19.0,3454.8464,33009534.711852126,0.23551718907694238
150.0,39.20137,-19.0,3454.8464,33138443.452639937,0.23453141753454806
151.0,39.0,-18.376015,3454.8464,32632942.557461,0.2391829620246944
148.8009,40.0,-19.0,3454.8464,33658934.60276412,0.23061004837381027
148.0,40.517914,-19.0,3454.8464,34005319.90708735,0.22805889303167576
149.0,40.0,-18.825443,3454.8464,33551004.111551255,0.23162916957184224
146.0,41.779335,-19.0,3454.8464,34876956.8089909,0.22181495847892407
147.24931,41.0,-19.0,3454.8464,34333321.85060214,0.22567729522671118
147.0,41.156,-19.0,3454.8464,34440803.94021286,0.22490619572182852
148.0,41.0,-18.350048,3454.8464,33928928.568489164,0.22941316523044358
144.0,42.989536,-19.0,3454.8464,35753735.80999977,0.21578005101713257
145.6442,42.0,-19.0,3454.8464,35033877.97869901,0.2207169461422056
145.0,42.389618,-19.0,3454.8464,35314228.99811311,0.21877744903167834
146.0,42.0,-18.697823,3454.8464,34841113.28156536,0.22244624039596989
143.98253,43.0,-19.0,3454.8464,35761513.20922353,0.21572756720654707
143.0,43.574352,-19.0,3454.8464,36193109.21689067,0.21284608161827845
144.0,43.0,-18.985456,3454.8464,35751996.14889629,0.2158105277343249
145.0,43.0,-18.147327,3454.8464,35213891.70180625,0.2205376485075955
141.0,44.713417,-19.0,3454.8464,37077849.46751627,0.20709444742727223
142.2652,44.0,-19.0,3454.8464,36518981.223798506,0.21070163270901998
142.0,44.150063,-19.0,3454.8464,36635049.55007373,0.2099455876689144
143.0,44.0,-18.396929,3454.8464,36121586.368122995,0.2140953292292217
139.0,45.80971,-19.0,3454.8464,37968866.07669421,0.20150592622242597
140.48766,45.0,-19.0,3454.8464,37307115.05181107,0.20563722729303985
140.0,45.266663,-19.0,3454.8464,37522484.52785196,0.20428131018562404
141.0,45.0,-18.588505,3454.8464,37028703.76548982,0.20795018289863224
137.0,46.86583,-19.0,3454.8464,38866585.840274036,0.19606488185595702
138.64761,46.0,-19.0,3454.8464,38127952.972516686,0.2005283505519706
138.0,46.342148,-19.0,3454.8464,38416532.29338944,0.19877064429136332
139.0,46.0,-18.723305,3454.8464,37935616.05876345,0.20208381292887095
135.0,47.884098,-19.0,3454.8464,39771445.069458745,0.19075662025145565
136.74255,47.0,-19.0,3454.8464,38983824.906439066,0.19536767921042547
136.0,47.378914,-19.0,3454.8464,39317626.949381076,0.19339867270835598
137.0,47.0,-18.802572,3454.8464,38842736.82019992,0.1964791335921083
138.0,47.0,-18.026442,3454.8464,38300759.36266885,0.20078208709509157
133.0,48.8666,-19.0,3454.8464,40683888.66704132,0.18556734794735158
134.76947,48.0,-19.0,3454.8464,39877316.707627825,0.1901466534832068
134.0,48.3791,-19.0,3454.8464,40226211.31867066,0.18815138456381508
135.0,48.0,-18.827538,3454.8464,39750522.498066425,0.19112028135810058
136.0,48.0,-18.070368,3454.8464,39206576.79395707,0.195328806475211
131.0,49.815197,-19.0,3454.8464,41604369.22254738,0.18048413191735274
132.72485,49.0,-19.0,3454.8464,40811304.12806224,0.18485534010953997
132.0,49.34463,-19.0,3454.8464,41142736.034575075,0.1830156346916204
133.0,49.0,-18.799406,3454.8464,40659473.69305199,0.185992524662969
134.0,49.0,-18.060694,3454.8464,40113608.50607183,0.1901117270237258
129.0,50.731537,-19.0,3454.8464,42533346.11632042,0.1754948612134245
130.60449,50.0,-19.0,3454.8464,41788993.213070534,0.17948226768169917
130.0,50.27721,-19.0,3454.8464,42067658.64087484,0.17797910466039152
131.0,50.0,-18.71936,3454.8464,41570136.18288639,0.18108217385286793
127.0,51.617085,-19.0,3454.8464,43471284.62258878,0.17058821083059095
128.40347,51.0,-19.0,3454.8464,42813968.67362903,0.174014227555298
128.0,51.17835,-19.0,3454.8464,43001442.69179114,0.17303026595571522
129.0,51.0,-18.588547,3454.8464,42483101.64063971,0.17637649289769042
124.0,52.890846,-19.0,3454.8464,44896595.16782154,0.16335750498854354
125.0,52.473125,-19.0,3454.8464,44418655.001454495,0.16575360806379016
126.11598,52.0,-19.0,3454.8464,43890252.20982238,0.1684360316679257
126.0,52.049385,-19.0,3454.8464,43944556.842262216,0.16815834561372633
127.0,52.0,-18.408073,3454.8464,43399007.999053724,0.1718636143389537
122.0,53.704144,-19.0,3454.8464,45858248.647689,0.15861628245224096
123.736916,53.0,-19.0,3454.8464,45023814.43771754,0.16272511638182174
123.0,53.300785,-19.0,3454.8464,45375931.5696724,0.16098120151305023
124.0,53.0,-18.831059,3454.8464,44875707.597043656,0.1637291096587241
125.0,53.0,-18.178995,3454.8464,44318539.421076685,0.16753245879774953
119.0,54.87414,-19.0,3454.8464,47321063.43132286,0.15159098735400817
120.0,54.490532,-19.0,3454.8464,46830389.29943587,0.15392365081953102
121.25753,54.0,-19.0,3454.8464,46219687.58776149,0.15686156922960565
121.0,54.101032,-19.0,3454.8464,46343591.7399376,0.15626183279391673
122.0,54.0,-18.538752,3454.8464,45801391.36852154,0.15963628448136769
116.0,55.98551,-19.0,3454.8464,48807932.800767764,0.1446520305071245
117.0,55.621075,-19.0,3454.8464,48308771.249011144,0.14695973587095684
118.66912,55.0,-19.0,3454.8464,47485250.245769516,0.15081646659760461
118.0,55.250793,-19.0,3454.8464,47813497.90836184,0.14927131653270154
119.0,55.0,-18.803871,3454.8464,47296680.52197239,0.15203336024361724
120.0,55.0,-18.200352,3454.8464,46732247.77551627,0.15570121416876698
114.0,56.69452,-19.0,3454.8464,49811911.024828434,0.14006510824165655
115.96001,56.0,-19.0,3454.8464,48828149.75589363,0.14455914024423494
115.0,56.342934,-19.0,3454.8464,49308033.74879652,0.14235711754753427
116.0,56.0,-18.977455,3454.8464,48805112.95791954,0.1447038524217326
117.0,56.0,-18.405897,3454.8464,48235371.697788976,0.14830615998825064
111.0,57.71266,-19.0,3454.8464,51340633.58110742,0.13321706236868955
112.0,57.379307,-19.0,3454.8464,50828031.682134554,0.13549622352502955
113.117645,57.0,-19.0,3454.8464,50260209.55184912,0.13804282866211587
113.0,57.0402,-19.0,3454.8464,50319333.48174805,0.13777630800005544
114.0,57.0,-18.521986,3454.8464,49752615.344592564,0.14116849094113065
107.0,58.986763,-19.0,3454.8464,53421086.22067115,0.1241210079067735
108.0,58.676968,-19.0,3454.8464,52895754.36189804,0.1263945811901315
109.0,58.36143,-19.0,3454.8464,52374314.18931,0.1286672799287121
110.12399,58.0,-19.0,3454.8464,51793366.03104125,0.1312191993455145
110.0,58.04018,-19.0,3454.8464,51856776.72266178,0.13093936443622864
111.0,58.0,-18.551609,3454.8464,51284942.80647354,0.13426999171654153
112.0,58.0,-18.023855,3454.8464,50708136.146315426,0.13775811401175098
104.0,59.880936,-19.0,3454.8464,55012347.53432405,0.1173037839078875
105.0,59.588593,-19.0,3454.8464,54478078.505673155,0.11957839061945212
106.95689,59.0,-19.0,3454.8464,53444009.53973563,0.12402226065799589
106.0,59.290535,-19.0,3454.8464,53947692.87185125,0.12185064171248561
107.0,59.0,-18.97958,3454.8464,53418528.436655775,0.12417033399572794
108.0,59.0,-18.497665,3454.8464,52833470.8621033,0.12759300345373603
100.0,60.993004,-19.0,3454.8464,57178860.70242154,0.10818465099303343
101.0,60.72356,-19.0,3454.8464,56631703.55226112,0.11046984484322478
102.0,60.448395,-19.0,3454.8464,56088399.95497188,0.1127510190892517
103.58703,60.0,-19.0,3454.8464,55235215.02491169,0.11635960575868112
103.0,60.167522,-19.0,3454.8464,55548967.46474616,0.11502843125850308
104.0,60.0,-18.817127,3454.8464,54989570.782162264,0.11775161459677352
105.0,60.0,-18.362906,3454.8464,54399472.20421873,0.12112025003639679
97.0,61.767605,-19.0,3454.8464,58836197.95280681,0.1013058931981268
98.0,61.51512,-19.0,3454.8464,58279931.2832665,0.10360403822493142
99.973724,61.0,-19.0,3454.8464,57193402.943481766,0.10812413572918893
99.0,61.256912,-19.0,3454.8464,57727500.28208624,0.10589685794779488
100.0,61.0,-18.989399,3454.8464,57177541.37698518,0.1082112107601067
101.0,61.0,-18.577507,3454.8464,56579561.3664752,0.1115169549451719
102.0,61.0,-18.149872,3454.8464,55984375.51720424,0.11483473407911238
92.0,62.945515,-19.0,3454.8464,61665535.49192019,0.0897259550766625
93.0,62.721367,-19.0,3454.8464,61092511.842867814,0.09205526338509265
94.0,62.491447,-19.0,3454.8464,60523180.30044849,0.09437770830317768
95.0,62.255775,-19.0,3454.8464,59957794.373760894,0.09669316526078263
96.05869,62.0,-19.0,3454.8464,59363545.3231957,0.09913666597699086
96.0,62.014374,-19.0,3454.8464,59396147.01213812,0.09900221823675151
97.0,62.0,-18.649765,3454.8464,58793209.408023015,0.10219164784126405
98.0,62.0,-18.262968,3454.8464,58190132.50778666,0.1054494025845561
87.0,63.98205,-19.0,3454.8464,64577178.77910015,0.07796121079748326
88.0,63.78635,-19.0,3454.8464,63987517.2688842,0.08033059373968857
89.0,63.584812,-19.0,3454.8464,63401546.29017425,0.0826915649662135
90.0,63.377457,-19.0,3454.8464,62819292.672976926,0.08504432509447526
91.75223,63.0,-19.0,3454.8464,61808906.167530484,0.08914484289953008
91.0,63.164303,-19.0,3454.8464,62240782.39938,0.08738907718189476
92.0,63.0,-18.919788,3454.8464,61655748.7210037,0.08993394228461185
93.0,63.0,-18.586208,3454.8464,61042339.23044418,0.09311997314369178
94.0,63.0,-18.238144,3454.8464,60431539.36044003,0.09631862625535198
82.0,64.875854,-19.0,3454.8464,67571779.75691576,0.06597247277760329
83.0,64.70889,-19.0,3454.8464,66965624.57250885,0.06838902742476805
84.0,64.536,-19.0,3454.8464,66363075.08072286,0.07079602835291456
85.0,64.35721,-19.0,3454.8464,65764160.035490245,0.07319363450558697
86.906235,64.0,-19.0,3454.8464,64633011.69283152,0.07773738163179193
86.0,64.17253,-19.0,3454.8464,65168907.61781427,0.07558200973580632
87.0,64.0,-18.974213,3454.8464,64574082.912617564,0.07802930812413275
88.0,64.0,-18.690264,3454.8464,63950481.51612939,0.0811427654803974
89.0,64.0,-18.392735,3454.8464,63329248.08724379,0.0842721722294768
90.0,64.0,-18.081388,3454.8464,62710434.05086696,0.08741688600727977
75.0,65.88114,-19.0,3454.8464,71905345.73895223,0.048763445236126836
76.0,65.755646,-19.0,3454.8464,71275904.23715127,0.05125320414253481
77.0,65.62403,-19.0,3454.8464,70649921.24068463,0.053732421095912405
78.0,65.486336,-19.0,3454.8464,70027426.74964958,0.05620118606714328
79.0,65.34259,-19.0,3454.8464,69408450.59448509,0.05865959725141974
80.0,65.19281,-19.0,3454.8464,68793022.36582778,0.061107760531017824
81.23043,65.0,-19.0,3454.8464,68041391.99649103,0.06410381473067948
81.0,65.03703,-19.0,3454.8464,68181171.35966428,0.06354578901501282
82.0,65.0,-18.825937,3454.8464,67551456.55708387,0.06643730977259929
83.0,65.0,-18.588192,3454.8464,66917635.36128387,0.06948277338910858
84.0,65.0,-18.337746,3454.8464,66286078.41099581,0.07254474421122396
85.0,65.0,-18.074358,3454.8464,65656828.57929478,0.07562278810982552
61.0,66.98366,-19.0,3454.8464,81055770.14181747,0.0127511402166108
62.0,66.947235,-19.0,3454.8464,80381252.72630298,0.01539336591049533
63.0,66.9041,-19.0,3454.8464,79709853.56011094,0.018025039680747684
64.0,66.8543,-19.0,3454.8464,79041599.44765125,0.02064608246544236
65.0,66.797905,-19.0,3454.8464,78376517.64652534,0.023256427652158636
66.0,66.73494,-19.0,3454.8464,77714635.8366112,0.025856020921484764
67.0,66.66547,-19.0,3454.8464,77055982.08527365,0.028444820054857572
68.0,66.58953,-19.0,3454.8464,76400584.80887991,0.03102279470871564
69.0,66.50717,-19.0,3454.8464,75748472.73084828,0.03358992615711617
70.0,66.418434,-19.0,3454.8464,75099674.83643727,0.03614620700524513
71.0,66.323364,-19.0,3454.8464,74454220.32453984,0.03869164087643721
72.0,66.221985,-19.0,3454.8464,73812138.5567327,0.04122624207539018
73.0,66.11436,-19.0,3454.8464,73173459.00385547,0.04375003523059641
74.00416,66.0,-19.0,3454.8464,72535593.83593284,0.04627342571946597
74.0,66.000496,-19.0,3454.8464,72538211.1904058,0.04626305491897081
75.0,66.0,-18.840273,3454.8464,71887489.68894169,0.04919462167503402
76.0,66.0,-18.668694,3454.8464,71238815.11812279,0.05214474009570551
77.0,66.0,-18.485695,3454.8464,70592292.0512368,0.055111556730951104
78.0,66.0,-18.29105,3454.8464,69947949.54973397,0.058094934461643065
79.0,66.0,-18.08453,3454.8464,69305818.65316379,0.061094685455633534
57.0,67.06153,-19.0,3454.8464,83784006.99860464,0.0020772869016096643
58.0,67.05248,-19.0,3454.8464,83097343.94224742,0.004760902148709233
59.0,67.03642,-19.0,3454.8464,82413755.89829902,0.007434567768558871
60.45027,67.0,-19.0,3454.8464,81428400.85215262,0.01129256235311599
60.0,67.01341,-19.0,3454.8464,81733268.43153381,0.010098146593128812
61.0,67.0,-18.980164,3454.8464,81053824.39545844,0.012804266277282997
62.0,67.0,-18.935408,3454.8464,80374850.40677989,0.015566630980415157
63.0,67.0,-18.8816,3454.8464,79698003.72813214,0.018343038639433047
64.0,67.0,-18.818573,3454.8464,79023279.33041944,0.021133785939631874
65.0,67.0,-18.746164,3454.8464,78350674.8609223,0.023939147761398674
66.0,67.0,-18.664198,3454.8464,77680190.6180319,0.02675937459826348
67.0,67.0,-18.572496,3454.8464,77011829.5187433,0.02959468999704336
68.0,67.0,-18.470875,3454.8464,76345597.05942348,0.03244528803798299
69.0,67.0,-18.359142,3454.8464,75681501.27041256,0.035311330873279784
70.0,67.0,-18.237103,3454.8464,75019552.66499805,0.03819294634288617
71.0,67.0,-18.104559,3454.8464,74359764.18334867,0.04109022568670704
177.9883,0.0,-18.0,3454.8464,20872108.408187572,0.3773735115386615
178.0,0.0,-17.986115,3454.8464,20865051.652858354,0.3775163380098236
177.97192,1.0,-18.0,3454.8464,20878011.382491417,0.3772678634028634
178.0,1.0,-17.966711,3454.8464,20861097.060103092,0.37761009458061556
177.9228,2.0,-18.0,3454.8464,20900536.373966876,0.37686435644408156
178.0,2.0,-17.908485,3454.8464,20854077.674977243,0.37780306041060485
177.84087,3.0,-18.0,3454.8464,20938058.496100828,0.37619392398530144
178.0,3.0,-17.811403,3454.8464,20842449.20699256,0.37812126480814107
177.726,4.0,-18.0,3454.8464,20990548.72485686,0.3752596538159876
178.0,4.0,-17.675402,3454.8464,20826316.45667784,0.37855968107674265
177.57802,5.0,-18.0,3454.8464,21057966.9640141,0.3740658078622968
178.0,5.0,-17.500395,3454.8464,20805824.249390297,0.3791114313535815
177.39673,6.0,-18.0,3454.8464,21140262.570050374,0.37261776317496864
178.0,6.0,-17.286266,3454.8464,20781155.597746525,0.3797679391707024
177.18185,7.0,-18.0,3454.8464,21237375.00957282,0.37092193876897456
177.0,7.7315855,-18.0,3454.8464,21319174.68669244,0.3695051887455996
178.0,7.0,-17.032885,3454.8464,20752529.418888565,0.3805191160993907
176.93379,8.0,-18.0,3454.8464,21349363.590754237,0.3689853437047988
177.0,8.0,-17.922043,3454.8464,21309867.83300179,0.36975360225020815
176.65366,9.0,-18.0,3454.8464,21476436.363038067,0.366815413216611
177.0,9.0,-17.592682,3454.8464,21271027.104152933,0.3707810887632981
176.33922,10.0,-18.0,3454.8464,21618156.614880167,0.3644221521971855
176.0,10.97151,-18.0,3454.8464,21769970.76700725,0.36188942325948714
177.0,10.0,-17.22386,3454.8464,21228753.80001972,0.3718778931255675
175.99011,11.0,-18.0,3454.8464,21774452.445206992,0.3618151555737091
176.0,11.0,-17.988445,3454.8464,21768601.69931255,0.36192499257501454
175.60953,12.0,-18.0,3454.8464,21945940.5734159,0.3590026153201225
176.0,12.0,-17.544098,3454.8464,21716496.820983045,0.3632682074888549
175.19344,13.0,-18.0,3454.8464,22131851.826085135,0.3559970521648509
175.0,13.428883,-18.0,3454.8464,22217584.5958802,0.35462914342752894
176.0,13.0,-17.059858,3454.8464,21661779.77584418,0.3646452729982617
174.74385,14.0,-18.0,3454.8464,22332599.22067781,0.3528079607938367
175.0,14.0,-17.702911,3454.8464,22182867.93679288,0.3555037918661974
174.2598,15.0,-18.0,3454.8464,22548014.375541985,0.34944669691379016
174.0,15.4997635,-18.0,3454.8464,22662562.495012783,0.3476860122068243
175.0,15.0,-17.143143,3454.8464,22119333.924838804,0.35707510135479675
173.74123,16.0,-18.0,3454.8464,22778135.53750372,0.3459241290718754
174.0,16.0,-17.70203,3454.8464,22627975.319737695,0.3485363600573592
173.18768,17.0,-18.0,3454.8464,23022923.83623823,0.3422513783465443
173.0,17.31835,-18.0,3454.8464,23105106.258289933,0.3410374069059876
174.0,17.0,-17.066727,3454.8464,22556416.8762651,0.3502637226666986
172.5998,18.0,-18.0,3454.8464,23282582.041969635,0.33843881100891704
172.0,18.959932,-18.0,3454.8464,23545609.501035858,0.33465623221318896
173.0,18.0,-17.542797,3454.8464,23052516.040870897,0.3422982311350624
171.97507,19.0,-18.0,3454.8464,23556685.737772383,0.33449839467574666
172.0,19.0,-17.971676,3454.8464,23542340.81171519,0.33473334733744436
171.3168,20.0,-18.0,3454.8464,23846040.07960581,0.33043848992400704
171.0,20.45503,-18.0,3454.8464,23983686.401100487,0.3285418183162236
172.0,20.0,-17.226147,3454.8464,23457686.745732613,0.3367101499781776
170.62175,21.0,-18.0,3454.8464,24150100.52685626,0.32627089042231916
170.0,21.848917,-18.0,3454.8464,24420387.10391614,0.3226496317322707
171.0,21.0,-17.574236,3454.8464,23935158.226838715,0.3296578521632276
169.88965,22.0,-18.0,3454.8464,24468962.347478796,0.3220053099879256
170.0,22.0,-17.876587,3454.8464,24406296.413711194,0.32296859216137574
169.12164,23.0,-18.0,3454.8464,24803064.353738394,0.31765015482747994
169.0,23.150948,-18.0,3454.8464,24855348.826474592,0.31698047455759043
170.0,23.0,-17.020767,3454.8464,24310789.846243512,0.3251039356202947
168.31711,24.0,-18.0,3454.8464,25152500.350773375,0.3132143623917393
168.0,24.376099,-18.0,3454.8464,25288760.178446867,0.3115189258016939
169.0,24.0,-17.243923,3454.8464,24770350.154080857,0.3188567131628507
167.47473,25.0,-18.0,3454.8464,25517227.675148595,0.3087068109576615
167.0,25.538902,-18.0,3454.8464,25721097.93521551,0.30624306891460196
168.0,25.0,-17.42258,3454.8464,25223829.25115317,0.312930513299732
166.59424,26.0,-18.0,3454.8464,25897470.141751513,0.30413519991368393
166.0,26.646486,-18.0,3454.8464,26152449.80454333,0.30114292815707366
167.0,26.0,-17.557234,3454.8464,25671318.357767083,0.3073092575909249
165.67526,27.0,-18.0,3454.8464,26293475.10788054,0.29950669635341576
165.0,27.704918,-18.0,3454.8464,26582920.927089393,0.2962086194335807
166.0,27.0,-17.64835,3454.8464,26112939.647886723,0.3019769558677182
164.71739,28.0,-18.0,3454.8464,26705514.911386773,0.2948279230144003
164.0,28.719385,-18.0,3454.8464,27012632.128335424,0.2914304470901756
165.0,28.0,-17.696375,3454.8464,26548843.717810854,0.2969178734176249
163.72011,29.0,-18.0,3454.8464,27133888.302644715,0.2901049505888704
163.0,29.694347,-18.0,3454.8464,27441718.099082585,0.28679897833158696
164.0,29.0,-17.70173,3454.8464,26979207.214473944,0.2921166697113057
162.6828,30.0,-18.0,3454.8464,27578921.90019219,0.28534329306954787
162.0,30.633654,-18.0,3454.8464,27870325.8847019,0.2823051114706443
163.0,30.0,-17.66482,3454.8464,27404230.481156513,0.287558507186478
161.6048,31.0,-18.0,3454.8464,28040971.75692586,0.2805479132347472
161.0,31.540638,-18.0,3454.8464,28298613.582995,0.2779401175163998
162.0,31.0,-17.586018,3454.8464,27824135.517241046,0.2832291430183611
160.4853,32.0,-18.0,3454.8464,28520425.04907825,0.2757232191346036
160.0,32.418198,-18.0,3454.8464,28726748.7430058,0.27369567920233756
161.0,32.0,-17.465677,3454.8464,28239164.113857716,0.2791149895055432
159.32344,33.0,-18.0,3454.8464,29017701.633695465,0.2708730758270134
159.0,33.268856,-18.0,3454.8464,29154907.157738917,0.2695639108465959
160.0,33.0,-17.304121,3454.8464,28649575.915201783,0.2752031654233067
157.0,34.895832,-18.0,3454.8464,30011493.52082063,0.2616184043090458
158.11818,34.0,-18.0,3454.8464,29533255.824111134,0.26600080791746483
158.0,34.094826,-18.0,3454.8464,29583271.767499458,0.2655373744603118
159.0,34.0,-17.101654,3454.8464,29055646.75808068,0.271481521812531
156.8697,35.0,-18.0,3454.8464,30067946.177752607,0.2611081891271356
156.0,35.673615,-18.0,3454.8464,30439639.227398217,0.25780138198541536
157.0,35.0,-17.869205,3454.8464,29996849.116411097,0.2618974359003454
155.57707,36.0,-18.0,3454.8464,30622412.131135046,0.25619717770535877
155.0,36.431877,-18.0,3454.8464,30868391.71032817,0.2540711478505311
156.0,36.0,-17.57979,3454.8464,30392805.301477928,0.2586852169703985
153.0,37.893185,-18.0,3454.8464,31727922.16620972,0.24685676160753087
154.23772,37.0,-18.0,3454.8464,31196908.86513575,0.25127039932099055
154.0,37.171978,-18.0,3454.8464,31297953.784840718,0.2504217500540803
155.0,37.0,-17.250624,3454.8464,30785289.347036567,0.25562542687994816
152.85155,38.0,-18.0,3454.8464,31792511.855029836,0.24632778627178264
152.0,38.595375,-18.0,3454.8464,32157960.824470554,0.2433776550000621
153.0,38.0,-17.856422,3454.8464,31711812.32542536,0.24715481721961446
150.0,39.95571,-18.0,3454.8464,33021747.334347814,0.23661587610606907
151.4182,39.0,-18.0,3454.8464,32410333.91431252,0.2413687794718073
151.0,39.282852,-18.0,3454.8464,32589253.904020596,0.23996434140705553
152.0,39.0,-17.443668,3454.8464,32095910.370121296,0.2445172242398732
149.93408,40.0,-18.0,3454.8464,33050614.148167197,0.23639494010817153
149.0,40.610832,-18.0,3454.8464,33454044.05504769,0.23334821581700316
150.0,40.0,-17.938055,3454.8464,33014764.72514315,0.2367430089116345
147.0,41.88346,-18.0,3454.8464,34323277.07143568,0.2269772338398966
148.40097,41.0,-18.0,3454.8464,33715459.394809216,0.2314020810861011
148.0,41.2538,-18.0,3454.8464,33888062.88991723,0.23013357119146538
149.0,41.0,-17.44401,3454.8464,33391806.779801533,0.23447487372079526
146.81436,42.0,-18.0,3454.8464,34405044.41797703,0.22639127034743645
146.0,42.498486,-18.0,3454.8464,34758861.51738134,0.2238865922425573
147.0,42.0,-17.830898,3454.8464,34304170.06699478,0.227320917336462
144.0,43.694122,-18.0,3454.8464,35634811.93175106,0.21785144609137996
145.1742,43.0,-18.0,3454.8464,35121244.25245147,0.2213582611743873
145.0,43.10324,-18.0,3454.8464,35196652.25601663,0.22083828620023305
146.0,43.0,-17.257658,3454.8464,34675653.62733838,0.22537720519781637
142.0,44.843967,-18.0,3454.8464,36516326.80329557,0.21200938527089347
143.47879,44.0,-18.0,3454.8464,35865603.5098249,0.21629936137621675
143.0,44.274437,-18.0,3454.8464,36074758.20448348,0.21490827169981577
144.0,44.0,-17.540833,3454.8464,35582930.20600152,0.218777079079151
140.0,45.95096,-18.0,3454.8464,37403830.139196984,0.20634277026378597
141.72482,45.0,-18.0,3454.8464,36639262.83648983,0.21121180664970304
141.0,45.40176,-18.0,3454.8464,36958762.91713278,0.20916037245685598
142.0,45.0,-17.762648,3454.8464,36489313.986896664,0.21248999558047493
139.91048,46.0,-18.0,3454.8464,37444181.366714254,0.20608998581822147
139.0,46.487907,-18.0,3454.8464,37849098.43883785,0.2035777632804467
140.0,46.0,-17.924461,3454.8464,37395178.23025251,0.20649648272641843
141.0,46.0,-17.073334,3454.8464,36854328.133013934,0.21101598999515112
137.0,47.53531,-18.0,3454.8464,38746206.364900164,0.198144636135845
138.0338,47.0,-18.0,3454.8464,38282661.55073096,0.2009268059031268
138.0,47.017536,-18.0,3454.8464,38297627.42566769,0.20083613204771128
139.0,47.0,-17.197254,3454.8464,37758113.91753079,0.20519369926772293
135.0,48.54615,-18.0,3454.8464,39650536.91974333,0.1928461511481866
136.09207,48.0,-18.0,3454.8464,39157080.16105833,0.195714519465213
136.0,48.046173,-18.0,3454.8464,39198202.02873361,0.19547334352021514
137.0,48.0,-17.263351,3454.8464,38662315.59741545,0.1996359198725008
132.0,49.99908,-18.0,3454.8464,41022551.12247308,0.18511400057653082
133.0,49.522373,-18.0,3454.8464,40562548.0620883,0.18766838917934164
134.08138,49.0,-18.0,3454.8464,40069705.47676475,0.1904453552056302
134.0,49.03942,-18.0,3454.8464,40106357.97876815,0.19023703642286321
135.0,49.0,-17.272928,3454.8464,39567424.19408681,0.1943268855761023
130.0,50.926212,-18.0,3454.8464,41946686.83421012,0.18009536915266922
131.99806,50.0,-18.0,3454.8464,41023453.819427386,0.18510903200789972
131.0,50.46572,-18.0,3454.8464,41482704.60589518,0.18259830657205922
132.0,50.0,-17.99852,3454.8464,41022378.82141545,0.1851170844975242
133.0,50.0,-17.227276,3454.8464,40473974.76592412,0.18925199639121115
128.0,51.822674,-18.0,3454.8464,42879540.32590072,0.1751668948388943
129.83904,51.0,-18.0,3454.8464,42022299.438931406,0.1796912378948513
129.0,51.377743,-18.0,3454.8464,42411477.34779355,0.17762369253003357
130.0,51.0,-17.880299,3454.8464,41932737.767021164,0.1803463168109611
131.0,51.0,-17.12765,3454.8464,41382547.360201344,0.18439771900189145
126.0,52.689785,-18.0,3454.8464,43821589.03973799,0.1703173659337515
127.59851,52.0,-18.0,3454.8464,43069575.411103405,0.17417932364854016
127.0,52.259808,-18.0,3454.8464,43349342.191521674,0.17273312945525168
128.0,52.0,-17.709915,3454.8464,42845730.30059853,0.1757790588601011
123.0,53.93838,-18.0,3454.8464,45253753.21147406,0.1631646784383628
124.0,53.528698,-18.0,3454.8464,44773314.522379875,0.1655363237602448
125.27045,53.0,-18.0,3454.8464,44169417.89757965,0.1685574304063282
125.0,53.11311,-18.0,3454.8464,44296779.25984993,0.16791595644068558
126.0,53.0,-17.488567,3454.8464,43762043.2887792,0.17140383344116603
121.0,54.73631,-18.0,3454.8464,46220051.26413759,0.1584723433002998
122.84877,54.0,-18.0,3454.8464,45327313.53110006,0.1628044055343786
122.0,54.34042,-18.0,3454.8464,45735201.51608606,0.16081403027945737
123.0,54.0,-17.898407,3454.8464,45241789.630749874,0.16338539859994336
124.0,54.0,-17.2174,3454.8464,44682410.16713652,0.16720992550879119
118.0,55.88516,-18.0,3454.8464,47690407.319304675,0.15151388082026315
119.0,55.508373,-18.0,3454.8464,47197103.72724886,0.15382523331524678
120.32628,55.0,-18.0,3454.8464,46549886.595317736,0.15689437229292263
120.0,55.125805,-18.0,3454.8464,46707737.015717775,0.156141438921587
121.0,55.0,-17.562416,3454.8464,46168732.36056997,0.15942913340148088
115.0,56.977432,-18.0,3454.8464,49185228.913878016,0.14463523874097003
116.0,56.61921,-18.0,3454.8464,48683340.56095311,0.14692360306973162
117.69271,56.0,-18.0,3454.8464,47843737.090384126,0.15080079367105176
117.0,56.255253,-18.0,3454.8464,48185399.97075032,0.14921516638932492
118.0,56.0,-17.809729,3454.8464,47667931.48764894,0.15193895136596097
119.0,56.0,-17.17932,3454.8464,47101387.8805687,0.1556308981339806
113.0,57.67486,-18.0,3454.8464,50194756.81572329,0.14008478789933484
114.93661,57.0,-18.0,3454.8464,49217447.0742044,0.14448922141792273
114.0,57.329018,-18.0,3454.8464,49688114.01487622,0.14235878668331903
115.0,57.0,-17.962704,3454.8464,49180802.98031937,0.1447202888485742
116.0,57.0,-17.365772,3454.8464,48608982.90655027,0.14834867073886893
109.0,58.999405,-18.0,3454.8464,52251604.53199827,0.13102284942930548
110.0,58.676918,-18.0,3454.8464,51732186.50102327,0.13328608433824604
111.0,58.34877,-18.0,3454.8464,51216721.22799515,0.13554928770569427
112.04454,58.0,-18.0,3454.8464,50682720.769782476,0.13791278656635744
112.0,58.01497,-18.0,3454.8464,50705217.05726874,0.13781271705290668
113.0,58.0,-17.460142,3454.8464,50131303.674137965,0.14132227129171093
106.0,59.931896,-18.0,3454.8464,53824800.002613224,0.1242460688422541
107.0,59.626705,-18.0,3454.8464,53296452.138765834,0.12650648744290283
108.99814,59.0,-18.0,3454.8464,52252585.364548184,0.13101859606533872
108.0,59.31587,-18.0,3454.8464,52772051.71054672,0.12876532341291383
109.0,59.0,-17.999022,3454.8464,52251488.2416796,0.1310251678958684
110.0,59.0,-17.465672,3454.8464,51669407.65941782,0.134534030556816
103.0,60.81342,-18.0,3454.8464,55425742.93839678,0.11746315843124817
104.0,60.525208,-18.0,3454.8464,54888364.15061922,0.11972675061775499
105.77444,60.0,-18.0,3454.8464,53945322.3724229,0.12373291438288195
105.0,60.23137,-18.0,3454.8464,54354922.80917246,0.12198727074549416
106.0,60.0,-17.88883,3454.8464,53811653.223987326,0.12451371268569414
107.0,60.0,-17.385502,3454.8464,53224505.74032478,0.12796671071172042
99.0,61.910446,-18.0,3454.8464,57605635.68173454,0.10838005574480376
100.0,61.64461,-18.0,3454.8464,57055225.32243422,0.11065712383082399
101.0,61.373135,-18.0,3454.8464,56508720.173614405,0.11292945090719445
102.34197,61.0,-18.0,3454.8464,55782525.49311648,0.11596797424293218
102.0,61.096035,-18.0,3454.8464,55966138.32566853,0.11519729324719605
103.0,61.0,-17.697115,3454.8464,55390196.82958913,0.11820339345550633
104.0,61.0,-17.222603,3454.8464,54797963.4294219,0.12160332631732138
95.0,62.918724,-18.0,3454.8464,59837034.06201795,0.09922013339270666
96.0,62.6751,-18.0,3454.8464,59273633.64363457,0.10152069149595837
97.0,62.42581,-18.0,3454.8464,58714026.22597103,0.10381289792276319
98.65806,62.0,-18.0,3454.8464,57795762.057637796,0.10759649819177815
98.0,62.170883,-18.0,3454.8464,58158304.07696517,0.10609905505168815
99.0,62.0,-17.856783,3454.8464,57588881.58550747,0.1087387737486569
100.0,62.0,-17.426609,3454.8464,56988686.45296443,0.11207715310452783
91.0,63.838554,-18.0,3454.8464,62121068.513776824,0.08995928419460156
92.0,63.617077,-18.0,3454.8464,61544526.242639944,0.092286278512267
93.0,63.3899,-18.0,3454.8464,60971940.663657606,0.09460764300439785
94.66061,63.0,-18.0,3454.8464,60030265.722231746,0.09843532884977799
94.0,63.15704,-18.0,3454.8464,60403068.55419112,0.09691719014984479
95.0,63.0,-17.872053,3454.8464,59822226.72479629,0.09954739403071561
96.0,63.0,-17.483902,3454.8464,59214224.721802786,0.10282709108711768
97.0,63.0,-17.079716,3454.8464,58608838.934112474,0.1061180428843652
86.0,64.86307,-18.0,3454.8464,65051743.834554344,0.07819555083835057
87.0,64.66956,-18.0,3454.8464,64458400.42689611,0.08056618522826293
88.0,64.47028,-18.0,3454.8464,63868789.56891769,0.08292771018318357
89.0,64.26525,-18.0,3454.8464,63282938.98091453,0.08528032069123706
90.25352,64.0,-18.0,3454.8464,62554749.52000505,0.08821408246021073
90.0,64.0545,-18.0,3454.8464,62700875.49773394,0.08762421449350583
91.0,64.0,-17.749973,3454.8464,62092550.974874906,0.0906094162921206
92.0,64.0,-17.40154,3454.8464,61476638.988181055,0.09382848377547695
93.0,64.0,-17.037786,3454.8464,60863284.67163801,0.09706216073284728
80.0,65.906235,-18.0,3454.8464,68679862.61150216,0.06375930858316094
81.0,65.746925,-18.0,3454.8464,68066263.51821792,0.06619092972834044
82.0,65.581726,-18.0,3454.8464,67456277.8375955,0.06861218259129434
83.0,65.41065,-18.0,3454.8464,66849935.80616835,0.07102321292562618
84.0,65.23374,-18.0,3454.8464,66247267.130616695,0.07342417216937398
85.272354,65.0,-18.0,3454.8464,65486653.39820791,0.07646178917728465
85.0,65.05101,-18.0,3454.8464,65648300.91810694,0.07581521696992317
86.0,65.0,-17.793406,3454.8464,65028643.52393095,0.07874353452332222
87.0,65.0,-17.496809,3454.8464,64402338.98871224,0.08189101714938354
88.0,65.0,-17.185871,3454.8464,63778442.313094,0.08505460335932996
72.0,66.97158,-18.0,3454.8464,73705908.46766855,0.043900686821415395
73.0,66.85956,-18.0,3454.8464,73065548.9850285,0.04642214202065849
74.0,66.74142,-18.0,3454.8464,72428617.79463634,0.04893231360574821
75.0,66.61718,-18.0,3454.8464,71795146.0416206,0.05143126323759812
76.0,66.486885,-18.0,3454.8464,71165164.82652664,0.05391906199040421
77.0,66.35056,-18.0,3454.8464,70538705.13806185,0.05639578988292968
78.0,66.208244,-18.0,3454.8464,69915797.78514527,0.05886153540631988
79.39072,66.0,-18.0,3454.8464,69056408.03057967,0.06226943215278645
79.0,66.05995,-18.0,3454.8464,69296473.32825373,0.06131639505228958
80.0,66.0,-17.863491,3454.8464,68665065.44741742,0.06412798178302997
81.0,66.0,-17.628124,3454.8464,68025995.74539147,0.06718984188516174
82.0,66.0,-17.379637,3454.8464,67389200.67545632,0.07026896218817308
83.0,66.0,-17.117767,3454.8464,66754719.357351914,0.07336491354087385
56.0,67.90742,-18.0,3454.8464,84385623.95780554,0.001993299617674194
57.0,67.89875,-18.0,3454.8464,83694459.42020668,0.004694823642997622
58.0,67.88318,-18.0,3454.8464,83006327.94246952,0.007385856643835037
59.0,67.860756,-18.0,3454.8464,82321255.06808266,0.010066254593664238
60.0,67.83155,-18.0,3454.8464,81639266.89616327,0.01273588630736486
61.0,67.79562,-18.0,3454.8464,80960390.06684707,0.015394633452606742
62.0,67.75302,-18.0,3454.8464,80284651.74205476,0.01804239051958598
63.0,67.70382,-18.0,3454.8464,79612079.58175303,0.020679064749972473
64.0,67.64805,-18.0,3454.8464,78942701.71582666,0.023304576026253902
65.0,67.58578,-18.0,3454.8464,78276546.71174183,0.025918856723042893
66.0,67.51704,-18.0,3454.8464,77613643.53815949,0.02852185152208466
67.0,67.44189,-18.0,3454.8464,76954021.52471954,0.03111351719304415
68.0,67.36037,-18.0,3454.8464,76297710.31820859,0.03369382234233581
69.0,67.272514,-18.0,3454.8464,75644739.83536538,0.03626274713253812
70.0,67.178375,-18.0,3454.8464,74995140.21257398,0.038820282975118706
71.73305,67.0,-18.0,3454.8464,73878085.475779,0.043223503348946216
71.0,67.07799,-18.0,3454.8464,74348941.75273405,0.04136643219934062
72.0,67.0,-17.960804,3454.8464,73701893.22857596,0.04400789278432065
73.0,67.0,-17.804504,3454.8464,73045460.30261743,0.0469554410453924
74.0,67.0,-17.636707,3454.8464,72391191.455399,0.049920359861074
75.0,67.0,-17.457172,3454.8464,71739110.04586512,0.05290258762501314
76.0,67.0,-17.26566,3454.8464,71089241.4647979,0.05590201068717594
77.0,67.0,-17.061916,3454.8464,70441613.05187629,0.05891846184310304
56.0,68.0,-17.887007,3454.8464,84376123.154311,0.00229604736573158
57.0,68.0,-17.87537,3454.8464,83683816.62744649,0.005029694267801856
58.0,68.0,-17.854952,3454.8464,82993760.93891792,0.007776555210028363
59.0,68.0,-17.825607,3454.8464,82305939.98187219,0.010536999628950371
60.0,68.0,-17.787184,3454.8464,81620340.29610239,0.013311384286130528
61.0,68.0,-17.73952,3454.8464,80936951.0707829,0.016100050582524623
62.0,68.0,-17.682446,3454.8464,80255764.13801086,0.01890332182591128
63.0,68.0,-17.615788,3454.8464,79576773.95762835,0.02172150046688699
64.0,68.0,-17.539364,3454.8464,78899977.59382288,0.024554865320088277
65.0,68.0,-17.452986,3454.8464,78225374.68407796,0.027403668788341662
66.0,68.0,-17.356459,3454.8464,77552967.40104935,0.03026813410827419
67.0,68.0,-17.24958,3454.8464,76882760.40799418,0.03314845263673536
68.0,68.0,-17.132147,3454.8464,76214760.80839702,0.036044781197974995
69.0,68.0,-17.003942,3454.8464,75548978.09044236,0.038957239512137726
178.83081,0.0,-17.0,3454.8464,20370229.39599523,0.3876277359424162
179.0,0.0,-16.785452,3454.8464,20267237.435199205,0.38981236733949515
178.81451,1.0,-17.0,3454.8464,20376121.530506086,0.387517102715548
179.0,1.0,-16.764803,3454.8464,20263243.290640466,0.38991063177185137
178.76561,2.0,-17.0,3454.8464,20398699.681697145,0.38709248730958035
179.0,2.0,-16.70284,3454.8464,20256209.76404659,0.3901095004257507
178.684,3.0,-17.0,3454.8464,20436308.83798238,0.3863870819124698
179.0,3.0,-16.599525,3454.8464,20244560.83129852,0.3904371986635351
178.56963,4.0,-17.0,3454.8464,20488917.650901414,0.3854042816570096
179.0,4.0,-16.454794,3454.8464,20228405.860812526,0.3908881959339985
178.42227,5.0,-17.0,3454.8464,20556482.81657428,0.38414877017694277
179.0,5.0,-16.268553,3454.8464,20207895.899302907,0.39145493324078184
178.24174,6.0,-17.0,3454.8464,20638949.64543515,0.3826264523886568
179.0,6.0,-16.040684,3454.8464,20183221.66869595,0.3921279985489503
178.02779,7.0,-17.0,3454.8464,20736252.775005154,0.3808443712814309
178.0,7.112458,-17.0,3454.8464,20748837.263439924,0.38061553670227877
177.78235,8.0,-17.0,3454.8464,20848722.346555255,0.3788094871432668
178.0,8.0,-16.725939,3454.8464,20717672.99754485,0.38147719581208606
177.50343,9.0,-17.0,3454.8464,20975980.678806648,0.37653164894210167
178.0,9.0,-16.37544,3454.8464,20678765.689490378,0.3825343322137662
177.19038,10.0,-17.0,3454.8464,21117884.37428907,0.3740208403021605
177.0,10.548503,-17.0,3454.8464,21203609.79361739,0.37252110411427863
176.84433,11.0,-17.0,3454.8464,21274630.11253894,0.3712867843478426
177.0,11.0,-16.805307,3454.8464,21181650.197456963,0.3731113256387793
176.46547,12.0,-17.0,3454.8464,21446238.380129162,0.3683402673572129
177.0,12.0,-16.332453,3454.8464,21129439.549840014,0.37449342751139536
176.05128,13.0,-17.0,3454.8464,21632241.7369479,0.36519383699113217
176.0,13.114411,-17.0,3454.8464,21655097.24551415,0.36481200823276233
175.60524,14.0,-17.0,3454.8464,21833290.00691735,0.3618573077738979
176.0,14.0,-16.5102,3454.8464,21600647.26109604,0.3662289791150307
175.12349,15.0,-17.0,3454.8464,22048669.014509413,0.35834442550617857
175.0,15.239015,-17.0,3454.8464,22103381.160596404,0.35746490244075835
174.6088,16.0,-17.0,3454.8464,22278935.24561935,0.35466556413367895
175.0,16.0,-16.51805,3454.8464,22050186.159722816,0.3588143002765727
174.05798,17.0,-17.0,3454.8464,22523511.621529363,0.35083416949559326
174.0,17.098978,-17.0,3454.8464,22549012.593476836,0.3504406984593924
173.47437,18.0,-17.0,3454.8464,22783096.75965773,0.346860142979891
173.0,18.764048,-17.0,3454.8464,22991950.94253348,0.3437248044667084
174.0,18.0,-16.357433,3454.8464,22478764.982858356,0.3521763564472049
172.85408,19.0,-17.0,3454.8464,23057010.013313625,0.3427569027138365
173.0,19.0,-16.822649,3454.8464,22972502.27817901,0.3441974081482033
172.1993,20.0,-17.0,3454.8464,23345765.16311867,0.33853441977091975
172.0,20.28813,-17.0,3454.8464,23432653.636709917,0.3372863322535739
173.0,20.0,-16.029362,3454.8464,22887612.73027547,0.3462294250026085
171.50917,21.0,-17.0,3454.8464,23649318.40609569,0.33420381659889253
171.0,21.699837,-17.0,3454.8464,23871352.918575585,0.33110488166979857
172.0,21.0,-16.40865,3454.8464,23368636.791771427,0.3388009366975785
170.78223,22.0,-17.0,3454.8464,23967500.427971005,0.3297761736492574
171.0,22.0,-16.739292,3454.8464,23843086.50982297,0.3317627746640259
170.01859,23.0,-17.0,3454.8464,24300497.833244044,0.3252612061762717
170.0,23.023226,-17.0,3454.8464,24308508.27960295,0.3251544805813723
169.2198,24.0,-17.0,3454.8464,24648837.915281538,0.32066727757067465
169.0,24.262505,-17.0,3454.8464,24743495.213495445,0.3194430376896169
170.0,24.0,-16.075123,3454.8464,24209821.273890972,0.32739164395258297
168.38347,25.0,-17.0,3454.8464,25012240.379357476,0.31600437656053515
168.0,25.438377,-17.0,3454.8464,25177228.421065453,0.3139334352722224
169.0,25.0,-16.274233,3454.8464,24666046.741903953,0.32117125176233474
167.50932,26.0,-17.0,3454.8464,25390908.48404166,0.31128072123367045
167.0,26.558098,-17.0,3454.8464,25609798.856313646,0.30861468876807424
168.0,26.0,-16.426552,3454.8464,25116056.596482016,0.31527754559001736
166.59705,27.0,-17.0,3454.8464,25785068.64417886,0.30650394974390166
166.0,27.627842,-17.0,3454.8464,26041315.442135695,0.3034759280899855
167.0,27.0,-16.532585,3454.8464,25559978.27239029,0.3096930381604621
165.64624,28.0,-17.0,3454.8464,26194971.80363644,0.3016811104488908
165.0,28.652893,-17.0,3454.8464,26471903.15872026,0.29850650326882683
166.0,28.0,-16.592812,3454.8464,25997968.2081901,0.3044005482152702
164.65642,29.0,-17.0,3454.8464,26620894.820631795,0.29681865742863833
164.0,29.63779,-17.0,3454.8464,26901701.24595394,0.293696069877255
165.0,29.0,-16.607683,3454.8464,26430209.28647549,0.29938335113946474
163.62704,30.0,-17.0,3454.8464,27063141.86367254,0.29192245071671225
163.0,30.586452,-17.0,3454.8464,27330861.510323703,0.2890346563188765
164.0,30.0,-16.577633,3454.8464,26856908.437325917,0.29462529941938265
162.55743,31.0,-17.0,3454.8464,27522045.909585238,0.2869977596091429
162.0,31.502277,-17.0,3454.8464,27759546.806147635,0.2845127142380829
163.0,31.0,-16.503069,3454.8464,27278294.41085148,0.2901109159052055
161.44687,32.0,-17.0,3454.8464,27997970.152390506,0.2820492705150974
161.0,32.388214,-17.0,3454.8464,28187929.60200171,0.2801211550847455
162.0,32.0,-16.38437,3454.8464,27694615.705479298,0.28582546307391404
160.2945,33.0,-17.0,3454.8464,28491309.691013053,0.27708109488044796
160.0,33.246838,-17.0,3454.8464,28616190.59354255,0.2758513749635821
161.0,33.0,-16.221891,3454.8464,28106138.743271247,0.28175499035744966
158.0,34.88852,-17.0,3454.8464,29472510.961775385,0.2676560622588312
159.09937,34.0,-17.0,3454.8464,29002493.05539828,0.27209678133867177
159.0,34.080402,-17.0,3454.8464,29044517.574744485,0.27169526749937545
160.0,34.0,-16.015965,3454.8464,28513146.041383814,0.27788636495642693
157.8618,35.0,-17.0,3454.8464,29532358.592306677,0.2670983327086022
157.0,35.673416,-17.0,3454.8464,29900355.126970295,0.2637255117674553
158.0,35.0,-16.851154,3454.8464,29456715.7595753,0.26796367551613387
156.58066,36.0,-17.0,3454.8464,30081439.099198133,0.2620881145113019
156.0,36.438507,-17.0,3454.8464,30328676.800974626,0.25988858737116655
157.0,36.0,-16.552896,3454.8464,29853131.21220755,0.2646361286600656
154.0,37.913105,-17.0,3454.8464,31187075.415861964,0.2524782771378673
155.25362,37.0,-17.0,3454.8464,30650022.160607092,0.2570687214805021
155.0,37.18519,-17.0,3454.8464,30757683.399206612,0.2561388291833806
156.0,37.0,-16.212456,3454.8464,30245919.83647233,0.26146968664117165
153.8804,38.0,-17.0,3454.8464,31239048.983578835,0.2520405823409137
153.0,38.62153,-17.0,3454.8464,31616313.686697774,0.2489116561231798
154.0,38.0,-16.875801,3454.8464,31173869.303000446,0.2527278673739508
151.0,39.99441,-17.0,3454.8464,32478394.3788431,0.2419866334358446
152.4612,39.0,-17.0,3454.8464,31849706.45421752,0.24700305462145594
152.0,39.315044,-17.0,3454.8464,32046692.10715214,0.2454159127086323
153.0,39.0,-16.446684,3454.8464,31557834.446401574,0.25000851053647793
150.99178,40.0,-17.0,3454.8464,32481992.394116085,0.2419583715784904
150.0,40.655308,-17.0,3454.8464,32909544.065173037,0.23864749687130038
151.0,40.0,-16.991692,3454.8464,32477506.8387054,0.24200313919152294
148.0,41.939915,-17.0,3454.8464,33776524.6772387,0.23214151508549355
149.47508,41.0,-17.0,3454.8464,33138225.52847335,0.23690195132206332
149.0,41.303913,-17.0,3454.8464,33342311.43969805,0.23536543561989096
150.0,41.0,-16.476406,3454.8464,32854003.735413104,0.23967431248539067
147.90535,42.0,-17.0,3454.8464,33818136.37738247,0.23183609838717717
147.0,42.56037,-17.0,3454.8464,34210637.30531004,0.2289928028289759
148.0,42.0,-16.907305,3454.8464,33766598.41115792,0.2323239048998333
145.0,43.76756,-17.0,3454.8464,35083815.09007827,0.2228471031765586
146.28436,43.0,-17.0,3454.8464,34524044.03675152,0.22675543569384782
146.0,43.17047,-17.0,3454.8464,34646861.050655104,0.22588964958775104
147.0,43.0,-16.308172,3454.8464,34137148.92918425,0.23033752788389752
143.0,44.928776,-17.0,3454.8464,35962265.35041259,0.2169084489109076
144.60866,44.0,-17.0,3454.8464,35256734.561187334,0.2216585820499901
144.0,44.353077,-17.0,3454.8464,35521985.50169727,0.2198570674894769
145.0,44.0,-16.629066,3454.8464,35044090.71852834,0.22357129461670788
142.87596,45.0,-17.0,3454.8464,36017558.63191028,0.21654224312532402
142.0,45.49165,-17.0,3454.8464,36402722.65041827,0.21401981672237433
143.0,45.0,-16.884832,3454.8464,35949840.52071878,0.21713443184511388
140.0,46.58894,-17.0,3454.8464,37289512.154209346,0.20836008385207888
141.08545,46.0,-17.0,3454.8464,36808665.50877005,0.211400351437133
141.0,46.04646,-17.0,3454.8464,36846077.61997393,0.2111615084155653
142.0,46.0,-16.163027,3454.8464,36313310.78240721,0.21564393023344292
138.0,47.647408,-17.0,3454.8464,38182803.08174802,0.20286114634779978
139.23492,47.0,-17.0,3454.8464,37632033.61588478,0.2062269210305133
139.0,47.12356,-17.0,3454.8464,37735788.65354963,0.205587171315889
140.0,47.0,-16.315163,3454.8464,37215924.20752166,0.20969693404379602
136.0,48.66927,-17.0,3454.8464,39083052.99625409,0.1975073158241039
137.32089,48.0,-17.0,3454.8464,38489417.16605033,0.20101631763344024
137.0,48.163223,-17.0,3454.8464,38632359.61639266,0.20016418578691275
138.0,48.0,-16.406025,3454.8464,38118664.42110103,0.20402811429413736
134.0,49.65651,-17.0,3454.8464,39990727.071464434,0.19228388326311496
135.34059,49.0,-17.0,3454.8464,39383250.55836998,0.19576041359358473
135.0,49.167484,-17.0,3454.8464,39536253.785242006,0.194877609413085
136.0,49.0,-16.437048,3454.8464,39022024.78786357,0.1986209386670694
132.0,50.61091,-17.0,3454.8464,40906297.229058266,0.18717706689101832
133.29079,50.0,-17.0,3454.8464,40316231.44418322,0.1904498161866627
133.0,50.138184,-17.0,3454.8464,40447941.32979106,0.18971343530479784
134.0,50.0,-16.40965,3454.8464,39926542.913154915,0.19346015041183073
129.0,51.98512,-17.0,3454.8464,42296483.09786192,0.1797014159694915
130.0,51.53404,-17.0,3454.8464,41830241.28860588,0.18217396320064302
131.16763,51.0,-17.0,3454.8464,41291355.73280199,0.1850737236650323
131.0,51.076942,-17.0,3454.8464,41367898.45667516,0.1846585422326556
132.0,51.0,-16.325228,3454.8464,40832801.74744369,0.18853165650882076
127.0,52.86347,-17.0,3454.8464,43233398.11957948,0.17483485403980464
128.9669,52.0,-17.0,3454.8464,42312115.85594474,0.1796192153164251
128.0,52.427307,-17.0,3454.8464,42763042.12086773,0.17726250146523223
129.0,52.0,-16.97415,3454.8464,42293623.84582789,0.1797546081106599
130.0,52.0,-16.185154,3454.8464,41741430.34134548,0.1838224182142759
125.0,53.713764,-17.0,3454.8464,44179762.884763815,0.17004352432046796
126.684975,53.0,-17.0,3454.8464,43383316.91300416,0.17406833768120955
126.0,53.29195,-17.0,3454.8464,43705186.79531292,0.17243140195757353
127.0,53.0,-16.76106,3454.8464,43206992.42332278,0.17533038151842983
122.0,54.93925,-17.0,3454.8464,45618938.07845237,0.16297136528045597
123.0,54.537045,-17.0,3454.8464,45136069.01531091,0.1653171030590206
124.31417,54.0,-17.0,3454.8464,44508462.50626731,0.1684070754444826
124.0,54.129044,-17.0,3454.8464,44657165.71261611,0.16767013797358096
125.0,54.0,-16.495592,3454.8464,44124141.37770037,0.17109784079736873
120.0,55.72315,-17.0,3454.8464,46590131.08868168,0.15832888488619037
121.848145,55.0,-17.0,3454.8464,45693181.86972727,0.16261345926951876
121.0,55.334194,-17.0,3454.8464,46102810.461686596,0.16064598239935404
122.0,55.0,-16.893066,3454.8464,45607028.15029952,0.1632003991134222
123.0,55.0,-16.17899,3454.8464,45045855.58294879,0.16704667535002074
117.0,56.852577,-17.0,3454.8464,48068241.03372873,0.1514394713079892
118.0,56.482113,-17.0,3454.8464,47572362.76496254,0.15372828312830722
119.27971,56.0,-17.0,3454.8464,46944511.233011946,0.1566597733299094
119.0,56.105976,-17.0,3454.8464,47080482.5776823,0.15602124089594727
120.0,56.0,-16.509922,3454.8464,46535840.8206898,0.15938652030647493
114.0,57.92733,-17.0,3454.8464,49571255.71623948,0.1446231885531388
115.0,57.574852,-17.0,3454.8464,49066688.66065289,0.14689110316695259
116.59843,57.0,-17.0,3454.8464,48269585.17540612,0.15051713746973455
116.0,57.21674,-17.0,3454.8464,48566129.8157641,0.14916149879358542
117.0,57.0,-16.739765,3454.8464,48039250.570114434,0.15201435198904273
118.0,57.0,-16.078594,3454.8464,47470993.60722053,0.15573147300269305
111.0,58.949093,-17.0,3454.8464,51100019.9639826,0.13785599595275586
112.0,58.61415,-17.0,3454.8464,50586641.91987404,0.1401101114892776
113.79224,58.0,-17.0,3454.8464,49677344.48562145,0.14414931337135858
113.0,58.27361,-17.0,3454.8464,50077276.267071225,0.14236506488416065
114.0,58.0,-16.872198,3454.8464,49556977.13976425,0.14491189817990136
115.0,58.0,-16.246208,3454.8464,48983466.52986553,0.1485677489167509
108.0,59.919247,-17.0,3454.8464,52655366.02917503,0.13111553298841133
109.0,59.60145,-17.0,3454.8464,52133063.27256018,0.13336262531081816
110.846794,59.0,-17.0,3454.8464,51179624.50179261,0.13750837969175966
110.0,59.278084,-17.0,3454.8464,51614771.38381204,0.1356089466451349
111.0,59.0,-16.910881,3454.8464,51090063.23638247,0.13806162508480885
112.0,59.0,-16.318861,3454.8464,50511389.77895637,0.14165841045842292
105.0,60.838886,-17.0,3454.8464,54238113.28565252,0.12438117931425746
106.0,60.537903,-17.0,3454.8464,53706779.88613793,0.12662766616066193
107.74336,60.0,-17.0,3454.8464,52790939.817917556,0.13053526629569578
107.0,60.231365,-17.0,3454.8464,53179450.49142693,0.12887182146086196
108.0,60.0,-16.8594,3454.8464,52639706.38690348,0.1314464230602902
109.0,60.0,-16.30008,3454.8464,52055919.45567568,0.13498637382185927
101.0,61.987694,-17.0,3454.8464,56393507.29888305,0.11537812939316121
102.0,61.708805,-17.0,3454.8464,55849068.003061384,0.11763412367988783
103.0,61.424355,-17.0,3454.8464,55308604.98065454,0.11988602616097786
104.4572,61.0,-17.0,3454.8464,54529345.50071642,0.12315630042135675
104.0,61.134357,-17.0,3454.8464,54772134.226268485,0.12213409987303783
105.0,61.0,-16.7212,3454.8464,54207260.088466994,0.12504936413336712
106.0,61.0,-16.193275,3454.8464,53618364.18375184,0.1285348440205003
98.0,62.792072,-17.0,3454.8464,58042666.248949036,0.10858903241997514
99.0,62.529495,-17.0,3454.8464,57489022.98746705,0.11085743710402532
100.95541,62.0,-17.0,3454.8464,56418076.153137125,0.11527667671221509
100.0,62.261356,-17.0,3454.8464,56939337.3657936,0.1131203398594213
101.0,62.0,-16.979038,3454.8464,56391190.639431395,0.11542985357308067
102.0,62.0,-16.49951,3454.8464,55794231.86068407,0.11885354386871691
103.0,62.0,-16.001663,3454.8464,55200184.08592849,0.12228713245606279
94.0,63.7884,-17.0,3454.8464,60288674.42247638,0.09945721210698419
95.0,63.547573,-17.0,3454.8464,59721688.58934691,0.10175032189304445
96.0,63.30116,-17.0,3454.8464,59158756.85136105,0.10403614520918597
97.19249,63.0,-17.0,3454.8464,58493327.30463197,0.1067503994954094
97.0,63.049175,-17.0,3454.8464,58599760.69261801,0.10631515682981627
98.0,63.0,-16.648514,3454.8464,58004390.769810565,0.10946836730867868
99.0,63.0,-16.197271,3454.8464,57402278.43583893,0.11284201473735202
89.0,64.91131,-17.0,3454.8464,63171455.356809445,0.08787615967597301
90.0,64.69786,-17.0,3454.8464,62587571.08764532,0.09020922723411434
91.0,64.47876,-17.0,3454.8464,62007521.78857784,0.0925336251088632
92.0,64.25403,-17.0,3454.8464,61431333.87944626,0.09484957367657286
93.1013,64.0,-17.0,3454.8464,60801703.78358245,0.09738906017229582
93.0,64.02369,-17.0,3454.8464,60859035.978158146,0.09715728924920654
94.0,64.0,-16.648485,3454.8464,60250821.8544567,0.10035667357606146
95.0,64.0,-16.24131,3454.8464,59640620.90488497,0.1036708721351425
84.0,65.89728,-17.0,3454.8464,66138415.02238374,0.07606597155021871
85.0,65.711426,-17.0,3454.8464,65537651.07308923,0.07844774892354786
86.0,65.51985,-17.0,3454.8464,64940633.06298569,0.080819500829127
87.0,65.32256,-17.0,3454.8464,64347390.41158824,0.0831814124098873
88.57547,65.0,-17.0,3454.8464,63421564.17079118,0.08687909210285864
88.0,65.11958,-17.0,3454.8464,63757951.68001035,0.08553367233251515
89.0,65.0,-16.85668,3454.8464,63156270.39915332,0.08825301073595963
90.0,65.0,-16.507051,3454.8464,62535588.4447823,0.0914936762367619
91.0,65.0,-16.141424,3454.8464,61917435.2810224,0.09474973190049897
78.0,66.89601,-17.0,3454.8464,69811026.46002737,0.06154281459166009
79.0,66.74404,-17.0,3454.8464,69189942.93913512,0.06399100988195078
80.0,66.586205,-17.0,3454.8464,68572479.01983202,0.06642801689844396
81.0,66.42254,-17.0,3454.8464,67958666.3553578,0.06885396619233888
82.0,66.25305,-17.0,3454.8464,67348536.11630648,0.07126899481022791
83.43188,66.0,-17.0,3454.8464,66482415.69522406,0.07470459242741681
83.0,66.07779,-17.0,3454.8464,66742118.91732893,0.0736732458117865
84.0,66.0,-16.83863,3454.8464,66121763.08157645,0.07649883743466629
85.0,66.0,-16.54225,3454.8464,65490544.590132445,0.0796665530983034
86.0,66.0,-16.230953,3454.8464,64861735.541939154,0.08285124284109832
70.0,67.90403,-17.0,3454.8464,74897356.00732782,0.04152374785982239
71.0,67.79909,-17.0,3454.8464,74249474.52609137,0.04406771514065909
72.0,67.68804,-17.0,3454.8464,73605020.24209598,0.04659974972936004
73.0,67.57093,-17.0,3454.8464,72964025.25621,0.04911989160708086
74.0,67.44777,-17.0,3454.8464,72326521.68587174,0.05162819089668934
75.0,67.3186,-17.0,3454.8464,71692541.59643142,0.05412470740804749
76.0,67.183464,-17.0,3454.8464,71062116.93132436,0.05660951017708984
77.28993,67.0,-17.0,3454.8464,70255021.00424951,0.05979477314263357
77.0,67.04237,-17.0,3454.8464,70435279.44142595,0.059082677002385314
78.0,67.0,-16.842749,3454.8464,69795431.3970029,0.06197218882084548
79.0,67.0,-16.609152,3454.8464,69151181.48320588,0.06505251745268056
80.0,67.0,-16.361982,3454.8464,68509231.64156744,0.06815091275881982
81.0,67.0,-16.100948,3454.8464,67869616.79954581,0.07126695460499553
55.0,68.72467,-17.0,3454.8464,84999440.45001918,0.0019220750330462989
56.0,68.71626,-17.0,3454.8464,84303826.35602404,0.004642123230814758
57.0,68.70098,-17.0,3454.8464,83611263.34369208,0.0073512931048264445
58.0,68.67889,-17.0,3454.8464,82921777.74357396,0.010049425403653736
59.0,68.650055,-17.0,3454.8464,82235396.45988065,0.012736373843761828
60.0,68.61453,-17.0,3454.8464,81552146.95511892,0.015412005133289712
61.0,68.57239,-17.0,3454.8464,80872057.22992206,0.018076198953348374
62.0,68.523674,-17.0,3454.8464,80195155.79819053,0.0207288478978195
63.0,68.468445,-17.0,3454.8464,79521471.65767771,0.023369857372919495
64.0,68.40674,-17.0,3454.8464,78851034.25619094,0.025999145458150467
65.0,68.338615,-17.0,3454.8464,78183873.45360227,0.02861664273047418
66.0,68.26412,-17.0,3454.8464,77520019.47988428,0.031222292053905927
67.0,68.183304,-17.0,3454.8464,76859502.88940732,0.033816048336911646
68.0,68.0962,-17.0,3454.8464,76202354.51176825,0.03639787826021848
69.02878,68.0,-17.0,3454.8464,75529934.48842037,0.039041233280777944
69.0,68.002846,-17.0,3454.8464,75548605.3994125,0.038967759977946215
70.0,68.0,-16.862886,3454.8464,74884678.50111589,0.04190255375706814
71.0,68.0,-16.710209,3454.8464,74222558.94981043,0.04486631575047223
72.0,68.0,-16.545712,3454.8464,73562659.0174518,0.047848064803840754
73.0,68.0,-16.36913,3454.8464,72904998.30675872,0.05084776829279912
74.0,68.0,-16.180202,3454.8464,72249598.38025747,0.05386533922333937
54.0,69.0,-16.655323,3454.8464,85672983.50621682,0.00012103950668430289
55.0,69.0,-16.650417,3454.8464,84973502.62490857,0.0028679219309802476
56.0,69.0,-16.636536,3454.8464,84276378.35751338,0.005628209269082498
57.0,69.0,-16.613531,3454.8464,83581591.8883453,0.008402293070534441
58.0,69.0,-16.58124,3454.8464,82889126.97346367,0.011190553811040168
59.0,69.0,-16.539501,3454.8464,82198969.94606338,0.013993358084028473
60.0,69.0,-16.488134,3454.8464,81511109.71200818,0.016811055723871805
61.0,69.0,-16.42696,3454.8464,80825537.73600847,0.01964397687612189
62.0,69.0,-16.355787,3454.8464,80142248.01899916,0.022492429031386544
63.0,69.0,-16.274416,3454.8464,79461237.0673207,0.025356694040726588
64.0,69.0,-16.182644,3454.8464,78782503.85436526,0.028237025131523198
65.0,69.0,-16.080256,3454.8464,78106049.775384,0.031133643943816187
179.61934,0.0,-16.0,3454.8464,19894689.85230101,0.39778652096791395
180.0,0.0,-15.482127,3454.8464,19660776.80834887,0.40298320239702323
179.60309,1.0,-16.0,3454.8464,19900575.32754617,0.39767069237784514
180.0,1.0,-15.460063,3454.8464,19656755.498147726,0.4030855429880489
179.55434,2.0,-16.0,3454.8464,19923219.271726184,0.397224093809575
180.0,2.0,-15.393857,3454.8464,19649753.656263635,0.40328799549250893
179.473,3.0,-16.0,3454.8464,19960936.46138158,0.39648227334082653
180.0,3.0,-15.283465,3454.8464,19638160.457000274,0.4036213189564386
179.35898,4.0,-16.0,3454.8464,20013693.141121313,0.39544895652441486
180.0,4.0,-15.12882,3454.8464,19622089.566179626,0.4040794745711217
179.2121,5.0,-16.0,3454.8464,20081442.687522914,0.39412928001271963
179.03215,6.0,-16.0,3454.8464,20164126.227151267,0.39252971519510044
179.0,6.151045,-16.0,3454.8464,20178842.588254727,0.3922468757950067
178.82076,7.0,-16.0,3454.8464,20261993.053601872,0.39065710936112374
179.0,7.0,-15.7576,3454.8464,20152532.75230248,0.3930047591516853
178.5764,8.0,-16.0,3454.8464,20374757.02017799,0.38852087474690356
179.0,8.0,-15.427719,3454.8464,20117479.88666164,0.39399820717702294
178.29843,9.0,-16.0,3454.8464,20502270.683681775,0.3861310238067449
178.0,9.956653,-16.0,3454.8464,20638260.328161094,0.3836123363160553
179.0,9.0,-15.053219,3454.8464,20078753.29686953,0.39507310978702714
177.98657,10.0,-16.0,3454.8464,20644459.483123023,0.38349822622476654
178.0,10.0,-15.9819565,3454.8464,20636314.441160396,0.3836668495499416
177.64366,11.0,-16.0,3454.8464,20801790.256357145,0.38063243958855986
178.0,11.0,-15.521743,3454.8464,20587199.720897473,0.3850310477697786
177.26611,12.0,-16.0,3454.8464,20973611.927128997,0.3775472033390797
177.0,12.6457405,-16.0,3454.8464,21093729.345772244,0.37542066030997756
178.0,12.0,-15.016513,3454.8464,20535204.7003234,0.3864374600480419
176.8549,13.0,-16.0,3454.8464,21160076.304860428,0.3742543518405308
177.0,13.0,-15.806449,3454.8464,21073126.922225747,0.37597939046370743
176.41101,14.0,-16.0,3454.8464,21361343.67249132,0.37076604569367666
176.0,14.856889,-16.0,3454.8464,21545883.75448794,0.36762133279520093
177.0,14.0,-15.2156925,3454.8464,21011630.45013658,0.3776202345743579
175.93173,15.0,-16.0,3454.8464,21576931.695202194,0.36709630944452104
176.0,15.0,-15.909543,3454.8464,21536315.957847565,0.36787416300419834
175.42024,16.0,-16.0,3454.8464,21807421.483364105,0.36325646140486123
175.0,16.766912,-16.0,3454.8464,21994770.68846736,0.3601920081713382
176.0,16.0,-15.23338,3454.8464,21466056.773698755,0.36970684767138395
174.87288,17.0,-16.0,3454.8464,22052163.427520778,0.35926100708169395
175.0,17.0,-15.832797,3454.8464,21977240.524278652,0.3606429078099511
174.29218,18.0,-16.0,3454.8464,22311657.981619902,0.3551213321062464
174.0,18.47335,-16.0,3454.8464,22440758.421914846,0.35309933085690615
175.0,18.0,-15.071116,3454.8464,21899197.04891343,0.36261913067750745
173.67625,19.0,-16.0,3454.8464,22585619.43130143,0.3508505861092187
174.0,19.0,-15.577539,3454.8464,22396958.45679601,0.3541951857872208
173.0242,20.0,-16.0,3454.8464,22873934.49466448,0.34646118344989346
173.0,20.035196,-16.0,3454.8464,22884516.70493848,0.3463028118658002
172.33884,21.0,-16.0,3454.8464,23177242.335987408,0.341963244496177
172.0,21.468546,-16.0,3454.8464,23325392.367599934,0.33981036898062156
173.0,21.0,-15.144646,3454.8464,22797017.712325588,0.3484317440498294
171.6168,22.0,-16.0,3454.8464,23495020.13683775,0.3373693962605157
171.0,22.812595,-16.0,3454.8464,23764612.918970734,0.3335667912130763
172.0,22.0,-15.507356,3454.8464,23274929.5563815,0.3410175491046278
170.85811,23.0,-16.0,3454.8464,23827395.64987937,0.3326901378503264
171.0,23.0,-15.818761,3454.8464,23746032.24228492,0.3340039179505643
170.06328,24.0,-16.0,3454.8464,24174648.158847496,0.3279350730947163
170.0,24.076057,-16.0,3454.8464,24201949.325190246,0.327568234840983
169.2326,25.0,-16.0,3454.8464,24537044.374717444,0.3231132916417727
169.0,25.267632,-16.0,3454.8464,24637268.58351063,0.32180726621476774
170.0,25.0,-15.029574,3454.8464,24104181.0181385,0.329806729817844
168.36438,26.0,-16.0,3454.8464,24914474.08881227,0.3182342559861152
168.0,26.401905,-16.0,3454.8464,25071250.65409629,0.3162533640186843
169.0,26.0,-15.20189,3454.8464,24556904.79193645,0.3236181679988227
167.4583,27.0,-16.0,3454.8464,25307143.94531737,0.31330606715149767
167.0,27.485186,-16.0,3454.8464,25504008.120246075,0.3108946066762235
168.0,27.0,-15.324796,3454.8464,25003329.698706336,0.3177602829275581
166.51399,28.0,-16.0,3454.8464,25715284.768631216,0.308336188221356
166.0,28.522865,-16.0,3454.8464,25935670.03972272,0.3057193277224932
167.0,28.0,-15.398806,3454.8464,25443617.976243503,0.312214367767614
165.53104,29.0,-16.0,3454.8464,26139152.889665376,0.30333144311101334
165.0,29.519585,-16.0,3454.8464,26366380.035227794,0.3007162090676831
166.0,29.0,-15.424411,3454.8464,25877958.72681222,0.30696223950755097
164.50887,30.0,-16.0,3454.8464,26579031.486154195,0.29829802020286933
164.0,30.47935,-16.0,3454.8464,26796294.519041643,0.29587435365919884
165.0,30.0,-15.402076,3454.8464,26306565.37887636,0.30198636905223
163.4469,31.0,-16.0,3454.8464,27035231.949835405,0.29324147996009486
163.0,31.40563,-16.0,3454.8464,27225581.053593688,0.29118333987966244
164.0,31.0,-15.33224,3454.8464,26729673.338911213,0.29726998091631146
162.3444,32.0,-16.0,3454.8464,27508095.294658564,0.2881667656835496
162.0,32.301445,-16.0,3454.8464,27654416.846810754,0.28663325999689215
163.0,32.0,-15.215319,3454.8464,27147537.833498385,0.29279712606716013
161.20059,33.0,-16.0,3454.8464,27997993.62149834,0.2830782166354458
161.0,33.169426,-16.0,3454.8464,28082987.378778968,0.282214744897747
162.0,33.0,-15.051698,3454.8464,27560431.937890977,0.2885527314019778
159.0,34.827156,-16.0,3454.8464,28939162.069302768,0.27375587490315656
160.01456,34.0,-16.0,3454.8464,28505331.65625685,0.2779795828150591
160.0,34.01188,-16.0,3454.8464,28511485.154437676,0.2779189772072911
158.78748,35.0,-16.0,3454.8464,29031100.93769683,0.2728726548137034
158.0,35.620365,-16.0,3454.8464,29366916.06248665,0.26970260856635675
159.0,35.0,-15.753683,3454.8464,28914520.172815982,0.2742463181463606
157.5166,36.0,-16.0,3454.8464,29575396.861121643,0.2677609959852101
157.0,36.3934,-16.0,3454.8464,29795019.62441357,0.26575033998462017
158.0,36.0,-15.445267,3454.8464,29311686.030920334,0.27079068974114107
155.0,37.882355,-16.0,3454.8464,30652416.467206676,0.25813305681258847
156.20053,37.0,-16.0,3454.8464,30138704.462013796,0.2626467493104934
156.0,37.14769,-16.0,3454.8464,30223684.598165084,0.2618920697707717
157.0,37.0,-15.091898,3454.8464,29705079.839704115,0.2675054648712865
154.83954,38.0,-16.0,3454.8464,30722036.283316135,0.2575302720185109
154.0,38.59797,-16.0,3454.8464,31081071.273719087,0.25447148611617465
155.0,38.0,-15.820534,3454.8464,30634430.09194305,0.2584802983982683
152.0,39.984318,-16.0,3454.8464,31941583.498255044,0.2473737061626214
153.43289,39.0,-16.0,3454.8464,31326262.94517698,0.25241187021694084
153.0,39.298416,-16.0,3454.8464,31510752.893720664,0.2508863057328733
154.0,39.0,-15.372684,3454.8464,31018586.739198312,0.2556684363165227
151.97713,40.0,-16.0,3454.8464,31951565.357987095,0.2472932480123614
151.0,40.65181,-16.0,3454.8464,32371807.05889348,0.24395670241561052
152.0,40.0,-15.975112,3454.8464,31939077.667236295,0.24742131007050605
149.0,41.949173,-16.0,3454.8464,33236680.05665289,0.23730753051511463
150.47495,41.0,-16.0,3454.8464,32600033.57415472,0.24217068355242855
150.0,41.306812,-16.0,3454.8464,32803544.53709538,0.24060120138439478
151.0,41.0,-15.43553,3454.8464,32315379.001117416,0.2450222581971744
148.92076,42.0,-16.0,3454.8464,33271435.887117423,0.2370462736539735
148.0,42.575768,-16.0,3454.8464,33669545.41813528,0.2340952614554649
149.0,42.0,-15.916321,3454.8464,33228234.765456423,0.2374660817015323
146.0,43.795162,-16.0,3454.8464,34540102.855266295,0.22783197636993296
147.3167,43.0,-16.0,3454.8464,33968034.19918688,0.23191501721597652
147.0,43.19186,-16.0,3454.8464,34104427.01006283,0.23093209589099184
148.0,43.0,-15.287569,3454.8464,33598228.47523621,0.23542858387453655
144.0,44.968346,-16.0,3454.8464,35415645.383149765,0.22179028185174016
145.65894,44.0,-16.0,3454.8464,34690408.193269126,0.22677612284313892
145.0,44.386475,-16.0,3454.8464,34976725.03098763,0.22479038774331722
146.0,44.0,-15.651193,3454.8464,34504897.53697653,0.22848802009755526
143.94551,45.0,-16.0,3454.8464,35439869.15404881,0.22162650086581098
143.0,45.53685,-16.0,3454.8464,35854354.17612075,0.21885778294093577
144.0,45.0,-15.945387,3454.8464,35410092.133904904,0.22189358129652667
141.0,46.64577,-16.0,3454.8464,36737761.73943208,0.21311545357606937
142.17668,46.0,-16.0,3454.8464,36218766.34665608,0.21645964849017602
142.0,46.09721,-16.0,3454.8464,36295878.87191142,0.21595801083531566
143.0,46.0,-15.186409,3454.8464,35772441.65582193,0.22037966164896527
139.0,47.71574,-16.0,3454.8464,37627404.25316787,0.2075457412475072
140.34894,47.0,-16.0,3454.8464,37028399.72864539,0.2112717065454851
140.0,47.18583,-16.0,3454.8464,37182018.07251452,0.2103076762605261
141.0,47.0,-15.370417,3454.8464,36673999.2177049,0.21430107473127394
137.0,48.749012,-16.0,3454.8464,38523746.573787026,0.20213209189632186
138.4597,48.0,-16.0,3454.8464,37870640.36755246,0.2060568212412951
138.0,48.23691,-16.0,3454.8464,38074756.11065205,0.20481991103753805
139.0,48.0,-15.489214,3454.8464,37575414.59309127,0.20851467287522785
135.0,49.74761,-16.0,3454.8464,39427261.00423275,0.196858993092574
136.5065,49.0,-16.0,3454.8464,38747761.79201436,0.20080752746954555
136.0,49.252533,-16.0,3454.8464,38974563.44036348,0.19947895723815118
137.0,49.0,-15.544372,3454.8464,38477184.85756238,0.20300314124529678
133.0,50.71334,-16.0,3454.8464,40338426.44326451,0.191711914477382
134.48647,50.0,-16.0,3454.8464,39662277.5297472,0.19551519064119427
134.0,50.23456,-16.0,3454.8464,39881917.2698347,0.19427004914237422
135.0,50.0,-15.537451,3454.8464,39379851.60369894,0.19775055974211503
131.0,51.647827,-16.0,3454.8464,41257727.551993266,0.1866772518893802
132.39618,51.0,-16.0,3454.8464,40616971.71313114,0.1901698804441015
132.0,51.184654,-16.0,3454.8464,40797300.72165448,0.18917935637200547
133.0,51.0,-15.470003,3454.8464,40284002.197943926,0.19274227850765013
128.0,52.9948,-16.0,3454.8464,42654068.55308732,0.17930193354944177
129.0,52.552498,-16.0,3454.8464,42185653.930905655,0.18174227553304684
130.23163,52.0,-16.0,3454.8464,41614935.3498139,0.18476022031926295
130.0,52.10431,-16.0,3454.8464,41721202.00121372,0.18419393098982034
131.0,52.0,-15.343557,3454.8464,41190270.67136642,0.18796479544368128
126.0,53.85662,-16.0,3454.8464,43595268.840867326,0.17449828573696974
127.98821,53.0,-16.0,3454.8464,42659665.23689134,0.17927301570877827
127.0,53.42863,-16.0,3454.8464,43122699.296106994,0.176895082431506
128.0,53.0,-15.990302,3454.8464,42653057.90674656,0.17932147400419152
129.0,53.0,-15.159614,3454.8464,42099338.19434456,0.18340563741079455
124.0,54.691555,-16.0,3454.8464,44546193.59213467,0.16976615697449177
125.66281,54.0,-16.0,3454.8464,43756491.11264124,0.17368821610773166
125.0,54.277336,-16.0,3454.8464,44069360.648053214,0.17212455326293002
126.0,54.0,-15.730863,3454.8464,43567280.88277665,0.17504557271038942
121.0,55.8958,-16.0,3454.8464,45992577.80021528,0.162777003668001
122.0,55.50053,-16.0,3454.8464,45507343.239345975,0.16509537524652373
123.246895,55.0,-16.0,3454.8464,44908764.74463663,0.16799201788573387
123.0,55.09958,-16.0,3454.8464,45026137.423181295,0.1674203135880819
124.0,55.0,-15.417513,3454.8464,44485833.12031376,0.17096156299311435
119.0,56.666855,-16.0,3454.8464,46968952.86024069,0.15818533803090595
120.73466,56.0,-16.0,3454.8464,46122883.48027979,0.16215936095890085
120.0,56.284332,-16.0,3454.8464,46479219.66924132,0.1604764759532964
121.0,56.0,-15.803683,3454.8464,45972065.15525143,0.16319072502261628
122.0,56.0,-15.051615,3454.8464,45409553.22469568,0.16705957114239783
116.0,57.778442,-16.0,3454.8464,48455068.46548532,0.15136722709274403
117.0,57.41382,-16.0,3454.8464,47956666.9445032,0.15363225034387934
118.1172,57.0,-16.0,3454.8464,47405119.23668957,0.15616489631982622
118.0,57.04362,-16.0,3454.8464,47462325.31550031,0.1559006726599963
119.0,57.0,-15.369384,3454.8464,46903516.15917772,0.15952610216377058
113.0,58.8371,-16.0,3454.8464,49966555.22385034,0.14461541594523059
114.0,58.48991,-16.0,3454.8464,49459354.380292736,0.14686174982220634
115.38547,58.0,-16.0,3454.8464,48764451.56154072,0.1499725571887894
115.0,58.137184,-16.0,3454.8464,48956222.79670252,0.14910980659330583
116.0,58.0,-15.582319,3454.8464,48411569.21537328,0.15227808593325212
110.0,59.84436,-16.0,3454.8464,51504263.77081609,0.1379059021497249
111.0,59.514187,-16.0,3454.8464,50988142.30207433,0.14014068258726115
112.52587,59.0,-16.0,3454.8464,50209607.39849007,0.14354634043753384
112.0,59.178505,-16.0,3454.8464,50476093.213746086,0.14237553148537407
113.0,59.0,-15.694451,3454.8464,49934709.37353797,0.14529813250340187
114.0,59.0,-15.035014,3454.8464,49359930.7103855,0.14898315091562714
107.0,60.801437,-16.0,3454.8464,53069029.86226351,0.1312163606951747
108.0,60.487923,-16.0,3454.8464,52543875.618960455,0.13344640030582167
109.523254,60.0,-16.0,3454.8464,51752916.49813087,0.1368358694256797
109.0,60.168922,-16.0,3454.8464,52022790.89529802,0.1356748888425424
110.0,60.0,-15.709787,3454.8464,51474085.71684008,0.1385694473125322
111.0,60.0,-15.086132,3454.8464,50894134.529655434,0.14219766636875303
104.0,61.709274,-16.0,3454.8464,54661674.31283307,0.12452621107365544
105.0,61.412113,-16.0,3454.8464,54127383.52821283,0.12675796113604365
106.35777,61.0,-16.0,3454.8464,53409514.65206811,0.12977903930203263
106.0,61.10948,-16.0,3454.8464,53597153.81228593,0.128986590099583
107.0,61.0,-15.632244,3454.8464,53031001.15921037,0.13207549886306724
108.0,61.0,-15.042975,3454.8464,52445901.55194801,0.13564881718100727
100.0,62.844097,-16.0,3454.8464,56830557.915513486,0.1155722951572359
101.0,62.568523,-16.0,3454.8464,56283003.03566572,0.11781669366973105
102.0,62.287468,-16.0,3454.8464,55739479.37233396,0.12005620332114679
103.00328,62.0,-16.0,3454.8464,55198253.620151,0.12229835971525464
103.0,62.00095,-16.0,3454.8464,55200003.23984765,0.12229108707923779
104.0,62.0,-15.46557,3454.8464,54606910.91262931,0.12579976802267676
96.0,63.89335,-16.0,3454.8464,59051510.99606927,0.10654603785090551
97.0,63.6392,-16.0,3454.8464,58490663.99157479,0.10881177339502471
98.0,63.379543,-16.0,3454.8464,57933806.964428104,0.11107095043011142
99.42526,63.0,-16.0,3454.8464,57148223.03299329,0.1142756355645492
99.0,63.114403,-16.0,3454.8464,57380960.44941123,0.11332382455042483
100.0,63.0,-15.7184305,3454.8464,56801841.77612234,0.11626459281766885
101.0,63.0,-15.213268,3454.8464,56203418.04059295,0.11972559210568622
92.0,64.8574,-16.0,3454.8464,61325448.869747244,0.097413393458219
93.0,64.624596,-16.0,3454.8464,60751305.74285866,0.09970830996621001
94.0,64.38626,-16.0,3454.8464,60181101.92483621,0.10199513365213791
95.57352,64.0,-16.0,3454.8464,59293048.58213468,0.10557335848948309
95.0,64.1424,-16.0,3454.8464,59614861.58971091,0.10427410438335706
96.0,64.0,-15.810938,3454.8464,59032440.09934698,0.10702375099109945
97.0,64.0,-15.354135,3454.8464,58425965.43406409,0.11042413125764311
87.0,65.9418,-16.0,3454.8464,64244511.83139592,0.08580476533861295
88.0,65.735985,-16.0,3454.8464,63653232.89596073,0.08814538477929146
89.0,65.52456,-16.0,3454.8464,63065807.1393451,0.09047633695368185
90.0,65.30755,-16.0,3454.8464,62482262.81889737,0.09279783518771739
91.37479,65.0,-16.0,3454.8464,61687475.26399848,0.09597032258761323
91.0,65.08498,-16.0,3454.8464,61902627.06392281,0.09511009471913143
92.0,65.0,-15.752062,3454.8464,61300882.91736345,0.09805447488892695
93.0,65.0,-15.340785,3454.8464,60686355.04927005,0.101394441917618
82.0,66.89095,-16.0,3454.8464,67248385.67012751,0.0739405851084034
83.0,66.71241,-16.0,3454.8464,66640156.0163843,0.07633504502270681
84.0,66.528175,-16.0,3454.8464,66035683.736238874,0.07871854821816704
85.0,66.338264,-16.0,3454.8464,65434999.894673616,0.08109126807537663
86.71126,66.0,-16.0,3454.8464,64416864.85729799,0.08512372389582726
86.0,66.14271,-16.0,3454.8464,64838134.73047879,0.08345338232820494
87.0,66.0,-15.901807,3454.8464,64234992.72128852,0.08606579745721869
88.0,66.0,-15.55002,3454.8464,63609775.98506962,0.08933067913774984
89.0,66.0,-15.181491,3454.8464,62987082.79562177,0.09261190244457783
75.0,67.986015,-16.0,3454.8464,71598327.80781907,0.056843180144693396
76.0,67.84695,-16.0,3454.8464,70966132.21959208,0.05932161465773423
77.0,67.70201,-16.0,3454.8464,70337527.46485966,0.061787933175537824
78.0,67.55124,-16.0,3454.8464,69712546.88730255,0.06424224109101892
79.0,67.39466,-16.0,3454.8464,69091223.47670943,0.06668465163263926
80.0,67.23229,-16.0,3454.8464,68473589.79134442,0.06911528536482381
81.37115,67.0,-16.0,3454.8464,67633770.82839696,0.07242554562813494
81.0,67.06416,-16.0,3454.8464,67859677.88125212,0.0715342697032319
82.0,67.0,-15.821524,3454.8464,67231668.43214649,0.07442463330719479
83.0,67.0,-15.524506,3454.8464,66595692.70930167,0.07761509087177976
84.0,67.0,-15.211948,3454.8464,65962143.372757316,0.08082347661500791
66.0,68.97699,-16.0,3454.8464,77434419.1742308,0.03395728051518823
67.0,68.89123,-16.0,3454.8464,76772235.43379828,0.03655035045665165
68.0,68.79929,-16.0,3454.8464,76113411.39144373,0.03913085518483777
69.0,68.701225,-16.0,3454.8464,75457979.65044579,0.04169878797306176
70.0,68.59705,-16.0,3454.8464,74805973.02574389,0.04425415377249532
71.0,68.486824,-16.0,3454.8464,74157424.4784816,0.046796968807465394
72.0,68.37056,-16.0,3454.8464,73512367.04828626,0.049327260153876104
73.0,68.2483,-16.0,3454.8464,72870833.7836478,0.05184506530461966
74.895775,68.0,-16.0,3454.8464,71664781.2485341,0.05658290348706288
74.0,68.12007,-16.0,3454.8464,72232857.67078078,0.05435043172582547
75.0,68.0,-15.978244,3454.8464,71596393.72165948,0.056903518093211515
76.0,68.0,-15.759461,3454.8464,70944710.57865939,0.059985457541405086
77.0,68.0,-15.526919,3454.8464,70295340.85366613,0.06308666904396527
78.0,68.0,-15.280306,3454.8464,69648313.53914255,0.06620681531031199
79.0,68.0,-15.019303,3454.8464,69003658.9883706,0.0693454896729281
54.0,69.513565,-16.0,3454.8464,85626690.01784596,0.0018661950344649862
55.0,69.505356,-16.0,3454.8464,84926614.34001821,0.004605167251178707
56.0,69.49031,-16.0,3454.8464,84229608.74476647,0.007332867880323867
57.0,69.46848,-16.0,3454.8464,83535700.35191023,0.010049121548582647
58.0,69.43995,-16.0,3454.8464,82844916.86985621,0.0127537659495198
59.0,69.40476,-16.0,3454.8464,82157286.57944342,0.015446651881127552
60.0,69.36298,-16.0,3454.8464,81472838.31280601,0.018127643240257764
61.0,69.31466,-16.0,3454.8464,80791601.42736253,0.02079661697501514
62.0,69.25986,-16.0,3454.8464,80113605.77509455,0.023453462996438003
63.0,69.198616,-16.0,3454.8464,79438881.66728264,0.026098084051178735
64.0,69.131,-16.0,3454.8464,78767459.83491474,0.028730395557134303
65.71216,69.0,-16.0,3454.8464,77626261.5797975,0.033206444468614
65.0,69.05704,-16.0,3454.8464,78099371.38498908,0.03135032540429822
66.0,69.0,-15.966599,3454.8464,77431733.28432031,0.034050787321684414
67.0,69.0,-15.840562,3454.8464,76759314.3019519,0.0369959995803522
68.0,69.0,-15.702884,3454.8464,76089161.9551952,0.039959696946159765
69.0,69.0,-15.553297,3454.8464,75421288.09796664,0.04294198404997454
70.0,69.0,-15.391528,3454.8464,74755706.60323995,0.045942914314528
71.0,69.0,-15.2172985,3454.8464,74092433.27617319,0.04896248721431447
72.0,69.0,-15.03032,3454.8464,73431485.76737067,0.05200064573529074
53.0,70.0,-15.364473,3454.8464,86290252.62962805,0.0008469465444205217
54.0,70.0,-15.356962,3454.8464,85585772.46962845,0.003622673619036166
55.0,70.0,-15.340099,3454.8464,84883747.16258897,0.006412443610312023
56.0,70.0,-15.313722,3454.8464,84184157.99471298,0.009216660156619653
57.0,70.0,-15.277656,3454.8464,83486988.73996663,0.01203571468225836
58.0,70.0,-15.23172,3454.8464,82792225.6567217,0.014869983391904415
59.0,70.0,-15.175724,3454.8464,82099857.47426973,0.01771982418904031
60.0,70.0,-15.1094675,3454.8464,81409875.36980204,0.020585573534650174
61.0,70.0,-15.0327425,3454.8464,80722272.93650888,0.023467543263991298
180.35463,0.0,-15.0,3454.8464,19445458.444467284,0.4078076873575127
181.0,0.0,-14.05458,3454.8464,19045438.50703643,0.4171079344115687
180.33842,1.0,-15.0,3454.8464,19451341.057473686,0.40768647851711315
181.0,1.0,-14.030897,3454.8464,19041403.84298836,0.4172137397436198
180.28978,2.0,-15.0,3454.8464,19474061.83209431,0.4072171276901483
180.20863,3.0,-15.0,3454.8464,19511905.400171075,0.4064376256879346
180.09485,4.0,-15.0,3454.8464,19564835.52514274,0.4053520510016164
180.0,4.6475544,-15.0,3454.8464,19608832.333379153,0.40445441300966445
179.94884,5.0,-15.0,3454.8464,19632889.586923614,0.40396579336853555
180.0,5.0,-14.925366,3454.8464,19601102.593344297,0.4046874618437049
179.77115,6.0,-15.0,3454.8464,19716132.519495822,0.4022855969330083
180.0,6.0,-14.666426,3454.8464,19574548.030074053,0.4054815069371581
179.56056,7.0,-15.0,3454.8464,19814328.14322762,0.40032031671031165
180.0,7.0,-14.360017,3454.8464,19543782.63832443,0.4063859594374982
179.31677,8.0,-15.0,3454.8464,19927389.555718344,0.39807960774615303
180.0,8.0,-14.005946,3454.8464,19509099.564736597,0.40738532511719855
179.03946,9.0,-15.0,3454.8464,20055219.648474663,0.39557421283362804
179.0,9.127114,-15.0,3454.8464,20073299.50160097,0.39522336926152146
178.731,10.0,-15.0,3454.8464,20198179.653156776,0.3928146152191653
179.0,10.0,-14.610628,3454.8464,20033738.33502259,0.3963694466580432
178.38893,11.0,-15.0,3454.8464,20355812.26397885,0.3898141972252306
179.0,11.0,-14.116669,3454.8464,19985087.858494107,0.3977453150553159
178.01233,12.0,-15.0,3454.8464,20527929.279228654,0.3865862417898988
178.0,12.030066,-15.0,3454.8464,20533520.691216588,0.3864826744452848
177.60477,13.0,-15.0,3454.8464,20715104.503784936,0.38314257312944305
178.0,13.0,-14.432094,3454.8464,20476607.18633092,0.38807640249504627
177.16203,14.0,-15.0,3454.8464,20916588.98685431,0.37949870309935146
177.0,14.339564,-15.0,3454.8464,20989657.53638425,0.37819737886296473
176.6866,15.0,-15.0,3454.8464,21132796.568177007,0.37566738243867015
177.0,15.0,-14.552631,3454.8464,20945126.608886156,0.37941107236469984
176.17653,16.0,-15.0,3454.8464,21363378.805854443,0.3716633242450905
176.0,16.323843,-15.0,3454.8464,21442373.281363197,0.37031454394485014
175.63321,17.0,-15.0,3454.8464,21608587.23589545,0.36749963564706045
176.0,17.0,-14.4801855,3454.8464,21391110.12925288,0.3716729208396367
175.0542,18.0,-15.0,3454.8464,21868001.884442665,0.36319094405020036
175.0,18.088278,-15.0,3454.8464,21892026.295521807,0.3627986615829848
174.44258,19.0,-15.0,3454.8464,22142217.253253866,0.3587490641341168
174.0,19.682293,-15.0,3454.8464,22338455.71975418,0.35563697621827806
175.0,19.0,-14.216193,3454.8464,21815627.514425326,0.36476561112049183
173.7947,20.0,-15.0,3454.8464,22430626.599776715,0.3541885029713326
174.0,20.0,-14.712971,3454.8464,22310418.58849422,0.35634623157106565
173.11179,21.0,-15.0,3454.8464,22733522.82928417,0.34952092008548025
173.0,21.155449,-15.0,3454.8464,22782511.611305054,0.3487802261440873
172.39452,22.0,-15.0,3454.8464,23051136.628667664,0.34475784554214284
172.0,22.522692,-15.0,3454.8464,23223902.243553687,0.34222413659508644
173.0,22.0,-14.160947,3454.8464,22701771.31465612,0.3507644516320285
171.64072,23.0,-15.0,3454.8464,23383184.129690506,0.33991137815241945
171.0,23.810246,-15.0,3454.8464,23663493.091317646,0.3359252423892969
172.0,23.0,-14.505262,3454.8464,23176263.858051937,0.34337487045054077
170.8503,24.0,-15.0,3454.8464,23729793.516162835,0.33499206896097394
171.0,24.0,-14.795211,3454.8464,23643770.38266545,0.33639365661775605
170.02338,25.0,-15.0,3454.8464,24091161.292105965,0.33000970771912136
170.0,25.027052,-15.0,3454.8464,24101242.382975515,0.3298734154149645
169.16068,26.0,-15.0,3454.8464,24467649.58421596,0.32497307545763887
169.0,26.178291,-15.0,3454.8464,24536828.472999252,0.32406687484235
168.26035,27.0,-15.0,3454.8464,24859143.435695566,0.31989143000098125
168.0,27.277323,-15.0,3454.8464,24971022.247923933,0.318471672817219
169.0,27.0,-14.005735,3454.8464,24442974.75202505,0.3262003518032087
167.32205,28.0,-15.0,3454.8464,25265854.761768255,0.31477263520795395
167.0,28.329678,-15.0,3454.8464,25403956.65472191,0.3130750653450549
168.0,28.0,-14.095453,3454.8464,24885774.869574912,0.320379598143113
166.34538,29.0,-15.0,3454.8464,25688020.66044528,0.30962386872767045
166.0,29.340109,-15.0,3454.8464,25835779.51444994,0.30786470217127426
167.0,29.0,-14.133271,3454.8464,25322439.26646292,0.31487223954958377
165.32982,30.0,-15.0,3454.8464,26125904.688839275,0.3044516295541405
165.0,30.312721,-15.0,3454.8464,26266651.647238944,0.30282870536502476
166.0,30.0,-14.119693,3454.8464,25753187.730472434,0.30965929984653806
164.27477,31.0,-15.0,3454.8464,26579798.156826258,0.2992617497239354
164.0,31.251074,-15.0,3454.8464,26696745.147652797,0.29795572751230437
165.0,31.0,-14.055196,3454.8464,26178262.187846933,0.3047226438646575
163.17958,32.0,-15.0,3454.8464,27050021.451971132,0.2940594092383202
163.0,32.158264,-15.0,3454.8464,27126241.808328938,0.29323499219455107
161.0,33.887115,-15.0,3454.8464,27983597.109471165,0.2842230896143698
162.0435,33.0,-15.0,3454.8464,27536925.410789013,0.2888491533644341
162.0,33.036995,-15.0,3454.8464,27555331.687341876,0.28865631931354635
160.86702,34.0,-15.0,3454.8464,28041218.567332458,0.28363415196297803
160.0,34.712135,-15.0,3454.8464,28411465.832963757,0.27992013878290445
161.0,34.0,-14.831979,3454.8464,27967771.60132827,0.28454852193333435
159.64868,35.0,-15.0,3454.8464,28563215.38908202,0.2784179712929723
159.0,35.514847,-15.0,3454.8464,28839345.210395776,0.27573429603272526
160.0,35.0,-14.560281,3454.8464,28370237.233771913,0.2807585608663583
158.38696,36.0,-15.0,3454.8464,29103271.46238946,0.273203587820806
158.0,36.296936,-15.0,3454.8464,29267447.74701415,0.2716573918105236
159.0,36.0,-14.240139,3454.8464,28768451.80597629,0.27716100074672556
156.0,37.801334,-15.0,3454.8464,30123960.99864305,0.26382201621513535
157.08067,37.0,-15.0,3454.8464,29661883.176583312,0.26799317881839335
157.0,37.059875,-15.0,3454.8464,29695989.507133648,0.26768185494680563
155.73123,38.0,-15.0,3454.8464,30240309.47562885,0.2627866315598367
155.0,38.525097,-15.0,3454.8464,30552254.74693461,0.26005745335592434
156.0,38.0,-14.675169,3454.8464,30093458.6708635,0.26442351267123965
153.0,39.92584,-15.0,3454.8464,31411325.983382516,0.25277728188248727
154.33571,39.0,-15.0,3454.8464,30838773.372763157,0.25758590174227053
154.0,39.233368,-15.0,3454.8464,30981463.00418874,0.25637525513679554
155.0,39.0,-14.205752,3454.8464,30478140.71307089,0.26150741202832106
152.89275,40.0,-15.0,3454.8464,31457999.746481817,0.2523913120376004
152.0,40.60075,-15.0,3454.8464,31840850.803756975,0.24927544483055197
153.0,40.0,-14.873842,3454.8464,31399426.650912788,0.2530082161834779
150.0,41.91166,-15.0,3454.8464,32703753.083967403,0.2424747316619628
151.40337,41.0,-15.0,3454.8464,32099475.668315507,0.24720089806062406
151.0,41.262917,-15.0,3454.8464,32271786.451678414,0.24583993944030808
152.0,41.0,-14.306301,3454.8464,31775893.496409684,0.2505284696665301
149.86356,42.0,-15.0,3454.8464,32763417.58413966,0.24201548234652218
149.0,42.545097,-15.0,3454.8464,33135603.036908485,0.23919287785076843
150.0,42.0,-14.844131,3454.8464,32689017.80455903,0.24275744708386593
147.0,43.777367,-15.0,3454.8464,34003686.34470272,0.23280477997920557
148.27438,43.0,-15.0,3454.8464,33451603.511298627,0.23683156050973853
148.0,43.167835,-15.0,3454.8464,33569374.64548137,0.2359640244311344
149.0,43.0,-14.181301,3454.8464,33058844.54813571,0.24065949863721484
145.0,44.963127,-15.0,3454.8464,34876472.959153265,0.2266533719230663
146.63307,44.0,-15.0,3454.8464,34164877.7987612,0.23164761936525124
146.0,44.375072,-15.0,3454.8464,34438996.008242965,0.22970643817164876
147.0,44.0,-14.593744,3454.8464,33965282.64626515,0.23353658729029736
144.93721,45.0,-15.0,3454.8464,34904299.801029645,0.22646131757863994
144.0,45.537804,-15.0,3454.8464,35313672.41019442,0.22367225369456745
145.0,45.0,-14.931831,3454.8464,34869980.84863678,0.2267769463015263
142.0,46.65886,-15.0,3454.8464,36193858.80035038,0.2178416053292942
143.18736,46.0,-15.0,3454.8464,35672129.939338244,0.2212666149535323
143.0,46.10422,-15.0,3454.8464,35753605.67435746,0.22072655739112196
144.0,46.0,-14.13007,3454.8464,35231650.958429106,0.2252318902874707
140.0,47.740784,-15.0,3454.8464,37080019.16893438,0.21219588024126435
141.3802,47.0,-15.0,3454.8464,36469580.51379436,0.2160599540220865
141.0,47.20482,-15.0,3454.8464,36636336.885847405,0.2149949083530373
142.0,47.0,-14.350431,3454.8464,36132251.748944774,0.21901497790416768
138.0,48.78587,-15.0,3454.8464,37972625.631925926,0.20671764428444472
139.51326,48.0,-15.0,3454.8464,37298377.40178967,0.210836029204705
139.0,48.267727,-15.0,3454.8464,37525411.151196726,0.2094375129259727
140.0,48.0,-14.501056,3454.8464,37032462.19686636,0.21310457257202767
136.0,49.796173,-15.0,3454.8464,38872157.55601581,0.20139057079361636
137.58434,49.0,-15.0,3454.8464,38160652.02993005,0.20558796643011396
137.0,49.295063,-15.0,3454.8464,38421306.03482115,0.2040377859346787
138.0,49.0,-14.583665,3454.8464,37932784.622056715,0.20748256162365605
134.0,50.773544,-15.0,3454.8464,39779100.71481836,0.1961993730629646
135.59084,50.0,-15.0,3454.8464,39058755.76718558,0.20030780619358227
135.0,50.288723,-15.0,3454.8464,39324505.68243106,0.1987801942837352
136.0,50.0,-14.599985,3454.8464,38833766.261567816,0.20213235630209858
132.0,51.719635,-15.0,3454.8464,40693946.466893986,0.19112974104317434
133.52974,51.0,-15.0,3454.8464,39995286.831122115,0.1949863917113792
133.0,51.25042,-15.0,3454.8464,40235499.99249587,0.1936501925854583
134.0,51.0,-14.551736,3454.8464,39736000.681409754,0.1970387543652477
130.0,52.635925,-15.0,3454.8464,41617190.94912984,0.1861682826966481
131.39743,52.0,-15.0,3454.8464,40973122.027612545,0.18961323628177423
131.0,52.181667,-15.0,3454.8464,41154783.798792884,0.18863416329917465
132.0,52.0,-14.440624,3454.8464,40640128.80219546,0.19218780419316547
127.0,53.957836,-15.0,3454.8464,43019839.2679455,0.17889613614644584
128.0,53.523712,-15.0,3454.8464,42549334.27544991,0.18130247019149637
129.18974,53.0,-15.0,3454.8464,41995454.441599116,0.1841763653923696
129.0,53.083817,-15.0,3454.8464,42082856.06424978,0.18371936169833292
130.0,53.0,-14.268335,3454.8464,41546839.47843749,0.18756667215009595
125.0,54.804543,-15.0,3454.8464,43965587.95566964,0.17415633991534307
126.902534,54.0,-15.0,3454.8464,43066296.77651088,0.1786605498709537
126.0,54.384148,-15.0,3454.8464,43490879.73362721,0.17652059108152052
127.0,54.0,-14.915343,3454.8464,43011598.16852026,0.17906275823995033
128.0,54.0,-14.036522,3454.8464,42456869.58079438,0.18316351486992405
123.0,55.625412,-15.0,3454.8464,44921355.23524694,0.16948438542000188
124.531395,55.0,-15.0,3454.8464,44190532.52635119,0.17304694693407668
124.0,55.21824,-15.0,3454.8464,44442332.97295577,0.1718117044966537
125.0,55.0,-14.6053,3454.8464,43927306.05095622,0.1749414979266411
120.0,56.810116,-15.0,3454.8464,46375188.975502685,0.16258072767995285
121.0,56.421265,-15.0,3454.8464,45887649.033553734,0.16487026511581987
122.0678,56.0,-15.0,3454.8464,45371850.70917687,0.16732029988319128
122.0,56.026848,-15.0,3454.8464,45404201.17335594,0.16716560223017882
123.0,56.0,-14.239691,3454.8464,44847991.37034034,0.17101302588500839
117.0,57.940456,-15.0,3454.8464,47853273.15427863,0.15578116301467046
118.0,57.569393,-15.0,3454.8464,47357070.207111195,0.15804087255377222
119.5073,57.0,-15.0,3454.8464,46618039.84306991,0.16145014512805084
119.0,57.192802,-15.0,3454.8464,46864977.847764224,0.16030466703328813
120.0,57.0,-14.616004,3454.8464,46337907.615318716,0.16337535840245848
115.0,58.664566,-15.0,3454.8464,48851483.99572462,0.15129639789822028
116.83859,58.0,-15.0,3454.8464,47934373.362486556,0.15541428739785987
116.0,58.305317,-15.0,3454.8464,48350605.93193852,0.1535363646478909
117.0,58.0,-14.880162,3454.8464,47841598.37771723,0.15603621340271662
118.0,58.0,-14.12592,3454.8464,47272950.64952814,0.1598682635460222
112.0,59.708435,-15.0,3454.8464,50371761.318792716,0.14461127949372016
113.0,59.36609,-15.0,3454.8464,49861967.15803684,0.14683487674338805
114.05235,59.0,-15.0,3454.8464,49330174.70098096,0.14917497113548983
114.0,59.018303,-15.0,3454.8464,49356303.56744786,0.14905940048458224
115.0,59.0,-14.322827,3454.8464,48786237.514697656,0.1527516773795545
109.0,60.70236,-15.0,3454.8464,51918755.92986457,0.1379615654985587
110.0,60.376534,-15.0,3454.8464,51399925.767154664,0.14017596385704123
111.1358,60.0,-15.0,3454.8464,50816195.231000304,0.1426880361054844
111.0,60.045296,-15.0,3454.8464,50885228.1972377,0.14238962214321355
112.0,60.0,-14.415173,3454.8464,50315518.96580679,0.14590171289388043
105.0,61.951633,-15.0,3454.8464,54025398.58783983,0.12911028926403187
106.0,61.647415,-15.0,3454.8464,53493304.298503734,0.13132497476002045
107.0,61.337784,-15.0,3454.8464,52965328.10041481,0.1335370209986933
108.071724,61.0,-15.0,3454.8464,52404378.79696202,0.1359038665432241
108.0,61.022755,-15.0,3454.8464,52441480.24685429,0.13574669626540703
109.0,61.0,-14.407361,3454.8464,51862056.616547346,0.13930234297858285
102.0,62.832706,-15.0,3454.8464,55637553.81472646,0.12246057616518038
103.0,62.544403,-15.0,3454.8464,55096225.82292149,0.12468097203306924
104.83956,62.0,-15.0,3454.8464,54111790.61547432,0.12875218837618443
104.0,62.250687,-15.0,3454.8464,54559002.554556124,0.12689714866742033
105.0,62.0,-14.905394,3454.8464,54016341.957350194,0.12933280958914947
106.0,62.0,-14.303686,3454.8464,53427262.747139744,0.13293762171911908
98.0,63.933617,-15.0,3454.8464,57833690.62974934,0.11354064274249538
99.0,63.66643,-15.0,3454.8464,57278972.90499883,0.11577874400198931
100.0,63.393826,-15.0,3454.8464,56728323.18073483,0.11801085279157875
101.41116,63.0,-15.0,3454.8464,55959370.73276679,0.12114655390157934
101.0,63.11581,-15.0,3454.8464,56181759.7317241,0.12023723480180361
102.0,63.0,-14.675758,3454.8464,55606925.8187678,0.12323929326472255
103.0,63.0,-14.108242,3454.8464,55012695.75948024,0.12679142788743836
94.0,64.95078,-15.0,3454.8464,60082647.889352284,0.10452731736824647
95.0,64.704605,-15.0,3454.8464,59514531.96498817,0.10679172428265032
96.0,64.45298,-15.0,3454.8464,58950436.02136271,0.10904847753098876
97.74834,64.0,-15.0,3454.8464,57974826.34797639,0.11297294597327645
97.0,64.195915,-15.0,3454.8464,58390382.571092,0.11129783225257966
98.0,64.0,-14.873869,3454.8464,57821897.36179075,0.11385354327815152
99.0,64.0,-14.359784,3454.8464,57219546.001897156,0.11734561355036498
90.0,65.884254,-15.0,3454.8464,62385293.0574146,0.09538755847386662
91.0,65.65906,-15.0,3454.8464,61803793.1275722,0.09768596168704437
92.0,65.428375,-15.0,3454.8464,61226256.06475046,0.09997520118534532
93.79718,65.0,-15.0,3454.8464,60199123.02275926,0.10406416253576382
93.0,65.192215,-15.0,3454.8464,60652707.97040718,0.10225551277171523
94.0,65.0,-14.908411,3454.8464,60074228.76035798,0.1047610146007637
95.0,65.0,-14.444598,3454.8464,59463783.25334687,0.10819155908512368
85.0,66.932,-15.0,3454.8464,65341168.670734845,0.0837439407352771
86.0,66.73344,-15.0,3454.8464,64742445.29202956,0.08609365962743773
87.0,66.52931,-15.0,3454.8464,64147590.96417864,0.08843269055054268
88.0,66.31963,-15.0,3454.8464,63556635.73995641,0.0907612380029923
89.475586,66.0,-15.0,3454.8464,62692966.365426846,0.09417410960891928
89.0,66.10442,-15.0,3454.8464,62969608.56198399,0.09307950923466644
90.0,66.0,-14.789182,3454.8464,62366384.915079236,0.0959383340684027
91.0,66.0,-14.37248,3454.8464,61747768.02638073,0.0993074831293855
80.0,67.84585,-15.0,3454.8464,68382596.43182866,0.07181812562958541
81.0,67.674286,-15.0,3454.8464,67766859.78996031,0.07422686294508049
82.0,67.49706,-15.0,3454.8464,67154889.83528695,0.07662369973244379
83.0,67.314186,-15.0,3454.8464,66546719.2077605,0.07900879555150196
84.64978,67.0,-15.0,3454.8464,65552778.913277954,0.08291463959978128
84.0,67.1257,-15.0,3454.8464,65942379.758621246,0.0813823151999051
85.0,67.0,-14.880106,3454.8464,65330738.5492628,0.08406610391703201
86.0,67.0,-14.525013,3454.8464,64701232.76728482,0.08735825213335051
87.0,67.0,-14.152356,3454.8464,64074261.10945957,0.09066781050613597
73.0,68.89288,-15.0,3454.8464,72785870.65723887,0.05459543867303419
74.0,68.76057,-15.0,3454.8464,72146119.9983189,0.057094382978903374
75.0,68.622406,-15.0,3454.8464,71509961.8693267,0.05958041026564451
76.0,68.47842,-15.0,3454.8464,70877430.79714492,0.06205360552482134
77.0,68.328636,-15.0,3454.8464,70248561.01233399,0.06451406244087368
78.0,68.17309,-15.0,3454.8464,69623386.36863118,0.06696188289676756
79.07126,68.0,-15.0,3454.8464,68958081.67887646,0.06956920085221117
79.0,68.0118,-15.0,3454.8464,69001940.26316386,0.06939717649231246
80.0,68.0,-14.736982,3454.8464,68360711.2208668,0.07253918979176663
81.0,68.0,-14.438315,3454.8464,67720137.96165213,0.07575532330155438
82.0,68.0,-14.123421,3454.8464,67082025.81886183,0.0789904352466715
62.0,69.96243,-15.0,3454.8464,80040573.90672517,0.026216068160258597
63.0,69.895836,-15.0,3454.8464,79364212.55740695,0.028861820584383652
64.0,69.82298,-15.0,3454.8464,78691141.11683597,0.031494551407945055
65.0,69.743904,-15.0,3454.8464,78021392.08974043,0.03411420117354262
66.0,69.65865,-15.0,3454.8464,77354998.37495573,0.03672072338793973
67.0,69.56725,-15.0,3454.8464,76691993.20671518,0.0393140842014799
68.0,69.46976,-15.0,3454.8464,76032410.09252816,0.041894262060046844
69.0,69.366196,-15.0,3454.8464,75376282.74802946,0.044461247333249465
70.0,69.25661,-15.0,3454.8464,74723645.02916208,0.047015041922561736
71.0,69.14103,-15.0,3454.8464,74074530.86208831,0.04955565885333593
72.153915,69.0,-15.0,3454.8464,73330424.59737979,0.05246921180520631
72.0,69.019485,-15.0,3454.8464,73428974.17122574,0.052083121854546166
73.0,69.0,-14.826799,3454.8464,72772404.59873125,0.055080768880666
74.0,69.0,-14.60874,3454.8464,72115592.04974866,0.05818549621211411
75.0,69.0,-14.376405,3454.8464,71461158.80494252,0.06131041304766772
76.0,69.0,-14.12945,3454.8464,70809129.15652406,0.06445520528192464
53.0,70.274704,-15.0,3454.8464,86268184.95915255,0.0018269658329420145
54.0,70.26666,-15.0,3454.8464,85563641.82648808,0.004585271696750566
55.0,70.25179,-15.0,3454.8464,84862188.72418994,0.007331906355971492
56.0,70.23018,-15.0,3454.8464,84163853.55500296,0.010066677375257068
57.0,70.201866,-15.0,3454.8464,83468664.82158257,0.012789405455759736
58.0,70.16693,-15.0,3454.8464,82776651.60951662,0.015499924488018952
59.0,70.12543,-15.0,3454.8464,82087843.56518862,0.018198081561315967
60.0,70.077415,-15.0,3454.8464,81402270.8686122,0.020883736930598366
61.37833,70.0,-15.0,3454.8464,80463334.02508448,0.024562505932158585
61.0,70.02294,-15.0,3454.8464,80719964.20139845,0.02355676394245269
62.0,70.0,-14.944648,3454.8464,80036870.93985802,0.026372692867692137
63.0,70.0,-14.84498,3454.8464,79353713.64418466,0.029300191734302424
64.0,70.0,-14.733863,3454.8464,78672910.47128591,0.03224637899193901
65.0,70.0,-14.611026,3454.8464,77994465.78789513,0.03521149150389028
66.0,70.0,-14.47619,3454.8464,77318386.0210889,0.03819572065588225
67.0,70.0,-14.329068,3454.8464,76644679.56651402,0.041199208916683244
68.0,70.0,-14.169366,3454.8464,75973356.69489734,0.04422204652517804
52.0,71.0,-14.011857,3454.8464,86925407.53798927,0.0017737094911170754
53.0,71.0,-14.000919,3454.8464,86215855.1846712,0.004581450687064259
181.03731,0.0,-14.0,3454.8464,19022588.84079355,0.4176434380816882
181.02112,1.0,-14.0,3454.8464,19028471.956167743,0.41751669737867414
181.0,1.4348704,-14.0,3454.8464,19038388.124107674,0.41730240841712085
180.97282,2.0,-14.0,3454.8464,19051323.243480142,0.4170238506341029
181.0,2.0,-13.957065,3454.8464,19034169.648506887,0.4174355523991988
180.89261,3.0,-14.0,3454.8464,19089439.583633073,0.41620529838987425
181.0,3.0,-13.830404,3454.8464,19021793.51551434,0.41782433289638143
180.78015,4.0,-14.0,3454.8464,19142747.956497524,0.41506558345861444
181.0,4.0,-13.652967,3454.8464,19004645.338271935,0.41835806116273233
180.6353,5.0,-14.0,3454.8464,19211194.757826142,0.4136108420520007
181.0,5.0,-13.424643,3454.8464,18982900.2528551,0.4190265110259661
180.45784,6.0,-14.0,3454.8464,19294712.329233274,0.41184879357812687
181.0,6.0,-13.145286,3454.8464,18956778.868957825,0.4198170015737085
180.24754,7.0,-14.0,3454.8464,19393219.864869382,0.40978862038461206
180.00409,8.0,-14.0,3454.8464,19506624.477871202,0.40744082837564344
180.0,8.014816,-14.0,3454.8464,19508520.39407141,0.40740193075549697
179.72998,9.0,-14.0,3454.8464,19635271.347512294,0.4048159861841878
180.0,9.0,-13.576692,3454.8464,19467881.535400268,0.40862849938459733
179.42238,10.0,-14.0,3454.8464,19778658.13134068,0.4019277608918933
180.0,10.0,-13.095564,3454.8464,19423130.44517638,0.40994490143698475
179.08081,11.0,-14.0,3454.8464,19936656.506703887,0.39878968892210803
179.0,11.215535,-14.0,3454.8464,19973757.809779037,0.39806208572862867
178.70784,12.0,-14.0,3454.8464,20109633.174778394,0.3954147558859853
179.0,12.0,-13.5450945,3454.8464,19930613.279583517,0.39932104902056387
178.30106,13.0,-14.0,3454.8464,20297149.853503767,0.3918184031551253
178.0,13.682054,-14.0,3454.8464,20434645.013266437,0.38922420731404195
177.8605,14.0,-14.0,3454.8464,20499174.69065394,0.3880153786812787
178.0,14.0,-13.784139,3454.8464,20414291.770604245,0.38980213348159337
177.38754,15.0,-14.0,3454.8464,20715899.569153085,0.38402008698294365
177.0,15.7620535,-14.0,3454.8464,20891611.560106505,0.3808407257478918
178.0,15.0,-13.054079,3454.8464,20347066.217515413,0.39167619765313955
176.87964,16.0,-14.0,3454.8464,20946879.77536366,0.37984844173295335
177.0,16.0,-13.815013,3454.8464,20874317.653225496,0.3813179405564334
176.33914,17.0,-14.0,3454.8464,21192499.43787938,0.37551430834812033
176.0,17.588242,-14.0,3454.8464,21344867.22525535,0.37287775334565376
175.7637,18.0,-14.0,3454.8464,21452366.73776314,0.37103312217209705
176.0,18.0,-13.639538,3454.8464,21311538.18103224,0.37377072533971467
175.15387,19.0,-14.0,3454.8464,21726587.22555603,0.3664188357929133
175.0,19.23839,-14.0,3454.8464,21794975.86278321,0.3652898602224547
174.51033,20.0,-14.0,3454.8464,22015324.232082345,0.3616847954632805
174.0,20.750208,-14.0,3454.8464,22242052.315963637,0.35805360298096883
175.0,20.0,-13.259023,3454.8464,21727373.718727134,0.36704762224501686
173.83069,21.0,-14.0,3454.8464,22318212.929074526,0.35684512977699184
174.0,21.0,-13.745286,3454.8464,22218780.4341601,0.3586479172182075
173.11621,22.0,-14.0,3454.8464,22635554.03128805,0.35191181648859926
173.0,22.15476,-14.0,3454.8464,22686518.044954456,0.3511353592284634
172.3671,23.0,-14.0,3454.8464,22967492.73455545,0.34689661855064247
172.0,23.466677,-14.0,3454.8464,23128277.446638055,0.3445229300246937
173.0,23.0,-13.0564995,3454.8464,22601727.648056496,0.3532370936062809
171.5815,24.0,-14.0,3454.8464,23313824.180519216,0.34181140816329114
171.0,24.706814,-14.0,3454.8464,23568125.84912554,0.33817459548210305
172.0,24.0,-13.380133,3454.8464,23072573.537022963,0.3458798328351287
170.7593,25.0,-14.0,3454.8464,23674679.593055673,0.33666664089265613
170.0,25.883745,-14.0,3454.8464,24006149.823938765,0.33207575269926715
171.0,25.0,-13.645846,3454.8464,23536315.80145728,0.3389363489831606
169.90028,26.0,-14.0,3454.8464,24050211.63827556,0.3314720384006447
170.0,26.0,-13.854299,3454.8464,23993075.26198004,0.3323836738409629
169.00427,27.0,-14.0,3454.8464,24440604.384371985,0.3262365620144705
169.0,27.00457,-14.0,3454.8464,24442437.778232113,0.3262124769213338
168.07153,28.0,-14.0,3454.8464,24846179.67425847,0.32096818868255766
168.0,28.073645,-14.0,3454.8464,24876841.649354413,0.32057829774197855
167.10063,29.0,-14.0,3454.8464,25266955.522189617,0.3156748611160096
167.0,29.099674,-14.0,3454.8464,25309977.621832076,0.31514538670925035
166.09108,30.0,-14.0,3454.8464,25703177.184328027,0.31036336912724577
166.0,30.086884,-14.0,3454.8464,25742010.67209651,0.3099008316890704
164.0,31.957966,-14.0,3454.8464,26603264.178486813,0.29993340289832077
165.04234,31.0,-14.0,3454.8464,26155117.290866785,0.30503979554380983
165.0,31.038929,-14.0,3454.8464,26173117.180308916,0.30483230872705525
163.95424,32.0,-14.0,3454.8464,26623180.7133121,0.29970931508977466
163.0,32.846275,-14.0,3454.8464,27032472.950242855,0.29519639848972057
164.0,32.0,-13.936199,3454.8464,26597621.920018278,0.3000549368752116
162.82645,33.0,-14.0,3454.8464,27107788.029409334,0.2943764660711825
162.0,33.70746,-14.0,3454.8464,27461144.36186903,0.29060538340156317
163.0,33.0,-13.760085,3454.8464,27011338.224873547,0.2956458651367738
161.65767,34.0,-14.0,3454.8464,27609215.41948703,0.28904551691234637
161.0,34.543777,-14.0,3454.8464,27889485.318819016,0.28615017584372876
162.0,34.0,-13.531023,3454.8464,27420007.976344276,0.29146971275621447
160.447,35.0,-14.0,3454.8464,28127865.224574357,0.2837199176276193
160.0,35.357197,-14.0,3454.8464,28317708.123251855,0.28182127727904815
161.0,35.0,-13.249422,3454.8464,27823957.28991621,0.2875114299436863
158.0,36.920555,-14.0,3454.8464,29174179.717969477,0.2735170630417249
159.19342,36.0,-14.0,3454.8464,28664174.312701244,0.27840252197630894
159.0,36.14946,-14.0,3454.8464,28746029.417451985,0.277609860112231
157.89685,37.0,-14.0,3454.8464,29218877.64507039,0.27309503073862196
157.0,37.670387,-14.0,3454.8464,29601763.97419447,0.26954533741208253
158.0,37.0,-13.863327,3454.8464,29162162.495585185,0.273761244694722
156.5574,38.0,-14.0,3454.8464,29792842.917484082,0.2677983750551708
156.0,38.40326,-14.0,3454.8464,30029922.908584923,0.2656691724236032
157.0,38.0,-13.419552,3454.8464,29551032.829317525,0.2705671204114327
154.0,39.819332,-14.0,3454.8464,30887669.53773596,0.25819696617649096
155.17166,39.0,-14.0,3454.8464,30386152.04061139,0.2625147859051393
155.0,39.120247,-14.0,3454.8464,30458885.18964289,0.26188184088612276
153.7408,40.0,-14.0,3454.8464,31000116.86828976,0.2572432856042852
153.0,40.502487,-14.0,3454.8464,31316727.821087185,0.2546027854981369
154.0,40.0,-13.668993,3454.8464,30858617.147033848,0.25877301525037455
151.0,41.827744,-14.0,3454.8464,32177787.172848757,0.247642109714734
152.26262,41.0,-14.0,3454.8464,31635305.492005594,0.25198420116201864
152.0,41.17259,-14.0,3454.8464,31747094.601039767,0.25108019877036153
153.0,41.0,-13.06905,3454.8464,31235621.1792869,0.25620124419504514
150.73625,42.0,-14.0,3454.8464,32292729.89903152,0.24673639841159833
150.0,42.46873,-14.0,3454.8464,32608859.278121427,0.24428412505254538
151.0,42.0,-13.672695,3454.8464,32149000.540200405,0.24820669668346126
148.0,43.714558,-14.0,3454.8464,33474607.417149477,0.23776386713523753
149.16006,43.0,-14.0,3454.8464,32973323.202609673,0.24149859801912096
149.0,43.098774,-14.0,3454.8464,33041758.794962954,0.24098342117185745
146.0,44.913506,-14.0,3454.8464,34344783.77189535,0.2314959120234489
147.5339,44.0,-14.0,3454.8464,33678594.06402304,0.2362676692578145
147.0,44.31926,-14.0,3454.8464,33908846.78965583,0.23460308126703952
148.0,44.0,-13.439131,3454.8464,33425293.32314811,0.2387252464949644
145.85414,45.0,-14.0,3454.8464,34409170.016420394,0.23104236696636982
145.0,45.49492,-14.0,3454.8464,34780720.31649085,0.22846092967216125
146.0,45.0,-13.827842,3454.8464,34329535.54283049,0.23179309213880828
143.0,46.62862,-14.0,3454.8464,35657841.82306025,0.22253604434229884
144.12085,46.0,-14.0,3454.8464,35166977.69636925,0.22581778006934755
144.0,46.067898,-14.0,3454.8464,35219308.24313169,0.22546438615572684
141.0,47.72296,-14.0,3454.8464,36540682.82232829,0.21680884230771957
142.33237,47.0,-14.0,3454.8464,35953643.79353972,0.2205893011924981
142.0,47.180943,-14.0,3454.8464,36098791.581977755,0.21964591033208813
143.0,47.0,-13.238746,3454.8464,35590713.10031529,0.2238467795104142
139.0,48.780266,-14.0,3454.8464,37429722.66201205,0.21126099811866328
140.48555,48.0,-14.0,3454.8464,36770526.69132716,0.21535272217385248
140.0,48.256092,-14.0,3454.8464,36984368.486608535,0.21401380964934746
141.0,48.0,-13.4260235,3454.8464,36489823.68987352,0.2178062094810972
137.0,49.80264,-14.0,3454.8464,38325447.722345546,0.20587536312694055
138.57843,49.0,-14.0,3454.8464,37619631.94627753,0.21010169981735755
138.0,49.29551,-14.0,3454.8464,37876523.576081425,0.20855066305413972
139.0,49.0,-13.54022,3454.8464,37388826.57601088,0.21206782695227538
135.0,50.791965,-14.0,3454.8464,39228350.574423686,0.200635889506118
136.6087,50.0,-14.0,3454.8464,38503167.6688645,0.20482888066224353
136.0,50.30113,-14.0,3454.8464,38775747.85309106,0.20324016454078014
137.0,50.0,-13.583242,3454.8464,38288276.52672167,0.20661437114747006
133.0,51.74994,-14.0,3454.8464,40138929.16423715,0.19552755907858535
134.57361,51.0,-14.0,3454.8464,39423568.29832497,0.19952580087301677
134.0,51.274696,-14.0,3454.8464,39682537.88073041,0.19806705080325288
135.0,51.0,-13.557001,3454.8464,39188775.38416503,0.2014300940539454
131.0,52.678066,-14.0,3454.8464,41057686.01503596,0.1905363173527068
132.46994,52.0,-14.0,3454.8464,40383522.52589786,0.19418276812891916
132.0,52.21777,-14.0,3454.8464,40597394.97610108,0.19301703398675008
133.0,52.0,-13.463404,3454.8464,40090973.224926844,0.19650061090509532
129.0,53.577694,-14.0,3454.8464,41985127.44092125,0.18564901302561831
130.29393,53.0,-14.0,3454.8464,41386006.305115044,0.18878872187006476
130.0,53.131737,-14.0,3454.8464,41520824.41438013,0.1880767398188415
131.0,53.0,-13.304348,3454.8464,40995569.03718698,0.19181275327732164
126.0,54.87653,-14.0,3454.8464,43394281.8476607,0.17848280420833076
127.0,54.45,-14.0,3454.8464,42921762.76369099,0.18085334308245626
128.04114,54.0,-14.0,3454.8464,42434322.12576439,0.18333106716881076
128.0,54.017822,-14.0,3454.8464,42453334.634619765,0.1832336512835618
129.0,54.0,-13.081705,3454.8464,41903310.86020348,0.1873544265948494
124.0,55.70938,-14.0,3454.8464,44344881.96321522,0.1738077848959826
125.708916,55.0,-14.0,3454.8464,43533508.036368564,0.17779078789844016
125.0,55.296032,-14.0,3454.8464,43868103.52734715,0.17613780349912758
126.0,55.0,-13.7321205,3454.8464,43370170.94014382,0.17899647901230553
121.0,56.912457,-14.0,3454.8464,45791104.07018652,0.16690886528478985
122.0,56.517334,-14.0,3454.8464,45305813.35426749,0.16919699864011542
123.28954,56.0,-14.0,3454.8464,44687035.42930895,0.17215352966493946
123.0,56.116688,-14.0,3454.8464,44824662.70164807,0.17149164547048035
124.0,56.0,-13.366477,3454.8464,44288176.15917657,0.17503761340595883
119.0,57.684048,-14.0,3454.8464,46767381.72281562,0.1623813850491328
120.777214,57.0,-14.0,3454.8464,45900573.46217842,0.1663967512981691
120.0,57.30112,-14.0,3454.8464,46277590.07413755,0.1646406111317903
121.0,57.0,-13.809985,3454.8464,45774000.43788141,0.1672895855918157
116.0,58.798187,-14.0,3454.8464,48253708.887522735,0.1556626361349061
117.0,58.432484,-14.0,3454.8464,47755130.53424698,0.15789441597589596
118.16444,58.0,-14.0,3454.8464,47180455.682313,0.1604947814834909
118.0,58.06135,-14.0,3454.8464,47260725.84922762,0.1601294688429705
119.0,58.0,-13.311937,3454.8464,46706021.793409884,0.16377661788841352
113.0,59.86148,-14.0,3454.8464,49765676.422756605,0.1490139602979278
114.0,59.512547,-14.0,3454.8464,49258177.511134714,0.15122603396779472
115.44255,59.0,-14.0,3454.8464,48534602.257323354,0.15441524943845364
115.0,59.15822,-14.0,3454.8464,48754863.357431486,0.15343965476982946
116.0,59.0,-13.56324,3454.8464,48214741.00365608,0.1565757054916455
110.0,60.875366,-14.0,3454.8464,51304146.55821723,0.14241013556385795
111.0,60.5428,-14.0,3454.8464,50787604.885700695,0.14460997969934344
112.59943,60.0,-14.0,3454.8464,49971272.417139545,0.14812371297877225
112.0,60.204872,-14.0,3454.8464,50275251.99605799,0.14680965736744622
113.0,60.0,-13.702396,3454.8464,49739195.34480353,0.14965466962071383
107.0,61.840992,-14.0,3454.8464,52869962.13302614,0.13582756616085992
108.0,61.524456,-14.0,3454.8464,52344266.60507934,0.1380223587585241
109.62164,61.0,-14.0,3454.8464,51501793.20336236,0.14157325609050392
109.0,61.20257,-14.0,3454.8464,51822757.04687598,0.1402152969842228
110.0,61.0,-13.734428,3454.8464,51280658.57553419,0.14299814176660627
111.0,61.0,-13.016387,3454.8464,50701486.81353933,0.14674977218306992
104.0,62.759247,-14.0,3454.8464,54463947.062070295,0.12924435733016443
105.0,62.458447,-14.0,3454.8464,53928996.830994636,0.13144093727521555
106.49173,62.0,-14.0,3454.8464,53139957.06302698,0.1347064635743055
106.0,62.152313,-14.0,3454.8464,53398223.29833632,0.13363401579065673
107.0,62.0,-13.664285,3454.8464,52840556.49278162,0.1365908150702887
100.0,63.910683,-14.0,3454.8464,56635349.85471679,0.12043021678361203
101.0,63.63073,-14.0,3454.8464,56086907.141996786,0.12264040376460633
102.0,63.345425,-14.0,3454.8464,55542610.473810196,0.12484522634102749
103.18676,63.0,-14.0,3454.8464,54902790.1127518,0.12745235173826128
103.0,63.054794,-14.0,3454.8464,55002475.29774275,0.1270449578691534
104.0,63.0,-13.496747,3454.8464,54420460.71317373,0.13041710242485977
96.0,64.97965,-14.0,3454.8464,58859432.24078263,0.11153842422208524
97.0,64.7204,-14.0,3454.8464,58297480.49298353,0.11377152483902592
98.0,64.455765,-14.0,3454.8464,57739630.95930666,0.1159974862886407
99.677055,64.0,-14.0,3454.8464,56814404.18230961,0.11971109484025205
99.0,64.185776,-14.0,3454.8464,57185903.899740666,0.1182165761987563
100.0,64.0,-13.817213,3454.8464,56619718.818685755,0.12087257624757158
101.0,64.0,-13.236333,3454.8464,56022079.838238314,0.12446090904749786
92.0,65.96649,-14.0,3454.8464,61137070.63825256,0.1025319681406811
93.0,65.72785,-14.0,3454.8464,60561621.85303798,0.10479647098184774
94.0,65.48381,-14.0,3454.8464,59990220.34529565,0.10705218736694172
95.92063,65.0,-14.0,3454.8464,58904559.59114457,0.1113594944320878
95.0,65.23438,-14.0,3454.8464,59422890.60540501,0.10929937079238836
96.0,65.0,-13.959283,3454.8464,58856009.65314824,0.1116403260620643
97.0,65.0,-13.434352,3454.8464,58250224.02180159,0.11516771218094068
88.0,66.87091,-14.0,3454.8464,63469080.93312293,0.09337891671301608
89.0,66.65292,-14.0,3454.8464,62880167.97140343,0.09568233088865623
90.0,66.42949,-14.0,3454.8464,62295238.70184016,0.09797547965058148
91.85756,66.0,-14.0,3454.8464,61219943.73771799,0.10220642635657484
91.0,66.20062,-14.0,3454.8464,61714321.12617502,0.10025859318217448
92.0,66.0,-13.9344635,3454.8464,61131696.43764381,0.10270080851768382
93.0,66.0,-13.461909,3454.8464,60517706.40271408,0.10616551134290608
83.0,67.883644,-14.0,3454.8464,66462451.58983666,0.08169252338838878
84.0,67.691986,-14.0,3454.8464,65856237.892523915,0.08405295434353456
85.0,67.4948,-14.0,3454.8464,65253906.528907925,0.08640165572364385
86.0,67.29208,-14.0,3454.8464,64655489.286882386,0.0887388212607808
87.3949,67.0,-14.0,3454.8464,63828463.39925283,0.0919757456360702
87.0,67.08388,-14.0,3454.8464,64061016.86830776,0.09106464835263346
88.0,67.0,-13.753443,3454.8464,63449523.49738976,0.09402966611478558
89.0,67.0,-13.329732,3454.8464,62827171.81138705,0.09743181566223957
77.0,68.922745,-14.0,3454.8464,70169095.59492008,0.06725971372752002
78.0,68.76353,-14.0,3454.8464,69542076.70435525,0.06969736521514774
79.0,68.59864,-14.0,3454.8464,68918796.73043603,0.07212202573577024
80.0,68.42811,-14.0,3454.8464,68299290.46367443,0.07453383220025239
81.0,68.25195,-14.0,3454.8464,67683592.0296272,0.07693292814944844
82.37698,68.0,-14.0,3454.8464,66843128.475621626,0.08021191999722758
82.0,68.070206,-14.0,3454.8464,67071734.80789746,0.07931946329654034
83.0,68.0,-13.785451,3454.8464,66446131.03577636,0.08227515409969566
84.0,68.0,-13.42568,3454.8464,65812598.02309026,0.08559815133161379
85.0,68.0,-13.047434,3454.8464,65181628.61083344,0.08893976351843796
69.0,69.998,-14.0,3454.8464,75304637.26997542,0.04725534946938111
70.0,69.88397,-14.0,3454.8464,74650228.97817549,0.049803983143882236
71.0,69.76404,-14.0,3454.8464,73999341.6858581,0.052338811468147235
72.0,69.63823,-14.0,3454.8464,73352011.21112666,0.05485987612705841
73.0,69.50658,-14.0,3454.8464,72708273.30165525,0.0573672293438217
74.0,69.36912,-14.0,3454.8464,72068163.55207083,0.0598609333881122
75.0,69.225876,-14.0,3454.8464,71431717.32094252,0.062341060086689604
76.49904,69.0,-14.0,3454.8464,70485641.11869207,0.06602972983635523
76.0,69.07687,-14.0,3454.8464,70798969.64782429,0.06480769034053127
77.0,69.0,-13.864017,3454.8464,70159352.91837814,0.06763911844598709
78.0,69.0,-13.579081,3454.8464,69511861.13769831,0.07086357202673739
79.0,69.0,-13.277559,3454.8464,68866858.78287262,0.07410883422046609
54.0,70.986084,-14.0,3454.8464,85509770.3757682,0.0073495138207871165
55.0,70.96485,-14.0,3454.8464,84806796.17006558,0.010102576203025156
56.0,70.93701,-14.0,3454.8464,84106920.51897833,0.012842970802803446
57.0,70.90263,-14.0,3454.8464,83410172.68469512,0.015570523738124608
58.0,70.86176,-14.0,3454.8464,82716582.62435147,0.01828507540428913
59.0,70.81445,-14.0,3454.8464,82026180.96225601,0.020986480443359937
60.0,70.76077,-14.0,3454.8464,81338998.95662466,0.023674607667150856
61.0,70.70075,-14.0,3454.8464,80655068.46103506,0.02634933993557146
62.0,70.63445,-14.0,3454.8464,79974421.88082995,0.02901057399250996
63.0,70.561905,-14.0,3454.8464,79297092.12474507,0.0316582202618456
64.0,70.48317,-14.0,3454.8464,78623112.55204439,0.03429220260644131
65.0,70.398285,-14.0,3454.8464,77952516.9155053,0.036912458053225974
66.0,70.30728,-14.0,3454.8464,77285339.30057754,0.0395189364877496
67.0,70.210205,-14.0,3454.8464,76621614.06110263,0.04211160032188833
68.98168,70.0,-14.0,3454.8464,75316724.17644215,0.047208290817791036
68.0,70.10709,-14.0,3454.8464,75961375.75197074,0.04469042413834776
69.0,70.0,-13.9967165,3454.8464,75304424.63935098,0.04726471951332565
70.0,70.0,-13.807026,3454.8464,74637641.47574233,0.0503525372363941
71.0,70.0,-13.603222,3454.8464,73973288.83710296,0.05346188604492798
72.0,70.0,-13.384939,3454.8464,73311384.05898276,0.05659263209227474
73.0,70.0,-13.151806,3454.8464,72651945.57683791,0.05974456686919329
52.0,71.00859,-14.0,3454.8464,86924817.47626333,0.0018058922884610631
53.044983,71.0,-14.0,3454.8464,86184068.59117669,0.004708339152365219
53.0,71.000656,-14.0,3454.8464,86215808.12037817,0.0045839519563823095
54.0,71.0,-13.98003,3454.8464,85508824.83652648,0.00740617499986141
55.0,71.0,-13.949051,3454.8464,84804320.91530187,0.010247409945181536
56.0,71.0,-13.907774,3454.8464,84102331.20087512,0.013105540385778566
57.0,71.0,-13.855973,3454.8464,83402843.86061369,0.015981034093123535
58.0,71.0,-13.793412,3454.8464,82705849.46392229,0.018874336924414873
59.0,71.0,-13.719844,3454.8464,82011340.91866297,0.021785868978560448
60.0,71.0,-13.635011,3454.8464,81319313.39808385,0.024716020692960056
61.0,71.0,-13.538644,3454.8464,80629764.25937817,0.027665148904125768
62.0,71.0,-13.430464,3454.8464,79942692.9550567,0.03063357289679771
63.0,71.0,-13.310184,3454.8464,79258100.93839109,0.03362157046779852
64.0,71.0,-13.177503,3454.8464,78575991.56422822,0.036629374032104506
65.0,71.0,-13.032115,3454.8464,77896369.98653488,0.039657166799814264
181.67122,0.0,-13.0,3454.8464,18626729.884813465,0.42723892536737385
182.0,0.0,-12.435238,3454.8464,18417452.15893363,0.432494947576054
181.65521,1.0,-13.0,3454.8464,18632641.29899411,0.42710648328722856
182.0,1.0,-12.407765,3454.8464,18413242.27147949,0.43261445663684345
181.60715,2.0,-13.0,3454.8464,18655616.211316086,0.42658973418639656
182.0,2.0,-12.325331,3454.8464,18405934.429093204,0.4328469396778116
181.52695,3.0,-13.0,3454.8464,18693879.8577557,0.4257317568471819
182.0,3.0,-12.187882,3454.8464,18393842.550079938,0.43322896976278236
181.41454,4.0,-13.0,3454.8464,18747390.836062416,0.4245374000132087
181.26974,5.0,-13.0,3454.8464,18816091.990834128,0.42301333786893813
181.09235,6.0,-13.0,3454.8464,18899911.19831026,0.4211679604098714
181.0,6.439823,-13.0,3454.8464,18943352.901764713,0.4202191411488543
180.88336,7.0,-13.0,3454.8464,18998948.192361355,0.41901079799297614
181.0,7.0,-12.800786,3454.8464,18925277.83351213,0.42079125960535146
180.64255,8.0,-13.0,3454.8464,19113114.833096802,0.4165532365792576
181.0,8.0,-12.390075,3454.8464,18888673.59451401,0.4219320385547156
180.3686,9.0,-13.0,3454.8464,19242154.657975394,0.413808281999673
180.06116,10.0,-13.0,3454.8464,19385946.95144406,0.41078965950244944
180.0,10.179635,-13.0,3454.8464,19414349.00961333,0.41020053719535515
179.72269,11.0,-13.0,3454.8464,19544812.136215176,0.4075109440704777
180.0,11.0,-12.529804,3454.8464,19372454.975079298,0.41147398521751016
179.35077,12.0,-13.0,3454.8464,19718314.202588942,0.4039881498289898
179.0,12.863305,-13.0,3454.8464,19880465.68200462,0.4007496668750158
178.94481,13.0,-13.0,3454.8464,19906304.244034246,0.40023709095007415
179.0,13.0,-12.90698,3454.8464,19872218.02379389,0.4009936166951958
178.50769,14.0,-13.0,3454.8464,20109174.83993215,0.3962726942919724
179.0,14.0,-12.171587,3454.8464,19808104.780806392,0.40286325582361004
178.03508,15.0,-13.0,3454.8464,20326201.213973276,0.39211252608454555
178.0,15.069273,-13.0,3454.8464,20342153.380470727,0.3918116493774017
177.53123,16.0,-13.0,3454.8464,20558023.74299262,0.38777110387245106
177.0,16.983799,-13.0,3454.8464,20799821.89701358,0.3833389232757393
178.0,16.0,-12.216493,3454.8464,20274154.936534945,0.39374310131379114
176.9913,17.0,-13.0,3454.8464,20803833.620483063,0.3832659728412265
177.0,17.0,-12.985525,3454.8464,20798561.335848875,0.3833740752446168
176.41992,18.0,-13.0,3454.8464,21064376.54359469,0.3786110131194755
176.0,18.690598,-13.0,3454.8464,21253508.718962327,0.37530379709180195
177.0,18.0,-12.037525,3454.8464,20717285.80944016,0.3856121126610721
175.81268,19.0,-13.0,3454.8464,21338930.528694496,0.3738228573967783
176.0,19.0,-12.69087,3454.8464,21226927.701597687,0.3760226058218956
175.17143,20.0,-13.0,3454.8464,21627819.73132534,0.3689154182921704
175.0,20.25317,-13.0,3454.8464,21704101.234316684,0.3676458420437333
174.49612,21.0,-13.0,3454.8464,21931081.235484745,0.36390263758058017
174.0,21.696795,-13.0,3454.8464,22151617.609580696,0.3603455202604178
175.0,21.0,-12.175335,3454.8464,21634244.122301154,0.36947723488120077
173.78482,22.0,-13.0,3454.8464,22248448.858846273,0.3587984482256027
174.0,22.0,-12.649934,3454.8464,22121942.591564108,0.3611094090480844
173.03795,23.0,-13.0,3454.8464,22580072.305148076,0.35361523873314926
173.0,23.048473,-13.0,3454.8464,22596703.510855727,0.35336059594762365
172.25694,24.0,-13.0,3454.8464,22926324.090503905,0.3483642354071787
172.0,24.313837,-13.0,3454.8464,23038724.55069854,0.34669820354573394
171.43944,25.0,-13.0,3454.8464,23286926.803780608,0.3430572228143767
171.0,25.513994,-13.0,3454.8464,23478757.00692989,0.3403053841194513
172.0,25.0,-12.102408,3454.8464,22964048.854993425,0.34853026713055923
170.58524,26.0,-13.0,3454.8464,23662016.520092838,0.33770440141759317
170.0,26.656422,-13.0,3454.8464,23916911.708816234,0.33416637270368094
171.0,26.0,-12.340368,3454.8464,23423942.480112873,0.34162738835583184
169.6941,27.0,-13.0,3454.8464,24051751.917620696,0.3323151716076095
169.0,27.747492,-13.0,3454.8464,24353319.253066454,0.3282656868445328
170.0,27.0,-12.516934,3454.8464,23876833.671293214,0.33511702687566086
168.76576,28.0,-13.0,3454.8464,24456315.483227994,0.3268981376458297
168.0,28.792652,-13.0,3454.8464,24788127.569721635,0.3225882708805806
169.0,28.0,-12.632767,3454.8464,24322912.945110485,0.3289753958824907
167.7998,29.0,-13.0,3454.8464,24875914.694948856,0.3214611184316507
167.0,29.796589,-13.0,3454.8464,25221499.670211628,0.3171196084103033
168.0,29.0,-12.6884985,3454.8464,24762398.685177952,0.3231795290772896
166.7958,30.0,-13.0,3454.8464,25310783.193444293,0.316011163805974
166.0,30.76335,-13.0,3454.8464,25653611.580297556,0.3118458066019355
167.0,30.0,-12.684734,3454.8464,25195534.1793893,0.31770743287515335
165.75323,31.0,-13.0,3454.8464,25761181.95549696,0.31055457519433766
165.0,31.696444,-13.0,3454.8464,26084650.456340596,0.3067536559883924
166.0,31.0,-12.622051,3454.8464,25622584.9182835,0.31253819789519044
164.67148,32.0,-13.0,3454.8464,26227400.483490065,0.30509692949690526
164.0,32.598923,-13.0,3454.8464,26514812.879927404,0.30183066926241137
165.0,32.0,-12.500993,3454.8464,26043836.149394847,0.30765207514345977
163.54984,33.0,-13.0,3454.8464,26709758.02571348,0.2996431052414543
163.0,33.47345,-13.0,3454.8464,26944303.323298883,0.2970651023783598
164.0,33.0,-12.322078,3454.8464,26459590.67785961,0.30303052206582837
162.38754,34.0,-13.0,3454.8464,27208604.843277372,0.29419731012577965
162.0,34.322357,-13.0,3454.8464,27373332.77611372,0.2924459610049652
163.0,34.0,-12.085789,3454.8464,26870166.900109638,0.2986562233085889
160.0,35.95024,-13.0,3454.8464,28230573.163157593,0.28361302818079437
161.18369,35.0,-13.0,3454.8464,27724323.540414292,0.2887631091825095
161.0,35.147694,-13.0,3454.8464,27802117.522799533,0.2879629950800017
159.93796,36.0,-13.0,3454.8464,28257478.96430484,0.2833431584007692
159.0,36.72939,-13.0,3454.8464,28658133.288030308,0.27940212647768947
160.0,36.0,-12.909495,3454.8464,28223177.384397447,0.28376801071808205
158.65097,37.0,-13.0,3454.8464,28808926.979112484,0.2779390136139792
158.0,37.489803,-13.0,3454.8464,29085924.1671397,0.27530218134063383
159.0,37.0,-12.495795,3454.8464,28617168.236583624,0.2802523051888502
156.0,38.95864,-13.0,3454.8464,29942845.7041957,0.2674091949317372
157.31956,38.0,-13.0,3454.8464,29378736.73698297,0.2725533013563438
157.0,38.23275,-13.0,3454.8464,29514176.43811553,0.27130530297427397
158.0,38.0,-12.026956,3454.8464,29007355.291705087,0.2769183834645596
155.943,39.0,-13.0,3454.8464,29967591.38887854,0.26718695790965374
155.0,39.665092,-13.0,3454.8464,30370702.463274717,0.2636315393254881
156.0,39.0,-12.919705,3454.8464,29936290.438584063,0.26754291783244866
154.523,40.0,-13.0,3454.8464,30576878.15140716,0.2618390098004265
154.0,40.35733,-13.0,3454.8464,30799529.35134116,0.25993701421125515
155.0,40.0,-12.335502,3454.8464,30316838.157534227,0.26472284079220476
152.0,41.69774,-13.0,3454.8464,31658863.24422492,0.25280799225148315
153.05458,41.0,-13.0,3454.8464,31206422.988423835,0.2565113243166887
153.0,41.03614,-13.0,3454.8464,31229563.21578442,0.25631980882631866
150.0,42.984795,-13.0,3454.8464,32521555.416104466,0.24598931370750649
151.5408,42.0,-13.0,3454.8464,31858178.556265615,0.2512008216285512
151.0,42.346996,-13.0,3454.8464,32089398.898074836,0.2493668563027893
152.0,42.0,-12.378064,3454.8464,31608362.86343775,0.25382080231616827
149.97615,43.0,-13.0,3454.8464,32531998.453828838,0.2459086206984777
149.0,43.60706,-13.0,3454.8464,32952942.425818387,0.24270706048658472
150.0,43.0,-12.968257,3454.8464,32518955.7708826,0.24604132706958184
147.0,44.81983,-13.0,3454.8464,33820646.655657,0.23631564883144035
148.36378,44.0,-13.0,3454.8464,33230185.763848186,0.2406299724014494
148.0,44.219368,-13.0,3454.8464,33386358.380064502,0.23947768489931132
149.0,44.0,-12.163995,3454.8464,32885105.567468278,0.24406081228774504
145.0,45.988464,-13.0,3454.8464,34692974.60285191,0.23016944984168727
146.69885,45.0,-13.0,3454.8464,33952991.931328334,0.23536440708314432
146.0,45.40853,-13.0,3454.8464,34255572.30054031,0.23322109439566047
147.0,45.0,-12.611735,3454.8464,33788916.18488683,0.2369493101975076
144.98009,46.0,-13.0,3454.8464,34701797.72596966,0.23010856446608124
144.0,46.55541,-13.0,3454.8464,35129779.33473286,0.22719592361714086
145.0,46.0,-12.974838,3454.8464,34690905.421798974,0.23021087656471825
142.0,47.662632,-13.0,3454.8464,36009459.07160354,0.22138161259828215
143.20844,47.0,-13.0,3454.8464,35478878.69993761,0.2248563919456169
143.0,47.11456,-13.0,3454.8464,35569456.82715456,0.22425739659176044
144.0,47.0,-12.013494,3454.8464,35049549.08700628,0.22880362311779365
140.0,48.732586,-13.0,3454.8464,36895097.82877836,0.21575893607461788
141.37987,48.0,-13.0,3454.8464,36285228.43537362,0.21960463383750095
141.0,48.20238,-13.0,3454.8464,36451698.86530315,0.21854534471880724
142.0,48.0,-12.243487,3454.8464,35947653.10898441,0.22262714769007297
138.0,49.767403,-13.0,3454.8464,37787188.95871988,0.21030991913025693
139.49243,49.0,-13.0,3454.8464,37122677.289542794,0.2143475831461582
139.0,49.254257,-13.0,3454.8464,37340283.87598296,0.21301392839181635
140.0,49.0,-12.39448,3454.8464,36845453.98751039,0.21676689388050507
136.0,50.769012,-13.0,3454.8464,38686231.77288835,0.20501775137836525
137.54402,50.0,-13.0,3454.8464,37993306.49813033,0.20907843469228324
137.0,50.27217,-13.0,3454.8464,38235709.65389946,0.20764606651977355
138.0,50.0,-12.468584,3454.8464,37743516.16233116,0.2112049284960073
134.0,51.739147,-13.0,3454.8464,39592730.72485637,0.19986670747588853
135.53218,51.0,-13.0,3454.8464,38899405.81506951,0.20378935095181458
135.0,51.2579,-13.0,3454.8464,39138479.34229681,0.2024257782202129
136.0,51.0,-12.467932,3454.8464,38642452.156719625,0.20592496745738192
132.0,52.679356,-13.0,3454.8464,40507194.61522773,0.19484207345372728
133.45401,52.0,-13.0,3454.8464,39843498.19715023,0.19847135574915364
133.0,52.213047,-13.0,3454.8464,40049100.62960247,0.19733810776993124
134.0,52.0,-12.394662,3454.8464,39542923.876340106,0.2009122126080502
130.0,53.591015,-13.0,3454.8464,41430135.81134164,0.18993007911423732
131.3061,53.0,-13.0,3454.8464,40828368.86261042,0.19311420920353078
131.0,53.139027,-13.0,3454.8464,40968084.95904795,0.192369055527704
132.0,53.0,-12.250912,3454.8464,40445643.37931175,0.19615319028825462
127.0,54.907974,-13.0,3454.8464,42832325.42299084,0.1827406586347763
128.0,54.475346,-13.0,3454.8464,42362069.47567621,0.18511783663057552
129.08446,54.0,-13.0,3454.8464,41857099.71892371,0.1877062600990069
129.0,54.03711,-13.0,3454.8464,41895946.7453122,0.18750551498950957
130.0,54.0,-12.038807,3454.8464,41351373.05472844,0.19163559354424795
125.0,55.752914,-13.0,3454.8464,43777977.909603395,0.17806030986351337
126.78637,55.0,-13.0,3454.8464,42934067.75088459,0.18223105935157846
126.0,55.33343,-13.0,3454.8464,43303512.7969625,0.18039328536713617
127.0,55.0,-12.784328,3454.8464,42814486.53946776,0.18313688684896087
122.0,56.97438,-13.0,3454.8464,45216748.93994355,0.17116414811505212
123.0,56.57303,-13.0,3454.8464,44733772.820597164,0.17345103351159452
124.40577,56.0,-13.0,3454.8464,44062970.66464551,0.17667371147020178
124.0,56.1662,-13.0,3454.8464,44254984.217866644,0.17574514284090878
125.0,56.0,-12.418397,3454.8464,43730170.89921487,0.1791439370815634
120.0,57.7583,-13.0,3454.8464,46187659.91268044,0.1666477866296677
121.93595,57.0,-13.0,3454.8464,45248098.624663845,0.171016802520512
121.0,57.36909,-13.0,3454.8464,45700229.34356356,0.16890247960844518
122.0,57.0,-12.939995,3454.8464,45211793.98547688,0.1712798864133493
117.0,58.891327,-13.0,3454.8464,47666087.755305946,0.15995407436639908
118.0,58.519222,-13.0,3454.8464,47169864.24962464,0.16217756335693623
119.37281,58.0,-13.0,3454.8464,46496594.96218208,0.1652321168802986
119.0,58.14174,-13.0,3454.8464,46677866.23564457,0.16440499207557493
120.0,58.0,-12.432298,3454.8464,46141256.330204375,0.16775806983294433
114.0,59.973904,-13.0,3454.8464,49169948.98109613,0.15334192548744635
115.0,59.618443,-13.0,3454.8464,48664794.49561989,0.15554221136347082
116.70597,59.0,-13.0,3454.8464,47813765.58240116,0.1592971098519964
116.0,59.257637,-13.0,3454.8464,48163879.57064594,0.1577446796984067
117.0,59.0,-12.746543,3454.8464,47645387.12534725,0.16046673275186613
112.0,60.668316,-13.0,3454.8464,50185903.68998528,0.14896973811573372
113.92622,60.0,-13.0,3454.8464,49207707.59814374,0.15317838105100212
113.0,60.32377,-13.0,3454.8464,49675939.13514154,0.151155011726963
114.0,60.0,-12.939635,3454.8464,49165039.05772395,0.15346807060596637
115.0,60.0,-12.108805,3454.8464,48593065.74421671,0.1573686473030136
108.0,61.99349,-13.0,3454.8464,52257432.4647481,0.1402581012583032
109.0,61.670128,-13.0,3454.8464,51734053.01193333,0.14243499826216582
110.0,61.341476,-13.0,3454.8464,51214918.7189153,0.14461058414784725
111.02249,61.0,-13.0,3454.8464,50688607.46268508,0.14683360868613504
111.0,61.007545,-13.0,3454.8464,50700034.17453221,0.14678513038919894
112.0,61.0,-12.232184,3454.8464,50124529.235062525,0.15059430169185167
105.0,62.932693,-13.0,3454.8464,53842730.754753135,0.13373832402114677
106.0,62.624897,-13.0,3454.8464,53310081.43692472,0.13591445250579562
107.97975,62.0,-13.0,3454.8464,52268169.91657326,0.14021362248140862
107.0,62.31182,-13.0,3454.8464,52781669.27666321,0.13808756117313484
108.0,62.0,-12.985232,3454.8464,52256254.04331961,0.1402909045345516
109.0,62.0,-12.243943,3454.8464,51674257.43803404,0.14408409149462048
102.0,63.825848,-13.0,3454.8464,55456816.24421782,0.1272040685821353
103.0,63.533363,-13.0,3454.8464,54914806.54296005,0.12938625242676904
104.77939,63.0,-13.0,3454.8464,53961643.606179744,0.1332544713714956
104.0,63.2356,-13.0,3454.8464,54377019.390484564,0.13156375461772954
105.0,63.0,-12.849014,3454.8464,53830868.251156315,0.13408322022015554
106.0,63.0,-12.149571,3454.8464,53243800.18009913,0.13782343429198426
98.0,64.94546,-13.0,3454.8464,57656113.31107305,0.11843446656469454
99.0,64.67337,-13.0,3454.8464,57100477.24792579,0.12063568117518561
100.0,64.39599,-13.0,3454.8464,56549025.73209174,0.12283033921833264
101.39621,64.0,-13.0,3454.8464,55787279.85879572,0.1258794464512927
101.0,64.113335,-13.0,3454.8464,56001776.17251606,0.1250187185850819
102.0,64.0,-12.613975,3454.8464,55427085.8184538,0.12810909041508303
94.0,65.9843,-13.0,3454.8464,59908864.15054592,0.10956481683213648
95.0,65.732506,-13.0,3454.8464,59339607.79199903,0.111794300353787
96.0,65.475395,-13.0,3454.8464,58774484.83670798,0.11401545544258064
97.79727,65.0,-13.0,3454.8464,57770052.209764294,0.11798425190185892
97.0,65.212975,-13.0,3454.8464,58213517.54171158,0.11622855072979484
98.0,65.0,-12.881942,3454.8464,57647190.29702889,0.11872233722432703
99.0,65.0,-12.285092,3454.8464,57046760.739178136,0.12235219814672285
90.0,66.942375,-13.0,3454.8464,62215883.47320625,0.10055904520133463
91.0,66.71087,-13.0,3454.8464,61633040.07160728,0.1028251495144484
92.0,66.474,-13.0,3454.8464,61054268.123796314,0.10508129803011962
93.9369,66.0,-13.0,3454.8464,59945210.03272739,0.10942270630611137
93.0,66.23177,-13.0,3454.8464,60479594.082749195,0.10732774124835928
94.0,66.0,-12.966842,3454.8464,59906423.50504282,0.10964852402947958
95.0,66.0,-12.42875,3454.8464,59297751.851178154,0.11321620315068964
86.0,67.8191,-13.0,3454.8464,64577932.428446606,0.09138643990899496
87.0,67.607956,-13.0,3454.8464,63981553.80422619,0.0936964625301892
88.0,67.39139,-13.0,3454.8464,63389176.60853833,0.09599508890510902
89.74711,67.0,-13.0,3454.8464,62364821.704010025,0.09998079397431774
89.0,67.16942,-13.0,3454.8464,62800830.697815,0.09828254186891383
90.0,67.0,-12.8814125,3454.8464,62207455.95361701,0.10086748107002423
91.0,67.0,-12.39803,3454.8464,61590391.7840686,0.10437104266719878
80.0,68.977844,-13.0,3454.8464,68227087.92316,0.07726360187428134
81.0,68.798294,-13.0,3454.8464,67609484.75769708,0.07964938429636367
82.0,68.61321,-13.0,3454.8464,66995739.930026844,0.08202220120706022
83.0,68.422615,-13.0,3454.8464,66385887.861411065,0.0843822284377364
84.0,68.226524,-13.0,3454.8464,65779961.99356209,0.08672964685017584
85.12165,68.0,-13.0,3454.8464,65105536.48627505,0.08934589328647362
85.0,68.02496,-13.0,3454.8464,65177994.71283479,0.08906464195780114
86.0,68.0,-12.637288,3454.8464,64553290.893220305,0.09235344270118295
87.0,68.0,-12.204665,3454.8464,63927593.83115439,0.09579310422754864
74.0,69.94537,-13.0,3454.8464,72000844.12441584,0.06265069071745472
75.0,69.79821,-13.0,3454.8464,71362542.96733314,0.06512094020479378
76.0,69.64536,-13.0,3454.8464,70727947.31175676,0.06757714832981974
77.0,69.48686,-13.0,3454.8464,70097093.7983559,0.07001942458582153
78.0,69.32273,-13.0,3454.8464,69470018.54120673,0.07244788655329884
79.87369,69.0,-13.0,3454.8464,68305859.87628433,0.07695942546161763
79.0,69.15299,-13.0,3454.8464,68846757.04098444,0.07486265941902337
80.0,69.0,-12.95773,3454.8464,68224380.95741794,0.07738062968699505
81.0,69.0,-12.610662,3454.8464,67584516.48458888,0.08071772330165652
82.0,69.0,-12.244569,3454.8464,66947243.03117875,0.08407581408125239
66.0,70.92377,-13.0,3454.8464,77225801.84906547,0.042350510409791986
67.0,70.821976,-13.0,3454.8464,76560320.79604657,0.04493892821909501
68.0,70.71424,-13.0,3454.8464,75898320.83622819,0.04751280605076849
69.0,70.6006,-13.0,3454.8464,75239838.51563093,0.05007214700402427
70.0,70.48108,-13.0,3454.8464,74584910.45787024,0.05261696599488141
71.0,70.35572,-13.0,3454.8464,73933573.28138465,0.05514728929311877
72.0,70.22455,-13.0,3454.8464,73285863.51547213,0.05766315405438281
73.615875,70.0,-13.0,3454.8464,72247973.60091682,0.0616943826878959
73.0,70.08759,-13.0,3454.8464,72641817.5156184,0.06016460785186195
74.0,70.0,-12.90082,3454.8464,71995013.01406886,0.06293211835381222
75.0,70.0,-12.629339,3454.8464,71340638.81621902,0.06616585176188663
76.0,70.0,-12.340918,3454.8464,70688819.05737147,0.06942223975757941
77.0,70.0,-12.035104,3454.8464,70039573.86858562,0.07270072142463727
51.0,71.71906,-13.0,3454.8464,87594705.33147804,0.0017956209496925656
52.0,71.71127,-13.0,3454.8464,86881134.58701028,0.004593676154726257
53.0,71.69676,-13.0,3454.8464,86170626.50790429,0.007379037972708491
54.0,71.6756,-13.0,3454.8464,85463209.666505,0.010151485226939035
55.0,71.64784,-13.0,3454.8464,84758913.37714222,0.012910810966584509
56.0,71.613556,-13.0,3454.8464,84057767.67887104,0.015656822550799032
57.0,71.5728,-13.0,3454.8464,83359803.31225938,0.018389341683556812
58.0,71.52562,-13.0,3454.8464,82665051.6903445,0.021108204400343784
59.0,71.47207,-13.0,3454.8464,81973544.86396338,0.023813261008279542
60.0,71.41221,-13.0,3454.8464,81285315.48164824,0.026504375981635898
61.0,71.34608,-13.0,3454.8464,80600396.74435934,0.02918142781508714
62.0,71.27373,-13.0,3454.8464,79918822.35533491,0.031844308837320666
63.0,71.1952,-13.0,3454.8464,79240626.4653689,0.03449292498804983
64.0,71.11054,-13.0,3454.8464,78565843.61386493,0.037127195561650984
65.20568,71.0,-13.0,3454.8464,77757423.25366308,0.04028204364323612
65.0,71.01979,-13.0,3454.8464,77894508.66604118,0.039747052920925945
66.0,71.0,-12.871102,3454.8464,77219244.64607617,0.04272310708863135
67.0,71.0,-12.69554,3454.8464,76544643.76761022,0.045816100722167366
68.0,71.0,-12.505683,3454.8464,75872580.41483402,0.048931661400933704
69.0,71.0,-12.30114,3454.8464,75203066.75333823,0.052069772242145124
70.0,71.0,-12.081512,3454.8464,74536115.85826488,0.055230341553313175
50.0,72.0,-12.593019,3454.8464,88298944.62794343,0.00014132365040673883
51.0,72.0,-12.587404,3454.8464,87581592.2123188,0.0029711675607992606
52.0,72.0,-12.571603,3454.8464,86866943.78410636,0.00581730280796942
53.0,72.0,-12.545404,3454.8464,86154981.12140024,0.00868025955820606
54.0,72.0,-12.508585,3454.8464,85445688.38846125,0.011560555860829817
55.0,72.0,-12.460906,3454.8464,84739052.08937299,0.014458693858702045
56.0,72.0,-12.402121,3454.8464,84035061.00878766,0.017375155868163874
57.0,72.0,-12.331967,3454.8464,83333706.1407228,0.02031040034691792
58.0,72.0,-12.250174,3454.8464,82634980.6064782,0.023264857770382473
59.0,72.0,-12.156453,3454.8464,81938879.56287792,0.02623892643899547
60.0,72.0,-12.0505085,3454.8464,81245400.10212098,0.029232968240874534
182.2541,0.0,-12.0,3454.8464,18257669.01461403,0.4365361175998899
182.23808,1.0,-12.0,3454.8464,18263584.96955732,0.43639798195881135
182.18999,2.0,-12.0,3454.8464,18286654.67019392,0.43585717503731597
182.10976,3.0,-12.0,3454.8464,18325074.539708477,0.43495937872963114
182.0,3.9757853,-12.0,3454.8464,18377498.61651194,0.4337401006102732
181.9973,4.0,-12.0,3454.8464,18378804.690483328,0.43370984157016046
182.0,4.0,-11.994949,3454.8464,18377067.92093498,0.4337544299830504
181.85394,5.0,-12.0,3454.8464,18447994.738141615,0.43211532373526607
182.0,5.0,-11.726736,3454.8464,18354320.497456573,0.4345072820829917
181.67831,6.0,-12.0,3454.8464,18532402.048609722,0.43018529603822103
182.0,6.0,-11.398576,3454.8464,18327019.477869343,0.4353954435599074
181.47018,7.0,-12.0,3454.8464,18631935.104019474,0.4279305537513235
182.0,7.0,-11.010263,3454.8464,18295453.014929924,0.43640112770148637
181.22925,8.0,-12.0,3454.8464,18746488.782363117,0.4253634217133139
181.0,8.836839,-12.0,3454.8464,18854789.478077784,0.42296494137088697
180.95564,9.0,-12.0,3454.8464,18876014.74760165,0.42249741178213823
181.0,9.0,-11.917537,3454.8464,18847878.667334028,0.42318560558344576
180.65129,10.0,-12.0,3454.8464,19020719.11621061,0.41934661074447477
181.0,10.0,-11.35239,3454.8464,18801151.03098904,0.4246594585871465
180.31332,11.0,-12.0,3454.8464,19180110.98765955,0.4159275305449233
180.0,11.842638,-12.0,3454.8464,19326614.99821852,0.4128339240360134
179.94188,12.0,-12.0,3454.8464,19354137.968426898,0.4122564140605569
180.0,12.0,-11.892664,3454.8464,19317739.347362317,0.4131072626401407
179.53947,13.0,-12.0,3454.8464,19543101.29037685,0.4083492811618141
180.0,13.0,-11.150793,3454.8464,19257418.932664413,0.4149377229631935
179.10223,14.0,-12.0,3454.8464,19746353.49856301,0.4042244385994918
179.0,14.217079,-12.0,3454.8464,19793421.315278072,0.40328492013989153
178.6334,15.0,-12.0,3454.8464,19964329.516834944,0.3998980530726002
179.0,15.0,-11.32827,3454.8464,19738979.567859896,0.4048946132355365
178.12985,16.0,-12.0,3454.8464,20196496.28255322,0.39538823726919836
178.0,16.241413,-12.0,3454.8464,20255723.30588965,0.3942586691064182
177.59407,17.0,-12.0,3454.8464,20443201.631960507,0.3907110964336583
178.0,17.0,-11.261332,3454.8464,20196499.5472539,0.39595619647639657
177.02267,18.0,-12.0,3454.8464,20703889.596994948,0.3858841988873925
177.0,18.037434,-12.0,3454.8464,20714115.901634797,0.3856983664014114
176.41962,19.0,-12.0,3454.8464,20979170.871560007,0.38092235778941524
176.0,19.6559,-12.0,3454.8464,21168334.969935942,0.37758970499089606
175.78076,20.0,-12.0,3454.8464,21268397.02837997,0.37584225684626693
176.0,20.0,-11.606243,3454.8464,21137133.276109964,0.37843983302501727
175.10738,21.0,-12.0,3454.8464,21571787.974420942,0.3706582661593519
175.0,21.151428,-12.0,3454.8464,21619545.06139089,0.3698592538001118
174.40034,22.0,-12.0,3454.8464,21889544.53634768,0.36538409145656164
174.0,22.538101,-12.0,3454.8464,22067334.78623656,0.36250432017881473
173.65738,23.0,-12.0,3454.8464,22221355.57859856,0.36003361532233774
173.0,23.843582,-12.0,3454.8464,22512755.807026487,0.3554657602783637
174.0,23.0,-11.3936,3454.8464,22020071.88114632,0.36372886433301566
172.87843,24.0,-12.0,3454.8464,22567304.191255283,0.3546191988989192
173.0,24.0,-11.78619,3454.8464,22496099.672795393,0.3558895860879393
172.06407,25.0,-12.0,3454.8464,22927611.26801332,0.3491521510285227
172.0,25.075283,-12.0,3454.8464,22955567.039751,0.34873724479261053
171.2144,26.0,-12.0,3454.8464,23302450.66600688,0.3436430426784452
171.0,26.241575,-12.0,3454.8464,23395748.728118747,0.34230409231989284
170.3279,27.0,-12.0,3454.8464,23691744.399707213,0.33810206339136006
170.0,27.354744,-12.0,3454.8464,23834030.520113207,0.3361278849462624
169.40425,28.0,-12.0,3454.8464,24095659.236873697,0.33253816148659054
169.0,28.420427,-12.0,3454.8464,24270563.425945546,0.33019234881442516
168.44313,29.0,-12.0,3454.8464,24514386.788657617,0.32695944971548824
168.0,29.443478,-12.0,3454.8464,24705513.849548444,0.3244818014648522
169.0,29.0,-11.050937,3454.8464,24198610.988707528,0.3318827061310472
167.44409,30.0,-12.0,3454.8464,24948144.627571814,0.3213732264637271
167.0,30.428085,-12.0,3454.8464,25139061.42044106,0.31898124275648293
168.0,30.0,-11.05981,3454.8464,24634453.52572142,0.3261259068090771
166.40665,31.0,-12.0,3454.8464,25397177.40041609,0.3157860013230606
166.0,31.377884,-12.0,3454.8464,25571397.0244134,0.3136764187579465
167.0,31.0,-11.00438,3454.8464,25064073.897501443,0.32069103863849735
165.33018,32.0,-12.0,3454.8464,25861757.950172745,0.31020352385182837
165.0,32.296036,-12.0,3454.8464,26002721.026851773,0.30855386258321893
164.21407,33.0,-12.0,3454.8464,26342188.46161851,0.3046308144734845
164.0,33.185303,-12.0,3454.8464,26433241.679811,0.3036009158904626
162.0,34.88409,-12.0,3454.8464,27292032.531857338,0.2941732767119086
163.05751,34.0,-12.0,3454.8464,26838801.646187667,0.2990721965896824
163.0,34.048103,-12.0,3454.8464,26863173.70203183,0.2988057344498442
161.86118,35.0,-12.0,3454.8464,27352274.9240249,0.2935307893763389
161.0,35.696377,-12.0,3454.8464,27720256.223684423,0.28968654009008515
162.0,35.0,-11.77586,3454.8464,27275152.50516335,0.29453837683106376
160.62364,36.0,-12.0,3454.8464,27882930.420847498,0.28800974538770896
160.0,36.48778,-12.0,3454.8464,28148363.913377434,0.28532865106709066
161.0,36.0,-11.398038,3454.8464,27675173.89035842,0.2906514165589726
159.34326,37.0,-12.0,3454.8464,28431081.569068845,0.2825116902575734
159.0,37.259815,-12.0,3454.8464,28576587.517036997,0.2810903926056104
157.0,38.746536,-12.0,3454.8464,29432592.072460108,0.27297176688097813
158.01884,38.0,-12.0,3454.8464,28997204.178816155,0.2770384599605534
158.0,38.013813,-12.0,3454.8464,29005160.92331158,0.27696328421476146
156.65282,39.0,-12.0,3454.8464,29582672.47382662,0.2715897715762853
156.0,39.463375,-12.0,3454.8464,29860556.669763643,0.26907870956456503
157.0,39.0,-11.46364,3454.8464,29392486.901612878,0.2738077937381893
154.0,40.851513,-12.0,3454.8464,30718258.80592716,0.2615735491497375
155.2407,40.0,-12.0,3454.8464,30187371.157583013,0.26616759886293434
155.0,40.165535,-12.0,3454.8464,30289388.033640258,0.2652754285010112
153.78304,41.0,-12.0,3454.8464,30812429.569871034,0.2607711727608281
153.0,41.52191,-12.0,3454.8464,31147102.384878956,0.2579698382647142
154.0,41.0,-11.673703,3454.8464,30693806.024551995,0.2620775285681413
151.0,42.824352,-12.0,3454.8464,32007902.385952346,0.2509933882105252
152.27881,42.0,-12.0,3454.8464,31458710.820689734,0.2553998232607564
152.0,42.180157,-12.0,3454.8464,31577344.655321337,0.25443812291432927
150.7265,43.0,-12.0,3454.8464,32127066.32602916,0.25005245659834313
150.0,43.45516,-12.0,3454.8464,32438804.52257757,0.24763148425868758
151.0,43.0,-11.600419,3454.8464,31977961.287107266,0.25160685197888133
148.0,44.68239,-12.0,3454.8464,33304166.146635193,0.2411097114552188
149.12457,44.0,-12.0,3454.8464,32818441.63710068,0.2447274737342437
149.0,44.07569,-12.0,3454.8464,32871646.42489201,0.24432697429644346
146.0,45.86505,-12.0,3454.8464,34173900.54561874,0.2348484728003419
147.47337,45.0,-12.0,3454.8464,33534450.712816536,0.23942140739466672
147.0,45.278942,-12.0,3454.8464,33738335.68387127,0.2379494665043589
148.0,45.0,-11.254161,3454.8464,33248430.081627794,0.24225132819814804
145.7691,46.0,-12.0,3454.8464,34275712.39868422,0.23413259429463915
145.0,46.439526,-12.0,3454.8464,34609772.49392344,0.23181791316626876
146.0,46.0,-11.679332,3454.8464,34149796.598702066,0.23534411264188704
143.0,47.56012,-12.0,3454.8464,35486443.242157444,0.22591076270671517
144.01079,47.0,-12.0,3454.8464,35043773.03234798,0.22885701804879793
144.0,47.005985,-12.0,3454.8464,35048437.79905644,0.22882563902998143
141.0,48.64315,-12.0,3454.8464,36368841.58152741,0.22020788919109707
142.19885,48.0,-12.0,3454.8464,35840839.47174891,0.22358859871584127
142.0,48.106915,-12.0,3454.8464,35927502.375657044,0.2230282829329727
139.0,49.690796,-12.0,3454.8464,37257467.799825124,0.21469049110965244
140.32922,49.0,-12.0,3454.8464,36668000.76359725,0.2183235152384172
140.0,49.171642,-12.0,3454.8464,36812682.89633832,0.2174235997162907
141.0,49.0,-11.11996,3454.8464,36302972.80326897,0.2215868879349973
137.0,50.705032,-12.0,3454.8464,38152827.906260386,0.20934099774304987
138.40005,50.0,-12.0,3454.8464,37527225.57397023,0.2130554620745761
138.0,50.20219,-12.0,3454.8464,37704483.89299081,0.21199373476480363
139.0,50.0,-11.230769,3454.8464,37199786.84597053,0.2159117120202274
135.0,51.687622,-12.0,3454.8464,39055432.80845917,0.20414298105574494
136.40906,51.0,-12.0,3454.8464,38420675.561893165,0.20777717257789308
136.0,51.200382,-12.0,3454.8464,38603415.02544615,0.2067219935022042
137.0,51.0,-11.26033,3454.8464,38097330.3868393,0.21053160012264138
133.0,52.64016,-12.0,3454.8464,39965797.512835704,0.1990810739744095
134.35365,52.0,-12.0,3454.8464,39350727.29928394,0.2024803223477387
134.0,52.167854,-12.0,3454.8464,39509990.27462518,0.20159275820778466
135.0,52.0,-11.211051,3454.8464,38996280.31567043,0.2054313652075519
131.0,53.56406,-12.0,3454.8464,40884440.34225688,0.19414089532824777
132.23071,53.0,-12.0,3454.8464,40319997.96965952,0.19715541610519705
132.0,53.106064,-12.0,3454.8464,40424727.15061751,0.1965914113883082
133.0,53.0,-11.085352,3454.8464,39897365.27389194,0.20059726308968934
128.0,54.89928,-12.0,3454.8464,42279792.16624795,0.18692491259569954
129.0,54.460583,-12.0,3454.8464,41811882.16597369,0.18930898159093526
130.03667,54.0,-12.0,3454.8464,41331375.693473004,0.1917916550148565
130.0,54.016315,-12.0,3454.8464,41348145.910658255,0.19170426587027858
126.0,55.756428,-12.0,3454.8464,43220719.43369886,0.18223661337023087
127.769455,55.0,-12.0,3454.8464,42389044.74838602,0.18637357838691404
127.0,55.33084,-12.0,3454.8464,42748645.637090735,0.18457272544884526
128.0,55.0,-11.743415,3454.8464,42260509.47867024,0.1873734853095111
123.0,56.996323,-12.0,3454.8464,44652195.40841698,0.1753409165006428
124.0,56.588783,-12.0,3454.8464,44171608.00255509,0.17762665415958534
125.42291,56.0,-12.0,3454.8464,43496150.465529636,0.18088832854706252
125.0,56.17581,-12.0,3454.8464,43695254.43282858,0.17992032111969042
126.0,56.0,-11.37705,3454.8464,43174244.854535304,0.18334322084083793
121.0,57.792603,-12.0,3454.8464,45617982.653751746,0.1708340221950697
122.99095,57.0,-12.0,3454.8464,44656603.28699077,0.17532010705517911
122.0,57.397156,-12.0,3454.8464,45132981.86457378,0.1730841796169969
123.0,57.0,-11.990646,3454.8464,44651495.56499504,0.17535817312709032
118.0,58.944454,-12.0,3454.8464,47088697.65389633,0.16416427870265507
119.0,58.566,-12.0,3454.8464,46594892.587421015,0.16637935329309883
120.4711,58.0,-12.0,3454.8464,45877370.482670054,0.16964176744319165
120.0,58.18222,-12.0,3454.8464,46105364.38762298,0.16859904091799124
121.0,58.0,-11.471381,3454.8464,45578883.94503234,0.17182494871264908
116.0,59.684273,-12.0,3454.8464,48081905.03434844,0.15977656361632775
117.85255,59.0,-12.0,3454.8464,47162463.36759451,0.16383565097209718
117.0,59.317047,-12.0,3454.8464,47583447.03243409,0.16196762427916125
118.0,59.0,-11.859545,3454.8464,47078338.885633506,0.16443750665723503
113.0,60.753605,-12.0,3454.8464,49594912.98941576,0.15324798147106372
114.0,60.402508,-12.0,3454.8464,49087388.25887478,0.15541843552300813
115.128914,60.0,-12.0,3454.8464,48520133.14850191,0.15786815177339752
115.0,60.04616,-12.0,3454.8464,48584165.57591623,0.1575901922975092
116.0,60.0,-11.200983,3454.8464,48023929.891619325,0.16135484531821043
110.0,61.775364,-12.0,3454.8464,51134784.89221446,0.14676726048519148
111.0,61.44001,-12.0,3454.8464,50618070.47007188,0.14892489767338293
112.28984,61.0,-12.0,3454.8464,49958934.28357963,0.15170330718005598
112.0,61.099434,-12.0,3454.8464,50105663.679619305,0.1510820657739095
113.0,61.0,-11.382649,3454.8464,49550539.16918612,0.15451135046249442
107.0,62.750637,-12.0,3454.8464,52702364.0112101,0.14030959699616402
108.0,62.4307,-12.0,3454.8464,52176350.391607136,0.14246194019166042
109.321945,62.0,-12.0,3454.8464,51488649.9779419,0.14529961992991153
109.0,62.105553,-12.0,3454.8464,51654642.211078815,0.14461205832130386
110.0,62.0,-11.44338,3454.8464,51095311.06329483,0.14794569005710817
103.0,63.97983,-12.0,3454.8464,54838164.76824954,0.1316933135780022
104.0,63.68025,-12.0,3454.8464,54298469.39887147,0.13385181291725354
105.0,63.37545,-12.0,3454.8464,53763059.62043542,0.13600607542133997
106.20947,63.0,-12.0,3454.8464,53122039.9496604,0.1386031124203989
106.0,63.06545,-12.0,3454.8464,53231945.65506297,0.13815638826086538
107.0,63.0,-11.389559,3454.8464,52659836.87078546,0.14164435332589076
100.0,64.849434,-12.0,3454.8464,56473054.498531185,0.12520350833600147
101.0,64.56476,-12.0,3454.8464,55923897.509637326,0.1273724574010921
102.93218,64.0,-12.0,3454.8464,54875233.548529305,0.13154550608289653
102.0,64.27487,-12.0,3454.8464,55379005.83280642,0.12953549450831015
103.0,64.0,-11.951818,3454.8464,54834862.27437427,0.13180388400620546
104.0,64.0,-11.227397,3454.8464,54245841.5704905,0.13559319252961197
96.0,65.93906,-12.0,3454.8464,58701021.24707944,0.11647258117176815
97.0,65.67438,-12.0,3454.8464,58138112.84007241,0.11866614835202693
98.0,65.40445,-12.0,3454.8464,57579424.116396666,0.12085191991371985
99.46388,65.0,-12.0,3454.8464,56770444.0033267,0.12403321060908856
99.0,65.1293,-12.0,3454.8464,57024974.47441717,0.12303017764247187
100.0,65.0,-11.645342,3454.8464,56449431.83678651,0.1260399556082015
92.0,66.9494,-12.0,3454.8464,60983188.94605245,0.10761895902876972
93.0,66.70466,-12.0,3454.8464,60406558.97470175,0.10984629325166942
94.0,66.45463,-12.0,3454.8464,59834090.043750815,0.11206406781535783
95.76701,66.0,-12.0,3454.8464,58833655.95064264,0.11595680018482939
95.0,66.19933,-12.0,3454.8464,59265806.40748726,0.1142725512424639
96.0,66.0,-11.860239,3454.8464,58691991.90959329,0.11681592159157073
97.0,66.0,-11.244252,3454.8464,58089473.14601438,0.12049362648812156
88.0,67.88015,-12.0,3454.8464,63320306.1815809,0.09860760144209646
89.0,67.65537,-12.0,3454.8464,62730009.72011728,0.10087689091795361
90.0,67.42526,-12.0,3454.8464,62143805.315688625,0.10313501994496442
91.790436,67.0,-12.0,3454.8464,61105365.3479907,0.10714768139097282
91.0,67.18985,-12.0,3454.8464,61561721.348462425,0.10538223448502516
92.0,67.0,-11.88712,3454.8464,60976179.45534227,0.10790638517287879
93.0,67.0,-11.333054,3454.8464,60365239.6814532,0.11152026813308286
83.0,68.929634,-12.0,3454.8464,66320951.80082351,0.08707806973597086
84.0,68.73038,-12.0,3454.8464,65713076.96582721,0.08940913272870993
85.0,68.5257,-12.0,3454.8464,65109184.88446702,0.09172743141281056
86.0,68.315636,-12.0,3454.8464,64509308.495565355,0.09403317573400088
87.45634,68.0,-12.0,3454.8464,63644123.622261874,0.09736431732178916
87.0,68.1002,-12.0,3454.8464,63913479.4423282,0.09632657926517614
88.0,68.0,-11.740079,3454.8464,63304953.98410426,0.09929003852688012
89.0,68.0,-11.243336,3454.8464,62685344.28505371,0.10283805920228502
78.0,69.85062,-12.0,3454.8464,69408668.69708733,0.07521250523598116
79.0,69.677315,-12.0,3454.8464,68783494.18765432,0.077613465015151
80.0,69.49848,-12.0,3454.8464,68162183.79579702,0.08000039947069995
81.0,69.31416,-12.0,3454.8464,67544773.44967864,0.08237346823545798
82.63922,69.0,-12.0,3454.8464,66542303.11002059,0.08622961756988182
82.0,69.12437,-12.0,3454.8464,66931298.13949368,0.08473283702969032
83.0,69.0,-11.853528,3454.8464,66312837.656907186,0.08747681950285548
84.0,69.0,-11.431756,3454.8464,65681543.06307657,0.09093924561551006
71.0,70.91566,-12.0,3454.8464,73879078.22652276,0.057981965971395384
72.0,70.78031,-12.0,3454.8464,73229513.53666067,0.06048846502385347
73.0,70.63926,-12.0,3454.8464,72583615.7945683,0.06297992651411477
74.0,70.49253,-12.0,3454.8464,71941423.14296162,0.06545642753884034
75.0,70.34015,-12.0,3454.8464,71302973.34852597,0.06791805476833902
76.0,70.182144,-12.0,3454.8464,70668303.71044157,0.07036490395581299
77.1105,70.0,-12.0,3454.8464,69968414.67614695,0.0730632192814199
77.0,70.01854,-12.0,3454.8464,70037450.97052926,0.07279707946652934
78.0,70.0,-11.701572,3454.8464,69393478.59110215,0.07604725662022224
79.0,70.0,-11.347289,3454.8464,68750111.90031922,0.0794229508055774
61.0,71.9592,-12.0,3454.8464,80557007.35792892,0.03205349331729361
62.0,71.88163,-12.0,3454.8464,79873726.75448167,0.03471483231016162
63.0,71.798,-12.0,3454.8464,79193812.08614558,0.037361108304321065
64.0,71.70833,-12.0,3454.8464,78517299.58195864,0.03999225435791505
65.0,71.61267,-12.0,3454.8464,77844225.84909397,0.04260821728807376
66.0,71.51105,-12.0,3454.8464,77174627.7973758,0.04520895729383423
67.0,71.40351,-12.0,3454.8464,76508542.5607564,0.04779444755744053
68.0,71.290085,-12.0,3454.8464,75846007.4162459,0.050364673828436485
69.0,71.17081,-12.0,3454.8464,75187059.70077924,0.05291963399519835
70.3512,71.0,-12.0,3454.8464,74303365.17261201,0.05634416715179189
70.0,71.045715,-12.0,3454.8464,74531736.72653434,0.05545933764852474
71.0,71.0,-11.842104,3454.8464,73872031.49225383,0.058437272093817105
72.0,71.0,-11.583678,3454.8464,73210741.69513485,0.06168175301853733
73.0,71.0,-11.307947,3454.8464,72552111.07930744,0.06495073409607634
74.0,71.0,-11.014417,3454.8464,71896153.62608625,0.06824378225643175
50.0,72.403725,-12.0,3454.8464,88281225.740477,0.0018050560809839823
51.0,72.39594,-12.0,3454.8464,87563185.35618159,0.0046237938812164585
52.0,72.38144,-12.0,3454.8464,86848229.0132693,0.007429414992553786
53.0,72.36029,-12.0,3454.8464,86136386.00989205,0.010221678325084822
54.0,72.33255,-12.0,3454.8464,85427686.38936968,0.013000357010969188
55.0,72.29828,-12.0,3454.8464,84722160.92199893,0.015765238508279454
56.0,72.257545,-12.0,3454.8464,84019841.08074372,0.01851612465552671
57.0,72.210396,-12.0,3454.8464,83320759.0109618,0.02125283167813455
58.0,72.15689,-12.0,3454.8464,82624947.49436197,0.023975190148558898
59.0,72.09708,-12.0,3454.8464,81932439.90742832,0.026683044902118744
60.430683,72.0,-12.0,3454.8464,80948243.64639524,0.030528832171565705
60.0,72.031006,-12.0,3454.8464,81243270.17458203,0.029376254910998857
61.0,72.0,-11.930735,3454.8464,80554641.6125919,0.03225695664762157
62.0,72.0,-11.796717,3454.8464,79866614.08795045,0.035310851564967174
63.0,72.0,-11.648998,3454.8464,79181251.83569959,0.03838787059995927
64.0,72.0,-11.48719,3454.8464,78498560.77000506,0.04148825410233496
65.0,72.0,-11.31089,3454.8464,77818547.82061286,0.04461217816321442
66.0,72.0,-11.119685,3454.8464,77141220.77582024,0.047759750107318914
49.0,73.0,-11.095943,3454.8464,88987206.75697392,0.0015648926648839517
50.0,73.0,-11.084837,3454.8464,88264658.62030567,0.004435567651531098
51.0,73.0,-11.062969,3454.8464,87544971.01907185,0.007323557304527214
52.0,73.0,-11.0301075,3454.8464,86828127.15845422,0.010229412321880021
182.78789,0.0,-11.0,3454.8464,17915922.237115283,0.4454703607078312
183.0,0.0,-10.562146,3454.8464,17777800.97286085,0.44919753373254134
182.772,1.0,-11.0,3454.8464,17921867.758846864,0.4453264835713322
183.0,1.0,-10.529396,3454.8464,17773457.902202077,0.4493295250921434
182.72435,2.0,-11.0,3454.8464,17945104.661040127,0.4447614832129936
183.0,2.0,-10.431128,3454.8464,17765900.62516883,0.4495859624210577
182.64485,3.0,-11.0,3454.8464,17983801.425743222,0.44382365201248497
183.0,3.0,-10.267278,3454.8464,17753401.00024383,0.45000688498692326
182.53339,4.0,-11.0,3454.8464,18037911.41948599,0.44251867169231246
183.0,4.0,-10.037745,3454.8464,17736101.05412375,0.45058278726481993
182.38982,5.0,-11.0,3454.8464,18107370.29288376,0.4408543545033552
182.21394,6.0,-11.0,3454.8464,18192096.889654707,0.43884050694506976
182.00551,7.0,-11.0,3454.8464,18291994.376156487,0.4364887625767767
182.0,7.0229053,-11.0,3454.8464,18294623.128397033,0.43642743091630404
181.76672,8.0,-11.0,3454.8464,18407298.611829624,0.4338116874781203
182.0,8.0,-10.521619,3454.8464,18257658.83794088,0.43765446617987824
181.49516,9.0,-11.0,3454.8464,18537593.79579619,0.43082458958944136
181.1904,10.0,-11.0,3454.8464,18682736.456744242,0.42754338235812905
181.0,10.563475,-11.0,3454.8464,18772711.185816124,0.42553772824422065
180.85356,11.0,-11.0,3454.8464,18842804.075743943,0.4239844946141724
181.0,11.0,-10.701538,3454.8464,18749915.04222805,0.4262681264435297
180.48494,12.0,-11.0,3454.8464,19017756.703843825,0.4201653374641319
180.08205,13.0,-11.0,3454.8464,19207149.003781967,0.4161045894821114
180.0,13.188094,-11.0,3454.8464,19245361.886080287,0.41529831320168487
179.64803,14.0,-11.0,3454.8464,19411362.48151795,0.4118196386117252
180.0,14.0,-10.288,3454.8464,19191982.904626768,0.4169404635849389
179.17973,15.0,-11.0,3454.8464,19629863.340785254,0.4073297022065687
179.0,15.357713,-11.0,3454.8464,19712840.17846649,0.4056560504458705
178.67905,16.0,-11.0,3454.8464,19862866.46505136,0.402652485803334
179.0,16.0,-10.355019,3454.8464,19664966.02626179,0.40708340222878225
178.14407,17.0,-11.0,3454.8464,20110033.499185655,0.3978064614936094
178.0,17.252985,-11.0,3454.8464,20175834.937104937,0.3965415818444923
177.57663,18.0,-11.0,3454.8464,20371602.101068072,0.3928086456443028
177.0,18.955938,-11.0,3454.8464,20634831.82922478,0.3879028336327336
178.0,18.0,-10.155295,3454.8464,20113917.362723164,0.3983289468248048
176.97354,19.0,-11.0,3454.8464,20647060.079366457,0.38767684120934515
177.0,19.0,-10.947489,3454.8464,20630975.717383686,0.3880120269539921
176.33858,20.0,-11.0,3454.8464,20936978.30459454,0.3824263493291778
176.0,20.504099,-11.0,3454.8464,21089506.070891377,0.379727305128069
175.6682,21.0,-11.0,3454.8464,21240825.31698309,0.3770736065416247
175.0,21.946304,-11.0,3454.8464,21541387.64606076,0.37192534410064515
176.0,21.0,-10.346834,3454.8464,21042301.75259398,0.38102098494584913
174.96222,22.0,-11.0,3454.8464,21558592.759353034,0.3716333751441793
175.0,22.0,-10.926054,3454.8464,21536042.362632457,0.3720691010681722
174.22302,23.0,-11.0,3454.8464,21890720.112328738,0.3661188790341652
174.0,23.287292,-11.0,3454.8464,21989515.002549168,0.36451657621003475
173.44826,24.0,-11.0,3454.8464,22236914.169134952,0.36054363157182245
173.0,24.552242,-11.0,3454.8464,22435011.156075127,0.35743722686827933
172.63742,25.0,-11.0,3454.8464,22597198.4355628,0.35491974334055876
172.0,25.752151,-11.0,3454.8464,22878162.441992916,0.35066101418265816
173.0,25.0,-10.301395,3454.8464,22385523.949573774,0.3587030464420691
171.79037,26.0,-11.0,3454.8464,22971682.840948436,0.34925830070774666
171.0,26.894493,-11.0,3454.8464,23319093.530710384,0.34416947296920664
172.0,26.0,-10.598796,3454.8464,22849788.95993776,0.35137415520917425
170.90692,27.0,-11.0,3454.8464,23360500.508039843,0.3435694777262029
170.0,27.985626,-11.0,3454.8464,23757948.874749295,0.33794454469083807
171.0,27.0,-10.823085,3454.8464,23306607.943147123,0.3444779935187142
169.98679,28.0,-11.0,3454.8464,23763808.16410812,0.33786253795214793
170.0,28.0,-10.975068,3454.8464,23756193.769176204,0.33798720650564207
169.02995,29.0,-11.0,3454.8464,24181844.661902897,0.3321457755685414
169.0,29.03011,-11.0,3454.8464,24194735.064030502,0.3319735369981769
168.03545,30.0,-11.0,3454.8464,24614715.249320917,0.3264268579321372
168.0,30.034315,-11.0,3454.8464,24629911.727986317,0.32623073540615694
166.0,31.936205,-11.0,3454.8464,25496070.636103176,0.3153723113922199
167.00261,31.0,-11.0,3454.8464,25062624.528867032,0.3207125160618577
167.0,31.002441,-11.0,3454.8464,25063742.09004895,0.3206985856929634
165.93166,32.0,-11.0,3454.8464,25525969.719927013,0.315008447994598
165.0,32.839417,-11.0,3454.8464,25927251.272373784,0.3102333657473798
166.0,32.0,-10.874962,3454.8464,25487392.379927456,0.3155711313321625
164.82162,33.0,-11.0,3454.8464,26004989.731155653,0.3093198635298679
164.0,33.7148,-11.0,3454.8464,26357515.45592971,0.3052680016895314
165.0,33.0,-10.676395,3454.8464,25904894.09551113,0.3107389676906556
163.67177,34.0,-11.0,3454.8464,26500002.06895455,0.30365117883867965
163.0,34.56469,-11.0,3454.8464,26787087.063126415,0.30046375526715174
164.0,34.0,-10.409686,3454.8464,26316934.712412998,0.3061746119758406
162.48126,35.0,-11.0,3454.8464,27011360.99387744,0.2980061157507994
162.0,35.39113,-11.0,3454.8464,27216194.734159783,0.29580904709887634
163.0,35.0,-10.075409,3454.8464,26723868.787993792,0.3018601502789445
160.0,36.980236,-11.0,3454.8464,28073819.627432205,0.28690897367110413
161.24919,36.0,-11.0,3454.8464,27539453.569519375,0.29238774548109986
161.0,36.195908,-11.0,3454.8464,27645070.758264065,0.2912931580104292
159.9748,37.0,-11.0,3454.8464,28084758.917217176,0.28679843510479447
159.0,37.741905,-11.0,3454.8464,28501322.25097748,0.28267458680763463
160.0,37.0,-10.956115,3454.8464,28070801.959343452,0.28697429566413135
158.65982,38.0,-11.0,3454.8464,28648355.351056576,0.28123910052488
158.0,38.486248,-11.0,3454.8464,28929105.14096085,0.278552567349096
159.0,38.0,-10.413467,3454.8464,28461261.42365627,0.28353455643715625
156.0,39.926086,-11.0,3454.8464,29785951.807658803,0.27062375961961427
157.30032,39.0,-11.0,3454.8464,29230187.726254515,0.27571189334672147
157.0,39.214386,-11.0,3454.8464,29357410.420168288,0.2745348582002506
155.89604,40.0,-11.0,3454.8464,29831054.906805005,0.2702171706107741
155.0,40.619926,-11.0,3454.8464,30213780.700470947,0.2668320135352402
156.0,40.0,-10.825318,3454.8464,29773989.800785054,0.2708773548404049
153.0,41.967964,-11.0,3454.8464,31072618.758266196,0.2594979294464406
154.44806,41.0,-11.0,3454.8464,30452156.400923662,0.26475418041971244
154.0,41.30048,-11.0,3454.8464,30642668.36494065,0.26312402458020734
155.0,41.0,-10.082739,3454.8464,30151479.659315635,0.26814605699973637
152.95198,42.0,-11.0,3454.8464,31093527.75621959,0.25932366340247787
152.0,42.619064,-11.0,3454.8464,31501679.404551897,0.25598224640761646
153.0,42.0,-10.921524,3454.8464,31067243.46410626,0.2596111223250272
150.0,43.886974,-11.0,3454.8464,32363974.115290463,0.24915991534851964
151.4108,43.0,-11.0,3454.8464,31757042.886484444,0.2539228182598719
151.0,43.25908,-11.0,3454.8464,31932345.966737673,0.252533386343585
152.0,43.0,-10.048374,3454.8464,31437098.791013647,0.25733847787727654
149.81963,44.0,-11.0,3454.8464,32442795.850223385,0.24855154745820107
149.0,44.501415,-11.0,3454.8464,32795484.98307722,0.24587447331865586
150.0,44.0,-10.713866,3454.8464,32344420.741559163,0.24957134623612676
147.0,45.698704,-11.0,3454.8464,33662755.42312032,0.23949174241181911
148.17928,45.0,-11.0,3454.8464,33152388.237157367,0.24320669683728208
148.0,45.106396,-11.0,3454.8464,33229154.58036878,0.2426420718816337
145.0,46.853897,-11.0,3454.8464,34534645.01865949,0.233361411187306
146.4884,46.0,-11.0,3454.8464,33887067.42257555,0.23788526995063297
146.0,46.28123,-11.0,3454.8464,34097956.96249653,0.23639807032673027
147.0,46.0,-10.21401,3454.8464,33609321.35960663,0.24062201445666134
143.0,47.969658,-11.0,3454.8464,35411649.44177684,0.2274613001927914
144.74411,47.0,-11.0,3454.8464,34647773.47941546,0.23258458282724395
144.0,47.415688,-11.0,3454.8464,34971764.01118787,0.23039233107856655
145.0,47.0,-10.614717,3454.8464,34508341.086199984,0.2339221265789081
142.94518,48.0,-11.0,3454.8464,35436084.87119557,0.22730029092131884
142.0,48.512238,-11.0,3454.8464,35851076.55521513,0.22460382719142832
143.0,48.0,-10.9191885,3454.8464,35406115.14158226,0.22758044787713402
140.0,49.57311,-11.0,3454.8464,36736401.77593783,0.2190129345733658
141.09117,49.0,-11.0,3454.8464,36254027.44560114,0.22202657238815357
141.0,49.047943,-11.0,3454.8464,36293846.40258405,0.22177527901010544
138.0,50.600315,-11.0,3454.8464,37628252.346981436,0.21360132843971172
139.17935,50.0,-11.0,3454.8464,37103210.83192834,0.21675807137668923
139.0,50.091488,-11.0,3454.8464,37182191.97916604,0.21627864687122553
136.0,51.59567,-11.0,3454.8464,38527145.59768346,0.2083518863280273
137.2071,51.0,-11.0,3454.8464,37985509.32834929,0.2114884369583987
137.0,51.10245,-11.0,3454.8464,38077462.946360484,0.21095101053135154
134.0,52.5608,-11.0,3454.8464,39433602.7024176,0.20324859805728898
135.17206,52.0,-11.0,3454.8464,38903169.97752342,0.20620994326071565
135.0,52.08251,-11.0,3454.8464,38980179.5272529,0.20577609980624448
131.0,53.955532,-11.0,3454.8464,40809615.74830368,0.19582774620699897
132.0,53.497158,-11.0,3454.8464,40348147.887777224,0.19827648293042766
133.07138,53.0,-11.0,3454.8464,39858661.60339686,0.20091377731430526
133.0,53.033176,-11.0,3454.8464,39890865.237771206,0.20073869040934697
129.0,54.850796,-11.0,3454.8464,41736781.15517656,0.19103041607005547
130.90277,54.0,-11.0,3454.8464,40855086.90206538,0.19558877422035942
130.0,54.40605,-11.0,3454.8464,41271307.654201716,0.19342151432038537
131.0,54.0,-10.876474,3454.8464,40801235.29856332,0.1960280816155885
127.0,55.720284,-11.0,3454.8464,42673207.03039038,0.1863312136993772
128.66281,55.0,-11.0,3454.8464,41895673.05000263,0.1902227237865255
128.0,55.288624,-11.0,3454.8464,42203610.00866495,0.18867055166865654
129.0,55.0,-10.583775,3454.8464,41708741.49409564,0.19171759609487976
124.0,56.97866,-11.0,3454.8464,44097538.90492399,0.17943340722850215
125.0,56.564972,-11.0,3454.8464,43619422.105138265,0.18171802892536004
126.34624,56.0,-11.0,3454.8464,42983519.87473832,0.1848032305652585
126.0,56.14589,-11.0,3454.8464,43145583.70522152,0.18401127982592222
127.0,56.0,-10.216995,3454.8464,42620925.35071242,0.18764754728218208
122.0,57.787346,-11.0,3454.8464,45058449.8397262,0.1749339442495547
123.94829,57.0,-11.0,3454.8464,44122603.67445578,0.1793145845409696
123.0,57.3857,-11.0,3454.8464,44575954.94184424,0.17717951500976098
124.0,57.0,-10.940651,3454.8464,44093574.695003055,0.17953739323431178
119.0,58.957985,-11.0,3454.8464,46521636.86780417,0.168286738586248
120.0,58.57323,-11.0,3454.8464,46030321.45241296,0.1704932451891113
121.46623,58.0,-11.0,3454.8464,45318899.562399805,0.17373352821469168
121.0,58.183197,-11.0,3454.8464,45543333.20348425,0.17270504399821787
122.0,58.0,-10.407601,3454.8464,45019411.72380866,0.1759909526973463
117.0,59.71047,-11.0,3454.8464,47509615.58064639,0.16392216646694904
118.89039,59.0,-11.0,3454.8464,46576213.66872622,0.16804334139973742
118.0,59.336876,-11.0,3454.8464,47013679.3209364,0.16610155000929544
119.0,59.0,-10.883999,3454.8464,46514038.655463085,0.16850232182840957
114.0,60.799126,-11.0,3454.8464,49014742.08685182,0.1574373730066367
115.0,60.441532,-11.0,3454.8464,48509715.83649026,0.15959259225203848
116.21589,60.0,-11.0,3454.8464,47902326.4684477,0.1622125314409043
116.0,60.078743,-11.0,3454.8464,48009046.579922065,0.1617497451978009
117.0,60.0,-10.200528,3454.8464,47458224.32808864,0.16543441736101083
111.0,61.840637,-11.0,3454.8464,50546577.10370222,0.15101137856681585
112.0,61.498646,-11.0,3454.8464,50032334.24991158,0.15315048310992785
113.43273,61.0,-11.0,3454.8464,49304344.93111533,0.15621081358371214
113.0,61.151485,-11.0,3454.8464,49522457.077563584,0.15528971220332582
114.0,61.0,-10.451504,3454.8464,48979950.78975583,0.15851635168659972
108.0,62.836174,-11.0,3454.8464,52105968.11702261,0.1446181682276652
109.0,62.509445,-11.0,3454.8464,51582397.082063064,0.14674897221669025
110.529655,62.0,-11.0,3454.8464,50791171.37189772,0.15000034603396256
110.0,62.177563,-11.0,3454.8464,51063192.037443504,0.1488780967793432
111.0,62.0,-10.570219,3454.8464,50519798.27967043,0.15188938375642036
105.0,63.786636,-11.0,3454.8464,53693734.935092986,0.13823327710544908
106.0,63.474876,-11.0,3454.8464,53160738.37188919,0.1403633176520671
107.49334,63.0,-11.0,3454.8464,52374135.537406296,0.143532879897496
107.0,63.15797,-11.0,3454.8464,52632099.99607892,0.14248989512458038
108.0,63.0,-10.5641165,3454.8464,52079419.40885888,0.14554137819092827
101.0,64.98454,-11.0,3454.8464,55857508.62401553,0.1296918963605675
102.0,64.69267,-11.0,3454.8464,55310671.533684075,0.13183389175490515
103.0,64.39564,-11.0,3454.8464,54768165.06228377,0.13397038082810497
104.30647,64.0,-11.0,3454.8464,54066986.98290414,0.13674959646811632
104.0,64.09346,-11.0,3454.8464,54230001.33245802,0.13610166074964933
105.0,64.0,-10.440518,3454.8464,53660599.49989064,0.13945946862479572
98.0,65.831985,-11.0,3454.8464,57513942.31331265,0.12324200479204495
99.0,65.55465,-11.0,3454.8464,56957548.52319324,0.12539896883843665
100.94666,65.0,-11.0,3454.8464,55887049.689796306,0.12957645799341821
100.0,65.27215,-11.0,3454.8464,56405459.096222475,0.12754874023772395
101.0,65.0,-10.960585,3454.8464,55855243.89475085,0.12978276102379582
102.0,65.0,-10.206466,3454.8464,55265236.04581148,0.13362962487650237
94.0,66.89332,-11.0,3454.8464,59771383.485637575,0.11454378468545665
95.0,66.6356,-11.0,3454.8464,59201124.333512485,0.11673111538774592
96.0,66.37267,-11.0,3454.8464,58635116.012021884,0.11890936467345746
97.38523,66.0,-11.0,3454.8464,57859304.41695304,0.12190745120392879
97.0,66.10457,-11.0,3454.8464,58073379.92813008,0.12107881743979532
98.0,66.0,-10.578463,3454.8464,57490705.61912279,0.12424207219049287
90.0,67.87664,-11.0,3454.8464,62083736.104092464,0.10569999439691578
91.0,67.63853,-11.0,3454.8464,61499666.19275831,0.10792672874266755
92.0,67.395164,-11.0,3454.8464,60919780.872177415,0.11014263109839109
93.580154,67.0,-11.0,3454.8464,60013277.70397042,0.11361770070290816
93.0,67.146576,-11.0,3454.8464,60344106.376228645,0.1123479686058005
94.0,67.0,-10.740229,3454.8464,59757737.04684839,0.11518669124918075
95.0,67.0,-10.101217,3454.8464,59153937.23314734,0.11891983533029099
85.0,68.99441,-11.0,3454.8464,65053559.084707685,0.09438995972035757
86.0,68.78131,-11.0,3454.8464,64451678.94483278,0.09667672957728331
87.0,68.56289,-11.0,3454.8464,63853875.61244483,0.09895086348115123
88.0,68.339165,-11.0,3454.8464,63260180.87107604,0.10121259835996636
89.47286,68.0,-11.0,3454.8464,62394523.72991134,0.10451671302178545
89.0,68.11016,-11.0,3454.8464,62670624.971516415,0.10346217390965431
90.0,68.0,-10.708688,3454.8464,62069322.458042115,0.10644813391126096
91.0,68.0,-10.1352,3454.8464,61456824.369373955,0.11011534230771249
80.0,69.986946,-11.0,3454.8464,68110690.24891753,0.08274745577959629
81.0,69.799225,-11.0,3454.8464,67491296.02174015,0.0851038282011176
82.0,69.60609,-11.0,3454.8464,66875857.47186403,0.08744607303687651
83.0,69.40755,-11.0,3454.8464,66264410.39414598,0.08977438268580046
84.97336,69.0,-11.0,3454.8464,65069772.59688689,0.0943283581385162
84.0,69.203636,-11.0,3454.8464,65656989.3909033,0.0920889546044828
85.0,69.0,-10.987372,3454.8464,65052980.91140017,0.094423852747949
86.0,69.0,-10.499426,3454.8464,64428675.35724986,0.09800337356196144
75.0,70.85105,-11.0,3454.8464,71255177.65032877,0.07073271980604931
76.0,70.68923,-11.0,3454.8464,70618579.99884522,0.0731658825894193
77.0,70.52187,-11.0,3454.8464,69985810.85636356,0.07558381628698184
78.0,70.34901,-11.0,3454.8464,69356908.32114024,0.0779866542210769
79.929054,70.0,-11.0,3454.8464,68155088.28968942,0.0825785002642605
79.0,70.170654,-11.0,3454.8464,68731909.6890435,0.08037453733009123
80.0,70.0,-10.971802,3454.8464,68109523.00004207,0.08282581506200606
81.0,70.0,-10.560443,3454.8464,67472975.30365187,0.08631243293155
82.0,70.0,-10.126147,3454.8464,66839197.13936406,0.0898224135472972
67.0,71.95316,-11.0,3454.8464,76469449.97682928,0.0506822762781618
68.0,71.83522,-11.0,3454.8464,75805075.43039693,0.05324459926419918
69.0,71.7115,-11.0,3454.8464,75144285.40519527,0.05579092939639346
70.0,71.58204,-11.0,3454.8464,74487119.27617377,0.058321294747655766
71.0,71.44687,-11.0,3454.8464,73833616.29672739,0.0608357349315418
72.0,71.306015,-11.0,3454.8464,73183815.50363114,0.06333430060815523
73.0,71.15951,-11.0,3454.8464,72537755.62237802,0.06581705299946736
74.04718,71.0,-11.0,3454.8464,71865459.94926196,0.06839929398136879
74.0,71.00738,-11.0,3454.8464,71895474.97342874,0.06828406341830524
75.0,71.0,-10.692073,3454.8464,71244011.28550154,0.07161023665361835
76.0,71.0,-10.349078,3454.8464,70594704.3500333,0.07500516259888455
53.0,72.991356,-11.0,3454.8464,86114325.18924421,0.013113408058879344
54.0,72.95748,-11.0,3454.8464,85404061.52137367,0.015896434637871115
55.0,72.917206,-11.0,3454.8464,84696950.17398612,0.018664761389240975
56.0,72.87058,-11.0,3454.8464,83993023.68561023,0.0214181965103327
57.0,72.81768,-11.0,3454.8464,83292315.377868,0.024156563704561526
58.0,72.75853,-11.0,3454.8464,82594859.31166455,0.026879702090765623
59.0,72.69319,-11.0,3454.8464,81900690.23740712,0.02958746606482706
60.0,72.621704,-11.0,3454.8464,81209843.53960247,0.03227972511654843
61.0,72.54411,-11.0,3454.8464,80522355.17618762,0.034956363605204446
62.0,72.46046,-11.0,3454.8464,79838261.61301103,0.03761728049747348
63.0,72.37079,-11.0,3454.8464,79157599.75389704,0.040262389071732026
64.0,72.27513,-11.0,3454.8464,78480406.86675325,0.04289161659300349
65.0,72.17353,-11.0,3454.8464,77806720.50621551,0.04550490396295632
66.58434,72.0,-11.0,3454.8464,76747562.4732068,0.04960891971438069
66.0,72.066025,-11.0,3454.8464,77136578.43331468,0.04810220534950998
67.0,72.0,-10.910751,3454.8464,76466905.29268248,0.05094491516624286
68.0,72.0,-10.681994,3454.8464,75795806.06722575,0.054175726081665806
69.0,72.0,-10.436082,3454.8464,75127503.56169194,0.05743305856084714
70.0,72.0,-10.172487,3454.8464,74462007.17392415,0.06071672712435745
49.0,73.06259,-11.0,3454.8464,88985604.73389676,0.0018365044182992723
50.0,73.05478,-11.0,3454.8464,88263119.75606695,0.004676384826180037
51.0,73.04024,-11.0,3454.8464,87543741.02497974,0.007502717303266427
52.686176,73.0,-11.0,3454.8464,86338328.61010626,0.012235164526223414
52.0,73.019035,-11.0,3454.8464,86827498.5137113,0.010315239718424152
53.0,73.0,-10.985796,3454.8464,86114150.41109678,0.013155531946230467
54.0,73.0,-10.929303,3454.8464,85403110.20927727,0.01610627437038946
55.0,73.0,-10.860732,3454.8464,84694921.70552228,0.01907831393462039
56.0,73.0,-10.779755,3454.8464,83989580.57092321,0.022072228080334377
57.0,73.0,-10.686025,3454.8464,83287084.25886388,0.025088561157866104
58.0,73.0,-10.579182,3454.8464,82587431.8404086,0.02812781928636609
59.0,73.0,-10.458851,3454.8464,81890623.83062023,0.03119046514170415
60.0,73.0,-10.32464,3454.8464,81196662.00785744,0.03427691270312634
61.0,73.0,-10.176142,3454.8464,80505549.22819042,0.03738752199164424
62.0,73.0,-10.012934,3454.8464,79817289.23719443,0.04052259383510529
183.27348,0.0,-10.0,3454.8464,17601893.86796409,0.4539730998475301
183.25755,1.0,-10.0,3454.8464,17607846.034732446,0.4538236071357712
183.2098,2.0,-10.0,3454.8464,17631178.026034854,0.4532348815544485
183.1301,3.0,-10.0,3454.8464,17670031.540658016,0.4522577979303533
183.01839,4.0,-10.0,3454.8464,17724357.380476452,0.45089846468165584
183.0,4.1278925,-10.0,3454.8464,17733267.387749247,0.4506767478643063
182.87581,5.0,-10.0,3454.8464,17794264.900108475,0.4491649393608383
183.0,5.0,-9.716253,3454.8464,17713006.39023988,0.451384681530716
182.70139,6.0,-10.0,3454.8464,17879562.366067525,0.4470679652748044
183.0,6.0,-9.318224,3454.8464,17685105.671194077,0.452342686904305
182.49469,7.0,-10.0,3454.8464,17980121.688667614,0.4446200807053952
182.25542,8.0,-10.0,3454.8464,18095825.677527223,0.44183551396516724
182.0,8.93862,-10.0,3454.8464,18218505.48112109,0.43892052607732795
181.98343,9.0,-10.0,3454.8464,18226567.78624177,0.4387299562928862
182.0,9.0,-9.962368,3454.8464,18215854.25087677,0.4390096788529484
181.68121,10.0,-10.0,3454.8464,18372596.433149967,0.4353197136684929
182.0,10.0,-9.276927,3454.8464,18168116.986750446,0.4405971126198815
181.34564,11.0,-10.0,3454.8464,18533390.24747003,0.4316234807773155
181.0,11.93589,-10.0,3454.8464,18697516.178036354,0.4279139621021738
180.97649,12.0,-10.0,3454.8464,18708823.706049483,0.4276599597658104
181.0,12.0,-9.946955,3454.8464,18693833.234133463,0.4280331555086214
180.577,13.0,-10.0,3454.8464,18899252.06241388,0.4234475524373801
181.0,13.0,-9.04722,3454.8464,18632263.08075947,0.4299990436408094
180.14294,14.0,-10.0,3454.8464,19103994.889793523,0.4190067038253612
180.0,14.305619,-10.0,3454.8464,19170734.382399246,0.41758493519333467
179.67715,15.0,-10.0,3454.8464,19323367.40894738,0.41435622165833974
180.0,15.0,-9.277318,3454.8464,19121623.894250337,0.419107209590482
179.17735,16.0,-10.0,3454.8464,19556970.758477133,0.40951596745215935
179.0,16.332071,-10.0,3454.8464,19638930.979998313,0.40785122158242226
178.64514,17.0,-10.0,3454.8464,19804965.688796643,0.4045045602539055
179.0,17.0,-9.211068,3454.8464,19585945.813530684,0.40944088354654523
178.07814,18.0,-10.0,3454.8464,20066956.883424167,0.39934103156040046
178.0,18.129944,-10.0,3454.8464,20102629.080377944,0.398652197300545
177.47922,19.0,-10.0,3454.8464,20343326.874574155,0.394042606800009
177.0,19.754562,-10.0,3454.8464,20561863.1859257,0.38995578261773295
176.84479,20.0,-10.0,3454.8464,20633521.14845578,0.388627200420576
177.0,20.0,-9.659332,3454.8464,20539284.40900924,0.3905983532663164
176.17685,21.0,-10.0,3454.8464,20937835.41056751,0.3831106737441558
176.0,21.251276,-10.0,3454.8464,21017320.78819931,0.38170241421154505
175.47491,22.0,-10.0,3454.8464,21256220.96058941,0.37750851587630807
175.0,22.643183,-10.0,3454.8464,21469230.04533684,0.37385904339603954
174.73737,23.0,-10.0,3454.8464,21588467.16730166,0.37183551650998037
174.0,23.953554,-10.0,3454.8464,21918410.69302536,0.36637116584195606
175.0,23.0,-9.431825,3454.8464,21432247.773338757,0.37485796971815
173.96419,24.0,-10.0,3454.8464,21934632.259016275,0.36610514360299684
174.0,24.0,-9.922997,3454.8464,21913403.65936065,0.3665039367222731
173.15697,25.0,-10.0,3454.8464,22295065.855448857,0.3603295411764796
173.0,25.18588,-10.0,3454.8464,22364124.08723423,0.35924935990765744
172.31392,26.0,-10.0,3454.8464,22669608.954748183,0.35452054029614966
172.0,26.35656,-10.0,3454.8464,22807290.914914764,0.3524405915056401
171.43446,27.0,-10.0,3454.8464,23058319.50904382,0.34868873898524916
171.0,27.473907,-10.0,3454.8464,23248245.019283418,0.34591817934965674
170.51834,28.0,-10.0,3454.8464,23461340.53983604,0.3428436955729343
170.0,28.543594,-10.0,3454.8464,23687150.639927518,0.33966338655086503
169.56522,29.0,-10.0,3454.8464,23878839.95923213,0.33699403338195866
169.0,29.570494,-10.0,3454.8464,24124187.56438503,0.3336582269973887
170.0,29.0,-9.093689,3454.8464,23629945.996915884,0.34106135668200477
168.5747,30.0,-10.0,3454.8464,24311011.598032363,0.3311474721824077
168.0,30.55882,-10.0,3454.8464,24559548.778370347,0.32788556150959053
169.0,30.0,-9.120132,3454.8464,24068852.5853873,0.33498997384493917
167.54634,31.0,-10.0,3454.8464,24758076.21753326,0.32531086393050934
167.0,31.512232,-10.0,3454.8464,24993438.348318093,0.32232916245920706
168.0,31.0,-9.068754,3454.8464,24501218.296743065,0.3292690986089589
166.4796,32.0,-10.0,3454.8464,25220282.519465297,0.3194902314461988
166.0,32.433907,-10.0,3454.8464,25426069.5266993,0.3169737518192053
165.37386,33.0,-10.0,3454.8464,25697908.149890494,0.31369080908582214
165.0,33.326626,-10.0,3454.8464,25857663.04726001,0.3118050174771123
164.2284,34.0,-10.0,3454.8464,26191260.84615418,0.3079170827733272
164.0,34.192818,-10.0,3454.8464,26288445.739795342,0.3068096102061542
162.0,35.850887,-10.0,3454.8464,27147533.40449892,0.29731264410219216
163.0424,35.0,-10.0,3454.8464,26700679.308424935,0.3021728337863488
163.0,35.034622,-10.0,3454.8464,26718648.98302104,0.30197513060868236
161.81703,36.0,-10.0,3454.8464,27226931.16753274,0.2964606928501888
161.0,36.6455,-10.0,3454.8464,27575881.76240383,0.29279648910538847
162.0,36.0,-9.641726,3454.8464,27125286.449645735,0.2978093198691032
160.55017,37.0,-10.0,3454.8464,27770223.52729527,0.29078338073982973
160.0,37.42073,-10.0,3454.8464,28004161.362121947,0.288410947614812
161.0,37.0,-9.127536,3454.8464,27522063.11179554,0.2939872040360758
158.0,38.91683,-10.0,3454.8464,28860899.665007688,0.28000653821768573
159.24026,38.0,-10.0,3454.8464,28330913.647171192,0.2851428880626433
159.0,38.17793,-10.0,3454.8464,28432615.980615698,0.2841465950550525
157.88733,39.0,-10.0,3454.8464,28909748.7299989,0.279540191753638
157.0,39.6368,-10.0,3454.8464,29288392.25870628,0.27599770194588724
158.0,39.0,-9.786803,3454.8464,28847711.672057487,0.28029440016823853
156.49188,40.0,-10.0,3454.8464,29507668.254991136,0.27397551917859353
156.0,40.342117,-10.0,3454.8464,29716599.558614567,0.2720863622826386
157.0,40.0,-9.048662,3454.8464,29230016.326244242,0.27726469614977084
154.0,41.707684,-10.0,3454.8464,30573919.808356814,0.2645672652313357
155.04985,41.0,-10.0,3454.8464,30124694.62831694,0.2684498695519407
155.0,41.033615,-10.0,3454.8464,30145769.397988345,0.2682656498438354
153.56438,42.0,-10.0,3454.8464,30762539.282403782,0.26296145301165824
153.0,42.369118,-10.0,3454.8464,31003081.994677085,0.26095134056320596
154.0,42.0,-9.206427,3454.8464,30525257.91523009,0.2656182833505462
151.0,43.653294,-10.0,3454.8464,31863434.857300326,0.25397451702750595
152.02997,43.0,-10.0,3454.8464,31421046.440233484,0.2575107570702986
152.0,43.019016,-10.0,3454.8464,31433759.765979663,0.2574079785330806
149.0,44.889732,-10.0,3454.8464,32727307.337931424,0.24730699756690164
150.45018,44.0,-10.0,3454.8464,32102274.427920494,0.25209452896658896
150.0,44.27711,-10.0,3454.8464,32294785.2198899,0.2506053772625316
151.0,44.0,-9.02747,3454.8464,31804001.911352478,0.2552601325211979
148.81967,45.0,-10.0,3454.8464,32806287.36212475,0.24671221864529375
148.0,45.489628,-10.0,3454.8464,33159711.463867985,0.2440948614619779
149.0,45.0,-9.686892,3454.8464,32708072.18567407,0.24772558917677637
146.0,46.659565,-10.0,3454.8464,34029033.60751696,0.23785158734561646
147.13927,46.0,-10.0,3454.8464,33534757.616178975,0.24136034943709106
147.0,46.080734,-10.0,3454.8464,33594503.922955684,0.2409317185994943
144.0,47.78964,-10.0,3454.8464,34903254.59227328,0.23185241266195813
145.40799,47.0,-10.0,3454.8464,34289098.72184375,0.2360353425095359
145.0,47.229553,-10.0,3454.8464,34465584.450150184,0.23482171106274216
146.0,47.0,-9.005624,3454.8464,33968452.348580204,0.2391859472182322
142.0,48.88231,-10.0,3454.8464,35782884.15207361,0.22607577213278138
143.6228,48.0,-10.0,3454.8464,35070316.99733645,0.23073403167366546
143.0,48.340076,-10.0,3454.8464,35341958.63512312,0.22894215537789991
144.0,48.0,-9.379542,3454.8464,34865373.957681336,0.2326971810439582
140.0,49.939785,-10.0,3454.8464,36668437.8937652,0.22050155894959902
141.78238,49.0,-10.0,3454.8464,35880060.88469415,0.22545167878530178
141.0,49.414577,-10.0,3454.8464,36224140.498496845,0.22327261371588591
142.0,49.0,-9.64978,3454.8464,35761485.12110225,0.22656011001010828
138.0,50.964077,-10.0,3454.8464,37560436.4248627,0.21511101313667952
139.88516,50.0,-10.0,3454.8464,36720133.53046315,0.22018276357702277
139.0,50.45512,-10.0,3454.8464,37112649.35120028,0.21779401797529585
140.0,50.0,-9.8193865,3454.8464,36657408.74054219,0.2207555267769298
136.0,51.956985,-10.0,3454.8464,38459404.49667322,0.2098866168273515
137.92934,51.0,-10.0,3454.8464,37592508.254573315,0.2149209115783834
137.0,51.46355,-10.0,3454.8464,38008008.92610288,0.21248856361657398
138.0,51.0,-9.891482,3454.8464,37553823.6682572,0.21526630472805816
134.0,52.920135,-10.0,3454.8464,39365870.184060514,0.20481199746679338
135.91269,52.0,-10.0,3454.8464,38499346.449389696,0.20965880979844256
135.0,52.441544,-10.0,3454.8464,38910746.5567567,0.20733961120220934
136.0,52.0,-9.869249,3454.8464,38451466.298576556,0.21007718936269187
132.0,53.854977,-10.0,3454.8464,40280364.082061544,0.19987183881966347
133.8327,53.0,-10.0,3454.8464,39443018.44442693,0.20438810910446042
133.0,53.390594,-10.0,3454.8464,39821392.364186995,0.20233159565301664
134.0,53.0,-9.755923,3454.8464,39351131.34363586,0.20517458760641782
130.0,54.76281,-10.0,3454.8464,41203418.52215587,0.19505180003361566
131.68634,54.0,-10.0,3454.8464,40426127.98732003,0.19909931094922428
131.0,54.312042,-10.0,3454.8464,40740478.460324734,0.19744994345384825
132.0,54.0,-9.554775,3454.8464,40253671.68931162,0.2005463569196965
128.0,55.64478,-10.0,3454.8464,42135566.80550548,0.19033844274942502
129.47012,55.0,-10.0,3454.8464,41451541.16032504,0.19378163580383634
129.0,55.207077,-10.0,3454.8464,41668538.16447842,0.19268099782874887
130.0,55.0,-9.269101,3454.8464,41159997.2732449,0.19618159678357472
125.0,56.92171,-10.0,3454.8464,43552900.26452634,0.18343570522175645
126.0,56.501904,-10.0,3454.8464,43077342.45150386,0.18571916616895162
127.17994,56.0,-10.0,3454.8464,42522420.74750681,0.18842286963604465
127.0,56.076748,-10.0,3454.8464,42606105.23129703,0.18801195182068353
123.0,57.74287,-10.0,3454.8464,44509185.183315575,0.17894127247984498
124.81284,57.0,-10.0,3454.8464,43643078.11734787,0.18300656153593198
124.0,57.33506,-10.0,3454.8464,44029278.45973866,0.1811821499065491
125.0,57.0,-9.759861,3454.8464,43538840.47799684,0.18383208560562303
120.0,58.93227,-10.0,3454.8464,45965027.05430083,0.17231483048569898
121.0,58.541256,-10.0,3454.8464,45476278.94120346,0.1745125784934366
122.36382,58.0,-10.0,3454.8464,44817823.4464581,0.17751535456156226
122.0,58.14501,-10.0,3454.8464,44991906.58091941,0.17671630437998195
123.0,58.0,-9.210433,3454.8464,44463710.43781952,0.18027181469222314
118.0,59.6974,-10.0,3454.8464,46948054.245345,0.1679719879814991
119.82608,59.0,-10.0,3454.8464,46051154.57961153,0.17193048239144149
119.0,59.317486,-10.0,3454.8464,46454710.54618531,0.17013940520176013
120.0,59.0,-9.794116,3454.8464,45953296.624728754,0.17267765827899467
115.0,60.805264,-10.0,3454.8464,48445521.24548048,0.1615304727344536
116.0,60.441227,-10.0,3454.8464,47943058.2591294,0.16367003698879926
117.19424,60.0,-10.0,3454.8464,47349514.22183703,0.16622565184543128
117.0,60.072044,-10.0,3454.8464,47445006.24196765,0.1658121837600448
118.0,60.0,-9.080748,3454.8464,46896844.3349167,0.1696251269475084
112.0,61.866367,-10.0,3454.8464,49969564.59770689,0.15515947870506802
113.0,61.517796,-10.0,3454.8464,49457851.16989213,0.15727947444476492
114.46021,61.0,-10.0,3454.8464,48719776.05931084,0.16037176447708906
114.0,61.16411,-10.0,3454.8464,48950561.003528014,0.1594002116330279
115.0,61.0,-9.415797,3454.8464,48413598.43128373,0.1626275957794634
109.0,62.88195,-10.0,3454.8464,51521036.37869336,0.14883184463521817
110.0,62.548492,-10.0,3454.8464,50999958.04066315,0.15094035379746626
111.6136,62.0,-10.0,3454.8464,50169632.608488604,0.1543358107833879
111.0,62.209934,-10.0,3454.8464,50483306.29413973,0.15304775779536112
112.0,62.0,-9.6046295,3454.8464,49948486.24899249,0.15593379552174683
106.0,63.852997,-10.0,3454.8464,53100756.908375084,0.14252187411656256
107.0,63.534344,-10.0,3454.8464,52570215.24041486,0.1446267363902572
108.64309,63.0,-10.0,3454.8464,51709221.93140089,0.1480743914755353
108.0,63.2106,-10.0,3454.8464,52044094.70014629,0.14672865588439185
109.0,63.0,-9.655978,3454.8464,51503245.880153224,0.14953329570194562
103.0,64.78023,-10.0,3454.8464,54709516.68289767,0.13620543466249008
104.0,64.47612,-10.0,3454.8464,54169428.151811436,0.13831420016195795
105.534,64.0,-10.0,3454.8464,53350743.03255893,0.1415348657304186
105.0,64.16693,-10.0,3454.8464,53633746.87831566,0.14041821109433786
106.0,64.0,-9.578508,3454.8464,53079748.45810382,0.14341487003034023
99.0,65.94877,-10.0,3454.8464,56902156.42501086,0.1277333746451038
100.0,65.66411,-10.0,3454.8464,56348079.23609217,0.12986007876814012
101.0,65.374344,-10.0,3454.8464,55798373.55074296,0.13197995435264465
102.2672,65.0,-10.0,3454.8464,55109067.8558317,0.13465292457806438
102.0,65.07948,-10.0,3454.8464,55253053.44439269,0.13409330826224763
103.0,65.0,-9.380643,3454.8464,54679971.23611181,0.13756592908533977
96.0,66.77529,-10.0,3454.8464,58580905.575502425,0.12131886575724751
97.0,66.50483,-10.0,3454.8464,58017184.6647145,0.12346518076112023
98.8184,66.0,-10.0,3454.8464,57003999.695214964,0.12734329992173776
98.0,66.22925,-10.0,3454.8464,57457802.7083551,0.12560297167169004
99.0,66.0,-9.860078,3454.8464,56895824.62296375,0.1280573969950622
100.0,66.0,-9.07038,3454.8464,56305970.48347238,0.13197214127365783
92.0,67.80987,-10.0,3454.8464,60868649.211025074,0.11264731779821457
93.0,67.55867,-10.0,3454.8464,60290962.6620297,0.11482990694470288
94.0,67.302315,-10.0,3454.8464,59717553.41732626,0.11700208237080095
95.15451,67.0,-10.0,3454.8464,59061553.900667846,0.11949458114605085
95.0,67.04082,-10.0,3454.8464,59148444.890262574,0.1191641311094739
96.0,67.0,-9.397881,3454.8464,58555310.28995134,0.12275579430591549
87.0,68.99413,-10.0,3454.8464,63807713.134114854,0.10156694671646813
88.0,68.76749,-10.0,3454.8464,63211967.61171174,0.10380711734275726
89.0,68.53561,-10.0,3454.8464,62620395.57579099,0.1060348811806219
90.0,68.29851,-10.0,3454.8464,62033026.947871864,0.10825050034990971
91.22907,68.0,-10.0,3454.8464,61317793.257432275,0.1109537226514612
91.0,68.05621,-10.0,3454.8464,61449889.89656453,0.11045423912500858
92.0,68.0,-9.507256,3454.8464,60849280.379397646,0.11387587288587657
83.0,69.85432,-10.0,3454.8464,66220911.884683184,0.09247099722370532
84.0,69.647194,-10.0,3454.8464,65611467.05181448,0.09476560564083575
85.0,69.43477,-10.0,3454.8464,65006109.19454162,0.0970463165633259
86.97377,69.0,-10.0,3454.8464,63823519.72145528,0.10150749846621115
86.0,69.21706,-10.0,3454.8464,64404871.86075704,0.09931335752233837
87.0,69.0,-9.985509,3454.8464,63807199.931500405,0.10160502851654539
88.0,69.0,-9.417581,3454.8464,63191174.62875989,0.1053156894632174
77.0,70.99319,-10.0,3454.8464,69948667.38812605,0.07838463401778405
78.0,70.81668,-10.0,3454.8464,69317756.53055695,0.0807706567312475
79.0,70.63474,-10.0,3454.8464,68690766.04630354,0.0831412067131824
80.0,70.447395,-10.0,3454.8464,68067734.2872653,0.08549645366703243
81.0,70.25467,-10.0,3454.8464,67448698.53727785,0.08783657391081506
82.280174,70.0,-10.0,3454.8464,66663088.91362381,0.09080649517756313
82.0,70.05658,-10.0,3454.8464,66833694.929839246,0.09016175002909274
83.0,70.0,-9.652321,3454.8464,66210021.61550379,0.09341305930462146
84.0,70.0,-9.1460905,3454.8464,65584406.00840459,0.09704985521379286
71.0,71.94635,-10.0,3454.8464,73802180.65743646,0.06371452479761153
72.0,71.80136,-10.0,3454.8464,73150444.66466497,0.06620042587193566
73.0,71.65078,-10.0,3454.8464,72502454.64346015,0.06866984886130145
74.0,71.494644,-10.0,3454.8464,71858251.03646204,0.07112288571136428
75.0,71.33297,-10.0,3454.8464,71217873.73275477,0.073559638038708
76.96053,71.0,-10.0,3454.8464,69973820.13636324,0.07828943101229113
76.0,71.16579,-10.0,3454.8464,70581361.9707776,0.07598021666433363
77.0,71.0,-9.984718,3454.8464,69948271.8031311,0.07842796195523544
78.0,71.0,-9.583102,3454.8464,69306767.47330165,0.08194073754916718
79.0,71.0,-9.157642,3454.8464,68668172.08122197,0.08548033344913336
63.0,72.91229,-10.0,3454.8464,79134636.44776285,0.04320031190841804
64.0,72.811745,-10.0,3454.8464,78455644.56166488,0.04582350047757672
65.0,72.705345,-10.0,3454.8464,77780150.14621083,0.04842992627306622
66.0,72.593124,-10.0,3454.8464,77108192.95744267,0.05101956005481187
67.0,72.475105,-10.0,3454.8464,76439812.8889232,0.053592385961258024
68.0,72.35133,-10.0,3454.8464,75775049.87716967,0.05614840105024496
69.0,72.22183,-10.0,3454.8464,75113943.8060365,0.058687614836691285
70.61719,72.0,-10.0,3454.8464,74053651.54307647,0.062754448945289
70.0,72.08664,-10.0,3454.8464,74456534.4106344,0.061210048831953905
71.0,72.0,-9.8868065,3454.8464,73799961.97336918,0.06404543881530275
72.0,72.0,-9.575122,3454.8464,73141863.20053259,0.06743321603237583
73.0,72.0,-9.242686,3454.8464,72486717.2912291,0.07084969394837906
48.0,73.70001,-10.0,3454.8464,89705696.1816228,0.0018811519931418571
49.0,73.6922,-10.0,3454.8464,88978685.76217894,0.00474242190246699
50.0,73.677734,-10.0,3454.8464,88254727.95468417,0.007589473759469324
51.0,73.65669,-10.0,3454.8464,87533852.50720489,0.010422031929564052
52.0,73.62913,-10.0,3454.8464,86816090.05832216,0.013239836067827769
53.0,73.59511,-10.0,3454.8464,86101472.11861621,0.016042641263474627
54.0,73.55468,-10.0,3454.8464,85390031.04513979,0.018830218129188732
55.0,73.50791,-10.0,3454.8464,84681800.00905015,0.021602352836605908
56.0,73.45485,-10.0,3454.8464,83976812.95661786,0.02435884709984302
57.0,73.395546,-10.0,3454.8464,83275104.56389074,0.027099518109376382
58.0,73.33005,-10.0,3454.8464,82576710.18532777,0.02982419841899874
59.0,73.2584,-10.0,3454.8464,81881665.79675111,0.032532735788992
60.0,73.18066,-10.0,3454.8464,81190007.93302605,0.035224992989054044
61.0,73.09685,-10.0,3454.8464,80501773.62089537,0.03790084756480505
62.07387,73.0,-10.0,3454.8464,79766794.8755169,0.04075502648917064
62.0,73.00703,-10.0,3454.8464,79817000.30742843,0.04056019157201279
63.0,73.0,-9.830082,3454.8464,79132802.25598347,0.0437093323084254
64.0,73.0,-9.630469,3454.8464,78451362.39037172,0.04692610211260802
65.0,73.0,-9.4138975,3454.8464,77772906.611759,0.05017097857362122
66.0,73.0,-9.179812,3454.8464,77097441.90405615,0.05344403681490241
47.0,74.0,-9.513685,3454.8464,90440440.26027048,0.0004458080337087606
48.0,74.0,-9.50629,3454.8464,89709809.32494287,0.0033468906030875174
49.0,74.0,-9.487542,3454.8464,88982282.5461333,0.006267364269439997
50.0,74.0,-9.457158,3454.8464,88257847.5539518,0.00920793168480762
51.0,74.0,-9.414843,3454.8464,87536494.19428012,0.012169285241577045
52.0,74.0,-9.360278,3454.8464,86818214.40543458,0.015152102383238192
53.0,74.0,-9.293132,3454.8464,86103002.07636333,0.018157040704323855
54.0,74.0,-9.213052,3454.8464,85390852.88776739,0.021184732858345292
55.0,74.0,-9.119669,3454.8464,84681764.13773964,0.024235781295265067
56.0,74.0,-9.012595,3454.8464,83975734.5537085,0.027310752852672596
183.71106,0.0,-9.0,3454.8464,17315950.877108045,0.46197262856434235
184.0,0.0,-8.257278,3454.8464,17124376.79009742,0.4674879817313318
183.69527,1.0,-9.0,3454.8464,17321931.99751611,0.4618176300122315
184.0,1.0,-8.216717,3454.8464,17119956.307985608,0.46762969313439295
183.64786,2.0,-9.0,3454.8464,17345421.91452455,0.46120569387560906
184.0,2.0,-8.095008,3454.8464,17112332.39921974,0.46789948412153903
183.56876,3.0,-9.0,3454.8464,17384536.940855492,0.46019021755033085
183.45786,4.0,-9.0,3454.8464,17439225.36637739,0.45877773882511863
183.31503,5.0,-9.0,3454.8464,17509415.86763493,0.4569772378026232
183.14006,6.0,-9.0,3454.8464,17595018.544168286,0.45479997165944763
183.0,6.675931,-9.0,3454.8464,17663192.146258805,0.45308242003791677
182.93343,7.0,-9.0,3454.8464,17696019.21115036,0.4522591183412162
183.0,7.0,-8.829808,3454.8464,17652305.617044102,0.4534654381709694
182.69595,8.0,-9.0,3454.8464,17812439.841995373,0.4493696285405848
183.0,8.0,-8.223474,3454.8464,17614096.134587616,0.4547903515820877
182.42583,9.0,-9.0,3454.8464,17943949.43979283,0.4461486025038947
182.12268,10.0,-9.0,3454.8464,18090398.63783016,0.4426141323221287
182.0,10.365248,-9.0,3454.8464,18149196.52851737,0.44121517172365254
181.78835,11.0,-9.0,3454.8464,18251929.128442716,0.4387848944728891
182.0,11.0,-8.462751,3454.8464,18115549.668688145,0.44234596858360514
181.42175,12.0,-9.0,3454.8464,18428289.85417203,0.43468096346392515
181.02106,13.0,-9.0,3454.8464,18619133.195498962,0.43032302756692264
181.0,13.048585,-9.0,3454.8464,18629070.579541903,0.4300998173722791
180.59012,14.0,-9.0,3454.8464,18824875.081166174,0.4257309143559821
180.12447,15.0,-9.0,3454.8464,19044816.707888827,0.4209260936507542
180.0,15.249268,-9.0,3454.8464,19102969.532737806,0.419679828642331
179.62724,16.0,-9.0,3454.8464,19279298.33716698,0.4159283576072275
180.0,16.0,-8.066787,3454.8464,19046299.84671365,0.42144586845028026
179.09538,17.0,-9.0,3454.8464,19527818.73523798,0.4107582863797359
179.0,17.168545,-9.0,3454.8464,19571860.68807166,0.40986062318261907
178.53183,18.0,-9.0,3454.8464,19790725.532402456,0.4054347723803028
178.0,18.887362,-9.0,3454.8464,20036055.19135842,0.40059165787086387
177.9328,19.0,-9.0,3454.8464,20067435.797793992,0.39997723933198037
178.0,19.0,-8.833834,3454.8464,20026087.402141202,0.40088616067639726
177.30176,20.0,-9.0,3454.8464,20358404.34629988,0.3944030165824559
177.0,20.45226,-9.0,3454.8464,20495640.821476296,0.3918363754900254
176.63597,21.0,-9.0,3454.8464,20663230.188996952,0.38872958783548583
176.0,21.906721,-9.0,3454.8464,20951870.663863458,0.38350979299135524
177.0,21.0,-8.106997,3454.8464,20442975.60466985,0.39334040347996824
175.93481,22.0,-9.0,3454.8464,20981820.679734048,0.3829731067613526
176.0,22.0,-8.8410015,3454.8464,20942496.679747727,0.38377241105354304
175.20047,23.0,-9.0,3454.8464,21314531.599548653,0.37714824069202724
175.0,23.260027,-9.0,3454.8464,21404048.715059202,0.375618964335848
174.43114,24.0,-9.0,3454.8464,21661150.020510793,0.37126926032367413
174.0,24.534883,-9.0,3454.8464,21853111.54516395,0.36810199174374014
173.62604,25.0,-9.0,3454.8464,22021636.881258532,0.36534920498379914
173.0,25.743998,-9.0,3454.8464,22299514.02148669,0.36092244445270777
174.0,25.0,-8.101839,3454.8464,21801303.216562,0.3694806539211728
172.78505,26.0,-9.0,3454.8464,22396079.884864636,0.3593999495080546
172.0,26.894926,-9.0,3454.8464,22743391.80491126,0.3540591274049052
173.0,26.0,-8.487127,3454.8464,22269995.731123462,0.36169421204930363
171.90799,27.0,-9.0,3454.8464,22784589.69219676,0.3534323315749455
171.0,27.994104,-9.0,3454.8464,23184901.50994847,0.34749139701737364
172.0,27.0,-8.781957,3454.8464,22730875.790843703,0.35438083411454896
170.99463,28.0,-9.0,3454.8464,23187300.999948848,0.34745617589056127
171.0,28.0,-8.987346,3454.8464,23184177.376850143,0.34750970729331015
170.04512,29.0,-9.0,3454.8464,23604454.749097027,0.34148025000219845
170.0,29.0457,-9.0,3454.8464,23623970.265053947,0.3412074552121303
169.05829,30.0,-9.0,3454.8464,24036100.158268556,0.3355125758817927
169.0,30.056877,-9.0,3454.8464,24061210.49177706,0.33517394271091316
167.0,31.972612,-9.0,3454.8464,24930967.677666914,0.32379148659783724
168.03362,31.0,-9.0,3454.8464,24482435.505605355,0.3295601553282052
168.0,31.031631,-9.0,3454.8464,24496858.155496042,0.3293725149951868
166.9709,32.0,-9.0,3454.8464,24943752.558339804,0.3236290706997111
166.0,32.881973,-9.0,3454.8464,25363528.05184515,0.31842139299711447
167.0,32.0,-8.93359,3454.8464,24927230.36368278,0.32388065217158807
165.87,33.0,-9.0,3454.8464,25420402.84817975,0.31772456120416825
165.0,33.763252,-9.0,3454.8464,25794953.27672463,0.3132417167890375
166.0,33.0,-8.70578,3454.8464,25347056.96164372,0.318809495094033
164.72987,34.0,-9.0,3454.8464,25912623.170401167,0.3118512285279757
164.0,34.618813,-9.0,3454.8464,26225478.479677506,0.3082385167926526
165.0,34.0,-8.393875,3454.8464,25761212.715697452,0.3140275884100413
163.54974,35.0,-9.0,3454.8464,26420744.237665337,0.30601288204403515
163.0,35.450718,-9.0,3454.8464,26655343.00470987,0.3033988874221949
162.32877,36.0,-9.0,3454.8464,26945128.75117858,0.30021266181219863
162.0,36.260796,-9.0,3454.8464,27084789.29469418,0.2987109094526363
160.0,37.81835,-9.0,3454.8464,27942129.862799786,0.28977445568892773
161.06595,37.0,-9.0,3454.8464,27486172.696418725,0.2944530617878744
161.0,37.05065,-9.0,3454.8464,27514061.997539382,0.29416360942735803
159.76288,38.0,-9.0,3454.8464,28044831.141946606,0.28873545922374005
159.0,38.567608,-9.0,3454.8464,28369960.083918646,0.2855156459633317
160.0,38.0,-8.489691,3454.8464,27914000.92350056,0.29040728349455563
158.41692,39.0,-9.0,3454.8464,28621308.48670637,0.2830614340704034
158.0,39.300556,-9.0,3454.8464,28798158.092390798,0.2813702952014609
156.0,40.716995,-9.0,3454.8464,29654515.70216611,0.2734279673500475
157.02606,40.0,-9.0,3454.8464,29215974.47719219,0.2774319122646492
157.0,40.018208,-9.0,3454.8464,29226974.138103247,0.27733031999642144
155.59337,41.0,-9.0,3454.8464,29830350.449388124,0.27184611810386866
155.0,41.402138,-9.0,3454.8464,30082844.488036796,0.26961913489900147
156.0,41.0,-8.156246,3454.8464,29608412.95139119,0.27445345666521426
153.0,42.73134,-9.0,3454.8464,30941148.990359347,0.2622846005752972
154.11356,42.0,-9.0,3454.8464,30464265.956274442,0.2663046750894581
154.0,42.07464,-9.0,3454.8464,30512348.755024686,0.26589482265732994
152.58917,43.0,-9.0,3454.8464,31119342.673558317,0.2608057275420623
152.0,43.375805,-9.0,3454.8464,31370848.570470743,0.258756969935552
153.0,43.0,-8.171387,3454.8464,30896035.09812642,0.26328977826527356
150.0,44.62859,-9.0,3454.8464,32232644.440380625,0.2519453733034708
151.01555,44.0,-9.0,3454.8464,31795681.47920728,0.25534886956519026
151.0,44.00963,-9.0,3454.8464,31802288.213329356,0.25529681934839565
148.0,45.8363,-9.0,3454.8464,33098232.85392261,0.24543265239874815
149.3961,45.0,-9.0,3454.8464,32495364.19691875,0.24993071403072886
149.0,45.237976,-9.0,3454.8464,32664979.142941263,0.248652499691169
147.72562,46.0,-9.0,3454.8464,33218575.724334173,0.24455000811729785
147.0,46.423218,-9.0,3454.8464,33531854.17094425,0.2422904458651061
148.0,46.0,-8.473482,3454.8464,33069673.647491343,0.24608173600165684
145.0,47.56811,-9.0,3454.8464,34403423.47308549,0.23618656421393552
146.00336,47.0,-9.0,3454.8464,33966663.16451038,0.2392036066276982
146.0,47.001896,-9.0,3454.8464,33968102.09468024,0.23919355496249417
143.0,48.67517,-9.0,3454.8464,35280203.73218002,0.2303184278704335
144.23077,48.0,-9.0,3454.8464,34741744.18058576,0.2338865827665147
144.0,48.126854,-9.0,3454.8464,34841677.05070326,0.23321762582690028
141.0,49.74666,-9.0,3454.8464,36162717.36642609,0.22466514701358622
142.40364,49.0,-9.0,3454.8464,35544633.97226012,0.22859569106186614
142.0,49.215405,-9.0,3454.8464,35720865.78817496,0.2274643198364979
139.0,50.784622,-9.0,3454.8464,37051491.58817073,0.21920724782738168
140.52051,50.0,-9.0,3454.8464,36377055.078951254,0.22332581752933173
140.0,50.269646,-9.0,3454.8464,36606194.21247111,0.2219138410201803
141.0,50.0,-8.149727,3454.8464,36117308.03523359,0.2257606642616221
137.0,51.790916,-9.0,3454.8464,37947057.52637981,0.21392655894553525
138.57971,51.0,-9.0,3454.8464,37240889.431178145,0.21807105376973362
138.0,51.291477,-9.0,3454.8464,37498192.456500776,0.21654771955639082
139.0,51.0,-8.272268,3454.8464,37012783.28523327,0.22016349786282818
135.0,52.7672,-9.0,3454.8464,38849949.376464486,0.20880610604777028
136.57924,52.0,-9.0,3454.8464,38138194.40388536,0.21282461843687317
136.0,52.282616,-9.0,3454.8464,38397394.02838692,0.21134870469059996
137.0,52.0,-8.289408,3454.8464,37909481.54498562,0.21487971531359595
133.0,53.714973,-9.0,3454.8464,39760703.5675074,0.2038300149088876
134.51675,53.0,-9.0,3454.8464,39071221.45149335,0.20757876625477645
134.0,53.2446,-9.0,3454.8464,39304334.972689986,0.20630066597349753
135.0,53.0,-8.204906,3454.8464,38808231.709269114,0.2098956822302825
131.0,54.635567,-9.0,3454.8464,40679857.94829312,0.19898342300642569
132.38951,54.0,-9.0,3454.8464,40042437.89437635,0.2023246829805835
132.0,54.1788,-9.0,3454.8464,40219553.045936644,0.20138850294810937
133.0,54.0,-8.0225935,3454.8464,39709924.43712681,0.20519934815461816
128.0,55.96852,-9.0,3454.8464,42076649.886162706,0.1919183135765513
129.0,55.530178,-9.0,3454.8464,41607950.99133405,0.19425239970405855
130.19427,55.0,-9.0,3454.8464,41054552.56399586,0.1970523641328037
130.0,55.086456,-9.0,3454.8464,41143586.90540117,0.1965980633233187
126.0,56.82575,-9.0,3454.8464,43018426.55187055,0.18734169854196178
127.92806,56.0,-9.0,3454.8464,42110834.08281742,0.19174963709121
127.0,56.399853,-9.0,3454.8464,42545521.01512846,0.1896238749298197
128.0,56.0,-8.892514,3454.8464,42071163.30433835,0.19208010803535572
124.0,57.659447,-9.0,3454.8464,43970337.06186139,0.18284955595333255
125.58847,57.0,-9.0,3454.8464,43215412.28327525,0.18640098813499495
125.0,57.24551,-9.0,3454.8464,43493105.42491127,0.18508557618578464
126.0,57.0,-8.404327,3454.8464,42988561.31681031,0.18825955306447742
121.0,58.867607,-9.0,3454.8464,45419014.434026025,0.1762417824631727
122.0,58.47037,-9.0,3454.8464,44932916.1999868,0.17843054197689884
123.168304,58.0,-9.0,3454.8464,44371242.654928826,0.18099362667201416
123.0,58.067955,-9.0,3454.8464,44451239.96421456,0.1806259736136324
119.0,59.645367,-9.0,3454.8464,46397371.99255149,0.17191886035309256
120.66486,59.0,-9.0,3454.8464,45583964.056585476,0.17550555107666294
120.0,59.259174,-9.0,3454.8464,45906696.208914414,0.1740740010888181
121.0,59.0,-8.552416,3454.8464,45397426.326097146,0.1769834574064738
116.0,60.772346,-9.0,3454.8464,47887403.24560558,0.1655197123626426
117.0,60.40191,-9.0,3454.8464,47387573.028507546,0.1676431950779718
118.07006,60.0,-9.0,3454.8464,46857974.35998126,0.16991784733044368
118.0,60.026382,-9.0,3454.8464,46892206.14402651,0.16976992871423155
113.0,61.852894,-9.0,3454.8464,49403954.89573982,0.15920339588067794
114.0,61.4978,-9.0,3454.8464,48894783.041362405,0.16130387590620843
115.379555,61.0,-9.0,3454.8464,48200903.99597059,0.1641992274798309
115.0,61.137634,-9.0,3454.8464,48390141.44271711,0.16340557615899917
116.0,61.0,-8.24232,3454.8464,47852871.66491843,0.16686765767669656
110.0,62.888336,-9.0,3454.8464,50947732.80126639,0.15294216837558483
111.0,62.548203,-9.0,3454.8464,50429202.112659805,0.15502764401221744
112.582535,62.0,-9.0,3454.8464,49618995.11703231,0.15832223576378218
112.0,62.20303,-9.0,3454.8464,49915168.447712764,0.15711258637375403
113.0,62.0,-8.517991,3454.8464,49382731.43990536,0.16010180615689298
107.0,63.879723,-9.0,3454.8464,52519709.67267345,0.14670868097903678
108.0,63.554237,-9.0,3454.8464,51991669.294228554,0.1487874336225655
109.669304,63.0,-9.0,3454.8464,51121298.19120827,0.1522479225506846
109.0,63.22372,-9.0,3454.8464,51468112.898765154,0.15086379871753824
110.0,63.0,-8.640261,3454.8464,50932573.31744808,0.15364341722830124
104.0,64.827866,-9.0,3454.8464,54120621.50710817,0.1404777016336403
105.0,64.51675,-9.0,3454.8464,53582988.08686062,0.14255759831850073
106.62734,64.0,-9.0,3454.8464,52718807.97377139,0.14592858981101664
106.0,64.20061,-9.0,3454.8464,53049826.87869469,0.14463323471343742
107.0,64.0,-8.6195135,3454.8464,52504479.730267406,0.1474828767125781
101.0,65.73329,-9.0,3454.8464,55751223.37614913,0.134225421507703
102.0,65.43633,-9.0,3454.8464,55203928.94216736,0.13631402434655449
103.4404,65.0,-9.0,3454.8464,54424675.65707512,0.13930672210113376
103.0,65.134346,-9.0,3454.8464,54661086.30032005,0.13839652660088342
104.0,65.0,-8.46588,3454.8464,54100507.93310712,0.14160958413555982
97.0,66.87422,-9.0,3454.8464,57973660.468669415,0.12581704865823629
98.0,66.5963,-9.0,3454.8464,57412242.94099759,0.12792975961776518
99.0,66.313324,-9.0,3454.8464,56855232.80214368,0.13003426625782893
100.08724,66.0,-9.0,3454.8464,56255051.291313455,0.13231176730334862
100.0,66.02531,-9.0,3454.8464,56302646.14087427,0.13213088502635353
101.0,66.0,-8.189079,3454.8464,55722811.24200466,0.1360107243200983
93.0,67.93987,-9.0,3454.8464,60251007.42222843,0.11728613300786758
94.0,67.68094,-9.0,3454.8464,59675523.16763524,0.11943343198850345
95.0,67.4169,-9.0,3454.8464,59104385.131359555,0.12157051844560371
96.541794,67.0,-9.0,3454.8464,58233642.07807223,0.12484086917016997
96.0,67.14778,-9.0,3454.8464,58537615.35979712,0.12369769830549245
97.0,67.0,-8.630908,3454.8464,57961899.90584215,0.1266756519853599
89.0,68.93008,-9.0,3454.8464,62583871.95737273,0.10859098449199077
90.0,68.69014,-9.0,3454.8464,61994413.52270043,0.11078248783908673
91.0,68.44506,-9.0,3454.8464,61409226.08322857,0.1129619127987067
92.76513,68.0,-9.0,3454.8464,60387718.544219814,0.11677641350103236
92.0,68.19485,-9.0,3454.8464,60828336.981136926,0.11512954553341037
93.0,68.0,-8.829928,3454.8464,60246190.94032397,0.11770185603698544
94.0,68.0,-8.0841055,3454.8464,59649234.148582675,0.12163216543414357
85.0,69.84405,-9.0,3454.8464,64972799.19859259,0.09969536670385712
86.0,69.62323,-9.0,3454.8464,64369483.50291385,0.1019396203975986
87.0,69.3972,-9.0,3454.8464,63770352.85777177,0.10417012116527848
88.704414,69.0,-9.0,3454.8464,62759972.34763869,0.10793639751820268
88.0,69.165985,-9.0,3454.8464,63175439.03571458,0.1063871252934997
89.0,69.0,-8.809472,3454.8464,62579217.739915624,0.10907749166379115
90.0,69.0,-8.143049,3454.8464,61973094.82992729,0.11293505181401381
80.0,70.8766,-9.0,3454.8464,68039409.50876147,0.0882495775133074
81.0,70.68042,-9.0,3454.8464,67418309.76813698,0.09056925470720972
82.0,70.47893,-9.0,3454.8464,66801265.530144155,0.09287353409055912
83.0,70.27215,-9.0,3454.8464,66188313.39220079,0.09516262607042755
84.27874,70.0,-9.0,3454.8464,65411524.19524634,0.09806374974863306
84.0,70.060104,-9.0,3454.8464,65579488.53946895,0.09743674652450414
85.0,70.0,-8.590851,3454.8464,64964533.10037199,0.10078007216374073
74.0,71.95017,-9.0,3454.8464,71836451.24454038,0.07397955509968429
75.0,71.78461,-9.0,3454.8464,71194054.56555049,0.07639960671472634
76.0,71.61359,-9.0,3454.8464,70555535.09309727,0.07880287335702375
77.0,71.43714,-9.0,3454.8464,69920933.36138612,0.0811894964520827
78.0,71.255295,-9.0,3454.8464,69290288.98147485,0.08355962569887473
79.355774,71.0,-9.0,3454.8464,68442767.86090197,0.08674225644685599
79.0,71.06807,-9.0,3454.8464,68663640.55049205,0.0859134186824366
80.0,71.0,-8.692912,3454.8464,68034779.21185611,0.08910009972245526
81.0,71.0,-8.192673,3454.8464,67405670.20132607,0.09277752667445624
67.0,72.965164,-9.0,3454.8464,76425642.86799118,0.05653409849575532
68.0,72.836914,-9.0,3454.8464,75758964.8848769,0.05907890657598264
69.0,72.70301,-9.0,3454.8464,75095941.86731577,0.06160613966941801
70.0,72.563484,-9.0,3454.8464,74436615.72017328,0.06411583902668185
71.0,72.41836,-9.0,3454.8464,73781028.06793661,0.06660805766723166
72.0,72.267654,-9.0,3454.8464,73129220.1510294,0.0690828598903517
73.69081,72.0,-9.0,3454.8464,72036817.58325535,0.07322381123985827
73.0,72.11141,-9.0,3454.8464,72481232.7240303,0.07154032080667497
74.0,72.0,-8.884027,3454.8464,71835425.3978957,0.07431489779773229
75.0,72.0,-8.491204,3454.8464,71189222.012763,0.07785658258078823
76.0,72.0,-8.073583,3454.8464,70546135.35531294,0.08142877084447799
57.0,73.94193,-9.0,3454.8464,83272405.09457566,0.030087879030285803
58.0,73.87096,-9.0,3454.8464,82572313.75521424,0.03281063366773022
59.0,73.79393,-9.0,3454.8464,81875553.97042832,0.03551630885613389
60.0,73.7109,-9.0,3454.8464,81182163.99262857,0.038204779573525534
61.0,73.62191,-9.0,3454.8464,80492182.62839311,0.0408759364323596
62.0,73.526985,-9.0,3454.8464,79805649.15629412,0.04352968534743284
63.0,73.42618,-9.0,3454.8464,79122603.24085505,0.04616594717628937
64.0,73.31951,-9.0,3454.8464,78443084.84322326,0.04878465733738183
65.0,73.20703,-9.0,3454.8464,77767134.1291796,0.0513857654112442
66.71752,73.0,-9.0,3454.8464,76615437.5744925,0.05580866457917504
66.0,73.08877,-9.0,3454.8464,77094791.37510121,0.05396923472990771
67.0,73.0,-8.925096,3454.8464,76425553.52527831,0.05675822688332623
68.0,73.0,-8.6442995,3454.8464,75758271.15569702,0.06013635070027938
69.0,73.0,-8.342841,3454.8464,75094169.01026809,0.06354618999567982
70.0,73.0,-8.019998,3454.8464,74433248.23951873,0.06698744480479454
47.0,74.313286,-9.0,3454.8464,90445033.4700465,0.001948232914979031
48.0,74.30533,-9.0,3454.8464,89713622.67250468,0.004831666280511412
49.0,74.2907,-9.0,3454.8464,88985287.26929393,0.00770043241490692
50.0,74.26947,-9.0,3454.8464,88260057.57948932,0.010554232515937545
51.0,74.24171,-9.0,3454.8464,87537964.8017013,0.013392782971069767
52.0,74.207466,-9.0,3454.8464,86819040.99453339,0.01621581552722367
53.0,74.16681,-9.0,3454.8464,86103319.04991306,0.01902307740601031
54.0,74.1198,-9.0,3454.8464,85390832.65949564,0.02181433136589964
55.0,74.06648,-9.0,3454.8464,84681616.27438425,0.024589355713365683
56.10576,74.0,-9.0,3454.8464,83901527.48234014,0.027637568877270483
56.0,74.00691,-9.0,3454.8464,83975705.05844389,0.027347944265406515
57.0,74.0,-8.88877,3454.8464,83273557.58769205,0.030427668078032266
58.0,74.0,-8.749495,3454.8464,82574665.72064662,0.03357439064467588
59.0,74.0,-8.594554,3454.8464,81878975.79629621,0.03674946469503
60.0,74.0,-8.423421,3454.8464,81186495.34932262,0.03995337238317598
61.0,74.0,-8.235546,3454.8464,80497231.71058856,0.043186525482340726
62.0,74.0,-8.030355,3454.8464,79811191.71056673,0.046449258886931744
184.10065,0.0,-8.0,3454.8464,17058463.947744623,0.469395297768553
184.08478,1.0,-8.0,3454.8464,17064451.633508656,0.46923506874478754
184.03717,2.0,-8.0,3454.8464,17088027.47587608,0.46860103447501655
184.0,2.4682984,-8.0,3454.8464,17106405.65277646,0.468108335231258
183.9582,3.0,-8.0,3454.8464,17127340.17905739,0.46754892616769417
184.0,3.0,-7.8780365,3454.8464,17099384.189805385,0.4683685395060066
183.84805,4.0,-8.0,3454.8464,17182371.120592374,0.46608564901867133
184.0,4.0,-7.556772,3454.8464,17081054.854822755,0.46904172991120563
183.70618,5.0,-8.0,3454.8464,17252996.29690838,0.4642208327050451
184.0,5.0,-7.1433754,3454.8464,17057868.543597188,0.469879022650675
183.53236,6.0,-8.0,3454.8464,17339121.68489594,0.4619664460991694
183.3264,7.0,-8.0,3454.8464,17440635.217633665,0.45933665320579353
183.08798,8.0,-8.0,3454.8464,17557408.374774996,0.4563475609616615
183.0,8.3250265,-8.0,3454.8464,17600219.032557935,0.4552646835505866
182.81874,9.0,-8.0,3454.8464,17689545.9357672,0.4530166036504381
183.0,9.0,-7.474704,3454.8464,17570726.05827314,0.45630332909896987
182.51764,10.0,-8.0,3454.8464,17836806.490403883,0.449363080056743
182.1833,11.0,-8.0,3454.8464,17998904.08888544,0.44540739752575126
182.0,11.498981,-8.0,3454.8464,18086985.296074666,0.4432926901241311
181.81725,12.0,-8.0,3454.8464,18175918.685560565,0.4411702568241787
182.0,12.0,-7.4737844,3454.8464,18057903.776755564,0.4442766800387886
181.41928,13.0,-8.0,3454.8464,18367711.54913375,0.4366731678053098
181.0,13.969832,-8.0,3454.8464,18567605.156335484,0.43208096779459515
180.98705,14.0,-8.0,3454.8464,18573861.27957956,0.431938191055045
181.0,14.0,-7.9629054,3454.8464,18565572.568128537,0.4321476056718153
180.5246,15.0,-8.0,3454.8464,18794800.201859176,0.42698636167114007
180.02682,16.0,-8.0,3454.8464,19029746.222329997,0.4218398842082029
180.0,16.050495,-8.0,3454.8464,19042261.447492108,0.42157106876765016
179.49838,17.0,-8.0,3454.8464,19279240.45527498,0.4165190322799775
179.0,17.88326,-8.0,3454.8464,19511617.119431175,0.41168357740240685
178.93446,18.0,-8.0,3454.8464,19542554.282916497,0.4110448428218121
179.0,18.0,-7.814934,3454.8464,19501730.879666943,0.4119866943894007
178.33896,19.0,-8.0,3454.8464,19820157.137255646,0.4054363498643318
178.0,19.536785,-8.0,3454.8464,19976019.268239785,0.40236314981954036
177.70877,20.0,-8.0,3454.8464,20111583.117178544,0.3997126529274389
178.0,20.0,-7.183948,3454.8464,19933134.964553803,0.403633567135282
177.04384,21.0,-8.0,3454.8464,20416787.342753522,0.39389146834789124
177.0,21.062664,-8.0,3454.8464,20436638.830649547,0.39352141895828663
176.34659,22.0,-8.0,3454.8464,20736113.858567335,0.38798915390631317
176.0,22.472197,-8.0,3454.8464,20892635.46595296,0.3851705116041523
175.61389,23.0,-8.0,3454.8464,21069138.770572588,0.3820216584998649
175.0,23.798729,-8.0,3454.8464,21345593.824513756,0.37721422011733424
174.84576,24.0,-8.0,3454.8464,21415898.922736302,0.3760034298078209
175.0,24.0,-7.5765195,3454.8464,21323810.091439005,0.3778148849018381
174.04262,25.0,-8.0,3454.8464,21776521.51205712,0.3699477489794366
174.0,25.050777,-8.0,3454.8464,21795371.91261491,0.3696388305555991
173.20517,26.0,-8.0,3454.8464,22151219.63025303,0.3638667487768162
173.0,26.23452,-8.0,3454.8464,22241654.82326149,0.3624368621774176
172.33157,27.0,-8.0,3454.8464,22539843.666028,0.3577717380107702
172.0,27.36403,-8.0,3454.8464,22685453.33444421,0.3555509558577751
171.4216,28.0,-8.0,3454.8464,22942516.47179868,0.3516727831477464
171.0,28.445082,-8.0,3454.8464,23126942.96126669,0.3489599653096612
170.47495,29.0,-8.0,3454.8464,23359386.321581014,0.34557891704242333
170.0,29.482637,-8.0,3454.8464,23566314.079926502,0.3426436617933293
169.49126,30.0,-8.0,3454.8464,23790626.807751656,0.33949819726718694
169.0,30.480988,-8.0,3454.8464,24003771.218746945,0.3365828084809312
168.47008,31.0,-8.0,3454.8464,24236439.017559595,0.33343773235573604
168.0,31.443851,-8.0,3454.8464,24439529.43108241,0.33075924526736444
167.41093,32.0,-8.0,3454.8464,24697051.55584182,0.3274037441797202
167.0,32.374477,-8.0,3454.8464,24873812.72661396,0.3251559194992472
166.31323,33.0,-8.0,3454.8464,25172721.71614023,0.32140161188006644
166.0,33.27569,-8.0,3454.8464,25306852.255895104,0.3197568928525375
164.0,34.99948,-8.0,3454.8464,26170148.75516899,0.3095136087571524
165.1763,34.0,-8.0,3454.8464,25663736.613772485,0.31543592631763784
165.0,34.149967,-8.0,3454.8464,25738885.032367844,0.3145473414435105
163.99939,35.0,-8.0,3454.8464,26170415.174809635,0.3095105354247203
163.0,35.822575,-8.0,3454.8464,26599696.597309623,0.30467210233243025
164.0,35.0,-7.998459,3454.8464,26170073.200126883,0.30951539176914356
162.78404,36.0,-8.0,3454.8464,26693546.124301035,0.30362831825909337
162.0,36.624447,-8.0,3454.8464,27028760.524713717,0.2999841749478966
163.0,36.0,-7.4595323,3454.8464,26573388.680197336,0.3052875713629042
161.5274,37.0,-8.0,3454.8464,27233172.94869876,0.2977919852597085
161.0,37.40666,-8.0,3454.8464,27457591.775505178,0.2954385110686205
159.0,38.91597,-8.0,3454.8464,28314947.915278208,0.28674634648716724
160.22841,38.0,-8.0,3454.8464,27789718.237424526,0.2920034258984444
160.0,38.170586,-8.0,3454.8464,27886442.298149098,0.29102474413415785
158.88718,39.0,-8.0,3454.8464,28363890.856366754,0.2862637852833162
158.0,39.64234,-8.0,3454.8464,28742529.421984732,0.28260955182563663
159.0,39.0,-7.7271013,3454.8464,28301764.01654888,0.2870499916915703
157.5042,40.0,-8.0,3454.8464,28956553.39273721,0.280573569937518
157.0,40.353874,-8.0,3454.8464,29170688.84411645,0.278578677522226
155.0,41.73174,-8.0,3454.8464,30027651.824712217,0.2708433362921555
156.07555,41.0,-8.0,3454.8464,29567754.59206369,0.2749334339907424
156.0,41.05142,-8.0,3454.8464,29599681.9328676,0.27464624682881383
154.60414,42.0,-8.0,3454.8464,30199023.651641108,0.26934234415661606
154.0,42.399,-8.0,3454.8464,30456365.57248498,0.26713256529114293
155.0,42.0,-7.0780973,3454.8464,29983701.80803113,0.27185411096321344
152.0,43.695038,-8.0,3454.8464,31315748.56024281,0.25998238963779935
153.08522,43.0,-8.0,3454.8464,30850365.48030415,0.2638001877818821
153.0,43.054607,-8.0,3454.8464,30886482.533953417,0.263500545187214
150.0,44.943172,-8.0,3454.8464,32178327.6610012,0.2531655341270194
151.52148,44.0,-8.0,3454.8464,31523494.5482865,0.25830483267356946
151.0,44.32441,-8.0,3454.8464,31746289.96023538,0.25653895210781535
149.9081,45.0,-8.0,3454.8464,32218551.728666358,0.25285528225015713
149.0,45.548496,-8.0,3454.8464,32609686.435341842,0.2498921420040957
150.0,45.0,-7.796027,3454.8464,32168654.10096134,0.2533930889124336
147.0,46.72991,-8.0,3454.8464,33477184.2777246,0.24353364402650157
148.24725,46.0,-8.0,3454.8464,32937398.070325874,0.24744835853581915
148.0,46.14498,-8.0,3454.8464,33043343.618697125,0.2466719315575382
145.0,47.871418,-8.0,3454.8464,34349302.53044194,0.23743884562390272
146.53598,47.0,-8.0,3454.8464,33680835.364839174,0.24208157127633873
146.0,47.30521,-8.0,3454.8464,33912383.014325514,0.24045793019333955
147.0,47.0,-7.0038853,3454.8464,33430580.67232987,0.24465538651600277
143.0,48.975506,-8.0,3454.8464,35226566.70730027,0.2315848666629166
144.77237,48.0,-8.0,3454.8464,34450025.63711941,0.23675170765546458
144.0,48.427124,-8.0,3454.8464,34786447.82452306,0.23449301888991061
145.0,48.0,-7.521537,3454.8464,34326958.60600131,0.23798785898195648
142.9553,49.0,-8.0,3454.8464,35246501.26500554,0.23145465411522084
142.0,49.513042,-8.0,3454.8464,35666067.31092803,0.2287555465979455
143.0,49.0,-7.9081306,3454.8464,35222291.921709426,0.23169242541017976
140.0,50.565052,-8.0,3454.8464,36551775.263141334,0.22322534673691108
141.08449,50.0,-8.0,3454.8464,36072193.31596605,0.22618515830507335
141.0,50.044052,-8.0,3454.8464,36109092.38919353,0.22595501650568442
138.0,51.585056,-8.0,3454.8464,37444109.234724104,0.2178836159806415
139.15724,51.0,-8.0,3454.8464,36928647.61949137,0.22093805352260226
139.0,51.07962,-8.0,3454.8464,36997894.83558653,0.2205235765929664
136.0,52.574764,-8.0,3454.8464,38343609.60639057,0.21271280072088872
137.17128,52.0,-8.0,3454.8464,37817695.66133737,0.2157072680131276
137.0,52.084194,-8.0,3454.8464,37893737.80332051,0.2152700506758305
134.0,53.53571,-8.0,3454.8464,39250818.723635584,0.2076964920657988
135.1244,53.0,-8.0,3454.8464,38741483.8434059,0.21048562475004895
135.0,53.059357,-8.0,3454.8464,38797163.372839205,0.21017776568975333
131.0,54.926605,-8.0,3454.8464,40628183.856820464,0.20042134612136736
132.0,54.469273,-8.0,3454.8464,40166280.097173885,0.20281932963761976
133.01408,54.0,-8.0,3454.8464,39702359.052725956,0.20526495276630305
133.0,54.006523,-8.0,3454.8464,39708715.04087013,0.20523111797406976
129.0,55.821064,-8.0,3454.8464,41556506.258920714,0.19573060793732233
130.83914,55.0,-8.0,3454.8464,40703487.35758253,0.2000344841620933
130.0,55.376682,-8.0,3454.8464,41090537.4072624,0.19806691553361588
131.0,55.0,-7.717212,3454.8464,40615881.731819004,0.20080320209208272
127.0,56.69099,-8.0,3454.8464,42494290.79569648,0.19114504213090078
128.5952,56.0,-8.0,3454.8464,41747452.75596444,0.19478404795386256
128.0,56.259033,-8.0,3454.8464,42024133.90385177,0.1934257353174755
129.0,56.0,-7.309746,3454.8464,41527087.95505533,0.1966874006605931
124.0,57.952133,-8.0,3454.8464,43920990.22052932,0.18443015555927525
125.0,57.537308,-8.0,3454.8464,43442078.28149696,0.18665214345235304
126.2781,57.0,-8.0,3454.8464,42837353.00658515,0.18950158967074682
126.0,57.11728,-8.0,3454.8464,42967611.469128184,0.18888308971013712
122.0,58.76423,-8.0,3454.8464,44883769.857791364,0.1800606445903739
123.88433,58.0,-8.0,3454.8464,43977149.34829101,0.18417184010490317
123.0,58.360813,-8.0,3454.8464,44400407.1977206,0.18224015014756617
124.0,58.0,-7.8174553,3454.8464,43913572.41653533,0.18470446971819596
119.0,59.94196,-8.0,3454.8464,46350173.70801982,0.17361846680352547
120.0,59.554623,-8.0,3454.8464,45857742.72718472,0.17575545679497678
121.41081,59.0,-8.0,3454.8464,45171794.22772547,0.17877544502165293
121.0,59.162197,-8.0,3454.8464,45369812.981585644,0.1778979941432985
122.0,59.0,-7.1025214,3454.8464,44848469.26781361,0.1814456152820531
117.0,60.700638,-8.0,3454.8464,47340563.82911044,0.16939737346477363
118.84964,60.0,-8.0,3454.8464,46425217.63399611,0.17329521896229225
118.0,60.32385,-8.0,3454.8464,46843438.85502189,0.17150434529090103
119.0,60.0,-7.7823067,3454.8464,46341922.597416624,0.1739728703712256
114.0,61.800507,-8.0,3454.8464,48849865.12051899,0.1631369660800809
115.0,61.43893,-8.0,3454.8464,48343312.82573369,0.16521554654896875
116.1965,61.0,-8.0,3454.8464,47744045.48718554,0.16770411523310524
116.0,61.072342,-8.0,3454.8464,47841383.82725421,0.16729767716454297
111.0,62.85563,-8.0,3454.8464,50386196.01205404,0.15693915173178463
112.0,62.508884,-8.0,3454.8464,49870103.4111871,0.15900120482464938
113.443375,62.0,-8.0,3454.8464,49134896.8908434,0.1619743150480823
113.0,62.157143,-8.0,3454.8464,49358981.45170801,0.16106422134984733
114.0,62.0,-7.267591,3454.8464,48824592.62440451,0.16442427306496696
108.0,63.86714,-8.0,3454.8464,51950789.84907094,0.15078460803206326
109.0,63.534878,-8.0,3454.8464,51425300.30944801,0.152836347311898
110.5804,63.0,-8.0,3454.8464,50605266.01724185,0.15606961352387
110.0,63.197643,-8.0,3454.8464,50904356.84131252,0.15488629174956084
111.0,63.0,-7.480017,3454.8464,50369445.56486407,0.15790128152223765
105.0,64.835915,-8.0,3454.8464,53544196.3238157,0.14464112064471066
106.0,64.51786,-8.0,3454.8464,53009058.17306302,0.14669103641952766
107.59684,64.0,-8.0,3454.8464,52165146.96527864,0.14995195688266827
107.0,64.19483,-8.0,3454.8464,52478456.95032384,0.148737228217374
108.0,64.0,-7.531204,3454.8464,51936799.534432024,0.15169402263502435
102.0,65.76258,-8.0,3454.8464,55167209.23312405,0.13848495240045278
103.0,65.458496,-8.0,3454.8464,54622356.2209114,0.14054094133309641
104.47878,65.0,-8.0,3454.8464,53826188.907947645,0.14356589958237517
104.0,65.14944,-8.0,3454.8464,54082021.490817316,0.14259129697455797
105.0,65.0,-7.4335113,3454.8464,53528798.03526707,0.1457913137569576
98.0,66.93281,-8.0,3454.8464,57379637.31012931,0.13021513770325235
99.0,66.6475,-8.0,3454.8464,56820541.93375293,0.13229260819697486
100.0,66.3572,-8.0,3454.8464,56265923.45624627,0.13436224342742947
101.20811,66.0,-8.0,3454.8464,55602717.58554023,0.13684913238961127
101.0,66.06192,-8.0,3454.8464,55715795.799210094,0.13642437636282564
102.0,66.0,-7.19887,3454.8464,55147755.54345684,0.1401830616377414
95.0,67.76243,-8.0,3454.8464,59073739.60625546,0.12394227464095649
96.0,67.49079,-8.0,3454.8464,58504880.77342687,0.12604237450003963
97.762344,67.0,-8.0,3454.8464,57514102.646267496,0.1297163036129088
97.0,67.214134,-8.0,3454.8464,57940459.262654774,0.12813284000224157
98.0,67.0,-7.7819886,3454.8464,57375141.84590045,0.1307065787562717
91.0,68.80331,-8.0,3454.8464,61382545.28712735,0.11544411996412532
92.0,68.55032,-8.0,3454.8464,60799534.52588059,0.11758513218424138
93.0,68.29228,-8.0,3454.8464,60220891.054625526,0.1197144940050807
94.10997,68.0,-8.0,3454.8464,59584262.284639455,0.12206261573772585
94.0,68.02919,-8.0,3454.8464,59646638.957130454,0.1218325153651411
95.0,68.0,-7.2480597,3454.8464,59060785.14411869,0.12569955543620198
86.0,69.99873,-8.0,3454.8464,64348758.20776666,0.10455209720304041
87.0,69.76963,-8.0,3454.8464,63747464.730134435,0.10675729988026256
88.0,69.535385,-8.0,3454.8464,63150423.902718544,0.10894872039177823
89.0,69.29601,-8.0,3454.8464,62557666.897028536,0.11112663997630376
90.20836,69.0,-8.0,3454.8464,61848006.412411876,0.11373711609747991
90.0,69.051544,-8.0,3454.8464,61969222.98293304,0.11329134302957315
91.0,69.0,-7.4025836,3454.8464,61374785.27769836,0.11691386540535167
82.0,70.87045,-8.0,3454.8464,66784040.32322964,0.09558124990517958
83.0,70.660324,-8.0,3454.8464,66168956.12345289,0.0978467857784598
84.0,70.44498,-8.0,3454.8464,65558027.35475796,0.10009694302837174
85.99439,70.0,-8.0,3454.8464,64352170.12104881,0.10453957008603423
85.0,70.224434,-8.0,3454.8464,64951289.18390894,0.10233196514185908
86.0,70.0,-7.9963617,3454.8464,64348729.92907671,0.10456161416038161
87.0,70.0,-7.3289332,3454.8464,63741774.91184114,0.10848429464578763
77.0,71.85008,-8.0,3454.8464,69908928.96845576,0.0840021596540795
78.0,71.664536,-8.0,3454.8464,69276193.16258518,0.0863515948185649
79.0,71.473656,-8.0,3454.8464,68647471.64099137,0.08868414381824094
80.0,71.27747,-8.0,3454.8464,68022803.71540536,0.0909999944120296
81.37018,71.0,-8.0,3454.8464,67174705.28757387,0.09414134866979038
81.0,71.07602,-8.0,3454.8464,67402227.40776145,0.09329934147524438
82.0,71.0,-7.6438904,3454.8464,66782980.087805614,0.0965475362918964
83.0,71.0,-7.05108,3454.8464,66165421.423600376,0.10038473562672631
71.0,72.859436,-8.0,3454.8464,73775650.7521876,0.06952220532584566
72.0,72.70458,-8.0,3454.8464,73121828.96463427,0.07198066509302727
73.0,72.54424,-8.0,3454.8464,72471833.93129554,0.07442107660286601
74.0,72.37845,-8.0,3454.8464,71825707.91837287,0.07684354707214103
75.0,72.20722,-8.0,3454.8464,71183492.43125065,0.07924819370697098
76.169464,72.0,-8.0,3454.8464,70438128.68123665,0.08203500461335182
76.0,72.03059,-8.0,3454.8464,70545228.11658229,0.08163514329801443
77.0,72.0,-7.6109133,3454.8464,69910027.35897022,0.08510336265464147
78.0,72.0,-7.1152954,3454.8464,69277997.72573078,0.08882543486193552
63.0,73.90884,-8.0,3454.8464,79126603.2901666,0.04916789510774804
64.0,73.79734,-8.0,3454.8464,78445221.01664215,0.051777292050709904
65.0,73.6801,-8.0,3454.8464,77767397.22681215,0.054368207718036674
66.0,73.55715,-8.0,3454.8464,77093174.32362038,0.05694062345648843
67.0,73.42853,-8.0,3454.8464,76422594.71435905,0.05949453439282634
68.0,73.29425,-8.0,3454.8464,75755700.70448965,0.0620299489599657
69.0,73.15436,-8.0,3454.8464,75092534.3918879,0.06454688843141189
70.05928,73.0,-8.0,3454.8464,74394413.8260897,0.06719186421140053
70.0,73.00887,-8.0,3454.8464,74433137.56215848,0.06704538646885828
71.0,73.0,-7.6604652,3454.8464,73778959.0087361,0.07052287973468102
72.0,73.0,-7.275163,3454.8464,73128295.76525247,0.07409730299666341
46.0,74.90287,-8.0,3454.8464,91204565.32640405,0.002038748570362421
47.0,74.894844,-8.0,3454.8464,90468706.22234476,0.004944548893349978
48.0,74.88021,-8.0,3454.8464,89735863.5206935,0.007834965725527707
49.0,74.85905,-8.0,3454.8464,89006067.16705401,0.01070968457961284
50.0,74.83142,-8.0,3454.8464,88279348.14746311,0.013568407332286378
51.0,74.79738,-8.0,3454.8464,87555738.4695726,0.01641085241687354
52.0,74.75699,-8.0,3454.8464,86835271.13581721,0.01923675495478185
53.0,74.710304,-8.0,3454.8464,86117980.10878655,0.022045866827161188
54.0,74.65738,-8.0,3454.8464,85403900.26903425,0.02483795668883597
55.0,74.59825,-8.0,3454.8464,84693067.36566569,0.027612809927062214
56.0,74.53298,-8.0,3454.8464,83985517.96004847,0.030370228568192766
57.0,74.46161,-8.0,3454.8464,83281289.36309153,0.033110031135821213
58.0,74.384186,-8.0,3454.8464,82580419.5665533,0.03583205246438993
59.0,74.30074,-8.0,3454.8464,81882947.16889325,0.03853614347260353
60.0,74.21133,-8.0,3454.8464,81188911.29622084,0.04122217090132458
61.0,74.11598,-8.0,3454.8464,80498351.51893127,0.043890017020903296
62.138668,74.0,-8.0,3454.8464,79716770.21505786,0.04690363446136274
62.0,74.01475,-8.0,3454.8464,79811307.7646251,0.04653957931309711
63.0,74.0,-7.800519,3454.8464,79130371.1957745,0.04977731332917468
64.0,74.0,-7.5498924,3454.8464,78453320.92420396,0.053144980566096005
65.0,74.0,-7.278758,3454.8464,77779736.59167168,0.056546881590264386
46.0,75.0,-7.8278327,3454.8464,91211348.22809032,0.0025665424047080056
47.0,75.0,-7.811225,3454.8464,90475906.02561489,0.005524561348907144
48.0,75.0,-7.7821975,3454.8464,89743903.23549321,0.008505389815949433
49.0,75.0,-7.7403884,3454.8464,89015339.36537354,0.011509918505485436
50.0,75.0,-7.6854134,3454.8464,88290216.0555232,0.014539028311248635
51.0,75.0,-7.6168647,3454.8464,87568536.85351026,0.01759358473102981
52.0,75.0,-7.53431,3454.8464,86850306.96440774,0.02067443200064687
53.0,75.0,-7.4372935,3454.8464,86135532.97840306,0.023782386971261456
54.0,75.0,-7.3253355,3454.8464,85424222.57794465,0.026918232752415693
55.0,75.0,-7.1979303,3454.8464,84716384.22689076,0.03008271214619182
56.0,75.0,-7.0545473,3454.8464,84012026.8443548,0.03327652090103663
184.4448,0.0,-7.0,3454.8464,16830149.073401686,0.47616653694813893
184.42902,1.0,-7.0,3454.8464,16836163.04829428,0.47600137216627575
184.3817,2.0,-7.0,3454.8464,16859878.420758277,0.4753465208087044
184.30273,3.0,-7.0,3454.8464,16899366.06772444,0.47426007703075257
184.19205,4.0,-7.0,3454.8464,16954569.636524893,0.4727493996368386
184.04948,5.0,-7.0,3454.8464,17025411.43181105,0.47082458722711834
184.0,5.283687,-7.0,3454.8464,17049894.498011835,0.4701645029845975
183.87617,6.0,-7.0,3454.8464,17111956.607061427,0.4684980826337365
184.0,6.0,-6.5829268,3454.8464,17029222.257219687,0.4709307928128752
183.67142,7.0,-7.0,3454.8464,17214031.4078134,0.465784924510399
183.4344,8.0,-7.0,3454.8464,17331437.603848733,0.46270219196447027
183.16481,9.0,-7.0,3454.8464,17464026.303790834,0.4592686231199009
183.0,9.545486,-7.0,3454.8464,17544463.919883065,0.4572148322302656
182.86372,10.0,-7.0,3454.8464,17611818.5777551,0.4555041833495561
183.0,10.0,-6.5439878,3454.8464,17522286.00498526,0.458001325146423
182.53139,11.0,-7.0,3454.8464,17774720.21380347,0.4514300963130819
182.16556,12.0,-7.0,3454.8464,17952329.716241095,0.4470686944194696
182.0,12.415028,-7.0,3454.8464,18031931.631384853,0.44514806502194154
181.76822,13.0,-7.0,3454.8464,18144776.370248683,0.44244223967003726
182.0,13.0,-6.229689,3454.8464,17995166.759882543,0.4463976634113477
181.33844,14.0,-7.0,3454.8464,18351818.231745083,0.43757360349070296
181.0,14.729389,-7.0,3454.8464,18513022.009574253,0.4338619306201934
180.8752,15.0,-7.0,3454.8464,18573209.84759625,0.4324855733157834
181.0,15.0,-6.587764,3454.8464,18493552.415256433,0.4345023965720092
180.38045,16.0,-7.0,3454.8464,18809096.43866292,0.4272003132866776
180.0,16.718107,-7.0,3454.8464,18988223.142642137,0.4232786038404809
179.85147,17.0,-7.0,3454.8464,19059026.499004394,0.42173999137407425
180.0,17.0,-6.512681,3454.8464,18965510.215934455,0.42400087473789105
179.29033,18.0,-7.0,3454.8464,19323184.150958564,0.4161255814874705
179.0,18.486818,-7.0,3454.8464,19458049.74828661,0.41332653815160325
178.6954,19.0,-7.0,3454.8464,19601289.31143196,0.41037758748101505
179.0,19.0,-6.0080137,3454.8464,19412538.258265346,0.41472470864759364
178.06604,20.0,-7.0,3454.8464,19893188.492243934,0.40451546441341885
178.0,20.09947,-7.0,3454.8464,19923403.68855708,0.403922511475907
177.4046,21.0,-7.0,3454.8464,20199177.524036676,0.398557339805085
177.0,21.579824,-7.0,3454.8464,20383846.798040316,0.39505632977461347
176.7079,22.0,-7.0,3454.8464,20518803.03833303,0.39252071044783376
176.0,22.967094,-7.0,3454.8464,20841014.552977093,0.3866222136608877
177.0,22.0,-6.0616145,3454.8464,20341607.804803215,0.3962861538360424
175.976,23.0,-7.0,3454.8464,20852074.47676238,0.38642162699450866
176.0,23.0,-6.92334,3454.8464,20837569.179046173,0.3867206827711767
175.21118,24.0,-7.0,3454.8464,21199353.42442668,0.38027481046740774
175.0,24.263416,-7.0,3454.8464,21293789.84624802,0.3786461159928153
174.41103,25.0,-7.0,3454.8464,21560354.407700866,0.3740941340233924
174.0,25.491158,-7.0,3454.8464,21743505.70608206,0.37104722792612843
173.57515,26.0,-7.0,3454.8464,21935109.347611718,0.3678921500157206
173.0,26.659327,-7.0,3454.8464,22190441.96287395,0.36379584264329046
172.7034,27.0,-7.0,3454.8464,22323710.680233434,0.36168024410786287
172.0,27.774511,-7.0,3454.8464,22634765.207669016,0.3568688625686248
173.0,27.0,-6.073976,3454.8464,22149995.230440978,0.36487729378248773
171.79553,28.0,-7.0,3454.8464,22726274.7559299,0.355468691616489
171.0,28.842358,-7.0,3454.8464,23076657.699697543,0.35024410017213653
172.0,28.0,-6.366106,3454.8464,22607185.831483,0.3575947565518651
170.8513,29.0,-7.0,3454.8464,23142941.974686854,0.3492667092777272
170.0,29.867716,-7.0,3454.8464,23516319.817437567,0.34390029898472113
171.0,29.0,-6.542303,3454.8464,23056831.26197479,0.35075821214025826
169.87032,30.0,-7.0,3454.8464,23573880.788373213,0.3430824527328548
169.0,30.85478,-7.0,3454.8464,23953966.081038214,0.3378174125292963
170.0,30.0,-6.6038465,3454.8464,23499242.56482858,0.344336970859498
168.8522,31.0,-7.0,3454.8464,24019287.11510688,0.33692317803484095
168.0,31.807192,-7.0,3454.8464,24389818.560426027,0.3319764843559311
169.0,31.0,-6.551975,3454.8464,23934754.813959464,0.3383022529900022
167.79645,32.0,-7.0,3454.8464,24479382.44744968,0.3307951614706477
167.0,32.728115,-7.0,3454.8464,24824109.220301446,0.32635978380285324
168.0,32.0,-6.3878837,3454.8464,24363721.883921668,0.33262714301082036
166.70248,33.0,-7.0,3454.8464,24954418.126349747,0.3247038399954413
166.0,33.62032,-7.0,3454.8464,25257076.928420614,0.32095077532490424
167.0,33.0,-6.112727,3454.8464,24786516.38730151,0.3272866890387256
165.56967,34.0,-7.0,3454.8464,25444675.207829423,0.3186538351634999
165.0,34.48623,-7.0,3454.8464,25688965.654676642,0.31573410977728905
164.3973,35.0,-7.0,3454.8464,25950465.126063094,0.31264901309483906
164.0,35.32797,-7.0,3454.8464,26120023.188671913,0.3106955922554437
162.0,36.945133,-7.0,3454.8464,26980260.78613732,0.3011109371240717
163.18452,36.0,-7.0,3454.8464,26472130.824925292,0.306692533700508
163.0,36.147408,-7.0,3454.8464,26550500.101932343,0.3058221376159813
161.93121,37.0,-7.0,3454.8464,27010190.001107085,0.30078685142818545
161.0,37.720646,-7.0,3454.8464,27408699.93600349,0.2965691835002155
162.0,37.0,-6.8029776,3454.8464,26972024.203523777,0.30130806157907164
160.63808,38.0,-7.0,3454.8464,27565386.26371987,0.29493374220343366
160.0,38.478333,-7.0,3454.8464,27837112.92790985,0.29216042685699173
158.0,39.94389,-7.0,3454.8464,28694461.843299072,0.28371274923373396
159.30197,39.0,-7.0,3454.8464,28137800.42921298,0.2891346394896832
159.0,39.21938,-7.0,3454.8464,28265757.207920585,0.2878749811816342
157.92253,40.0,-7.0,3454.8464,28728093.11473996,0.2833902479763936
157.0,40.650066,-7.0,3454.8464,29122044.26853293,0.27969247970465017
158.0,40.0,-6.7858634,3454.8464,28685622.091797348,0.28392332640643075
156.50139,41.0,-7.0,3454.8464,29337402.258748733,0.27770057038198864
156.0,41.342632,-7.0,3454.8464,29550430.97416091,0.27577093816663467
154.0,42.685345,-7.0,3454.8464,30408083.35954254,0.26824178753823424
155.03368,42.0,-7.0,3454.8464,29965645.26638516,0.272065692467276
155.0,42.022324,-7.0,3454.8464,29979878.952309076,0.27194123666160663
152.0,43.976955,-7.0,3454.8464,31268344.838286847,0.2610833672821883
153.52318,43.0,-7.0,3454.8464,30614583.14848291,0.2664843117340861
153.0,43.336716,-7.0,3454.8464,30837490.491016988,0.2646243060160267
151.964,44.0,-7.0,3454.8464,31284055.55775996,0.26095579820314674
151.0,44.60245,-7.0,3454.8464,31698104.561674967,0.2576574466712302
152.0,44.0,-6.9060984,3454.8464,31264539.19887341,0.261176423784513
149.0,45.822884,-7.0,3454.8464,32562234.84703646,0.25101157180917044
150.35991,45.0,-7.0,3454.8464,31976052.591968313,0.25547773787940453
150.0,45.218346,-7.0,3454.8464,32129830.00051891,0.2542939678722442
148.70618,46.0,-7.0,3454.8464,32690849.132161096,0.2500484609754562
148.0,46.41613,-7.0,3454.8464,32995041.239469692,0.24781095155287555
149.0,46.0,-6.257776,3454.8464,32532618.9592941,0.25175522281284357
146.0,47.57343,-7.0,3454.8464,33864697.06218338,0.24160567640418915
147.00182,47.0,-7.0,3454.8464,33429615.808506668,0.24466534952793842
147.0,47.001038,-7.0,3454.8464,33430393.51481676,0.2446598168002224
144.0,48.692795,-7.0,3454.8464,34739329.82347836,0.2356544625857196
145.24876,48.0,-7.0,3454.8464,34194407.89535396,0.23932437521134023
145.0,48.138283,-7.0,3454.8464,34301866.491999246,0.23859310501449277
142.0,49.776535,-7.0,3454.8464,35619476.8747729,0.2299352962888401
143.44267,49.0,-7.0,3454.8464,34985925.33152477,0.2340224123921807
143.0,49.239048,-7.0,3454.8464,35178728.349574216,0.23276649769260768
140.0,50.826744,-7.0,3454.8464,36505679.842394166,0.22442768932607704
141.58237,50.0,-7.0,3454.8464,35805775.10051818,0.22875502434886794
141.0,50.30549,-7.0,3454.8464,36061519.46217729,0.22715916115187568
142.0,50.0,-6.0265174,3454.8464,35582040.76182994,0.23097334278988882
138.0,51.84531,-7.0,3454.8464,37398483.45358492,0.21911255059248919
139.66641,51.0,-7.0,3454.8464,36655707.60184414,0.2235170734501343
139.0,51.339542,-7.0,3454.8464,36950783.77935669,0.22175168793619093
140.0,51.0,-6.2411876,3454.8464,36476843.7157173,0.22525771255117277
136.0,52.833946,-7.0,3454.8464,38298434.97811954,0.21397206844279507
137.6931,52.0,-7.0,3454.8464,37537629.993526876,0.21830264785252923
137.0,52.342964,-7.0,3454.8464,37847068.09976764,0.2165259708769291
138.0,52.0,-6.3195815,3454.8464,37373002.732334375,0.21987691043502894
134.0,53.794186,-7.0,3454.8464,39206082.80560994,0.20898959311538728
135.66048,53.0,-7.0,3454.8464,38453621.43223249,0.21310498466919287
135.0,53.317333,-7.0,3454.8464,38750920.652494825,0.2114650943026654
136.0,53.0,-6.2671947,3454.8464,38271473.49519736,0.2148183411268052
132.0,54.727413,-7.0,3454.8464,40121975.794684574,0.20414953795518492
133.5662,54.0,-7.0,3454.8464,39405950.90922122,0.20791636660336402
133.0,54.264072,-7.0,3454.8464,39662890.95166572,0.20655322913451543
134.0,54.0,-6.089683,3454.8464,39173285.98724602,0.21007123194757427
130.0,55.634853,-7.0,3454.8464,41046662.50894087,0.1994372925069297
131.40753,55.0,-7.0,3454.8464,40397097.72744819,0.20272801615467034
131.0,55.184456,-7.0,3454.8464,40583527.61478643,0.20177553516519053
127.0,56.95037,-7.0,3454.8464,42452458.5222687,0.19257142631805643
128.0,56.517605,-7.0,3454.8464,41980690.318284445,0.19483913737430492
129.18132,56.0,-7.0,3454.8464,41429777.042822964,0.1975299771738281
129.0,56.079613,-7.0,3454.8464,41513379.51239876,0.19711808528719418
125.0,57.797565,-7.0,3454.8464,43400698.497611746,0.18812622667814588
126.8851,57.0,-7.0,3454.8464,42507415.22397681,0.1923097785689016
126.0,57.37663,-7.0,3454.8464,42924604.38480785,0.19034216752198058
127.0,57.0,-6.782822,3454.8464,42445281.865897566,0.19286194999217418
123.0,58.622337,-7.0,3454.8464,44359487.35795681,0.18376427186987632
124.516014,58.0,-7.0,3454.8464,43633895.25672281,0.18705270629740367
124.0,58.21277,-7.0,3454.8464,43878947.04469961,0.18593423257163982
125.0,58.0,-6.1160235,3454.8464,43372628.32678287,0.18934507545982357
120.0,59.818954,-7.0,3454.8464,45819013.34981009,0.17735094937051918
121.0,59.425373,-7.0,3454.8464,45329361.83712918,0.17947427992143045
122.066986,59.0,-7.0,3454.8464,44812216.24200426,0.18174564715997493
122.0,59.02675,-7.0,3454.8464,44844257.01474865,0.1816038807110835
117.0,60.968437,-7.0,3454.8464,47304125.5506521,0.17106992292380055
118.0,60.590347,-7.0,3454.8464,46805200.855057195,0.17315557396042486
119.536934,60.0,-7.0,3454.8464,46048490.3277027,0.17636518738460694
119.0,60.207253,-7.0,3454.8464,46310854.51150897,0.1752456123258649
120.0,60.0,-6.2250757,3454.8464,45796866.914691515,0.17851942773550317
115.0,61.709427,-7.0,3454.8464,48307382.415722996,0.16694689555428688
116.916306,61.0,-7.0,3454.8464,47346467.63476666,0.17089409661755053
116.0,61.341415,-7.0,3454.8464,47803643.81200614,0.16900619228871197
117.0,61.0,-6.867426,3454.8464,47300607.48492847,0.1712817916113194
112.0,62.784073,-7.0,3454.8464,49836745.87185924,0.1608182528006219
113.0,62.43075,-7.0,3454.8464,49323478.937889986,0.16285555816372604
114.201485,62.0,-7.0,3454.8464,48713720.50850236,0.16530121759079533
114.0,62.072495,-7.0,3454.8464,48814861.68906891,0.16489351278218936
109.0,63.815502,-7.0,3454.8464,51394216.73728089,0.15474038727893774
110.0,63.47652,-7.0,3454.8464,50871328.73347545,0.15676424428100433
111.382965,63.0,-7.0,3454.8464,50156944.26394844,0.15955674563741085
111.0,63.132618,-7.0,3454.8464,50353047.45031591,0.15878694065324028
112.0,63.0,-6.1182466,3454.8464,49817263.492996626,0.1623512358441683
106.0,64.804665,-7.0,3454.8464,52980474.12911372,0.14868592228061955
107.0,64.47972,-7.0,3454.8464,52447872.455400035,0.15070478490560807
108.45061,64.0,-7.0,3454.8464,51684705.090807006,0.15362287908594596
108.0,64.14987,-7.0,3454.8464,51919871.493330926,0.15272050576135815
109.0,64.0,-6.2639885,3454.8464,51379965.577207655,0.15609037627484237
103.0,65.75227,-7.0,3454.8464,54596287.68773058,0.14262840280307254
104.0,65.44112,-7.0,3454.8464,54053907.08208464,0.14465047898290603
105.39242,65.0,-7.0,3454.8464,53307542.82163371,0.14745267186140756
105.0,65.12505,-7.0,3454.8464,53516110.82643224,0.1466674390726063
106.0,65.0,-6.2398295,3454.8464,52968045.7730413,0.15015329690015272
99.0,66.951385,-7.0,3454.8464,56799108.49120577,0.13450234297804842
100.0,66.65876,-7.0,3454.8464,56242355.17597558,0.13654297527212597
101.0,66.3612,-7.0,3454.8464,55690148.627266034,0.13857619384574119
102.19283,66.0,-7.0,3454.8464,55038220.36777836,0.1409889866564956
102.0,66.058716,-7.0,3454.8464,55142500.311973825,0.14060234910164546
103.0,66.0,-6.060653,3454.8464,54583977.6178487,0.1445315505856896
96.0,67.803505,-7.0,3454.8464,58485912.954567224,0.12834519767828823
97.0,67.52434,-7.0,3454.8464,57919341.86072922,0.13040644841993534
98.83264,67.0,-7.0,3454.8464,56893459.41855434,0.13415701872566466
98.0,67.24021,-7.0,3454.8464,57357277.97316536,0.13245839238922832
99.0,67.0,-6.8235526,3454.8464,56797547.7001435,0.13488522828752178
92.0,68.87552,-7.0,3454.8464,60785126.108683944,0.12000811852887525
93.0,68.61472,-7.0,3454.8464,60204287.885840416,0.12210852453396165
94.0,68.34892,-7.0,3454.8464,59627887.46357763,0.12419747855335327
95.285706,68.0,-7.0,3454.8464,58894425.99596578,0.12686244263147345
95.0,68.07814,-7.0,3454.8464,59055947.27290253,0.12627531317285468
96.0,68.0,-6.3065634,3454.8464,58482346.39349452,0.12991309491903752
88.0,69.874466,-7.0,3454.8464,63140430.457742766,0.11148736523132743
89.0,69.63209,-7.0,3454.8464,62545462.411702916,0.11363717642634658
90.0,69.38465,-7.0,3454.8464,61954847.38107246,0.1157735392166109
91.51617,69.0,-7.0,3454.8464,61069042.22955085,0.1189820411514792
91.0,69.13218,-7.0,3454.8464,61368613.52297502,0.11789676327104394
92.0,69.0,-6.5804353,3454.8464,60784971.44117122,0.12101341012201647
84.0,70.79942,-7.0,3454.8464,65552199.493697524,0.10274412699215332
85.0,70.575615,-7.0,3454.8464,64943264.87545329,0.10495249119338759
86.0,70.34667,-7.0,3454.8464,64338586.83353883,0.1071456121979969
87.473755,70.0,-7.0,3454.8464,63456554.84690991,0.11034489824325615
87.0,70.112625,-7.0,3454.8464,63738198.34234057,0.10932376621488239
88.0,70.0,-6.596118,3454.8464,63142296.02187276,0.1125060830062813
79.0,71.848656,-7.0,3454.8464,68647634.59405735,0.09145427761263082
80.0,71.64888,-7.0,3454.8464,68020793.15416214,0.0937460261333108
81.0,71.44387,-7.0,3454.8464,67398066.14866465,0.09602076581046862
82.0,71.23364,-7.0,3454.8464,66779491.830963045,0.09827872186389873
83.08353,71.0,-7.0,3454.8464,66114370.68487559,0.10070487744993119
83.0,71.01824,-7.0,3454.8464,66165106.900374,0.1005201260749121
84.0,71.0,-6.3840995,3454.8464,65558217.9889963,0.10436835388949826
73.0,72.94619,-7.0,3454.8464,72479513.1111166,0.07731591034362725
74.0,72.77639,-7.0,3454.8464,71831274.20038688,0.07971835116296339
75.0,72.601204,-7.0,3454.8464,71186956.30478151,0.08210229501892258
76.0,72.42066,-7.0,3454.8464,70546602.07728052,0.08446789178498357
77.0,72.23479,-7.0,3454.8464,69910253.11630453,0.08681530053636874
78.22381,72.0,-7.0,3454.8464,69137852.3522371,0.08965976787242723
78.0,72.04361,-7.0,3454.8464,69277949.87550396,0.08914468922233447
79.0,72.0,-6.5639434,3454.8464,68654625.72675371,0.09266518753550979
66.0,73.994125,-7.0,3454.8464,77109350.97647989,0.05994237494945311
67.0,73.860954,-7.0,3454.8464,76436788.794027,0.06248222531599798
68.0,73.72219,-7.0,3454.8464,75767908.16664025,0.06500273353730565
69.0,73.57787,-7.0,3454.8464,75102753.41098559,0.06750394163037923
70.0,73.428024,-7.0,3454.8464,74441368.47813669,0.06998590425481999
71.0,73.272675,-7.0,3454.8464,73783796.84272149,0.07244868824065892
72.6749,73.0,-7.0,3454.8464,72692116.68243685,0.07652633342851164
72.0,73.111855,-7.0,3454.8464,73130081.39528438,0.07489237214417317
73.0,73.0,-6.8567944,3454.8464,72482860.82811752,0.07773454887418546
74.0,73.0,-6.3946567,3454.8464,71844839.38342088,0.08146844828714311
57.0,74.94961,-7.0,3454.8464,83307852.50233214,0.03617904894854909
58.0,74.86679,-7.0,3454.8464,82605241.64356054,0.038896076756041106
59.0,74.77806,-7.0,3454.8464,81906008.07827426,0.0415941676181969
60.0,74.68343,-7.0,3454.8464,81210192.84147388,0.044273202115082344
61.0,74.58296,-7.0,3454.8464,80517837.4528992,0.04693307716784035
62.0,74.47667,-7.0,3454.8464,79828983.81821704,0.04957370565364372
63.0,74.3646,-7.0,3454.8464,79143674.12741405,0.05219501600275289
64.0,74.24679,-7.0,3454.8464,78461950.7511214,0.054796951783669626
65.95437,74.0,-7.0,3454.8464,77140312.26164316,0.05982520901375142
65.0,74.12326,-7.0,3454.8464,77783856.1356223,0.057379471282233356
66.0,74.0,-6.9857545,3454.8464,77109804.06717475,0.05998581949919059
67.0,74.0,-6.6571107,3454.8464,76447365.22136074,0.0635199918043153
68.0,74.0,-6.303574,3454.8464,75788715.66997175,0.0670934090686536
45.0,75.47255,-7.0,3454.8464,91982818.72439021,0.0021451483499680454
46.0,75.46425,-7.0,3454.8464,91242645.95546468,0.005074200598642729
47.0,75.44932,-7.0,3454.8464,90505513.05005638,0.007987401415092256
48.0,75.42783,-7.0,3454.8464,89771450.36534181,0.01088441083218581
49.0,75.39984,-7.0,3454.8464,89040489.27634966,0.01376490507679324
50.0,75.36542,-7.0,3454.8464,88312662.15599562,0.01662857679140471
51.0,75.324615,-7.0,3454.8464,87588002.34703739,0.019475135195676452
52.0,75.2775,-7.0,3454.8464,86866544.1261769,0.022304306189417658
53.0,75.224106,-7.0,3454.8464,86148322.66059732,0.025115832399287642
54.0,75.1645,-7.0,3454.8464,85433373.95726867,0.027909473171900807
55.0,75.09873,-7.0,3454.8464,84721734.80543862,0.030685004516566944
56.345924,75.0,-7.0,3454.8464,83769962.34457758,0.03438849443040054
56.0,75.02684,-7.0,3454.8464,84013442.71275273,0.033442219001401256
57.0,75.0,-6.891267,3454.8464,83312477.85696593,0.03651968560304383
58.0,75.0,-6.7082124,3454.8464,82617360.44529994,0.039807210702959624
59.0,75.0,-6.506349,3454.8464,81926016.92635359,0.04312986422328194
60.0,75.0,-6.284939,3454.8464,81238462.88816297,0.04648824100707546
61.0,75.0,-6.04321,3454.8464,80554711.69954008,0.04988284644815544
44.0,76.0,-6.031927,3454.8464,92783298.79797207,0.0021852979635436504
45.0,76.0,-6.0162196,3454.8464,92039821.60795215,0.005185891110666601
184.74132,0.0,-6.0,3454.8464,16631130.47507528,0.4822141305418252
184.72563,1.0,-6.0,3454.8464,16637168.458862819,0.48204445256778256
184.67854,2.0,-6.0,3454.8464,16661010.19258504,0.4813705587874827
184.59999,3.0,-6.0,3454.8464,16700707.048820686,0.4802526338943944
184.48985,4.0,-6.0,3454.8464,16756200.61614646,0.47869841356173465
184.348,5.0,-6.0,3454.8464,16827410.37668211,0.4767185093618542
184.17426,6.0,-6.0,3454.8464,16914234.9209522,0.47432620061334296
184.0,6.8465014,-6.0,3454.8464,17000827.489039,0.4719651695212005
183.96867,7.0,-6.0,3454.8464,17016594.05494797,0.47153714108062506
184.0,7.0,-5.8752203,3454.8464,16995595.743065394,0.4721607655776867
183.73288,8.0,-6.0,3454.8464,17134573.223864064,0.46836894490529424
183.46466,9.0,-6.0,3454.8464,17267794.56138759,0.46484147274580806
183.16367,10.0,-6.0,3454.8464,17416090.42750036,0.46097583412976423
183.0,10.490545,-6.0,3454.8464,17496042.585045457,0.4589240736383699
182.83128,11.0,-6.0,3454.8464,17579504.951473944,0.45679409506110386
183.0,11.0,-5.3326025,3454.8464,17468702.112525724,0.45989833176063755
182.46735,12.0,-6.0,3454.8464,17757883.429279014,0.452319318884455
182.06958,13.0,-6.0,3454.8464,17950816.569107234,0.447575229315171
182.0,13.161588,-6.0,3454.8464,17984222.326883607,0.44676857122559277
181.64131,14.0,-6.0,3454.8464,18158589.009309612,0.4425852221714064
181.17914,15.0,-6.0,3454.8464,18380651.7599913,0.43737320642024957
181.0,15.361258,-6.0,3454.8464,18465729.43520365,0.43541779645028256
180.68509,16.0,-6.0,3454.8464,18617144.27284606,0.43196227066837534
180.1573,17.0,-6.0,3454.8464,18867722.53773429,0.4263752612988923
180.0,17.279963,-6.0,3454.8464,18941473.344806783,0.42476727911291046
179.59749,18.0,-6.0,3454.8464,19132512.2710325,0.4206340095984506
179.00247,19.0,-6.0,3454.8464,19411022.895836696,0.41475976082370963
179.0,19.003939,-6.0,3454.8464,19412167.18030687,0.4147361609763003
178.3765,20.0,-6.0,3454.8464,19703746.65764147,0.4087723090435744
178.0,20.568436,-6.0,3454.8464,19877272.90200021,0.40531451314433375
177.71533,21.0,-6.0,3454.8464,20010084.07135795,0.40269078489109505
177.0193,22.0,-6.0,3454.8464,20330047.675766192,0.3965328894691885
177.0,22.02642,-6.0,3454.8464,20338796.23952884,0.3963685283889578
176.29102,23.0,-6.0,3454.8464,20663996.326184057,0.3903150402962163
176.0,23.380363,-6.0,3454.8464,20795447.637659013,0.3879322597446745
175.52737,24.0,-6.0,3454.8464,21011531.49219843,0.3840526163077175
175.0,24.659386,-6.0,3454.8464,21248915.808643,0.3799023914759483
174.72832,25.0,-6.0,3454.8464,21372693.76279337,0.37775964131487133
174.0,25.872454,-6.0,3454.8464,21699328.727944646,0.3722534791249794
173.89378,26.0,-6.0,3454.8464,21747546.0831254,0.37144892101545984
174.0,26.0,-5.604902,3454.8464,21684649.107982002,0.37266048974608
173.02385,27.0,-6.0,3454.8464,22136213.33189168,0.36513206887042843
173.0,27.026308,-6.0,3454.8464,22146700.41241787,0.3649659340902442
172.11884,28.0,-6.0,3454.8464,22538886.911995314,0.3588195470137486
172.0,28.12608,-6.0,3454.8464,22590927.763093755,0.35802512290039834
171.1773,29.0,-6.0,3454.8464,22955528.44232247,0.352520732407341
171.0,29.18109,-6.0,3454.8464,23032831.995838806,0.3513837463227393
170.1989,30.0,-6.0,3454.8464,23386296.602186423,0.34624391275234706
170.0,30.195755,-6.0,3454.8464,23472626.310862258,0.3450206306902959
169.18321,31.0,-6.0,3454.8464,23831376.09449915,0.33999639419707944
169.0,31.173916,-6.0,3454.8464,23910533.551835228,0.338915837128517
168.12978,32.0,-6.0,3454.8464,24290979.28237728,0.3337845326258376
168.0,32.118908,-6.0,3454.8464,24346785.566742532,0.3330506539798644
166.0,33.9189,-6.0,3454.8464,25214750.97721169,0.32198555199641776
167.03802,33.0,-6.0,3454.8464,24765347.12285276,0.3276138071786339
167.0,33.033657,-6.0,3454.8464,24781621.175884623,0.3274076347483589
165.90836,34.0,-6.0,3454.8464,25254922.80793353,0.3214888743038065
165.0,34.777584,-6.0,3454.8464,25646519.578047387,0.31676478944076114
166.0,34.0,-5.679521,3454.8464,25203383.192452885,0.3222714625523718
164.73988,35.0,-6.0,3454.8464,25759988.47369293,0.3154136170381322
164.0,35.61261,-6.0,3454.8464,26077401.220556185,0.311724272026608
165.0,35.0,-5.098464,3454.8464,25614798.757653646,0.31755684407211465
163.53137,36.0,-6.0,3454.8464,26280812.238279246,0.3093911966446096
163.0,36.425804,-6.0,3454.8464,26507652.187465016,0.30685057111889535
161.0,37.992836,-6.0,3454.8464,27367240.577098466,0.2975566063730907
162.28197,37.0,-6.0,3454.8464,26817764.143215552,0.3034241130728252
162.0,37.21878,-6.0,3454.8464,26937530.13958715,0.3021313683296032
160.99075,38.0,-6.0,3454.8464,27371266.939769734,0.2975142496967663
160.0,38.745155,-6.0,3454.8464,27795284.2461197,0.29315444548217784
161.0,38.0,-5.968985,3454.8464,27366162.9424277,0.29758331885925426
159.66016,39.0,-6.0,3454.8464,27942420.23480153,0.2916628936238847
159.0,39.481213,-6.0,3454.8464,28223526.308912933,0.2888763394886282
157.0,40.906998,-6.0,3454.8464,29080914.421199583,0.28067174534956957
158.28584,40.0,-6.0,3454.8464,28531135.296843752,0.2858708321621513
158.0,40.202015,-6.0,3454.8464,28652227.91258171,0.28471332070237093
156.86797,41.0,-6.0,3454.8464,29138227.257205468,0.28013830319700184
156.0,41.595295,-6.0,3454.8464,29508792.30865843,0.27676203242289277
157.0,41.0,-5.5735984,3454.8464,29066390.185595453,0.28103548159909697
154.0,42.933884,-6.0,3454.8464,30367389.48772588,0.26922197406742865
155.4073,42.0,-6.0,3454.8464,29764716.70215465,0.27446503432787167
155.0,42.271027,-6.0,3454.8464,29937713.085063674,0.2729443160855722
153.90019,43.0,-6.0,3454.8464,30410823.60980291,0.2688504172567423
153.0,43.58163,-6.0,3454.8464,30796204.19072994,0.2656196100892625
154.0,43.0,-5.6869764,3454.8464,30356872.410920754,0.2694910682424102
151.0,44.843956,-6.0,3454.8464,31657636.30500449,0.25865121557037485
152.3489,44.0,-6.0,3454.8464,31078057.370077536,0.26329314218917377
152.0,44.218834,-6.0,3454.8464,31226648.61946112,0.2620905115647575
150.74982,45.0,-6.0,3454.8464,31766808.446812086,0.25779174294459056
150.0,45.45681,-6.0,3454.8464,32088706.199916467,0.255305281922255
151.0,45.0,-5.2396917,3454.8464,31632567.073413145,0.2593133996919798
148.0,46.651844,-6.0,3454.8464,32954636.295430258,0.24882871211215424
149.10248,46.0,-6.0,3454.8464,32478230.408434104,0.25234417134791015
149.0,46.060627,-6.0,3454.8464,32521991.884797394,0.25201758024693366
146.0,47.80674,-6.0,3454.8464,33824974.373798124,0.24263492214632687
147.40752,47.0,-6.0,3454.8464,33213852.248577658,0.24694763220091676
147.0,47.234245,-6.0,3454.8464,33389288.44238572,0.2456969460396219
144.0,48.924046,-6.0,3454.8464,34700260.87143257,0.23669987600859804
145.66129,48.0,-6.0,3454.8464,33974369.68445437,0.24159943298550737
145.0,48.36936,-6.0,3454.8464,34261406.78621723,0.23964360814862673
146.0,48.0,-5.026744,3454.8464,33793989.431433916,0.24351986485600852
143.86292,49.0,-6.0,3454.8464,34761223.97863571,0.23629603476713848
143.0,49.46834,-6.0,3454.8464,35138890.604522325,0.23383485982878527
144.0,49.0,-5.6150346,3454.8464,34688167.21256985,0.23705937961883264
141.0,50.533325,-6.0,3454.8464,36022288.73555347,0.22824959486712354
142.01141,50.0,-6.0,3454.8464,35576017.06933365,0.23103326682454015
142.0,50.006016,-6.0,3454.8464,35580983.63315639,0.2310019331327928
139.0,51.566254,-6.0,3454.8464,36912152.31667417,0.2228681596289539
140.10632,51.0,-6.0,3454.8464,36420676.57527689,0.22580604021503012
140.0,51.054462,-6.0,3454.8464,36467331.84164087,0.22552414171321356
137.0,52.568886,-6.0,3454.8464,37809034.851942115,0.21767222839149308
138.14447,52.0,-6.0,3454.8464,37296645.78279722,0.220609261132306
138.0,52.0719,-6.0,3454.8464,37360567.21778011,0.22023904443027037
135.0,53.542797,-6.0,3454.8464,38713490.95896232,0.21264468449699628
136.12401,53.0,-6.0,3454.8464,38205920.25386901,0.21543669275370186
136.0,53.05995,-6.0,3454.8464,38261244.38685092,0.21512924914463782
132.0,54.953392,-6.0,3454.8464,40086656.74552882,0.20537554297745025
133.0,54.489414,-6.0,3454.8464,39626075.50319032,0.2077695111131093
134.04279,54.0,-6.0,3454.8464,39150673.120995596,0.21028121619860288
134.0,54.02009,-6.0,3454.8464,39169918.581861295,0.21017848803445724
130.0,55.861137,-6.0,3454.8464,41011998.06023176,0.200705353615786
131.89943,55.0,-6.0,3454.8464,40133625.57090053,0.20513403778015193
131.0,55.41001,-6.0,3454.8464,40547342.613312006,0.20303169273668714
132.0,55.0,-5.7602835,3454.8464,40080244.44506477,0.20564541291580246
128.0,56.74454,-6.0,3454.8464,41946701.41489423,0.19615218067803816
129.69104,56.0,-6.0,3454.8464,41157425.830556266,0.19998561963101738
129.0,56.30572,-6.0,3454.8464,41477844.806340694,0.1984171260892968
130.0,56.0,-5.286845,3454.8464,40993758.374579154,0.2015360044201619
126.0,57.604565,-6.0,3454.8464,42891314.85802768,0.19170294504993518
127.4137,57.0,-6.0,3454.8464,42224798.86237419,0.19482553262832608
127.0,57.177555,-6.0,3454.8464,42418131.900451094,0.1939125418854223
123.0,58.852688,-6.0,3454.8464,44328584.069612935,0.18519381600075924
124.0,58.442062,-6.0,3454.8464,43846382.73340895,0.18734531693001372
125.0634,58.0,-6.0,3454.8464,43338892.863970876,0.18964166926813236
125.0,58.026386,-6.0,3454.8464,43368750.338623196,0.18950543426379432
121.0,59.657555,-6.0,3454.8464,45299236.10413605,0.180958335263278
122.63949,59.0,-6.0,3454.8464,44504640.766382396,0.18441613502009976
122.0,59.257763,-6.0,3454.8464,44812444.96930195,0.18306765781027157
123.0,59.0,-5.261645,3454.8464,44313127.22696276,0.18617813852020235
118.0,60.826046,-6.0,3454.8464,46777653.59480242,0.174718696278309
119.0,60.441635,-6.0,3454.8464,46281533.03789802,0.1767862791080369
120.133934,60.0,-6.0,3454.8464,45725109.77533444,0.17913493228629537
120.0,60.052277,-6.0,3454.8464,45790036.677975625,0.17885898662377994
115.0,61.949295,-6.0,3454.8464,48282546.36419337,0.16859454932436832
116.0,61.57982,-6.0,3454.8464,47776945.598716065,0.17062936430670342
117.544495,61.0,-6.0,3454.8464,47006391.85727221,0.17377393507647804
117.0,61.205418,-6.0,3454.8464,47275997.34436341,0.17266737057892226
118.0,61.0,-5.152119,3454.8464,46763426.953800485,0.17596650823085327
113.0,62.673843,-6.0,3454.8464,49299568.73584736,0.1645660729595895
114.86233,62.0,-6.0,3454.8464,48353110.286486715,0.16831237699517523
114.0,62.313995,-6.0,3454.8464,48789032.017963745,0.1665782575209288
115.0,62.0,-5.758695,3454.8464,48279153.015612625,0.16897281637467587
110.0,63.725002,-6.0,3454.8464,50850231.1452874,0.15856656811585548
111.0,63.379345,-6.0,3454.8464,50329994.10784778,0.1605617217411634
112.082016,63.0,-6.0,3454.8464,49772719.946130745,0.16271852978549087
112.0,63.02883,-6.0,3454.8464,49814422.38259773,0.16255639597392954
107.0,64.73433,-6.0,3454.8464,52429709.9242906,0.15260213529148164
108.0,64.40255,-6.0,3454.8464,51899684.57886213,0.1545889244024768
109.19489,64.0,-6.0,3454.8464,51273270.66723021,0.15695654389129501
109.0,64.06592,-6.0,3454.8464,51374322.136005916,0.1565732052581386
104.0,65.70259,-6.0,3454.8464,54038732.081796564,0.14664527612412956
105.0,65.38443,-6.0,3454.8464,53498853.31778315,0.1486321942311263
106.18913,65.0,-6.0,3454.8464,52863704.78499228,0.15098587145761902
106.0,65.06142,-6.0,3454.8464,52963623.85794655,0.15061456862736933
100.0,66.93022,-6.0,3454.8464,56232371.547816396,0.13866760434834566
101.0,66.63033,-6.0,3454.8464,55677979.08802575,0.14066984848308506
102.0,66.32557,-6.0,3454.8464,55128202.86447172,0.1426651576770972
103.051285,66.0,-6.0,3454.8464,54555470.726128295,0.1447546952901685
103.0,66.015945,-6.0,3454.8464,54583051.64797319,0.14465390106017406
97.0,67.80446,-6.0,3454.8464,57912369.63090578,0.13263065358074233
98.0,67.51782,-6.0,3454.8464,57348093.219104335,0.13465123668290285
99.76558,67.0,-6.0,3454.8464,56363944.71901095,0.1381932495453695
99.0,67.22629,-6.0,3454.8464,56788393.97563846,0.13666290055221655
100.0,67.0,-5.712467,3454.8464,56233344.04592453,0.13926377388228434
93.0,68.90712,-6.0,3454.8464,60202518.85648224,0.12446245919332581
94.0,68.63857,-6.0,3454.8464,59623847.5267718,0.1265200983484432
95.0,68.365074,-6.0,3454.8464,59049685.32079868,0.1285665446459899
96.3084,68.0,-6.0,3454.8464,58306414.51570505,0.13122303996253387
96.0,68.08667,-6.0,3454.8464,58480052.70021821,0.13060215445531803
97.0,68.0,-5.219799,3454.8464,57918203.104591824,0.13432565625341286
89.0,69.93812,-6.0,3454.8464,62548787.662600346,0.11611739967272362
90.0,69.68768,-6.0,3454.8464,61955873.6500316,0.11822309090475172
91.0,69.43226,-6.0,3454.8464,61367383.34852028,0.12031544687828338
92.65028,69.0,-6.0,3454.8464,60407149.99836807,0.1237349529085497
92.0,69.17186,-6.0,3454.8464,60783343.45526289,0.12239480351728325
93.0,69.0,-5.6480913,3454.8464,60207064.74871883,0.12527853655998497
85.0,70.89669,-6.0,3454.8464,64951455.58678257,0.10755286014810826
86.0,70.6645,-6.0,3454.8464,64344483.607350364,0.10971657295683512
87.0,70.427246,-6.0,3454.8464,63741836.258138694,0.11186499387727478
88.749985,70.0,-6.0,3454.8464,62698699.29434458,0.1155844660878208
88.0,70.18495,-6.0,3454.8464,63143545.620935574,0.1139984277807381
89.0,70.0,-5.777479,3454.8464,62552909.142717615,0.11666439279080573
80.0,71.99008,-6.0,3454.8464,68035783.35310924,0.09648473263582207
81.0,71.78151,-6.0,3454.8464,67410776.34923165,0.09873243350923494
82.0,71.567764,-6.0,3454.8464,66789947.39449365,0.1009628706668681
83.0,71.348885,-6.0,3454.8464,66173334.63564758,0.1031763004338565
84.547874,71.0,-6.0,3454.8464,65228579.910368316,0.10656372753776425
84.0,71.124886,-6.0,3454.8464,65560974.482790634,0.105372985512826
85.0,71.0,-5.6474876,3454.8464,64959992.4182256,0.10846480713974271
75.0,72.96479,-6.0,3454.8464,71208145.95038737,0.08496198279109334
76.0,72.78034,-6.0,3454.8464,70565578.59203753,0.08730380370355773
77.0,72.590614,-6.0,3454.8464,69927031.15454043,0.08962680359420404
78.0,72.39563,-6.0,3454.8464,69292545.91373247,0.09193117473913962
79.95175,72.0,-6.0,3454.8464,68066277.72882536,0.09637478651061207
79.0,72.19541,-6.0,3454.8464,68662163.79837912,0.0942171179927977
80.0,72.0,-5.9684825,3454.8464,68036765.71569681,0.0965712621546841
81.0,72.0,-5.292213,3454.8464,67431971.22938329,0.10064535809937464
69.0,73.97065,-6.0,3454.8464,75131437.81016286,0.07048161161486924
70.0,73.816475,-6.0,3454.8464,74467954.47155698,0.07294469384031647
71.0,73.656845,-6.0,3454.8464,73808286.13627891,0.07538779818456975
72.0,73.4918,-6.0,3454.8464,73152477.82629457,0.07781102606948088
73.0,73.32135,-6.0,3454.8464,72500573.78583272,0.08021449036434342
74.80508,73.0,-6.0,3454.8464,71334624.25568157,0.08449983333697764
74.0,73.145546,-6.0,3454.8464,71852617.37760754,0.08259831499437367
75.0,73.0,-5.8955736,3454.8464,71212119.43890004,0.08526262282047214
76.0,73.0,-5.3363338,3454.8464,70590046.17043312,0.0891895545076779
62.0,74.907265,-6.0,3454.8464,79865780.9367109,0.05264479238652051
63.0,74.79029,-6.0,3454.8464,79178562.39283545,0.055254064376220394
64.0,74.66764,-6.0,3454.8464,78494917.75863004,0.05784300215247004
65.0,74.53934,-6.0,3454.8464,77814891.64640832,0.06041158293616929
66.0,74.405426,-6.0,3454.8464,77138528.61017437,0.06295979871848537
67.0,74.26592,-6.0,3454.8464,76465873.0303868,0.06548765579591044
68.80419,74.0,-6.0,3454.8464,75262507.38364054,0.06999374966388415
68.0,74.120865,-6.0,3454.8464,75796969.00042367,0.06799517432127633
69.0,74.0,-5.920054,3454.8464,75135111.58711836,0.07072251804627731
70.0,74.0,-5.490968,3454.8464,74490775.42665982,0.07446329649003272
71.0,74.0,-5.03084,3454.8464,73850630.20927852,0.07824869421226603
46.0,75.99349,-6.0,3454.8464,91299309.6138015,0.00817167412907145
47.0,75.97197,-6.0,3454.8464,90560784.4995062,0.01109056399589235
48.0,75.944016,-6.0,3454.8464,89825295.50014368,0.013992140129855453
49.0,75.90968,-6.0,3454.8464,89092874.77108367,0.016876079594838455
50.0,75.86903,-6.0,3454.8464,88363555.61090545,0.01974207731434588
51.0,75.82211,-6.0,3454.8464,87637372.42428866,0.022589846187527057
52.0,75.76899,-6.0,3454.8464,86914360.67635055,0.02541911714159609
53.0,75.709694,-6.0,3454.8464,86194556.83880791,0.028229639123602938
54.0,75.64428,-6.0,3454.8464,85477998.32838881,0.031021179035018942
55.0,75.5728,-6.0,3454.8464,84764723.43802086,0.033793521613121213
56.0,75.49529,-6.0,3454.8464,84054771.26134107,0.036546469263707734
57.0,75.411804,-6.0,3454.8464,83348181.61115265,0.03927984185007915
58.0,75.322365,-6.0,3454.8464,82644994.93248606,0.04199347644358633
59.0,75.22703,-6.0,3454.8464,81945252.210969,0.044687227041303415
60.0,75.125824,-6.0,3454.8464,81248994.87722881,0.04736096425662707
61.167732,75.0,-6.0,3454.8464,80440973.35666996,0.05045523107028358
61.0,75.01879,-6.0,3454.8464,80556264.70808895,0.050014574988674884
62.0,75.0,-5.770828,3454.8464,79878333.08476014,0.05335992655481098
63.0,75.0,-5.472866,3454.8464,79206873.04748672,0.05688840060700523
64.0,75.0,-5.1500974,3454.8464,78539646.78356166,0.060459688797029225
44.0,76.01726,-6.0,3454.8464,92785124.27489915,0.0022825829837899033
45.568012,76.0,-6.0,3454.8464,91619729.97330916,0.006903206011232585
45.0,76.00865,-6.0,3454.8464,92040728.03506966,0.005235436319567497
46.0,76.0,-5.9871516,3454.8464,91300252.25679128,0.008212493898550596
47.0,76.0,-5.9438853,3454.8464,90564838.12440294,0.01126906451909254
48.0,76.0,-5.8862906,3454.8464,89833383.16556188,0.01435413880602461
49.0,76.0,-5.81386,3454.8464,89105909.42799918,0.017468861379962855
50.0,76.0,-5.7260547,3454.8464,88382440.72554587,0.020614364124737893
51.0,76.0,-5.6223016,3454.8464,87663002.24017984,0.02379175933166443
52.0,76.0,-5.501995,3454.8464,86947620.09226981,0.027002132500584714
53.0,76.0,-5.3644934,3454.8464,86236320.88167329,0.030246534817671814
54.0,76.0,-5.2091193,3454.8464,85529131.20270619,0.033525975333062195
55.0,76.0,-5.035158,3454.8464,84826077.13642715,0.03684141286458742
184.99101,0.0,-5.0,3454.8464,16461891.074475124,0.48746877408349304
185.0,0.0,-4.9559426,3454.8464,16455751.309355043,0.4876627120172543
184.97539,1.0,-5.0,3454.8464,16467950.339799453,0.4872950954584625
185.0,1.0,-4.879384,3454.8464,16451146.82998493,0.4878255950027204
184.9285,2.0,-5.0,3454.8464,16491903.23005137,0.4866043143751386
185.0,2.0,-4.649659,3454.8464,16443157.134380551,0.48813983854486587
184.85028,3.0,-5.0,3454.8464,16531784.11065204,0.48545847550260723
185.0,3.0,-4.266626,3454.8464,16429955.759026825,0.4886542599102418
184.74063,4.0,-5.0,3454.8464,16587532.742972668,0.48386565488455263
184.5994,5.0,-5.0,3454.8464,16659066.105013553,0.4818369271384496
184.42638,6.0,-5.0,3454.8464,16746279.657604132,0.4793861446453359
184.22134,7.0,-5.0,3454.8464,16849048.909504063,0.4765296686091604
184.0,7.9328337,-5.0,3454.8464,16959280.303186096,0.4735038487670685
183.98419,8.0,-5.0,3454.8464,16967251.448030792,0.4732860476909043
184.0,8.0,-4.92304,3454.8464,16956653.327887975,0.4736027202620733
183.71715,9.0,-5.0,3454.8464,17101028.96372714,0.4696755188880292
183.41745,10.0,-5.0,3454.8464,17249928.428091876,0.46572024790629674
183.0847,11.0,-5.0,3454.8464,17413765.676999945,0.4614433520315595
183.0,11.231913,-5.0,3454.8464,17455094.6374994,0.4603820366725833
182.72145,12.0,-5.0,3454.8464,17592710.533514228,0.4568685689410874
182.32544,13.0,-5.0,3454.8464,17786350.47211803,0.4520204575299256
182.0,13.7571745,-5.0,3454.8464,17943735.93956006,0.44816076032167196
181.8963,14.0,-5.0,3454.8464,17994509.6114142,0.4469235794261939
182.0,14.0,-4.501785,3454.8464,17927356.876219988,0.44872823950754903
181.4362,15.0,-5.0,3454.8464,18217315.874908455,0.4416022647695359
181.0,15.88128,-5.0,3454.8464,18425925.649309367,0.4367359247968724
180.94157,16.0,-5.0,3454.8464,18454211.763728905,0.4360807191733325
181.0,16.0,-4.721121,3454.8464,18416876.333599176,0.43703927429905315
180.41618,17.0,-5.0,3454.8464,18705546.68421425,0.4303822301406488
180.0,17.742073,-5.0,3454.8464,18901971.33385658,0.4260384926447043
179.8561,18.0,-5.0,3454.8464,18970730.694161523,0.4245295622531693
180.0,18.0,-4.3178725,3454.8464,18880183.136555854,0.42674463144274477
179.26381,19.0,-5.0,3454.8464,19249988.963325705,0.41854431710377793
179.0,19.420368,-5.0,3454.8464,19372642.324032187,0.4159804058321056
178.63788,20.0,-5.0,3454.8464,19543073.73772469,0.41244711490515434
178.0,20.964964,-5.0,3454.8464,19838916.81014173,0.40647412350026735
177.97693,21.0,-5.0,3454.8464,19849745.14600272,0.4062573765305927
178.0,21.0,-4.8921165,3454.8464,19835538.324334726,0.40657806917397166
177.28416,22.0,-5.0,3454.8464,20170398.77747628,0.3999932606433678
177.0,22.38967,-5.0,3454.8464,20299945.326279234,0.39752910453954055
176.55646,23.0,-5.0,3454.8464,20504614.93569225,0.3936716746975006
176.0,23.728771,-5.0,3454.8464,20757432.473785777,0.38903347874260713
175.79355,24.0,-5.0,3454.8464,20852373.924200777,0.3873082110307134
175.0,24.994257,-5.0,3454.8464,21211616.374945547,0.38095386474095905
176.0,24.0,-4.0485816,3454.8464,20728367.051583067,0.3898844449621811
174.99542,25.0,-5.0,3454.8464,21213710.970442545,0.3809171788113793
175.0,25.0,-4.9790688,3454.8464,21210979.34053259,0.38097222122640845
174.16379,26.0,-5.0,3454.8464,21588940.190672398,0.37451167071593683
174.0,26.188515,-5.0,3454.8464,21661663.88824523,0.3733031636432732
173.29637,27.0,-5.0,3454.8464,21977847.903552514,0.36810346002326383
173.0,27.327671,-5.0,3454.8464,22108881.0770681,0.36600564150106635
172.39291,28.0,-5.0,3454.8464,22380529.093301892,0.36170316077117576
172.0,28.417774,-5.0,3454.8464,22553485.37177591,0.3590359159114962
171.45314,29.0,-5.0,3454.8464,22797111.290769406,0.35532025553375624
171.0,29.463854,-5.0,3454.8464,22995683.03927684,0.35237089632534013
170.47673,30.0,-5.0,3454.8464,23227748.051472105,0.3489631450594055
170.0,30.470264,-5.0,3454.8464,23435693.211669035,0.345988708727739
169.46327,31.0,-5.0,3454.8464,23672619.798987903,0.34263920022421035
169.0,31.440777,-5.0,3454.8464,23873745.31187778,0.33986877436930363
168.41231,32.0,-5.0,3454.8464,24131934.75496862,0.336354837289671
168.0,32.37868,-5.0,3454.8464,24310077.653326243,0.3339918293654542
167.3233,33.0,-5.0,3454.8464,24605929.79033497,0.330115566938028
167.0,33.286846,-5.0,3454.8464,24744935.24157502,0.32833993262591993
166.19563,34.0,-5.0,3454.8464,25094871.087733705,0.3239260642220536
166.0,34.167793,-5.0,3454.8464,25178567.97908356,0.322896442782992
164.0,35.853622,-5.0,3454.8464,26042144.549655076,0.3126011343744824
165.0286,35.0,-5.0,3454.8464,25599055.073000338,0.3177902233073146
165.0,35.023727,-5.0,3454.8464,25611229.49391334,0.31764597930475497
163.82341,36.0,-5.0,3454.8464,26119151.400786508,0.3117113381865626
163.0,36.661568,-5.0,3454.8464,26472221.689851053,0.3077291248347859
164.0,36.0,-4.2593327,3454.8464,26021311.108449005,0.3131417964916414
162.57796,37.0,-5.0,3454.8464,26655325.931960784,0.30569184236072855
162.0,37.449665,-5.0,3454.8464,26901889.842894666,0.30301285684491475
160.0,38.97124,-5.0,3454.8464,27760829.940681342,0.294007520565032
161.29095,38.0,-5.0,3454.8464,27207923.66255757,0.29973359846557746
161.0,38.21931,-5.0,3454.8464,27331411.543342493,0.29844085218245336
159.96176,39.0,-5.0,3454.8464,27777457.900514282,0.2938379391771154
159.0,39.703117,-5.0,3454.8464,28188756.031432923,0.28973771579919616
160.0,39.0,-4.8451943,3454.8464,27756568.185399164,0.29411928873305737
158.59254,40.0,-5.0,3454.8464,28365026.27638583,0.28800581122489644
158.0,40.420036,-5.0,3454.8464,28617119.880677417,0.2855835029751692
156.0,41.80958,-5.0,3454.8464,29474661.366141777,0.2776192670957133
157.17871,41.0,-5.0,3454.8464,28970548.48761476,0.2822373281912044
157.0,41.122883,-5.0,3454.8464,29046184.690989915,0.2815366520112114
155.72205,42.0,-5.0,3454.8464,29595204.92865295,0.2765324147321363
155.0,42.482018,-5.0,3454.8464,29903169.803014643,0.27381396511296274
153.0,43.78952,-5.0,3454.8464,30762532.670263134,0.266485657883733
154.22032,43.0,-5.0,3454.8464,30239492.702979356,0.2708904208334113
154.0,43.14275,-5.0,3454.8464,30332969.902802613,0.27009447474331194
152.6736,44.0,-5.0,3454.8464,30904441.91388114,0.2653102821296821
152.0,44.42395,-5.0,3454.8464,31192509.773225456,0.26297169917146235
150.0,45.659428,-5.0,3454.8464,32055360.837764036,0.2561908568196064
151.07932,45.0,-5.0,3454.8464,31590632.356398776,0.2597905458258172
151.0,45.04847,-5.0,3454.8464,31624369.999667168,0.2595261729083168
148.0,46.852276,-5.0,3454.8464,32922060.50073005,0.2497236590202701
149.43942,46.0,-5.0,3454.8464,32299708.900980853,0.2543292239102544
149.0,46.260952,-5.0,3454.8464,32488142.16158873,0.2529203975010739
147.74962,47.0,-5.0,3454.8464,33032084.132106647,0.24892405400067646
147.0,47.432632,-5.0,3454.8464,33356178.75375281,0.24661111736937566
148.0,47.0,-4.106377,3454.8464,32899859.438464496,0.25041301620433476
145.0,48.566113,-5.0,3454.8464,34229027.28224147,0.24057360136329003
146.00935,48.0,-5.0,3454.8464,33789082.16569071,0.2435722918215554
146.0,48.005245,-5.0,3454.8464,33793103.79342621,0.24354455374437206
143.0,49.663757,-5.0,3454.8464,35107239.77085334,0.2347848999649668
144.22003,49.0,-5.0,3454.8464,34572653.22997352,0.2382703535386901
144.0,49.119896,-5.0,3454.8464,34668044.03293761,0.2376416867372093
141.0,50.727707,-5.0,3454.8464,35991372.86468513,0.22922368371508883
142.3777,50.0,-5.0,3454.8464,35383659.0218331,0.23301463490305485
142.0,50.200047,-5.0,3454.8464,35548771.13342563,0.23197420001796237
139.0,51.7599,-5.0,3454.8464,36881984.87415244,0.22387011190516254
140.48114,51.0,-5.0,3454.8464,36223748.16650477,0.22780073469001938
140.0,51.247684,-5.0,3454.8464,36435843.16831127,0.22652191437511934
137.0,52.762096,-5.0,3454.8464,37779636.15614995,0.21870568864375695
138.5289,52.0,-5.0,3454.8464,37094710.51818042,0.22262357767509017
138.0,52.26461,-5.0,3454.8464,37329820.01476887,0.22126602983518692
135.0,53.735878,-5.0,3454.8464,38684887.58743879,0.2137131421876187
136.5193,53.0,-5.0,3454.8464,37998490.581624925,0.21747733200523162
136.0,53.252453,-5.0,3454.8464,38231262.753657654,0.2161889968943507
133.0,54.68267,-5.0,3454.8464,39598299.54719272,0.2088763107931335
134.45032,54.0,-5.0,3454.8464,38937201.7924157,0.21235532283643366
134.0,54.212685,-5.0,3454.8464,39140732.45934926,0.21127440196915726
131.0,55.603756,-5.0,3454.8464,40520431.01007353,0.20418004108775686
132.3196,55.0,-5.0,3454.8464,39913143.5165664,0.20724993159764338
132.0,55.146618,-5.0,3454.8464,40058789.1443869,0.20650686163809343
128.0,56.939964,-5.0,3454.8464,41922235.39866063,0.19736075396888092
129.0,56.50027,-5.0,3454.8464,41451838.43414985,0.19961009165697377
130.12444,56.0,-5.0,3454.8464,40928821.39526954,0.20215248434485583
130.0,56.05543,-5.0,3454.8464,40985991.14946011,0.20187192920307293
126.0,57.801212,-5.0,3454.8464,42867834.340502396,0.1929610481339522
127.86323,57.0,-5.0,3454.8464,41987471.16081219,0.19705205606949458
127.0,57.373226,-5.0,3454.8464,42393074.45688525,0.19515304848253306
128.0,57.0,-4.6346216,3454.8464,41916713.55813089,0.19776438963282048
124.0,58.640263,-5.0,3454.8464,43823934.54499145,0.18865566074641532
125.53287,58.0,-5.0,3454.8464,43092346.64566702,0.19193653465281124
125.0,58.22351,-5.0,3454.8464,43344687.79511974,0.1907962634013931
121.0,59.858864,-5.0,3454.8464,45279582.298170924,0.1823453375549533
122.0,59.457855,-5.0,3454.8464,44791075.38986342,0.18443278938081475
123.127594,59.0,-5.0,3454.8464,44246338.96432309,0.18679375790007618
123.0,59.051895,-5.0,3454.8464,44307222.12329472,0.1865277843619308
119.0,60.6453,-5.0,3454.8464,46263037.647389546,0.1782321654507717
120.64635,60.0,-5.0,3454.8464,45454566.39998478,0.18160480324403772
120.0,60.254616,-5.0,3454.8464,45769791.22383891,0.1802812665847205
121.0,60.0,-4.172824,3454.8464,45272062.60529716,0.18340944078952748
116.0,61.787674,-5.0,3454.8464,47761503.4719496,0.17216195492135608
117.0,61.411797,-5.0,3454.8464,47258705.2107759,0.17417425053865687
118.081436,61.0,-5.0,3454.8464,46720616.8842157,0.17635355306528558
118.0,61.03106,-5.0,3454.8464,46760609.022475414,0.17619051278703354
113.0,62.88655,-5.0,3454.8464,49287342.474241026,0.16619065897356478
114.0,62.525063,-5.0,3454.8464,48774860.27318668,0.16817520390709706
115.430626,62.0,-5.0,3454.8464,48051113.363283336,0.17101329356409256
115.0,62.15874,-5.0,3454.8464,48267100.77220449,0.17016170677352374
110.0,63.943233,-5.0,3454.8464,50841364.374180846,0.16028773113238887
111.0,63.59577,-5.0,3454.8464,50319092.44421959,0.16225352584698233
112.68449,63.0,-5.0,3454.8464,49451117.546538845,0.16556068822261438
112.0,63.243492,-5.0,3454.8464,49801551.788099684,0.16421922257406885
113.0,63.0,-4.3790507,3454.8464,49287092.101684004,0.1671448016986899
107.0,64.958786,-5.0,3454.8464,52424319.18355162,0.15442364004766213
108.0,64.62503,-5.0,3454.8464,51892178.22347877,0.15637959263241807
109.835976,64.0,-5.0,3454.8464,50928189.08099706,0.15996251872937872
109.0,64.28647,-5.0,3454.8464,51364764.88922304,0.1583333581741951
110.0,64.0,-4.699153,3454.8464,50842367.688937664,0.16078154731570576
104.0,65.93401,-5.0,3454.8464,54036900.038385145,0.14856997473073208
105.0,65.6137,-5.0,3454.8464,53494836.258719824,0.15052485208557984
106.876015,65.0,-5.0,3454.8464,52491193.01566811,0.15417871762540622
106.0,65.288574,-5.0,3454.8464,52957484.37747455,0.15247543747742165
107.0,65.0,-4.7888656,3454.8464,52425867.109160155,0.15479278733740798
101.0,66.869484,-5.0,3454.8464,55679748.40223383,0.1426995894439733
102.0,66.562386,-5.0,3454.8464,55127731.62031071,0.14466195750105
103.79284,66.0,-5.0,3454.8464,54150650.55499492,0.14816092193424468
103.0,66.25047,-5.0,3454.8464,54580399.40435909,0.1466179331088003
104.0,66.0,-4.673723,3454.8464,54040670.65028092,0.14917569669485184
98.0,67.765495,-5.0,3454.8464,57353461.450856194,0.13678678272741263
99.0,67.47144,-5.0,3454.8464,56791482.28309745,0.13876493701136533
100.571144,67.0,-5.0,3454.8464,55919217.23715979,0.14185058589512237
100.0,67.17256,-5.0,3454.8464,56234149.55570836,0.14073462583907673
101.0,67.0,-4.377773,3454.8464,55689687.58504598,0.14392194352808635
94.0,68.898346,-5.0,3454.8464,59635115.4638878,0.12879474775858582
95.0,68.6221,-5.0,3454.8464,59058601.26199674,0.13080750342729514
96.0,68.34097,-5.0,3454.8464,58486667.50009169,0.13280939175250953
97.19095,68.0,-5.0,3454.8464,57812342.09418636,0.13517642660106136
97.0,68.055,-5.0,3454.8464,57919332.39666702,0.1348007944721811
90.0,69.96088,-5.0,3454.8464,61972975.69522128,0.1206345540220275
91.0,69.70245,-5.0,3454.8464,61382092.92789543,0.1226936427431971
92.0,69.439095,-5.0,3454.8464,60795705.24825506,0.12473957508279546
93.62815,69.0,-5.0,3454.8464,59851906.62531503,0.1280380295904338
93.0,69.17083,-5.0,3454.8464,60213837.56925962,0.12677271466861634
94.0,69.0,-4.5599074,3454.8464,59646905.02572468,0.12977559475592504
86.0,70.95247,-5.0,3454.8464,64367219.62261613,0.11225978735717854
87.0,70.711975,-5.0,3454.8464,63762174.52484989,0.11437599943046192
88.0,70.46647,-5.0,3454.8464,63161523.4039381,0.11647693493115727
89.84716,70.0,-5.0,3454.8464,62064374.1720393,0.12031558150727237
89.0,70.215996,-5.0,3454.8464,62565297.1031669,0.11856292873816048
90.0,70.0,-4.8404026,3454.8464,61978267.55498897,0.12101448024523158
82.0,71.87197,-5.0,3454.8464,66817981.74632299,0.10362995230924732
83.0,71.64958,-5.0,3454.8464,66199003.13932788,0.10581288123793037
84.0,71.42212,-5.0,3454.8464,65584306.03155641,0.10797864012026373
85.8,71.0,-5.0,3454.8464,64489596.42240928,0.11183085987845834
85.0,71.1896,-5.0,3454.8464,64973926.17977079,0.11012752376301654
86.0,71.0,-4.81733,3454.8464,64374444.65175992,0.11272072936907176
77.0,72.91643,-5.0,3454.8464,69962216.34862049,0.09243465080163442
78.0,72.71761,-5.0,3454.8464,69325415.88887149,0.09471146042689153
79.0,72.51361,-5.0,3454.8464,68692736.92970872,0.09696925558187494
80.0,72.30445,-5.0,3454.8464,68064220.53804405,0.09920827115079323
81.41353,72.0,-5.0,3454.8464,67184232.11828794,0.10233582853027351
81.0,72.09014,-5.0,3454.8464,67439906.16627277,0.10142875024634013
82.0,72.0,-4.536078,3454.8464,66839269.942528516,0.10486124090042051
72.0,73.841515,-5.0,3454.8464,73194023.48820299,0.0807393936891929
73.0,73.6669,-5.0,3454.8464,72539909.97342099,0.08311913891336054
74.0,73.48696,-5.0,3454.8464,71889751.34811708,0.08547850319603706
75.0,73.301735,-5.0,3454.8464,71243591.87389374,0.08781764584974426
76.57096,73.0,-5.0,3454.8464,70237916.01618125,0.09144618941473465
76.0,73.111244,-5.0,3454.8464,70601474.62893899,0.09013673670192868
77.0,73.0,-4.719937,3454.8464,69977219.06536247,0.09322237263840673
78.0,73.0,-4.034069,3454.8464,69375738.1068363,0.09738698774609574
65.0,74.9248,-5.0,3454.8464,77865901.70739447,0.06347116955856558
66.0,74.78621,-5.0,3454.8464,77187496.9596402,0.06600215407385626
67.0,74.6421,-5.0,3454.8464,76512791.95440924,0.068511854446556
68.0,74.49248,-5.0,3454.8464,75841832.95086649,0.07100031267255402
69.0,74.337395,-5.0,3454.8464,75174665.73865668,0.07346758449484429
70.0,74.17686,-5.0,3454.8464,74511335.52337904,0.0759137389744862
71.0643,74.0,-5.0,3454.8464,73809908.73420088,0.07849272598137633
71.0,74.01091,-5.0,3454.8464,73851886.816968,0.07833885809711978
72.0,74.0,-4.507537,3454.8464,73224030.14917369,0.08218898188827481
56.0,75.93227,-5.0,3454.8464,84116762.91429834,0.03969854009569398
57.0,75.84334,-5.0,3454.8464,83408426.75878581,0.042424536253604185
58.0,75.74855,-5.0,3454.8464,82703469.07897878,0.0451296976412303
59.0,75.64793,-5.0,3454.8464,82001932.81890678,0.0478138928181536
60.0,75.54152,-5.0,3454.8464,81303861.39234804,0.050477007799626925
61.0,75.429344,-5.0,3454.8464,80609298.57150373,0.05311894566102948
62.0,75.311455,-5.0,3454.8464,79918288.37374987,0.05573962613077012
63.0,75.18787,-5.0,3454.8464,79230874.9473575,0.058338985178107206
64.437004,75.0,-5.0,3454.8464,78250516.22575927,0.062031914050145284
64.0,75.058624,-5.0,3454.8464,78547102.45704557,0.06091697460219825
65.0,75.0,-4.7906833,3454.8464,77880648.44571178,0.06411984164367761
66.0,75.0,-4.3935924,3454.8464,77229470.81680025,0.06786481452410986
43.0,76.544525,-5.0,3454.8464,93607219.7455852,0.0024335806050368863
44.0,76.53568,-5.0,3454.8464,92858542.86549963,0.005410472594695683
45.0,76.520226,-5.0,3454.8464,92112865.63464218,0.008370261662489751
46.0,76.49823,-5.0,3454.8464,91370218.02488095,0.01131256177169146
47.0,76.46975,-5.0,3454.8464,90630631.15965372,0.014237004060928394
48.0,76.43486,-5.0,3454.8464,89894137.29350005,0.017143237126620022
49.0,76.39361,-5.0,3454.8464,89160769.78250264,0.020030927239654397
50.0,76.346054,-5.0,3454.8464,88430563.04589204,0.022899758498173793
51.0,76.292244,-5.0,3454.8464,87703552.51917002,0.02574943291885991
52.0,76.23225,-5.0,3454.8464,86979774.59914082,0.02857967046976564
53.0,76.16609,-5.0,3454.8464,86259266.58135194,0.03139020904839389
54.0,76.09384,-5.0,3454.8464,85542066.5904707,0.034180804409171615
55.185417,76.0,-5.0,3454.8464,84696750.01098028,0.03746028822359052
55.0,76.01553,-5.0,3454.8464,84828213.50422326,0.036951230044951155
56.0,76.0,-4.8355455,3454.8464,84130168.8460264,0.04022691923870088
57.0,76.0,-4.613004,3454.8464,83439550.42968032,0.04366272469097084
58.0,76.0,-4.3679004,3454.8464,82753603.25709839,0.04714256457945233
59.0,76.0,-4.099201,3454.8464,82072362.35947949,0.050667365571998406
42.0,77.0,-4.0942855,3454.8464,94447356.33948454,0.002322602100977913
43.0,77.0,-4.076782,3454.8464,93696386.26325136,0.005378998328984913
44.0,77.0,-4.045023,3454.8464,92949719.51413083,0.008463197280842966
185.19662,0.0,-4.0,3454.8464,16323108.382109111,0.4918667100763549
185.1809,1.0,-4.0,3454.8464,16329166.451696064,0.4916896420266579
185.13365,2.0,-4.0,3454.8464,16353155.432565153,0.49098452964457284
185.05487,3.0,-4.0,3454.8464,16393095.403578127,0.4898150030290008
185.0,3.4970675,-4.0,3454.8464,16420834.780907948,0.4890069118822223
184.94502,4.0,-4.0,3454.8464,16448992.608348632,0.48818938756120756
185.0,4.0,-3.6536672,3454.8464,16411522.67230126,0.4893766006839587
184.80428,5.0,-4.0,3454.8464,16520799.73491154,0.48611913679192453
184.63187,6.0,-4.0,3454.8464,16608342.3474188,0.4836186402378536
184.42757,7.0,-4.0,3454.8464,16711492.811480427,0.4807048354421468
184.19109,8.0,-4.0,3454.8464,16830104.945488423,0.47739692817579266
184.0,8.710924,-4.0,3454.8464,16925250.329159185,0.47477980346958193
183.92293,9.0,-4.0,3454.8464,16964113.53024654,0.4737160004165961
184.0,9.0,-3.5177283,3454.8464,16912582.50476325,0.47525952323089937
183.62431,10.0,-4.0,3454.8464,17113523.718600336,0.46968466744272386
183.29274,11.0,-4.0,3454.8464,17277906.889989316,0.46532692689761657
183.0,11.802707,-4.0,3454.8464,17421641.336006206,0.46158637167477534
182.92856,12.0,-4.0,3454.8464,17457157.933741942,0.4606674171727322
183.0,12.0,-3.5558763,3454.8464,17410189.59736954,0.46200299120927246
182.53398,13.0,-4.0,3454.8464,17651395.874573655,0.45573121555870033
182.10527,14.0,-4.0,3454.8464,17860036.199628536,0.450543734781029
182.0,14.227986,-4.0,3454.8464,17910703.075583007,0.44930898568763145
181.64572,15.0,-4.0,3454.8464,18083334.14300755,0.44513003164494
181.15227,16.0,-4.0,3454.8464,18320791.624681186,0.43951487840996517
181.0,16.28885,-4.0,3454.8464,18393167.22414801,0.4378410340937611
180.62717,17.0,-4.0,3454.8464,18572564.017528296,0.4337223080376966
180.0676,18.0,-4.0,3454.8464,18838191.760841195,0.42777553466023055
180.0,18.113926,-4.0,3454.8464,18869861.080310065,0.42708265918453536
179.4768,19.0,-4.0,3454.8464,19117991.778193466,0.4216967753151478
179.0,19.76099,-4.0,3454.8464,19340862.922845975,0.41698580213378567
178.85092,20.0,-4.0,3454.8464,19411401.287910137,0.4155070473780531
179.0,20.0,-3.0983503,3454.8464,19318989.09922714,0.41768632890025825
178.19225,21.0,-4.0,3454.8464,19718649.24875146,0.4092262249000466
178.0,21.276962,-4.0,3454.8464,19807012.78770773,0.40746586059786705
177.50006,22.0,-4.0,3454.8464,20039616.031521082,0.4028728471950823
177.0,22.686842,-4.0,3454.8464,20268718.61643213,0.39847025885158893
176.77281,23.0,-4.0,3454.8464,20374080.663549848,0.39646407657209015
176.01062,24.0,-4.0,3454.8464,20722068.210765004,0.39001578839383316
176.0,24.013327,-4.0,3454.8464,20726846.02686802,0.38992948234119534
175.2155,25.0,-4.0,3454.8464,21083889.280708853,0.38354266259902975
175.0,25.25897,-4.0,3454.8464,21180409.34044037,0.38186264498509936
174.38486,26.0,-4.0,3454.8464,21459260.644921403,0.3770578109080506
174.0,26.443722,-4.0,3454.8464,21630911.10785593,0.37417967781150074
173.51852,27.0,-4.0,3454.8464,21848256.137404248,0.3705732079176159
173.0,27.574318,-4.0,3454.8464,22078529.342081763,0.3668545704494399
172.61633,28.0,-4.0,3454.8464,22250974.002008986,0.36409960812333153
172.0,28.656536,-4.0,3454.8464,22523460.37205342,0.35986235068975836
171.67801,29.0,-4.0,3454.8464,22667537.913248796,0.3576465985948048
171.0,29.69534,-4.0,3454.8464,22965916.279175006,0.35317924721587923
170.70323,30.0,-4.0,3454.8464,23098097.755816385,0.35122266082834036
170.0,30.69502,-4.0,3454.8464,23406121.657166395,0.34678278557547804
169.6916,31.0,-4.0,3454.8464,23542830.514698662,0.3448352344248896
169.0,31.659306,-4.0,3454.8464,23844312.17164682,0.3406518654537711
168.64268,32.0,-4.0,3454.8464,24001941.27622243,0.33849078949423345
168.0,32.59144,-4.0,3454.8464,24280731.837917283,0.33476674799065326
167.55594,33.0,-4.0,3454.8464,24475663.696818963,0.33219486092114103
167.0,33.49425,-4.0,3454.8464,24715630.03500791,0.32910909199148786
166.43077,34.0,-4.0,3454.8464,24964260.280654237,0.325952157593145
166.0,34.370224,-4.0,3454.8464,25149261.506569885,0.32366189580788557
165.26648,35.0,-4.0,3454.8464,25468023.9510523,0.31976658225439053
165.0,35.221546,-4.0,3454.8464,25581884.56940963,0.31840947774868944
163.0,36.85486,-4.0,3454.8464,26444088.70430633,0.3084589841444168
164.0623,36.0,-4.0,3454.8464,25987278.886882775,0.3136413186676763
164.0,36.05013,-4.0,3454.8464,26013759.600685712,0.3133374099542756
162.81941,37.0,-4.0,3454.8464,26522735.09581013,0.3075791146385804
162.0,37.639,-4.0,3454.8464,26873616.92328904,0.30374691193674036
163.0,37.0,-3.0384798,3454.8464,26423946.60231535,0.30901908972309333
161.536,38.0,-4.0,3454.8464,27074645.464085408,0.3015817665352968
161.0,38.40498,-4.0,3454.8464,27302975.3002496,0.29917997789158146
159.0,39.885242,-4.0,3454.8464,28161342.73131789,0.2904594214079491
160.21028,39.0,-4.0,3454.8464,27643320.575546686,0.29565051193400105
160.0,39.154003,-4.0,3454.8464,27732429.510777943,0.29474757778181
158.84291,40.0,-4.0,3454.8464,28229558.064247344,0.28978633707698775
158.0,40.599037,-4.0,3454.8464,28589472.317878902,0.286314443707721
159.0,40.0,-3.194684,3454.8464,28145083.550068974,0.2909293212226143
156.0,41.985634,-4.0,3454.8464,29447944.855772924,0.2783424445469321
157.4337,41.0,-4.0,3454.8464,28834080.64197758,0.28398966133455006
157.0,41.298985,-4.0,3454.8464,29018291.09955552,0.2822771918899041
155.97908,42.0,-4.0,3454.8464,29457048.648794584,0.2782600921834978
155.0,42.655422,-4.0,3454.8464,29876167.2794495,0.2745495467111564
156.0,42.0,-3.8959608,3454.8464,29445907.09646336,0.2784042540171152
153.0,43.96052,-4.0,3454.8464,30736396.231770594,0.26722169107387783
154.48282,43.0,-4.0,3454.8464,30100087.934811838,0.2725975339353731
154.0,43.31372,-4.0,3454.8464,30305676.844677575,0.2708425801356703
152.93896,44.0,-4.0,3454.8464,30763032.135367423,0.26700058257981757
152.0,44.592747,-4.0,3454.8464,31166053.071271334,0.26372260133568864
153.0,44.0,-3.7061555,3454.8464,30730864.42016793,0.2674006523346282
150.0,45.82633,-4.0,3454.8464,32029730.586458348,0.25694934996167723
151.35112,45.0,-4.0,3454.8464,31447690.65405208,0.26146824268867846
151.0,45.21525,-4.0,3454.8464,31597594.97588104,0.2602919134095001
149.71507,46.0,-4.0,3454.8464,32154396.67136176,0.2559985140910303
149.0,46.42605,-4.0,3454.8464,32462173.31269583,0.2536957408866181
147.0,47.596313,-4.0,3454.8464,33331020.498115353,0.24740040046576578
148.02998,47.0,-4.0,3454.8464,32884257.23798666,0.25058931838146986
148.0,47.017357,-4.0,3454.8464,32897095.710264474,0.250496574662414
145.0,48.728645,-4.0,3454.8464,34204691.25837601,0.24138093908973465
146.2977,48.0,-4.0,3454.8464,33639112.57751317,0.2452380800336973
146.0,48.1675,-4.0,3454.8464,33767602.80889742,0.24435234170857578
143.0,49.825405,-4.0,3454.8464,35083749.370573975,0.2356142232359882
144.51408,49.0,-4.0,3454.8464,34419621.32316358,0.239941697086354
144.0,49.281204,-4.0,3454.8464,34643358.59389172,0.23846915922369025
141.0,50.888737,-4.0,3454.8464,35968755.86118547,0.23007879938432613
142.67819,50.0,-4.0,3454.8464,35227276.394139595,0.23469670511687324
142.0,50.36067,-4.0,3454.8464,35524929.09650445,0.23282523464741842
139.0,51.920578,-4.0,3454.8464,36860277.57344009,0.2247546574695661
140.78891,51.0,-4.0,3454.8464,36063690.775196,0.2294990334603473
140.0,51.407883,-4.0,3454.8464,36412875.97963433,0.2274001739539913
141.0,51.0,-3.1292546,3454.8464,35956261.4308835,0.2307179798957555
137.0,52.922695,-4.0,3454.8464,37758881.94394385,0.21962319888001636
138.8449,52.0,-4.0,3454.8464,36930618.02024493,0.22434397137538722
138.0,52.424656,-4.0,3454.8464,37307768.22667856,0.22217509303497057
139.0,52.0,-3.3789198,3454.8464,36852004.63644727,0.22523039946490092
135.0,53.89667,-4.0,3454.8464,38665135.946402565,0.21466704508530066
136.84457,53.0,-4.0,3454.8464,37829958.33135697,0.21922610905076675
136.0,53.412613,-4.0,3454.8464,38210173.11924988,0.2171323305716114
137.0,53.0,-3.396782,3454.8464,37751538.901924916,0.2201059150812074
133.0,54.843937,-4.0,3454.8464,39579605.69662815,0.20986993339852783
134.78609,54.0,-4.0,3454.8464,38763772.73231272,0.21413922127364965
134.0,54.373234,-4.0,3454.8464,39120657.62758966,0.21225537217196716
135.0,54.0,-3.196626,3454.8464,38656376.79911739,0.21533930460330586
131.0,55.765778,-4.0,3454.8464,40502854.74563885,0.20521661171723887
132.66728,55.0,-4.0,3454.8464,39734298.98720983,0.20907617812974177
132.0,55.30784,-4.0,3454.8464,40039786.945114106,0.20752873778917735
129.0,56.66334,-4.0,3454.8464,41435443.74884577,0.200692742680474
130.48558,56.0,-4.0,3454.8464,40743969.459964365,0.2040288376988239
130.0,56.21761,-4.0,3454.8464,40968123.49739234,0.20293788663667398
126.0,57.96665,-4.0,3454.8464,42854270.9397637,0.1941120204906426
127.0,57.537643,-4.0,3454.8464,42377927.23992437,0.19628480149092148
128.23807,57.0,-4.0,3454.8464,41795432.65014389,0.19898790896965307
128.0,57.1036,-4.0,3454.8464,41906225.130315326,0.1984691062270361
124.0,58.80745,-4.0,3454.8464,43811736.16673843,0.18986054006496245
125.92219,58.0,-4.0,3454.8464,42891867.946422495,0.1939422283996033
125.0,58.389576,-4.0,3454.8464,43330856.86161704,0.19198003058261048
126.0,58.0,-3.7521272,3454.8464,42853354.75380461,0.19437064806952703
122.0,59.62711,-4.0,3454.8464,44780310.85658798,0.1856942965311897
123.53662,59.0,-4.0,3454.8464,44037342.44701646,0.1888775036340402
123.0,59.219925,-4.0,3454.8464,44294776.144228585,0.18776634359559652
119.0,60.81832,-4.0,3454.8464,46255569.75232582,0.1795781119342506
120.0,60.42626,-4.0,3454.8464,45760527.36240878,0.18160196985255053
121.07385,60.0,-4.0,3454.8464,45234525.97128229,0.18378132816227652
121.0,60.029346,-4.0,3454.8464,45270221.78510124,0.18363227921996061
116.0,61.965073,-4.0,3454.8464,47757555.3420918,0.1735985784495575
117.0,61.587666,-4.0,3454.8464,47252848.8536223,0.1755834637187364
118.53377,61.0,-4.0,3454.8464,46489227.22757485,0.1786322347534252
118.0,61.205437,-4.0,3454.8464,46752911.918690786,0.17757282073847777
114.0,62.705776,-4.0,3454.8464,48772622.93331057,0.16967875171436952
115.90727,62.0,-4.0,3454.8464,47805021.95379482,0.17341318914515405
115.0,62.337803,-4.0,3454.8464,48262913.8805795,0.17163630736985672
116.0,62.0,-3.7629843,3454.8464,47759359.156890795,0.1739162514997616
111.0,63.78198,-4.0,3454.8464,50320666.73602591,0.1638565947817473
112.0,63.427883,-4.0,3454.8464,49801073.208291575,0.1657914903647592
113.19173,63.0,-4.0,3454.8464,49188895.40107462,0.16809538944826918
113.0,63.069035,-4.0,3454.8464,49286267.38649358,0.16772707125979036
108.0,64.81742,-4.0,3454.8464,51897729.14223202,0.1580866224944115
109.0,64.47687,-4.0,3454.8464,51368167.93342774,0.160007955616267
110.37872,64.0,-4.0,3454.8464,50647107.82920469,0.16265009002720388
110.0,64.13157,-4.0,3454.8464,50843395.03786409,0.16192784342078667
105.0,65.81297,-4.0,3454.8464,53504493.31338384,0.1523394278468849
106.0,65.48568,-4.0,3454.8464,52964909.76877596,0.1542562069601655
107.459274,65.0,-4.0,3454.8464,52187374.61165586,0.1570419335805914
107.0,65.15365,-4.0,3454.8464,52430102.21803409,0.15616937970143155
102.0,66.76928,-4.0,3454.8464,55141582.43282141,0.14658670169460702
103.0,66.45502,-4.0,3454.8464,54591948.768400766,0.14850778859056027
104.42308,66.0,-4.0,3454.8464,53819254.988958,0.1512266699739297
104.0,66.13601,-4.0,3454.8464,54047066.084268905,0.1504230977742299
98.0,67.98335,-4.0,3454.8464,57373954.29351871,0.138859027335185
99.0,67.68673,-4.0,3454.8464,56809563.44508757,0.14080141925503847
100.0,67.385315,-4.0,3454.8464,56249876.27578046,0.1427354601175898
101.25682,67.0,-4.0,3454.8464,55554149.204441756,0.1451508594257236
101.0,67.07914,-4.0,3454.8464,55694903.40264903,0.14466156363100696
95.0,68.84935,-4.0,3454.8464,59083336.33204898,0.1329922196580821
96.0,68.56545,-4.0,3454.8464,58508961.992926836,0.13495803525267366
97.94361,68.0,-4.0,3454.8464,57406205.506759435,0.13874803315934825
97.0,68.27675,-4.0,3454.8464,57939238.56380502,0.13691338290148902
98.0,68.0,-3.9120028,3454.8464,57377110.31382197,0.1390361383525722
91.0,69.94293,-4.0,3454.8464,61413467.464489326,0.12502554229379212
92.0,69.67657,-4.0,3454.8464,60824585.92591384,0.12703558745304816
93.0,69.40533,-4.0,3454.8464,60240270.62628089,0.12903272761769163
94.463135,69.0,-4.0,3454.8464,59394954.20959527,0.13192657005007333
94.0,69.12926,-4.0,3454.8464,59660544.41925875,0.1310173560610457
95.0,69.0,-3.238597,3454.8464,59114666.9837236,0.1346102133496254
87.0,70.96701,-4.0,3454.8464,63800025.06037187,0.11685120358933646
88.0,70.71826,-4.0,3454.8464,63196863.970758624,0.11891708609632046
89.0,70.46457,-4.0,3454.8464,62598166.59984863,0.12096777757690608
90.78377,70.0,-4.0,3454.8464,61542318.22627676,0.12458508705306459
90.0,70.20597,-4.0,3454.8464,62003962.218614586,0.1230036446901653
91.0,70.0,-3.7307775,3454.8464,61426508.06473258,0.12564178901660217
83.0,71.92058,-4.0,3454.8464,66243012.48880215,0.10842458812039359
84.0,71.689606,-4.0,3454.8464,65625829.2630871,0.11055679961131575
85.0,71.45362,-4.0,3454.8464,65012993.75526756,0.11267174509729579
86.86606,71.0,-4.0,3454.8464,63881774.158712015,0.11657047742704857
86.0,71.212654,-4.0,3454.8464,64404540.710353516,0.11476975314501213
87.0,71.0,-3.8546982,3454.8464,63808118.503915295,0.11720655806738565
79.0,72.80204,-4.0,3454.8464,68742438.94963922,0.09970773413343777
80.0,72.5891,-4.0,3454.8464,68111501.0552479,0.10191538351319773
81.0,72.37107,-4.0,3454.8464,67484786.45755827,0.10410396333241942
82.651115,72.0,-4.0,3454.8464,66460558.95767233,0.10767096112122443
82.0,72.14796,-4.0,3454.8464,66862334.19327304,0.10627375217463826
83.0,72.0,-3.673047,3454.8464,66263551.47780503,0.10927189007497948
73.0,73.982574,-4.0,3454.8464,72599368.96356775,0.08602675444251673
74.0,73.7985,-4.0,3454.8464,71946874.06159788,0.08835901576747293
75.0,73.60918,-4.0,3454.8464,71298386.73793639,0.09067033049232204
76.0,73.41463,-4.0,3454.8464,70653951.82364404,0.09296089475601199
77.0,73.21488,-4.0,3454.8464,70013612.75914696,0.09523091510742847
78.047935,73.0,-4.0,3454.8464,69347256.90272608,0.09758682079124467
78.0,73.009964,-4.0,3454.8464,69377411.52116004,0.09748060832337797
79.0,73.0,-3.2370832,3454.8464,68795611.97018108,0.1017854795625423
67.0,74.988144,-4.0,3454.8464,76580676.46258871,0.07155529670762387
68.0,74.83398,-4.0,3454.8464,75907546.99499075,0.07402214529871028
69.0,74.67439,-4.0,3454.8464,75238204.23993817,0.0764669062156971
70.0,74.50941,-4.0,3454.8464,74572695.4782764,0.07888967259308045
71.0,74.33906,-4.0,3454.8464,73911067.19767922,0.08129055075282057
72.90346,74.0,-4.0,3454.8464,72663005.16157967,0.08579841131913268
72.0,74.16336,-4.0,3454.8464,73253364.98570548,0.08366965984314745
73.0,74.0,-3.9397213,3454.8464,72604169.34750429,0.08620292122257706
74.0,74.0,-3.2875226,3454.8464,72002426.10442853,0.09041174671330945
60.0,75.9266,-4.0,3454.8464,81380410.80532715,0.053629979888669514
61.0,75.80934,-4.0,3454.8464,80683930.03813817,0.05625790841993668
62.0,75.68642,-4.0,3454.8464,79990982.40805462,0.05886351181356628
63.0,75.55787,-4.0,3454.8464,79301614.19369486,0.06144674535719377
64.0,75.42372,-4.0,3454.8464,78615871.64178109,0.06400758075534912
65.0,75.284,-4.0,3454.8464,77933800.86267762,0.06654600566645905
66.92101,75.0,-4.0,3454.8464,76634340.39081109,0.07135790026875329
66.0,75.13875,-4.0,3454.8464,77255447.69588327,0.06906202328384531
67.0,75.0,-3.9629827,3454.8464,76583957.4638928,0.07166918035859408
68.0,75.0,-3.470602,3454.8464,75953688.82402661,0.075633170485362
45.0,76.999306,-4.0,3454.8464,92207237.4346159,0.011571739527629374
46.0,76.97075,-4.0,3454.8464,91463271.78393306,0.01451825068143671
47.0,76.93582,-4.0,3454.8464,90722327.13291657,0.01744568209812979
48.0,76.89459,-4.0,3454.8464,89984436.57890245,0.020353683322732307
49.0,76.847115,-4.0,3454.8464,89249634.46439347,0.023241923090803175
50.0,76.79343,-4.0,3454.8464,88517956.32759231,0.026110089428841375
51.0,76.73359,-4.0,3454.8464,87789438.84377673,0.0289578896886495
52.0,76.66765,-4.0,3454.8464,87064119.75805055,0.03178505051964151
53.0,76.59564,-4.0,3454.8464,86342037.81006363,0.0345913177835928
54.0,76.51763,-4.0,3454.8464,85623232.65139821,0.03737645641692828
55.0,76.43364,-4.0,3454.8464,84907744.75634825,0.04014025024614498
56.0,76.34372,-4.0,3454.8464,84195615.32689773,0.042882501762321154
57.0,76.2479,-4.0,3454.8464,83486886.19273645,0.045603031860953235
58.0,76.14623,-4.0,3454.8464,82781599.70719333,0.04830167955366066
59.34408,76.0,-4.0,3454.8464,81840047.02295819,0.05188986846892424
59.0,76.03875,-4.0,3454.8464,82079798.63998073,0.05097830165830932
60.0,76.0,-3.7956479,3454.8464,81400435.11481878,0.054284226750785
61.0,76.0,-3.4587212,3454.8464,80736285.15999597,0.05797861615095734
62.0,76.0,-3.091973,3454.8464,80077630.16339822,0.06172809006977677
42.0,77.047035,-4.0,3454.8464,94456303.36926535,0.0026192900536311453
43.0,77.037766,-4.0,3454.8464,93703583.44175455,0.005621192412710953
44.968853,77.0,-4.0,3454.8464,92230520.78180125,0.011479335191588448
44.0,77.02183,-4.0,3454.8464,92953888.11788115,0.008605491777801356
45.0,77.0,-3.99848,3454.8464,92207411.84118633,0.011576727394665538
46.0,77.0,-3.934855,3454.8464,91470681.03954542,0.014732171731573733
47.0,77.0,-3.854735,3454.8464,90738700.56772056,0.017922754017638032
48.0,77.0,-3.7574306,3454.8464,90011528.36030944,0.021150013280532474
49.0,77.0,-3.642206,3454.8464,89289224.38190487,0.024415486333590634
50.0,77.0,-3.5082762,3454.8464,88571850.0473948,0.02772070024776347
51.0,77.0,-3.354805,3454.8464,87859467.59592527,0.031067164382516756
52.0,77.0,-3.1809025,3454.8464,87152139.42127472,0.03445636198748992
185.3562,0.0,-3.0,3454.8464,16214864.088307932,0.4953526139734098
185.3405,1.0,-3.0,3454.8464,16220936.812343802,0.49517281359406407
185.2934,2.0,-3.0,3454.8464,16245001.214971881,0.49445615866198733
185.21483,3.0,-3.0,3454.8464,16285066.035342908,0.49326755702781466
185.10468,4.0,-3.0,3454.8464,16341068.204617104,0.49161561417268507
185.0,4.7380958,-3.0,3454.8464,16394087.581828175,0.49006294921789717
184.9632,5.0,-3.0,3454.8464,16412966.342011144,0.48951210809162315
185.0,5.0,-2.6757936,3454.8464,16387950.534108814,0.49030998223544087
184.79128,6.0,-3.0,3454.8464,16500772.47539569,0.48697174742248645
184.58754,7.0,-3.0,3454.8464,16604228.271625366,0.48401198801276635
184.3517,8.0,-3.0,3454.8464,16723184.736758888,0.4806525576014288
184.08345,9.0,-3.0,3454.8464,16857475.542309422,0.47691516027870506
184.0,9.27784,-3.0,3454.8464,16898929.9658729,0.47577786996615046
183.78477,10.0,-3.0,3454.8464,17007191.1671065,0.47282297824462816
183.45413,11.0,-3.0,3454.8464,17172012.9085368,0.4684005348740486
183.0902,12.0,-3.0,3454.8464,17351634.428490255,0.46367316888967947
183.0,12.22745,-3.0,3454.8464,17395706.682152644,0.4625339968463831
182.69576,13.0,-3.0,3454.8464,17546238.811517857,0.4586666082980938
182.26826,14.0,-3.0,3454.8464,17755377.78164375,0.4534067590893399
182.0,14.581655,-3.0,3454.8464,17885097.901528485,0.45021425360510026
181.80826,15.0,-3.0,3454.8464,17978971.371711094,0.4479193109666414
181.31622,16.0,-3.0,3454.8464,18216943.57559244,0.4422295266230664
181.0,16.600586,-3.0,3454.8464,18367926.62309,0.4387047436394626
180.79086,17.0,-3.0,3454.8464,18469014.65098294,0.43636194739170864
180.23291,18.0,-3.0,3454.8464,18735159.847112704,0.43034026533718645
180.0,18.393032,-3.0,3454.8464,18844753.52364643,0.42792101872485333
179.64206,19.0,-3.0,3454.8464,19015246.50790523,0.4241870944172869
179.0164,20.0,-3.0,3454.8464,19308952.48102155,0.417923784755007
179.0,20.024866,-3.0,3454.8464,19316544.95272161,0.4177657245406899
178.35951,21.0,-3.0,3454.8464,19616669.98253522,0.4115707050297974
178.0,21.518604,-3.0,3454.8464,19782585.217131227,0.4082381520349651
177.66759,22.0,-3.0,3454.8464,19937876.198195525,0.40514648979670875
177.0,22.918144,-3.0,3454.8464,20244943.164966065,0.39919858050372165
176.94069,23.0,-3.0,3454.8464,20272556.31291936,0.3986686043704821
177.0,23.0,-2.5058405,3454.8464,20236762.902833838,0.39945840163018154
176.18086,24.0,-3.0,3454.8464,20620983.193874758,0.39215332329771696
176.0,24.227139,-3.0,3454.8464,20702617.78240356,0.39066765969142586
175.38635,25.0,-3.0,3454.8464,20982966.68337072,0.38561526906951826
175.0,25.464914,-3.0,3454.8464,21156646.64653732,0.38257039966840956
174.55644,26.0,-3.0,3454.8464,21358467.13173089,0.37906778867160934
174.0,26.642448,-3.0,3454.8464,21607546.932643823,0.37486232740491027
173.69098,27.0,-3.0,3454.8464,21747555.27257722,0.37252298832726827
173.0,27.766417,-3.0,3454.8464,22055501.609042484,0.3675167634182658
172.78978,28.0,-3.0,3454.8464,22150326.500017866,0.3659917318096207
172.0,28.842527,-3.0,3454.8464,22500712.217221566,0.3605081385469524
171.8526,29.0,-3.0,3454.8464,22566901.776290268,0.35948369695397697
171.0,29.875698,-3.0,3454.8464,22943395.751700453,0.3538121450167013
170.8791,30.0,-3.0,3454.8464,22997428.42261353,0.3530074380333709
170.0,30.870178,-3.0,3454.8464,23383781.892907508,0.34740583534253616
171.0,30.0,-2.0390697,3454.8464,22928606.453894917,0.3542546766990422
169.86893,31.0,-3.0,3454.8464,23442080.923005912,0.3465704520882391
169.0,31.829649,-3.0,3454.8464,23822110.52139766,0.341267676359426
168.82162,32.0,-3.0,3454.8464,23901061.618542627,0.34017924400397254
168.0,32.757324,-3.0,3454.8464,24258629.504092507,0.3353775725454693
167.73668,33.0,-3.0,3454.8464,24374601.43130015,0.3338393973397539
167.0,33.656006,-3.0,3454.8464,24693593.047169022,0.3297168548291236
166.6135,34.0,-3.0,3454.8464,24862960.78096717,0.3275556370929221
166.0,34.528152,-3.0,3454.8464,25127259.83180472,0.3242682509430568
165.45139,35.0,-3.0,3454.8464,25366430.166881703,0.32133189453774624
165.0,35.37592,-3.0,3454.8464,25559891.738281243,0.3190158393690203
164.2496,36.0,-3.0,3454.8464,25885331.050037008,0.31517136850629024
164.0,36.201206,-3.0,3454.8464,25991752.612122767,0.3139449896262157
162.0,37.786915,-3.0,3454.8464,26852616.473422177,0.3043341731052272
163.0073,37.0,-3.0,3454.8464,26420016.717119887,0.30907658566264945
163.0,37.005688,-3.0,3454.8464,26423107.30985097,0.3090422985909111
161.72664,38.0,-3.0,3454.8464,26971416.83104415,0.3030499849878132
161.0,38.55008,-3.0,3454.8464,27281898.0161134,0.29977299988152495
160.40405,39.0,-3.0,3454.8464,27539526.62096023,0.2970924829510333
160.0,39.296505,-3.0,3454.8464,27711263.29195466,0.29534698996309555
158.0,40.73912,-3.0,3454.8464,28569206.833641402,0.2869059482195941
159.03828,40.0,-3.0,3454.8464,28124793.431836426,0.29120487462598393
159.0,40.027245,-3.0,3454.8464,28140979.475723986,0.29104642326349456
157.63234,41.0,-3.0,3454.8464,28728504.08971768,0.2853882040488934
157.0,41.436874,-3.0,3454.8464,28997898.74462337,0.28287829407874354
155.0,42.791348,-3.0,3454.8464,29856638.02856452,0.27515037291003297
156.18153,42.0,-3.0,3454.8464,29350612.151899774,0.2796418009733127
156.0,42.12171,-3.0,3454.8464,29427540.91823083,0.27895117430286753
154.68758,43.0,-3.0,3454.8464,29992330.013503753,0.27396562378049827
154.0,43.44782,-3.0,3454.8464,30285998.861276567,0.2714555631903366
152.0,44.725315,-3.0,3454.8464,31147224.68372391,0.26434199929393876
153.14781,44.0,-3.0,3454.8464,30654117.49278721,0.26835857548319203
153.0,44.093475,-3.0,3454.8464,30716911.143835787,0.2678411400920923
150.0,45.957596,-3.0,3454.8464,32011766.291231398,0.2575793632600285
151.56349,45.0,-3.0,3454.8464,31337295.577728305,0.2628197300702109
151.0,45.346325,-3.0,3454.8464,31578610.674978398,0.2609255832929329
149.93062,46.0,-3.0,3454.8464,32042220.447431087,0.257347107917528
149.0,46.556004,-3.0,3454.8464,32444048.06310811,0.25434183955043616
150.0,46.0,-2.5571525,3454.8464,32007164.061472334,0.2578014824895501
147.0,47.725372,-3.0,3454.8464,33313782.525236506,0.24806281330790536
148.25177,47.0,-3.0,3454.8464,32770695.993273616,0.2519391651804725
148.0,47.146137,-3.0,3454.8464,32878820.831662625,0.2511587706054182
145.0,48.857037,-3.0,3454.8464,34188378.684784204,0.24206342272346407
146.5237,48.0,-3.0,3454.8464,33523441.074844997,0.24659324994992343
146.0,48.295555,-3.0,3454.8464,33750218.19442925,0.24503250871289156
143.0,49.95336,-3.0,3454.8464,35068405.71629157,0.23632042258235908
144.74483,49.0,-3.0,3454.8464,34301636.41514168,0.24130658866129184
144.0,49.40876,-3.0,3454.8464,34626906.76641612,0.2391709795736413
142.91434,50.0,-3.0,3454.8464,35106749.633241326,0.2360760131718188
142.0,50.48795,-3.0,3454.8464,35509457.366293766,0.23355223659570148
143.0,50.0,-2.5057497,3454.8464,35064823.33225979,0.2366080191747754
140.0,51.535126,-3.0,3454.8464,36398443.10558741,0.22815588705708048
141.03154,51.0,-3.0,3454.8464,35940460.14966714,0.23089780699201293
141.0,51.016354,-3.0,3454.8464,35954271.765857205,0.23081412321391503
138.0,52.552094,-3.0,3454.8464,37294438.43421953,0.22296294456498192
139.0952,52.0,-3.0,3454.8464,36804499.518969305,0.2257675999617661
139.0,52.04801,-3.0,3454.8464,36846552.23879049,0.2255240962182341
136.0,53.540493,-3.0,3454.8464,38198016.61023632,0.21795569139633864
137.10283,53.0,-3.0,3454.8464,37700469.32106169,0.22068045964664995
137.0,53.05042,-3.0,3454.8464,37746274.226826146,0.220426780958554
133.0,54.973267,-3.0,3454.8464,39570052.90711896,0.2107465984882193
134.0,54.501797,-3.0,3454.8464,39109753.45638806,0.21311757398955644
135.05263,54.0,-3.0,3454.8464,38630364.657645285,0.21563074326496753
135.0,54.025093,-3.0,3454.8464,38654012.129614465,0.21550536915558077
131.0,55.896133,-3.0,3454.8464,40494692.959854946,0.20613734666824735
132.9433,55.0,-3.0,3454.8464,39596532.785704866,0.21061178631498265
132.0,55.43734,-3.0,3454.8464,40030216.56205943,0.20843304904076487
133.0,55.0,-2.725917,3454.8464,39569939.96564862,0.21095436148934155
129.0,56.794983,-3.0,3454.8464,41428761.17888298,0.20166073679140567
130.7731,56.0,-3.0,3454.8464,40601524.18010218,0.20561576727021313
130.0,56.34831,-3.0,3454.8464,40959973.43152005,0.20388751868977623
127.0,57.670845,-3.0,3454.8464,42372816.18484406,0.1973031845213008
128.53868,57.0,-3.0,3454.8464,41647745.30245376,0.20063410581957386
128.0,57.235767,-3.0,3454.8464,41899585.6589359,0.19946721968710013
124.0,58.943665,-3.0,3454.8464,43809943.59934993,0.19095509309758518
125.0,58.52462,-3.0,3454.8464,43327409.84658855,0.19305184312187545
126.2368,58.0,-3.0,3454.8464,42737995.59308994,0.19565685748307776
126.0,58.10065,-3.0,3454.8464,42849608.881193236,0.1951591438820981
122.0,59.76556,-3.0,3454.8464,44780337.781166255,0.18684705209970584
123.865364,59.0,-3.0,3454.8464,43875834.59914015,0.19067165195143793
123.0,59.357098,-3.0,3454.8464,44293086.44174282,0.1888945334926851
124.0,59.0,-2.4652693,3454.8464,43814617.884891026,0.19147964974668663
119.0,60.96074,-3.0,3454.8464,46259352.674649045,0.18081875849641812
120.0,60.567253,-3.0,3454.8464,45762465.44985672,0.18281570919165135
121.42204,60.0,-3.0,3454.8464,45065317.5097519,0.18566357670656264
121.0,60.168953,-3.0,3454.8464,45270381.71351313,0.18481968541454152
117.0,61.73305,-3.0,3454.8464,47258689.04245451,0.17688940945667145
118.90008,61.0,-3.0,3454.8464,46309715.41837496,0.18061802853373266
118.0,61.34928,-3.0,3454.8464,46756847.96811459,0.17885017547046028
119.0,61.0,-2.6494555,3454.8464,46264685.56075548,0.18121580500308387
114.0,62.856163,-3.0,3454.8464,48782628.04502762,0.17108309680304767
115.0,62.486492,-3.0,3454.8464,48270891.2149466,0.17300994351945792
116.298164,62.0,-3.0,3454.8464,47614839.629531614,0.17551258209925788
116.0,62.112087,-3.0,3454.8464,47763996.5272392,0.17494007596562955
111.0,63.938007,-3.0,3454.8464,50335077.42484968,0.1653649453230305
112.0,63.582043,-3.0,3454.8464,49813338.163266554,0.16726718880533437
113.60876,63.0,-3.0,3454.8464,48985385.35628054,0.17032564454996707
113.0,63.221367,-3.0,3454.8464,49296454.52064509,0.16917058627776463
108.0,64.979744,-3.0,3454.8464,51916755.2670804,0.15970388103878194
109.0,64.63715,-3.0,3454.8464,51384939.17965101,0.1615908311158505
110.82528,64.0,-3.0,3454.8464,50427489.35981725,0.16502988584665568
110.0,64.289856,-3.0,3454.8464,50857978.35135004,0.16347674580088656
111.0,64.0,-2.5082207,3454.8464,50348642.41563589,0.16605851890783518
105.0,65.98229,-3.0,3454.8464,53528306.45678769,0.15406971378215245
106.0,65.65278,-3.0,3454.8464,52986369.344285995,0.15595058798777253
107.94074,65.0,-3.0,3454.8464,51948717.12569134,0.1595909010008735
107.0,65.31857,-3.0,3454.8464,52449274.80370279,0.15782823735098367
108.0,65.0,-2.8473573,3454.8464,51921769.819788426,0.15993689109064033
102.0,66.94631,-3.0,3454.8464,55170300.51485072,0.14843307548441204
103.0,66.62965,-3.0,3454.8464,54618236.74607998,0.1503171212060972
104.946106,66.0,-3.0,3454.8464,53557922.830123045,0.1539671775006352
104.0,66.30827,-3.0,3454.8464,54070984.405476436,0.1521956420444654
105.0,66.0,-2.8734004,3454.8464,53533163.91591589,0.15427803708293808
99.0,67.87222,-3.0,3454.8464,56843253.682257436,0.14276599879719148
100.0,67.56821,-3.0,3454.8464,56281069.12735807,0.14466211016861663
101.829636,67.0,-3.0,3454.8464,55265596.43681799,0.14810843840552126
101.0,67.25948,-3.0,3454.8464,55723656.90475387,0.1465504559737998
102.0,67.0,-2.6362653,3454.8464,55186336.782579884,0.14907555591386001
96.0,68.760185,-3.0,3454.8464,58547627.17597691,0.13704174858992288
97.0,68.46869,-3.0,3454.8464,57975363.80815975,0.13895865002888463
98.576035,68.0,-3.0,3454.8464,57084366.69798054,0.14195413479029712
98.0,68.17246,-3.0,3454.8464,57407820.185842454,0.14086556628652913
99.0,68.0,-2.1801174,3454.8464,56884204.51690456,0.1443135729662021
92.0,69.88438,-3.0,3454.8464,60870768.2051723,0.12927664249238555
93.0,69.610115,-3.0,3454.8464,60283846.56660139,0.13123526324359913
94.0,69.331055,-3.0,3454.8464,59701561.162976444,0.13318131165976382
95.16528,69.0,-3.0,3454.8464,59029655.7441868,0.13543050749689323
95.0,69.04722,-3.0,3454.8464,59123932.59216061,0.13511521306347493
88.0,70.940445,-3.0,3454.8464,63250444.61092078,0.12131289296017483
89.0,70.68349,-3.0,3454.8464,62649113.67655684,0.12332565317310348
90.0,70.42166,-3.0,3454.8464,62052315.5759791,0.12532338602594006
91.573845,70.0,-3.0,3454.8464,61123624.26161261,0.12843211679533909
91.0,70.15499,-3.0,3454.8464,61460077.73466835,0.12730649229519447
92.0,70.0,-2.3526087,3454.8464,60912368.54813605,0.1306900940944518
84.0,71.92752,-3.0,3454.8464,65686517.42022138,0.11310175804852521
85.0,71.68802,-3.0,3454.8464,65071063.84321523,0.11518005265360388
86.0,71.443565,-3.0,3454.8464,64460024.09026828,0.11724105920026828
87.76591,71.0,-3.0,3454.8464,63392840.587455735,0.12083503027363321
87.0,71.19419,-3.0,3454.8464,63853431.562049136,0.11928514219770336
88.0,71.0,-2.6924157,3454.8464,63272765.42725637,0.12203674878353644
80.0,72.84417,-3.0,3454.8464,68178834.74746485,0.10460082831723988
81.0,72.62235,-3.0,3454.8464,67549561.9122383,0.1067547426860393
82.0,72.3955,-3.0,3454.8464,66924573.41004493,0.10888936591418982
83.69349,72.0,-3.0,3454.8464,65877181.71736995,0.11245584273619665
83.0,72.16365,-3.0,3454.8464,66303907.49732569,0.11100501408690314
84.0,72.0,-2.6541035,3454.8464,65714417.75466962,0.11397143849581626
75.0,73.88698,-3.0,3454.8464,71374210.3566983,0.09351588447512207
76.0,73.68834,-3.0,3454.8464,70727309.90765749,0.09577514164499756
77.0,73.48454,-3.0,3454.8464,70084516.04572487,0.0980131788701349
78.0,73.27562,-3.0,3454.8464,69445872.1967318,0.1002302412461034
79.2834,73.0,-3.0,3454.8464,68633453.40468892,0.10304015527704596
79.0,73.061584,-3.0,3454.8464,68811420.14009418,0.10242658420565487
80.0,73.0,-2.311192,3454.8464,68239727.8625544,0.10643478342724325
69.0,74.981636,-3.0,3454.8464,75323761.24200958,0.0794763145339681
70.0,74.81219,-3.0,3454.8464,74655944.28168441,0.08187297155735598
71.0,74.63741,-3.0,3454.8464,73992004.99729246,0.08424687197555285
72.0,74.45734,-3.0,3454.8464,73331990.84629294,0.08659816120284548
73.0,74.271996,-3.0,3454.8464,72675948.16900322,0.08892699743795215
74.418465,74.0,-3.0,3454.8464,71753519.2738767,0.09218612281677874
74.0,74.08141,-3.0,3454.8464,72023922.09847474,0.09123355140971888
75.0,74.0,-2.5474472,3454.8464,71418452.98655286,0.09480195321794
63.0,75.89781,-3.0,3454.8464,79395155.98729412,0.06458113931507631
64.0,75.75877,-3.0,3454.8464,78707340.37365076,0.06712224521265546
65.0,75.61421,-3.0,3454.8464,78023180.53929427,0.06963990442466014
66.0,75.464165,-3.0,3454.8464,77342724.38401833,0.07213414293122011
67.0,75.308655,-3.0,3454.8464,76666019.33771434,0.07460500221121516
68.88912,75.0,-3.0,3454.8464,75398518.29073656,0.07920683546866947
68.0,75.14772,-3.0,3454.8464,75993112.24036258,0.07705253889687808
69.0,75.0,-2.9346032,3454.8464,75330827.74103013,0.07967452468002383
70.0,75.0,-2.3151908,3454.8464,74728702.50147413,0.08392149569446831
53.0,76.99437,-3.0,3454.8464,86448361.3413774,0.03784323556238208
54.0,76.91067,-3.0,3454.8464,85727900.29340665,0.04062076030510633
55.0,76.82107,-3.0,3454.8464,85010722.33307996,0.04337571674461036
56.0,76.7256,-3.0,3454.8464,84296870.4940319,0.04610792065644997
57.0,76.62432,-3.0,3454.8464,83586388.46933462,0.0488172072363042
58.0,76.51725,-3.0,3454.8464,82879320.49342352,0.05150343074441257
59.0,76.40443,-3.0,3454.8464,82175711.22145104,0.05416646413210849
60.0,76.28588,-3.0,3454.8464,81475605.61027676,0.056806198674661745
61.0,76.16166,-3.0,3454.8464,80779048.79126617,0.059422543557979955
62.23629,76.0,-3.0,3454.8464,79923671.99093351,0.0626207748592318
62.0,76.031784,-3.0,3454.8464,80086085.93449335,0.06201542542815056
63.0,76.0,-2.673616,3454.8464,79433326.84032394,0.06561553203500346
64.0,76.0,-2.2122445,3454.8464,78798252.4005472,0.06959480456865827
41.0,77.53261,-3.0,3454.8464,95328034.06731588,0.002821162127744346
42.0,77.522995,-3.0,3454.8464,94571234.07046056,0.0058482791187165215
43.0,77.50677,-3.0,3454.8464,93817389.03838179,0.008856971583930975
44.0,77.48399,-3.0,3454.8464,93066527.98327227,0.011846802076464647
45.0,77.45474,-3.0,3454.8464,92318681.1897937,0.014817351262763168
46.0,77.419075,-3.0,3454.8464,91573880.19391024,0.017768218275701856
47.0,77.377045,-3.0,3454.8464,90832157.75157666,0.02069902099649308
48.0,77.32871,-3.0,3454.8464,90093547.79759799,0.023609396267434614
49.0,77.274124,-3.0,3454.8464,89358085.39505994,0.026499000038235312
50.0,77.21334,-3.0,3454.8464,88625806.67584056,0.029367507449411186
51.0,77.14641,-3.0,3454.8464,87896748.7727688,0.03221461285684318
52.928093,77.0,-3.0,3454.8464,86500517.79857206,0.03764153986150849
52.0,77.073364,-3.0,3454.8464,87170949.74410848,0.035040029802198946
53.0,77.0,-2.9849575,3454.8464,86450307.84804909,0.037893134944651796
54.0,77.0,-2.7567682,3454.8464,85759095.87175551,0.04142430182788483
55.0,77.0,-2.5031056,3454.8464,85073862.62588628,0.04500959898222599
56.0,77.0,-2.2226129,3454.8464,84394700.48206529,0.04865075424214814
185.47003,0.0,-2.0,3454.8464,16137462.632834394,0.49788057719934187
185.45438,1.0,-2.0,3454.8464,16143546.46757928,0.4976987835700122
185.40736,2.0,-2.0,3454.8464,16167666.983465413,0.4969736998663925
185.32895,3.0,-2.0,3454.8464,16207824.707979131,0.495771170788469
185.21901,4.0,-2.0,3454.8464,16263955.660499427,0.4940999788507685
185.07742,5.0,-2.0,3454.8464,16335971.690280583,0.4919721589814478
185.0,5.4467545,-2.0,3454.8464,16375164.126635678,0.49082410242743785
184.905,6.0,-2.0,3454.8464,16423877.876773303,0.48940273280341506
184.70166,7.0,-2.0,3454.8464,16527557.955307823,0.4864094562137806
184.4663,8.0,-2.0,3454.8464,16646767.13510159,0.48301245928540704
184.1986,9.0,-2.0,3454.8464,16781337.32997859,0.47923384246609524
184.0,9.6616955,-2.0,3454.8464,16880349.362198975,0.47649634823910647
183.89926,10.0,-2.0,3454.8464,16931211.43150327,0.47509731314051107
183.56929,11.0,-2.0,3454.8464,17096354.41884688,0.4706277966646299
183.20609,12.0,-2.0,3454.8464,17276316.09210633,0.4658510383068829
183.0,12.520159,-2.0,3454.8464,17377377.952785414,0.4632195662996738
182.81119,13.0,-2.0,3454.8464,17471125.83349609,0.46079326335242965
182.38458,14.0,-2.0,3454.8464,17680628.238389425,0.45548081036271026
182.0,14.834583,-2.0,3454.8464,17867230.978951268,0.4508559130677602
181.92426,15.0,-2.0,3454.8464,17904443.865983807,0.4499397385527631
181.43324,16.0,-2.0,3454.8464,18142795.725532934,0.4441958135113598
181.0,16.823566,-2.0,3454.8464,18350333.23239086,0.439318152082661
180.9077,17.0,-2.0,3454.8464,18395094.34806707,0.43827379932875415
180.35094,18.0,-2.0,3454.8464,18661622.33507797,0.4321978806418265
180.0,18.59271,-2.0,3454.8464,18827267.057245906,0.42851801596325667
179.76004,19.0,-2.0,3454.8464,18941929.227495942,0.4259908222797753
179.13571,20.0,-2.0,3454.8464,19236011.068157054,0.41967438308161015
179.0,20.205946,-2.0,3454.8464,19299027.40020906,0.4183546215181927
178.47894,21.0,-2.0,3454.8464,19543930.945784494,0.41326907984358363
178.0,21.691551,-2.0,3454.8464,19765623.845714014,0.40879025364358096
177.78722,22.0,-2.0,3454.8464,19865325.562138412,0.406793760476104
177.06128,23.0,-2.0,3454.8464,20200265.76123118,0.40026615920060904
177.0,23.080511,-2.0,3454.8464,20228108.88119782,0.3997374550813475
176.30246,24.0,-2.0,3454.8464,20548935.7937969,0.39370271932374734
176.0,24.38024,-2.0,3454.8464,20685840.915156085,0.391198107136964
175.50842,25.0,-2.0,3454.8464,20911055.038029134,0.38711807671893494
175.0,25.612421,-2.0,3454.8464,21140233.144086875,0.38307994801099354
174.67905,26.0,-2.0,3454.8464,21286668.311224695,0.3805257531063279
174.0,26.784828,-2.0,3454.8464,21591450.44270494,0.3753548700866447
173.81424,27.0,-2.0,3454.8464,21675844.30736346,0.37393795856568424
173.0,27.904089,-2.0,3454.8464,22039679.68407972,0.3679957113953349
172.91377,28.0,-2.0,3454.8464,22078676.52071536,0.36736564353320345
172.0,28.97587,-2.0,3454.8464,22485126.235424623,0.36097646794352467
171.97743,29.0,-2.0,3454.8464,22495284.097094983,0.36081855833795623
172.0,29.0,-1.7013472,3454.8464,22482573.94524792,0.3610645024538985
170.0,30.995846,-2.0,3454.8464,23368566.67721222,0.3478603458707522
171.00496,30.0,-2.0,3454.8464,22925820.741775095,0.3543053274635071
171.0,30.004913,-2.0,3454.8464,22927980.49531375,0.3542735212103626
169.9958,31.0,-2.0,3454.8464,23370434.91115375,0.3478334693947962
169.0,31.951916,-2.0,3454.8464,23807037.16956077,0.34171834059989215
170.0,31.0,-1.9455402,3454.8464,23368119.20985297,0.34787611932465956
168.9497,32.0,-2.0,3454.8464,23829351.669370227,0.3414095615702894
168.0,32.876446,-2.0,3454.8464,24243673.54734122,0.3358260669768717
169.0,32.0,-1.3525535,3454.8464,23801834.018818196,0.3419045734682056
167.8661,33.0,-2.0,3454.8464,24302792.292690895,0.3350392134338235
167.0,33.772217,-2.0,3454.8464,24678733.096397925,0.3301646272681537
166.74438,34.0,-2.0,3454.8464,24791015.551574927,0.328727182257487
166.0,34.641666,-2.0,3454.8464,25112477.517004743,0.324716553071145
165.58392,35.0,-2.0,3454.8464,25294310.359577093,0.3224774289839528
165.0,35.486942,-2.0,3454.8464,25545171.534056827,0.3194657553539588
164.38394,36.0,-2.0,3454.8464,25812996.397852026,0.31629317788186545
164.0,36.30992,-2.0,3454.8464,25977081.453006208,0.31439745764729726
162.0,37.893486,-2.0,3454.8464,26838813.064114448,0.3047750258936706
163.1436,37.0,-2.0,3454.8464,26347425.23776149,0.3101769889044274
163.0,37.11227,-2.0,3454.8464,26408474.871355027,0.30949814926628344
161.86356,38.0,-2.0,3454.8464,26898252.854329128,0.3041311375981375
161.0,38.6547,-2.0,3454.8464,27268111.517899774,0.30021994489606424
160.54333,39.0,-2.0,3454.8464,27466006.516117375,0.2981571450734235
160.0,39.399326,-2.0,3454.8464,27697489.202554308,0.2958005614610427
158.0,40.84036,-2.0,3454.8464,28556262.783440646,0.28735763087426064
159.18016,40.0,-2.0,3454.8464,28050868.59824129,0.2922554921320564
159.0,40.12841,-2.0,3454.8464,28127215.64439589,0.29150710471223873
157.7754,41.0,-2.0,3454.8464,28653816.13027059,0.28642714229231336
157.0,41.536617,-2.0,3454.8464,28984955.08176154,0.2833392289178466
155.0,42.889862,-2.0,3454.8464,29844531.679486524,0.2756155943230736
156.3277,42.0,-2.0,3454.8464,29275402.255637676,0.2806720321842634
156.0,42.220085,-2.0,3454.8464,29414600.77437874,0.27942168618841173
154.8354,43.0,-2.0,3454.8464,29916204.425210737,0.27498963817382144
154.0,43.545113,-2.0,3454.8464,30273894.34296646,0.27193223645751463
152.0,44.821712,-2.0,3454.8464,31135986.972576655,0.26482854486247
153.29933,44.0,-2.0,3454.8464,30577336.14110581,0.26937962498021056
153.0,44.18966,-2.0,3454.8464,30704816.48492011,0.26832949895812735
151.71727,45.0,-2.0,3454.8464,31259422.429510295,0.26384061851572416
151.0,45.441757,-2.0,3454.8464,31567389.036570866,0.2614255083379857
149.0,46.650867,-2.0,3454.8464,32433744.277167827,0.25485682933124315
150.08803,46.0,-2.0,3454.8464,31963363.06710738,0.2583711818930224
150.0,46.052666,-2.0,3454.8464,32000954.134524085,0.2580869160557311
147.0,47.81986,-2.0,3454.8464,33304450.216788907,0.248596287325274
148.41301,47.0,-2.0,3454.8464,32690711.789199423,0.25296997040527075
148.0,47.24028,-2.0,3454.8464,32868559.22049735,0.2516889073681536
145.0,48.951332,-2.0,3454.8464,34180080.22121237,0.24261874479299048
146.68835,48.0,-2.0,3454.8464,33442026.75922427,0.24763432292316817
146.0,48.389446,-2.0,3454.8464,33740946.2391793,0.245582656507653
144.91338,49.0,-2.0,3454.8464,34218646.73404665,0.2423618529758376
144.0,49.502598,-2.0,3454.8464,34618691.02132535,0.2397444654382574
145.0,49.0,-1.1917624,3454.8464,34179854.119438194,0.24296298453434256
142.0,50.58193,-2.0,3454.8464,35502372.72344079,0.23415236184135907
143.08835,50.0,-2.0,3454.8464,35022265.26248103,0.2371498237266222
143.0,50.047245,-2.0,3454.8464,35060746.64556531,0.2369066682560561
140.0,51.629444,-2.0,3454.8464,36392572.53020875,0.22878593868632194
141.21169,51.0,-2.0,3454.8464,35854322.32223874,0.23199473236834367
141.0,51.110107,-2.0,3454.8464,35947319.79752178,0.23143402118993983
138.0,52.646954,-2.0,3454.8464,37289872.326373026,0.22362620430935934
139.28114,52.0,-2.0,3454.8464,36716260.52132195,0.22689257621993608
139.0,52.14224,-2.0,3454.8464,36840846.6267272,0.22617536519175616
136.0,53.63611,-2.0,3454.8464,38194853.36393858,0.2186554430727511
137.29533,53.0,-2.0,3454.8464,37609891.642456025,0.22183886643166867
137.0,53.14533,-2.0,3454.8464,37741908.95195997,0.2211126993465612
134.0,54.598385,-2.0,3454.8464,39108094.857834734,0.21385708717387258
135.25264,54.0,-2.0,3454.8464,38537173.41550623,0.216828409134489
135.0,54.120895,-2.0,3454.8464,38651087.30737722,0.21622920052397315
131.0,55.994823,-2.0,3454.8464,40496042.42394461,0.2069380618947214
132.0,55.53513,-2.0,3454.8464,40030172.579033434,0.2092155992158984
133.15114,55.0,-2.0,3454.8464,39500221.88938389,0.21185521150433084
133.0,55.070324,-2.0,3454.8464,39568959.3716077,0.21150910483583416
129.0,56.895195,-2.0,3454.8464,41431911.55478133,0.2025096155124693
130.98874,56.0,-2.0,3454.8464,40501363.90615577,0.20691234337848194
130.0,56.447533,-2.0,3454.8464,40961657.635142975,0.20471636472892843
131.0,56.0,-1.9228325,3454.8464,40496887.71708365,0.20699037321271793
127.0,57.77283,-2.0,3454.8464,42377886.1397078,0.19820345345650356
128.76537,57.0,-2.0,3454.8464,41543771.559835434,0.20199111420971672
128.0,57.33667,-2.0,3454.8464,41903115.035899036,0.20034559682008507
125.0,58.628635,-2.0,3454.8464,43334519.53726571,0.19400668427555814
126.47615,58.0,-2.0,3454.8464,42629677.44008924,0.1970824897674717
126.0,58.203484,-2.0,3454.8464,42855102.46319197,0.19609025068027336
122.0,59.8732,-2.0,3454.8464,44791365.65511327,0.1878857690318853
123.0,59.46341,-2.0,3454.8464,44302356.03814696,0.1899070665002725
124.1176,59.0,-2.0,3454.8464,43762039.017229095,0.1921758057923473
124.0,59.048805,-2.0,3454.8464,43818169.0919086,0.19193794880838433
120.0,60.677574,-2.0,3454.8464,45775847.66291543,0.1839169296445401
121.689476,60.0,-2.0,3454.8464,44945256.5945201,0.1872565056506139
121.0,60.27784,-2.0,3454.8464,45281929.868292004,0.18589294714867188
117.0,61.847946,-2.0,3454.8464,47276515.647766195,0.178086294117402
118.0,61.462585,-2.0,3454.8464,46772698.14124711,0.18001677963496354
119.18549,61.0,-2.0,3454.8464,46182499.91305557,0.18231059253791032
119.0,61.07251,-2.0,3454.8464,46273764.33655979,0.18195321046033144
114.0,62.97622,-2.0,3454.8464,48805216.97121705,0.17238222233550968
115.0,62.60479,-2.0,3454.8464,48291364.02821586,0.17427658828546375
116.60345,62.0,-2.0,3454.8464,47478883.00829558,0.1773181665100184
116.0,62.228672,-2.0,3454.8464,47782422.553463005,0.1761748018816044
112.0,63.705948,-2.0,3454.8464,49838733.698416784,0.16864008679399412
113.9359,63.0,-2.0,3454.8464,48838637.90708707,0.17225981296494247
113.0,63.34339,-2.0,3454.8464,49319669.46660121,0.17050947783463086
114.0,63.0,-1.7352358,3454.8464,48814628.37781528,0.17269732585243347
109.0,64.7673,-2.0,3454.8464,51415526.95394303,0.16307557988524685
110.0,64.41795,-2.0,3454.8464,50886260.10750625,0.16492559015826913
111.1802,64.0,-2.0,3454.8464,50268709.551691756,0.16710606918149465
111.0,64.06397,-2.0,3454.8464,50361906.4753246,0.1667754468693476
106.0,65.789856,-2.0,3454.8464,53022378.06081912,0.15755203729301528
107.0,65.45341,-2.0,3454.8464,52482863.95880836,0.15939211492564254
108.32767,65.0,-2.0,3454.8464,51775308.95273224,0.1618271544066678
108.0,65.112335,-2.0,3454.8464,51948252.60259887,0.16122975789402919
103.0,66.774345,-2.0,3454.8464,54659839.46638374,0.15203922224030106
104.0,66.45055,-2.0,3454.8464,54110067.73886071,0.1538787658317545
105.369545,66.0,-2.0,3454.8464,53366291.23606824,0.15638573802651454
105.0,66.122116,-2.0,3454.8464,53565173.6955363,0.1557135558874535
100.0,67.72126,-2.0,3454.8464,56328392.00596534,0.14650786072161817
101.0,67.40991,-2.0,3454.8464,55768382.92048475,0.14835615380632314
102.2955,67.0,-2.0,3454.8464,55051210.42153152,0.15073571290246984
102.0,67.09392,-2.0,3454.8464,55213212.33480398,0.15019736037106887
96.0,68.92519,-2.0,3454.8464,58603423.96831126,0.139053868609455
97.0,68.630844,-2.0,3454.8464,58028452.878797114,0.1409298703401063
98.0,68.3318,-2.0,3454.8464,57458255.16355087,0.14279599625552333
99.09211,68.0,-2.0,3454.8464,56841461.448406264,0.14482141372914517
99.0,68.02808,-2.0,3454.8464,56892843.744227216,0.14465271457747308
93.0,69.78522,-2.0,3454.8464,60345411.26562284,0.13337370810919216
94.0,69.5031,-2.0,3454.8464,59760391.91968344,0.1352786094303276
95.744095,69.0,-2.0,3454.8464,58752378.47665365,0.13856765980675867
95.0,69.216255,-2.0,3454.8464,59180076.77843844,0.13717136327641297
96.0,69.0,-1.4481381,3454.8464,58644131.514184386,0.14012272726132552
89.0,70.87281,-2.0,3454.8464,62719088.31329713,0.12563013056790226
90.0,70.60768,-2.0,3454.8464,62119517.780666366,0.12758703313610026
91.0,70.33775,-2.0,3454.8464,61524547.52256179,0.12952916019160532
92.2278,70.0,-2.0,3454.8464,60801339.91610494,0.13188986263370137
92.0,70.06306,-2.0,3454.8464,60934202.937204964,0.13145694948244604
85.0,71.89288,-2.0,3454.8464,65149191.83558728,0.11764628674484257
86.0,71.64488,-2.0,3454.8464,64535386.74606712,0.11966749243857047
87.0,71.392,-2.0,3454.8464,63926060.31796859,0.12167147101015482
88.51445,71.0,-2.0,3454.8464,63013234.20745391,0.12466820313612198
88.0,71.13427,-2.0,3454.8464,63321244.33901055,0.12365862568076502
89.0,71.0,-1.2047923,3454.8464,62790688.83987484,0.12741634706067106
81.0,72.84413,-2.0,3454.8464,67635392.8399297,0.10937527005191479
82.0,72.61348,-2.0,3454.8464,67007694.04311243,0.11147185569759778
83.0,72.37786,-2.0,3454.8464,66384339.737673715,0.11354900524555006
84.56233,72.0,-2.0,3454.8464,65420579.17484605,0.11674978473963649
84.0,72.13731,-2.0,3454.8464,65765367.06505997,0.11560707488391386
85.0,72.0,-1.3908628,3454.8464,65209685.835927114,0.11912152695712784
76.0,73.93258,-2.0,3454.8464,70822825.76258358,0.09857419907867876
77.0,73.72468,-2.0,3454.8464,70177414.07721905,0.1007773444833382
78.0,73.51169,-2.0,3454.8464,69536162.9634391,0.10295886701847287
79.0,73.29363,-2.0,3454.8464,68899115.4360474,0.10511905259971643
80.31179,73.0,-2.0,3454.8464,68071037.79994725,0.10791529726797647
80.0,73.07055,-2.0,3454.8464,68266312.70777352,0.1072581977666205
81.0,73.0,-1.1908545,3454.8464,67722889.03414454,0.11146802970519858
71.0,74.906235,-2.0,3454.8464,74096086.41131286,0.08720317464813017
72.0,74.72175,-2.0,3454.8464,73433614.63399094,0.08952375783427746
73.0,74.53203,-2.0,3454.8464,72775112.91361314,0.09182106164689474
74.0,74.337105,-2.0,3454.8464,72120627.9568153,0.09409528547020571
75.670044,74.0,-2.0,3454.8464,71037846.55597945,0.09783670259816189
75.0,74.13701,-2.0,3454.8464,71470205.06254655,0.09634664136705692
76.0,74.0,-1.6882123,3454.8464,70859888.99734306,0.09944335005178358
65.0,75.91474,-2.0,3454.8464,78136649.69820413,0.07275146751866554
66.0,75.75989,-2.0,3454.8464,77453971.81706771,0.0752211514575194
67.0,75.59962,-2.0,3454.8464,76775030.08277881,0.07766644221514393
68.0,75.43397,-2.0,3454.8464,76099873.2223895,0.08008742184122779
69.0,75.262955,-2.0,3454.8464,75428549.15985815,0.0824841876446537
70.47958,75.0,-2.0,3454.8464,74443651.39181149,0.08597992240250903
70.0,75.08662,-2.0,3454.8464,74761104.91081749,0.0848568518822869
71.0,75.0,-1.6109618,3454.8464,74146061.8966353,0.08835489880388853
57.0,76.97065,-2.0,3454.8464,83710816.14904682,0.05207072622896593
58.0,76.85821,-2.0,3454.8464,83001891.48757358,0.05474203319203598
59.0,76.740074,-2.0,3454.8464,82296394.65274264,0.057388944735715555
60.0,76.61628,-2.0,3454.8464,81594372.58278136,0.06001137098310105
61.0,76.486855,-2.0,3454.8464,80895872.35494748,0.06260924073177995
62.0,76.35183,-2.0,3454.8464,80200941.04814601,0.06518250102729167
63.0,76.211235,-2.0,3454.8464,79509625.61562282,0.0677311167488545
64.43186,76.0,-2.0,3454.8464,78527290.22792381,0.07133166668440435
64.0,76.06511,-2.0,3454.8464,78821972.76267475,0.07025507021609238
65.0,76.0,-1.6881475,3454.8464,78179895.59194233,0.07372950306909112
66.0,76.0,-1.0993661,3454.8464,77577162.90732326,0.07801238746014043
40.0,77.99367,-2.0,3454.8464,96229956.7378394,0.00306128018549313
41.0,77.98369,-2.0,3454.8464,95469224.69061932,0.006114187643578269
42.0,77.967155,-2.0,3454.8464,94711372.00586468,0.009147808035348193
43.0,77.94412,-2.0,3454.8464,93956426.57093053,0.012161680400008739
44.0,77.91466,-2.0,3454.8464,93204417.73583995,0.015155363226315827
45.0,77.87883,-2.0,3454.8464,92455376.29283816,0.01812843484358694
46.0,77.83668,-2.0,3454.8464,91709334.44450481,0.02108049373320618
47.0,77.78826,-2.0,3454.8464,90966325.76075512,0.02401115876255415
48.0,77.73364,-2.0,3454.8464,90226385.12517901,0.026920069344261437
49.0,77.67286,-2.0,3454.8464,89489548.6712428,0.029806885524482254
50.0,77.605965,-2.0,3454.8464,88755853.70902267,0.03267128800461991
51.0,77.533005,-2.0,3454.8464,88025338.64318185,0.035512978101648204
52.0,77.45402,-2.0,3454.8464,87298042.88303873,0.03833167765272824
53.0,77.36905,-2.0,3454.8464,86574006.74561337,0.041127128870430345
54.0,77.27814,-2.0,3454.8464,85853271.35262004,0.043899094155231785
55.0,77.18133,-2.0,3454.8464,85135878.5224295,0.04664735587229534
56.72677,77.0,-2.0,3454.8464,83905896.34275456,0.05133261787053906
56.0,77.07866,-2.0,3454.8464,84421870.65805098,0.04937171609973102
57.0,77.0,-1.9085395,3454.8464,83724529.36493656,0.052373014309402825
58.0,77.0,-1.5480728,3454.8464,83069008.71900319,0.05622504611782757
59.0,77.0,-1.1523707,3454.8464,82421019.22159159,0.06014894441388601
39.0,78.0,-1.993248,3454.8464,96994671.30658358,1.2272447225794897e-05
40.0,78.0,-1.9854481,3454.8464,96232379.53820367,0.0031103336886563653
41.0,78.0,-1.9618901,3454.8464,95475538.69447547,0.006242894249363567
42.0,78.0,-1.9219077,3454.8464,94724245.41401792,0.009411909852637065
43.0,78.0,-1.8647788,3454.8464,93978602.78732747,0.01261939119196696
44.0,78.0,-1.7897224,3454.8464,93238719.97004579,0.01586739950865725
45.0,78.0,-1.6958958,3454.8464,92504711.72903672,0.019158041713604076
46.0,78.0,-1.5823898,3454.8464,91776697.92114337,0.022493465051004635
47.0,78.0,-1.448226,3454.8464,91054802.9050419,0.025875851302627262
48.0,78.0,-1.2923518,3454.8464,90339154.88692576,0.029307410532444567
49.0,78.0,-1.113637,3454.8464,89629885.20135254,0.03279037437211682
185.53844,0.0,-1.0,3454.8464,16091132.069345132,0.49941635458504363
185.5228,1.0,-1.0,3454.8464,16097222.777948909,0.49923335498130783
185.47585,2.0,-1.0,3454.8464,16121377.671363302,0.49850316092750324
185.39752,3.0,-1.0,3454.8464,16161592.305895455,0.49729218838176575
185.28772,4.0,-1.0,3454.8464,16217802.130974155,0.49560932822407694
185.14629,5.0,-1.0,3454.8464,16289918.215179969,0.49346676260443134
185.0,5.84465,-1.0,3454.8464,16364156.727058953,0.49128152561310195
184.97334,6.0,-1.0,3454.8464,16377861.16506174,0.4908797128982221
184.77025,7.0,-1.0,3454.8464,16481680.132946003,0.48786614490211544
184.53517,8.0,-1.0,3454.8464,16601045.901219808,0.48444641295833035
184.26779,9.0,-1.0,3454.8464,16735788.960590009,0.480642870968706
184.0,9.89275,-1.0,3454.8464,16869611.994665682,0.4769258486927959
183.96808,10.0,-1.0,3454.8464,16885764.931284178,0.4764794906495793
183.63852,11.0,-1.0,3454.8464,17051107.90017183,0.4719815355743875
183.27577,12.0,-1.0,3454.8464,17231280.975308422,0.4671749642834803
183.0,12.696407,-1.0,3454.8464,17366811.222505458,0.46363062041853675
182.88062,13.0,-1.0,3454.8464,17426223.321314182,0.4620862753794104
182.45453,14.0,-1.0,3454.8464,17635954.253859296,0.4567421361033653
182.0,14.986934,-1.0,3454.8464,17856969.613204774,0.4512415409721393
181.99402,15.0,-1.0,3454.8464,17859913.747235652,0.4511687558581642
182.0,15.0,-0.74807036,3454.8464,17857321.00403885,0.45124911377029026
181.50365,16.0,-1.0,3454.8464,18098504.22057295,0.4453922939106538
181.0,16.95793,-1.0,3454.8464,18340261.512632847,0.4396879456495285
180.978,17.0,-1.0,3454.8464,18350950.78933045,0.43943756421366675
181.0,17.0,-0.081882425,3454.8464,18341619.9321489,0.4397171791100685
180.42195,18.0,-1.0,3454.8464,18617720.972819783,0.43332914929041655
180.0,18.713081,-1.0,3454.8464,18817285.762259834,0.42887922616768276
179.83105,19.0,-1.0,3454.8464,18898173.318818077,0.4270898172337678
179.20757,20.0,-1.0,3454.8464,19192494.921862267,0.42074166146729924
179.0,20.315157,-1.0,3454.8464,19289054.837824307,0.41871233168403915
178.55089,21.0,-1.0,3454.8464,19500551.776090465,0.41430522373504847
178.0,21.795908,-1.0,3454.8464,19756022.30405641,0.4091266345988211
177.8593,22.0,-1.0,3454.8464,19822075.849084664,0.40779950729390113
177.13435,23.0,-1.0,3454.8464,20157241.79691456,0.40124249968114306
177.0,23.176638,-1.0,3454.8464,20218400.64546192,0.4000775516851313
176.3758,24.0,-1.0,3454.8464,20506025.09670419,0.39465058240956896
176.0,24.472725,-1.0,3454.8464,20676422.51966688,0.39152394457239315
175.58205,25.0,-1.0,3454.8464,20868246.448912255,0.38803852771278224
175.0,25.70158,-1.0,3454.8464,21131077.035851024,0.3833942691577764
174.75305,26.0,-1.0,3454.8464,21243949.5720054,0.3814199405601523
174.0,26.870947,-1.0,3454.8464,21582531.645444512,0.37566009806308254
173.88866,27.0,-1.0,3454.8464,21633202.148194455,0.3748071038234559
173.0,27.987417,-1.0,3454.8464,22030975.77972611,0.36829397922287
172.9887,28.0,-1.0,3454.8464,22036096.739652164,0.36821103178972
173.0,28.0,-0.5665397,3454.8464,22032037.62912408,0.3683159343728002
172.05351,29.0,-1.0,3454.8464,22452837.35801614,0.3616416494190815
172.0,29.055025,-1.0,3454.8464,22476288.160852615,0.3612819414857197
171.08194,30.0,-1.0,3454.8464,22883445.698759954,0.3551074577607465
171.0,30.0812,-1.0,3454.8464,22919176.197933197,0.35458014056413995
170.07347,31.0,-1.0,3454.8464,23328071.499609645,0.3486160120671858
170.0,31.070229,-1.0,3454.8464,23359947.889347963,0.3481634136433002
168.0,32.94886,-1.0,3454.8464,24235793.67461298,0.3361133835269236
169.02766,32.0,-1.0,3454.8464,23786910.185433142,0.34217388980403535
169.0,32.025524,-1.0,3454.8464,23798849.39274735,0.3420108041885612
167.94463,33.0,-1.0,3454.8464,24260283.133872278,0.33578688557871395
167.0,33.842937,-1.0,3454.8464,24670984.06671784,0.3304532613111304
166.82391,34.0,-1.0,3454.8464,24748467.200694345,0.3294598278568691
166.0,34.71083,-1.0,3454.8464,25104852.982253216,0.32500736021509513
165.66454,35.0,-1.0,3454.8464,25251703.438695684,0.3231966460595733
165.0,35.55467,-1.0,3454.8464,25537667.096995004,0.3197594955259538
164.46576,36.0,-1.0,3454.8464,25770310.984248575,0.3170006071788641
164.0,36.376328,-1.0,3454.8464,25969694.843147397,0.31469481581509196
162.0,37.958767,-1.0,3454.8464,26832154.48771536,0.3050694653868221
163.22676,37.0,-1.0,3454.8464,26304640.71948994,0.3108743052828681
163.0,37.17746,-1.0,3454.8464,26401205.42927273,0.3097997309807055
161.94724,38.0,-1.0,3454.8464,26855180.966797516,0.304819883972985
161.0,38.718887,-1.0,3454.8464,27261568.64325299,0.3005205012741671
160.62863,39.0,-1.0,3454.8464,27422785.29520537,0.2988394511559158
160.0,39.462513,-1.0,3454.8464,27691065.96055056,0.296107699977543
158.0,40.902798,-1.0,3454.8464,28550600.106556553,0.28766880823664104
159.26723,40.0,-1.0,3454.8464,28007474.38164039,0.2929332208906875
159.0,40.190685,-1.0,3454.8464,28120917.296389066,0.29182125841465395
157.86342,41.0,-1.0,3454.8464,28610035.563623242,0.28710207061829535
157.0,41.59825,-1.0,3454.8464,28979426.430185303,0.2836590259595768
155.0,42.950996,-1.0,3454.8464,29839816.668575805,0.2759441023566783
156.41786,42.0,-1.0,3454.8464,29231390.325093716,0.28134657923088746
156.0,42.281,-1.0,3454.8464,29409215.307842955,0.27975045833865303
154.92686,43.0,-1.0,3454.8464,29871724.88823034,0.2756657245653253
154.0,43.605625,-1.0,3454.8464,30269339.305903196,0.27227120548010053
152.0,44.881966,-1.0,3454.8464,31132320.470107444,0.2651806780630631
153.39342,44.0,-1.0,3454.8464,30532558.45954854,0.27006000761644894
153.0,44.24963,-1.0,3454.8464,30700434.45404785,0.2686792619593347
151.81311,45.0,-1.0,3454.8464,31214083.255334392,0.2645275387343967
151.0,45.501564,-1.0,3454.8464,31563918.574748185,0.2617898528167546
149.0,46.71066,-1.0,3454.8464,32431256.510649346,0.2552386764799609
150.18706,46.0,-1.0,3454.8464,31917644.369165257,0.2590676506592629
150.0,46.1121,-1.0,3454.8464,31997696.43078354,0.258463790842709
147.0,47.87978,-1.0,3454.8464,33303025.21438907,0.24899857145704782
148.5144,47.0,-1.0,3454.8464,32644316.950868025,0.2536787808903262
148.0,47.299793,-1.0,3454.8464,32866314.173270985,0.25208468347742935
146.79242,48.0,-1.0,3454.8464,33394879.795309063,0.24835861836521364
146.0,48.449192,-1.0,3454.8464,33739798.192622826,0.24600026873809017
144.0,49.562725,-1.0,3454.8464,34618733.10658755,0.24018688483315054
145.02074,49.0,-1.0,3454.8464,34170716.600524366,0.24310513499076547
145.0,49.01143,-1.0,3454.8464,34179696.397769086,0.24304589201123802
142.0,50.6426,-1.0,3454.8464,35503706.69925041,0.23462260497089305
143.20033,50.0,-1.0,3454.8464,34973650.26408227,0.23791611431866477
143.0,50.107365,-1.0,3454.8464,35061128.16843794,0.2373661676420695
140.0,51.690823,-1.0,3454.8464,36395308.51621605,0.22928707373071844
141.32771,51.0,-1.0,3454.8464,35804674.47254878,0.23278801531438562
141.0,51.170876,-1.0,3454.8464,35949037.37128034,0.23192277802971437
138.0,52.70922,-1.0,3454.8464,37294128.38341394,0.2241613536847141
139.40181,52.0,-1.0,3454.8464,36665446.243332684,0.2277173733947559
139.0,52.203823,-1.0,3454.8464,36844013.89479062,0.22669646789278927
136.0,53.69944,-1.0,3454.8464,38200754.932230756,0.2192277830006221
137.4213,53.0,-1.0,3454.8464,37557752.94535237,0.22270013935521682
137.0,53.207905,-1.0,3454.8464,37746647.16609135,0.2216692911517517
134.0,54.662975,-1.0,3454.8464,39115774.065775305,0.2144698436404215
135.38467,54.0,-1.0,3454.8464,38483522.01460774,0.2177315959847585
135.0,54.184654,-1.0,3454.8464,38657524.653307505,0.21682447718449693
132.0,55.601173,-1.0,3454.8464,40039767.4295313,0.20987204049801117
133.29012,55.0,-1.0,3454.8464,39444832.19749671,0.21280626330138722
133.0,55.135456,-1.0,3454.8464,39577230.34831332,0.21214630785223265
129.0,56.963947,-1.0,3454.8464,41445034.609389216,0.2032347268325313
130.0,56.515244,-1.0,3454.8464,40973310.88953056,0.2054197914110264
131.13557,56.0,-1.0,3454.8464,40443926.75476043,0.2079177921440141
131.0,56.061558,-1.0,3454.8464,40506343.24756864,0.20762000523204616
127.0,57.843555,-1.0,3454.8464,42393303.33756872,0.19898067512014653
128.91963,57.0,-1.0,3454.8464,41483502.10458717,0.20305865482051788
128.0,57.406265,-1.0,3454.8464,41916973.047664344,0.2010993280226595
129.0,57.0,-0.030968558,3454.8464,41483014.94239847,0.20373690005909897
125.0,58.701572,-1.0,3454.8464,43352380.912863076,0.19483934053529578
126.640945,58.0,-1.0,3454.8464,42566610.60118168,0.19821976318952475
126.0,58.275196,-1.0,3454.8464,42871313.82064298,0.19689760744713658
122.0,59.94997,-1.0,3454.8464,44813629.93357685,0.1888049373254274
123.0,59.538807,-1.0,3454.8464,44322811.51445023,0.19079845438876686
124.294556,59.0,-1.0,3454.8464,43695679.30847029,0.19339132457124336
124.0,59.12287,-1.0,3454.8464,43836883.11230105,0.19280223465108817
120.0,60.757168,-1.0,3454.8464,45800945.909944154,0.1848998560877609
121.8782,60.0,-1.0,3454.8464,44874283.057282984,0.18856110408569782
121.0,60.355953,-1.0,3454.8464,45305127.52715399,0.18684631315547456
117.0,61.93228,-1.0,3454.8464,47306650.722943336,0.17916806877247868
118.0,61.545277,-1.0,3454.8464,46800772.92943517,0.1810665994295878
119.390465,61.0,-1.0,3454.8464,46106787.31273605,0.18371366740270956
119.0,61.153606,-1.0,3454.8464,46299848.58993842,0.18297172497177114
115.0,62.692627,-1.0,3454.8464,48324697.9561487,0.17542995129943
116.82466,62.0,-1.0,3454.8464,47396608.89278466,0.17883338663454282
116.0,62.31475,-1.0,3454.8464,47813609.75898271,0.17729453313843396
112.0,63.799534,-1.0,3454.8464,49877686.640560985,0.16990366483519762
113.0,63.43504,-1.0,3454.8464,49356324.702122174,0.17173723085247294
114.17828,63.0,-1.0,3454.8464,48749156.69779162,0.1738986145056469
114.0,63.06595,-1.0,3454.8464,48839940.973948255,0.1735734531907281
109.0,64.86726,-1.0,3454.8464,51460425.29191417,0.1644554858062868
110.0,64.51579,-1.0,3454.8464,50928718.67040928,0.1662676545116306
111.44604,64.0,-1.0,3454.8464,50169958.761250794,0.16888442075229523
111.0,64.159744,-1.0,3454.8464,50401993.63834977,0.16808019889590192
106.0,65.89685,-1.0,3454.8464,53073503.02021662,0.15905367933964956
107.0,65.5581,-1.0,3454.8464,52531419.88610087,0.16085412004411218
108.620285,65.0,-1.0,3454.8464,51664894.68429661,0.1637628622804322
108.0,65.21477,-1.0,3454.8464,51994305.85143772,0.16265258615063904
103.0,66.88905,-1.0,3454.8464,54717416.23959038,0.1536671564187259
104.0,66.56276,-1.0,3454.8464,54164962.690390825,0.15546553400567917
105.69398,66.0,-1.0,3454.8464,53241544.08334561,0.15849793693754322
105.0,66.23189,-1.0,3454.8464,53617449.985849194,0.15725953702591883
100.0,67.8444,-1.0,3454.8464,56392577.26731765,0.14826565390877017
101.0,67.530365,-1.0,3454.8464,55829794.71043046,0.1500715589414086
102.657936,67.0,-1.0,3454.8464,54908761.58973823,0.15304612116509217
102.0,67.21173,-1.0,3454.8464,55271909.53820464,0.1518706635551077
97.0,68.76317,-1.0,3454.8464,58099326.87582612,0.14281996272705516
98.0,68.461235,-1.0,3454.8464,57526287.978220075,0.14464282820148622
99.50025,68.0,-1.0,3454.8464,56677042.51877181,0.14735488476168584
99.0,68.15468,-1.0,3454.8464,56958088.83120888,0.1464564688668614
93.0,69.93062,-1.0,3454.8464,60425898.298479505,0.13544107915612086
94.0,69.64537,-1.0,3454.8464,59837950.3661106,0.1373021966848522
95.0,69.35543,-1.0,3454.8464,59254753.65655239,0.13915120332144157
96.205376,69.0,-1.0,3454.8464,58559024.236574896,0.1413607689406116
96.0,69.060844,-1.0,3454.8464,58676326.38517527,0.14098859263617913
90.0,70.764046,-1.0,3454.8464,62206598.18868834,0.12978769689099579
91.0,70.490776,-1.0,3454.8464,61608696.43399434,0.1316860925100637
92.75503,70.0,-1.0,3454.8464,60571685.96344582,0.1349787045852503
92.0,70.21278,-1.0,3454.8464,61015459.73619299,0.1335700650525341
93.0,70.0,-0.40103891,3454.8464,60538540.737182245,0.13651482997195682
86.0,71.81663,-1.0,3454.8464,64631774.991096385,0.12204240973783459
87.0,71.56016,-1.0,3454.8464,64019515.89109224,0.12400340564333207
88.0,71.29888,-1.0,3454.8464,63411797.81910056,0.12594732972602266
89.12257,71.0,-1.0,3454.8464,62735634.89721365,0.12810701091012489
89.0,71.03284,-1.0,3454.8464,62808650.78659897,0.12787462726435983
82.0,72.80195,-1.0,3454.8464,67112958.58619587,0.11401490555337657
83.0,72.56249,-1.0,3454.8464,66486722.1979468,0.11605058388332312
84.0,72.31814,-1.0,3454.8464,65864888.243781835,0.11806676803351915
85.27369,72.0,-1.0,3454.8464,65080389.15011401,0.12060196293582766
85.0,72.06892,-1.0,3454.8464,65247492.48691228,0.1200638575308891
77.0,73.9354,-1.0,3454.8464,70293699.10137933,0.10351762742072809
78.0,73.718285,-1.0,3454.8464,69649659.59629516,0.10566057564625247
79.0,73.49613,-1.0,3454.8464,69009833.06068993,0.10778157333545656
80.0,73.26899,-1.0,3454.8464,68374261.71737948,0.10988095008397182
81.15713,73.0,-1.0,3454.8464,67644907.26130053,0.11228012196973576
81.0,73.03687,-1.0,3454.8464,67742985.87440062,0.11195904658951687
72.0,74.956764,-1.0,3454.8464,73559749.478072,0.0924412952464373
73.0,74.76261,-1.0,3454.8464,72898626.53799014,0.09470403158941357
74.0,74.56329,-1.0,3454.8464,72241517.5906113,0.09694288293592757
75.0,74.35883,-1.0,3454.8464,71588469.28127454,0.09915809239999188
76.6979,74.0,-1.0,3454.8464,70490213.20244522,0.10286017197821473
76.0,74.14927,-1.0,3454.8464,70939526.67011611,0.10134991609924682
77.0,74.0,-0.64571667,3454.8464,70398512.15033036,0.10439778544060205
67.0,75.86112,-1.0,3454.8464,76909512.09811118,0.0807355348920997
68.0,75.69071,-1.0,3454.8464,76231968.88616903,0.08312698808206398
69.0,75.514984,-1.0,3454.8464,75558243.62049016,0.08549324598309
70.0,75.33397,-1.0,3454.8464,74888384.91690032,0.08783444907286005
71.773186,75.0,-1.0,3454.8464,73711158.70747875,0.0919200601268942
71.0,75.14769,-1.0,3454.8464,74222440.26872322,0.0901507530014177
72.0,75.0,-0.7914246,3454.8464,73628685.53526445,0.09300097477607722
60.0,76.91703,-1.0,3454.8464,81739561.0979332,0.06324495677347126
61.0,76.782394,-1.0,3454.8464,81039021.65605631,0.06582158487971337
62.0,76.64221,-1.0,3454.8464,80342021.76809603,0.06837242253789821
63.0,76.496506,-1.0,3454.8464,79648610.24525899,0.07089745756712204
64.0,76.345314,-1.0,3454.8464,78958835.56129955,0.07339669586862912
65.0,76.18865,-1.0,3454.8464,78272745.72633745,0.07587016104707513
66.16005,76.0,-1.0,3454.8464,77482181.12014206,0.07870385820116478
66.0,76.026566,-1.0,3454.8464,77590388.16830175,0.07831789407209275
67.0,76.0,-0.40455884,3454.8464,77125079.41220123,0.08243840478943872
50.0,77.96829,-1.0,3454.8464,88912954.24399567,0.0360292042464397
51.0,77.889366,-1.0,3454.8464,88180953.5732097,0.038863204552163376
52.0,77.80448,-1.0,3454.8464,87452126.89157522,0.04167285611218884
53.0,77.71369,-1.0,3454.8464,86726516.0729924,0.04445791263899161
54.0,77.61703,-1.0,3454.8464,86004163.83271389,0.047218149240800554
55.0,77.51452,-1.0,3454.8464,85285113.60381284,0.04995336212996892
56.0,77.40621,-1.0,3454.8464,84569409.41037986,0.052663368306564685
57.0,77.29214,-1.0,3454.8464,83857095.7386819,0.05534800522535793
58.0,77.17234,-1.0,3454.8464,83148217.407628,0.05800713045411625
59.359306,77.0,-1.0,3454.8464,82191236.2633169,0.06157532153259296
59.0,77.04684,-1.0,3454.8464,82442819.43964693,0.06064062133111348
60.0,77.0,-0.6970294,3454.8464,81861769.83973429,0.06417858879469765
61.0,77.0,-0.1843611,3454.8464,81362176.97805697,0.06830598646358808
38.0,78.4433,-1.0,3454.8464,97924158.26798217,0.00021790273759654858
39.0,78.439384,-1.0,3454.8464,97156895.4020749,0.003317114462880527
40.0,78.42876,-1.0,3454.8464,96392512.98603986,0.006397019762400237
41.0,78.4115,-1.0,3454.8464,95631036.92320219,0.009457105508343038
42.0,78.387665,-1.0,3454.8464,94872494.49640183,0.012496877045484061
43.0,78.35733,-1.0,3454.8464,94116914.35724264,0.015515858703489045
44.0,78.32055,-1.0,3454.8464,93364326.5037946,0.018513594231534515
45.0,78.27739,-1.0,3454.8464,92614762.2472087,0.021489647156600733
46.0,78.2279,-1.0,3454.8464,91868254.16738741,0.024443601067863134
47.0,78.172134,-1.0,3454.8464,91124836.05845654,0.02737505983015938
48.0,78.11015,-1.0,3454.8464,90384542.86444908,0.030283647730549396
49.567207,78.0,-1.0,3454.8464,89231539.54909092,0.034790935313878446
49.0,78.04199,-1.0,3454.8464,89647410.60608032,0.033169009562520266
50.0,78.0,-0.90603447,3454.8464,88954678.65801899,0.03634002570464236
51.0,78.0,-0.66479576,3454.8464,88328520.51671566,0.03996489961324119
52.0,78.0,-0.394119,3454.8464,87716296.24444112,0.04365036282804659
53.0,78.0,-0.09216567,3454.8464,87118148.92524546,0.04739884373383745
185.56158,0.0,0.0,3454.8464,16080318.40103934,0.49980501929356436
185.54594,1.0,0.0,3454.8464,16086411.342391763,0.4996217439740755
185.49901,2.0,0.0,3454.8464,16110575.886920484,0.49889036978176615
185.42072,3.0,0.0,3454.8464,16150806.500900246,0.4976774482064519
185.31097,4.0,0.0,3454.8464,16207038.477483775,0.4959918963628549
185.1696,5.0,0.0,3454.8464,16279182.671043314,0.4938459320262666
185.0,5.9794397,0.0,3454.8464,16365316.426875316,0.4913080813854212
184.99648,6.0,0.0,3454.8464,16367131.21468767,0.49125482090684536
184.79347,7.0,0.0,3454.8464,16470990.50274645,0.4882365949754604
184.5585,8.0,0.0,3454.8464,16590401.760765206,0.48481165309516316
184.29124,9.0,0.0,3454.8464,16725195.07662708,0.4810024105454975
184.0,9.971138,0.0,3454.8464,16870847.258887645,0.47695319077023407
183.99141,10.0,0.0,3454.8464,16875196.59416337,0.4768328985774448
183.662,11.0,0.0,3454.8464,17040599.967614204,0.47232848555557083
183.29941,12.0,0.0,3454.8464,17220836.98624756,0.4675151652804128
183.0,12.756298,0.0,3454.8464,17368099.753084082,0.4636608420495433
182.90419,13.0,0.0,3454.8464,17415816.936055947,0.46241950012868943
182.47832,14.0,0.0,3454.8464,17625620.063158795,0.457068266019216
182.01794,15.0,0.0,3454.8464,17849646.124151047,0.45148768736377354
182.0,15.03639,0.0,3454.8464,17858277.059544098,0.45127710200981835
181.52762,16.0,0.0,3454.8464,18088292.621146843,0.4457040299542011
181.00198,17.0,0.0,3454.8464,18340790.445379764,0.4397421124753161
181.0,17.003548,0.0,3454.8464,18341730.71534857,0.43972040044556393
180.44618,18.0,0.0,3454.8464,18607643.207871396,0.4336266573670293
180.0,18.754215,0.0,3454.8464,18818823.44051704,0.4289149072151751
179.85532,19.0,0.0,3454.8464,18888149.298193343,0.427380388970515
179.23213,20.0,0.0,3454.8464,19182560.958127514,0.4210255336385383
179.0,20.352558,0.0,3454.8464,19290632.027972702,0.4187531108088194
178.57553,21.0,0.0,3454.8464,19490676.739365388,0.4145826131932595
178.0,21.83173,0.0,3454.8464,19757774.001968253,0.4091658708887483
177.88402,22.0,0.0,3454.8464,19812260.593566414,0.40807067900966304
177.15947,23.0,0.0,3454.8464,20147525.059339914,0.40150782671441165
177.0,23.209719,0.0,3454.8464,20220172.03902432,0.40012355166742075
176.40105,24.0,0.0,3454.8464,20496374.177565113,0.39491039569750575
176.0,24.504639,0.0,3454.8464,20678361.328004446,0.39157011092266714
175.60747,25.0,0.0,3454.8464,20858663.12890664,0.3882932099322395
175.0,25.732435,0.0,3454.8464,21133184.16496197,0.3834412953418327
174.77866,26.0,0.0,3454.8464,21234436.080869727,0.38166991022092833
174.0,26.900843,0.0,3454.8464,21584809.22104311,0.3757086048952785
173.91447,27.0,0.0,3454.8464,21623761.25699056,0.37505281478239116
173.01494,28.0,0.0,3454.8464,22026755.43513879,0.36845300808642156
173.0,28.015951,0.0,3454.8464,22033335.22054761,0.3683481184418931
172.08017,29.0,0.0,3454.8464,22443596.28850726,0.36188042589258856
172.0,29.082453,0.0,3454.8464,22478753.48541009,0.361341184726413
171.10892,30.0,0.0,3454.8464,22874291.602264024,0.35534356455637783
171.0,30.107965,0.0,3454.8464,22921823.851395093,0.35464217803320647
170.1008,31.0,0.0,3454.8464,23319009.87902404,0.34885003956207167
170.0,31.096395,0.0,3454.8464,23362785.220905956,0.34822864606106796
168.0,32.9746,0.0,3454.8464,24239208.10544475,0.33618078575087357
169.0554,32.0,0.0,3454.8464,23777947.47885282,0.34240646637260574
169.0,32.051147,0.0,3454.8464,23801884.95417914,0.34207960323086956
167.9725,33.0,0.0,3454.8464,24251378.137438037,0.3360186139184266
167.0,33.8682,0.0,3454.8464,24674618.660903364,0.3305251348115972
166.8523,34.0,0.0,3454.8464,24739677.193854555,0.3296915225536778
166.0,34.73566,0.0,3454.8464,25108719.837145593,0.32508402248067975
165.6935,35.0,0.0,3454.8464,25243038.846336085,0.3234290818122092
165.0,35.579117,0.0,3454.8464,25541779.554759048,0.31984125341184305
164.49535,36.0,0.0,3454.8464,25761783.57149984,0.3172346097442098
164.0,36.400436,0.0,3454.8464,25974067.48888605,0.3147819697284505
162.0,37.98277,0.0,3454.8464,26837278.63317719,0.3051638686238082
163.25706,37.0,0.0,3454.8464,26296263.649247155,0.3111107552361695
163.0,37.201275,0.0,3454.8464,26405854.07731653,0.30989257869347525
161.97797,38.0,0.0,3454.8464,26846908.28468031,0.30505963357650795
161.0,38.742645,0.0,3454.8464,27267005.534089103,0.3006214171424913
160.66023,39.0,0.0,3454.8464,27414697.628896523,0.299083732437956
160.0,39.48607,0.0,3454.8464,27696835.332824826,0.296215427761897
158.0,40.926437,0.0,3454.8464,28557291.086951718,0.28778709363594857
159.29982,40.0,0.0,3454.8464,27999590.593395784,0.29318313636097326
159.0,40.21408,0.0,3454.8464,28127040.16585018,0.2919361047157765
157.89671,41.0,0.0,3454.8464,28602307.22922796,0.2873587433715357
157.0,41.621777,0.0,3454.8464,28986518.87980645,0.2837852771032161
155.0,42.974743,0.0,3454.8464,29847991.472055115,0.2760835190260836
156.45238,42.0,0.0,3454.8464,29223915.984665565,0.2816115681628748
156.0,42.30445,0.0,3454.8464,29416734.592564322,0.27988500912290365
154.96234,43.0,0.0,3454.8464,29864450.576405764,0.27594032029381815
154.0,43.629353,0.0,3454.8464,30277997.742091388,0.2724198177544151
152.0,44.906063,0.0,3454.8464,31142249.90082413,0.2653452241143432
153.43044,44.0,0.0,3454.8464,30525599.75120569,0.2703461170924796
153.0,44.273373,0.0,3454.8464,30709606.176184766,0.26883742678929423
151.85143,45.0,0.0,3454.8464,31207383.276252065,0.2648267750117185
151.0,45.525734,0.0,3454.8464,31574428.783752527,0.26196491857138426
149.0,46.735355,0.0,3454.8464,32443259.23165089,0.2554326655384279
150.22733,46.0,0.0,3454.8464,31911335.210830107,0.2593822210550098
150.0,46.13638,0.0,3454.8464,32008821.532949805,0.25864978313308357
147.0,47.90511,0.0,3454.8464,33316690.23338038,0.24921361138955928
148.5564,47.0,0.0,3454.8464,32638341.93782415,0.25401081906391293
148.0,47.32466,0.0,3454.8464,32879009.660832703,0.25229063911456195
146.83638,48.0,0.0,3454.8464,33389273.223182216,0.24871054432115036
146.0,48.47476,0.0,3454.8464,33754241.56069711,0.24622837008586923
144.0,49.589104,0.0,3454.8464,34635118.69685872,0.240439425785835
145.06754,49.0,0.0,3454.8464,34165643.70056528,0.2434798382980402
145.0,49.037266,0.0,3454.8464,34194960.25370775,0.24328753702938055
142.0,50.66992,0.0,3454.8464,35522246.39609707,0.2349019923748505
143.24979,50.0,0.0,3454.8464,34969043.6313096,0.2383166175113996
143.0,50.134087,0.0,3454.8464,35078431.23569069,0.2376334338000966
140.0,51.719223,0.0,3454.8464,36416232.32537861,0.2295958266594222
141.38023,51.0,0.0,3454.8464,35800577.96856864,0.2332176883383043
141.0,51.198612,0.0,3454.8464,35968599.74179532,0.23221812911841366
138.0,52.738842,0.0,3454.8464,37317684.91088269,0.22450210076003183
139.45784,52.0,0.0,3454.8464,36661904.88855263,0.2281799737654751
139.0,52.23271,0.0,3454.8464,36866073.91030061,0.22702247877770138
136.0,53.73043,0.0,3454.8464,38227211.68634802,0.21960325717075335
137.48141,53.0,0.0,3454.8464,37554811.132156216,0.2231998472260758
137.0,53.238094,0.0,3454.8464,37771461.80630566,0.22202864360589605
134.0,54.695503,0.0,3454.8464,39145417.590597175,0.2148828747511904
135.4495,54.0,0.0,3454.8464,38481220.92771609,0.21827304950210957
135.0,54.216305,0.0,3454.8464,38685369.71890871,0.21721995350158108
132.0,55.635406,0.0,3454.8464,40072903.23913503,0.2103255456901471
133.3604,55.0,0.0,3454.8464,39443206.34794424,0.2133945940250106
133.0,55.16873,0.0,3454.8464,39608400.538386956,0.2125807821364075
130.0,56.551365,0.0,3454.8464,41010263.16149897,0.20591676273797171
131.2122,56.0,0.0,3454.8464,40442999.32277592,0.2085586609773955
131.0,56.096638,0.0,3454.8464,40541151.93534417,0.208096432263257
127.0,57.88294,0.0,3454.8464,42436849.291510545,0.19954695614107087
128.0,57.444473,0.0,3454.8464,41958084.067193046,0.2016428179540316
129.0026,57.0,0.0,3454.8464,41483005.95118442,0.20375847919053455
129.0,57.00115,0.0,3454.8464,41484214.66440299,0.20375303185137184
125.0,58.743343,0.0,3454.8464,43400649.79647283,0.1954568112694365
126.73239,58.0,0.0,3454.8464,42566765.06012308,0.19898560419550199
126.0,58.315693,0.0,3454.8464,42916943.145429984,0.19749071203500732
122.0,59.99577,0.0,3454.8464,44869977.58556909,0.1895033953291186
123.0,59.583187,0.0,3454.8464,44376188.76943296,0.19147024466491833
124.395935,59.0,0.0,3454.8464,43696433.83761161,0.19423076275694473
124.0,59.16588,0.0,3454.8464,43887406.440855086,0.1934480745502766
120.0,60.805927,0.0,3454.8464,45863029.866279185,0.18565733728102382
121.98975,60.0,0.0,3454.8464,44875115.55961384,0.1894831385493501
121.0,60.40318,0.0,3454.8464,45364012.60257587,0.1875755461207842
117.0,61.985943,0.0,3454.8464,47378453.98375336,0.18001816295028594
118.0,61.597244,0.0,3454.8464,46869012.47958106,0.181886179143267
119.51555,61.0,0.0,3454.8464,46107889.70785734,0.18472738203980105
119.0,61.20393,0.0,3454.8464,46364652.99599826,0.1837614935581125
115.0,62.74989,0.0,3454.8464,48403331.56437312,0.17634666951692463
116.96384,62.0,0.0,3454.8464,47397158.6444302,0.17995015833279226
116.0,62.370193,0.0,3454.8464,47888432.81985928,0.17817921941253362
112.0,63.862675,0.0,3454.8464,49967788.63149756,0.17092403171339682
113.0,63.496185,0.0,3454.8464,49442227.027659036,0.17272343914676497
114.336006,63.0,0.0,3454.8464,48749234.50143987,0.1751289556095303
114.0,63.125153,0.0,3454.8464,48921781.29078612,0.17452616038104418
109.0,64.936905,0.0,3454.8464,51563089.74265765,0.16558560597422153
110.0,64.58325,0.0,3454.8464,51026785.48073897,0.16736162181935527
111.62353,64.0,0.0,3454.8464,50168255.73516803,0.17024316080621205
111.0,64.225075,0.0,3454.8464,50495604.12389735,0.16913862956143583
106.0,65.973625,0.0,3454.8464,53189825.89888578,0.16029912711472213
107.0,65.63251,0.0,3454.8464,52642744.13419786,0.16206159111008933
108.82112,65.0,0.0,3454.8464,51660377.06099575,0.16526519624556332
108.0,65.286865,0.0,3454.8464,52100774.650786124,0.1638226447027596
103.0,66.97365,0.0,3454.8464,54848474.78101305,0.1550328536946386
104.0,66.6448,0.0,3454.8464,54290625.41018663,0.15679163808337365
105.922554,66.0,0.0,3454.8464,53232810.02192718,0.16016112295456494
105.0,66.31141,0.0,3454.8464,53737859.825303726,0.1585465498421847
100.0,67.937515,0.0,3454.8464,56539406.81731022,0.1497557541740851
101.0,67.62073,0.0,3454.8464,55970842.78802882,0.15152069173008387
102.919685,67.0,0.0,3454.8464,54893915.98188427,0.15488985471730854
102.0,67.299385,0.0,3454.8464,55407316.42789991,0.15327925907113157
97.0,68.86554,0.0,3454.8464,58262895.56848777,0.14443774442886217
98.0,68.560646,0.0,3454.8464,57683709.672083646,0.1462185422855405
99.80192,68.0,0.0,3454.8464,56653529.92891471,0.14940182013780312
99.0,68.251175,0.0,3454.8464,57109498.4423532,0.14799046528146173
94.0,69.75777,0.0,3454.8464,60019132.13844011,0.13904996874141146
95.0,69.46465,0.0,3454.8464,59429452.32880832,0.14085611006519738
96.555405,69.0,0.0,3454.8464,58523404.500999615,0.1436372628725872
96.0,69.16695,0.0,3454.8464,58844668.5234795,0.14265089632245015
90.0,70.89066,0.0,3454.8464,62413036.74812506,0.131710199389222
91.0,70.613976,0.0,3454.8464,61808243.025634214,0.13356511426003687
92.0,70.3326,0.0,3454.8464,61208226.39737569,0.13540575040965117
93.16199,70.0,0.0,3454.8464,60517821.728572905,0.13752397813636721
93.0,70.046585,0.0,3454.8464,60613013.14674768,0.13723260976655724
86.0,71.958755,0.0,3454.8464,64864626.39436295,0.12413985705079947
87.0,71.698616,0.0,3454.8464,64245152.00957869,0.12605732839043554
88.0,71.43371,0.0,3454.8464,63630310.54451637,0.1279577470203149
89.60105,71.0,0.0,3454.8464,62657016.75758363,0.1309599401002808
89.0,71.16406,0.0,3454.8464,63020136.19435644,0.129841583386343
82.0,72.96091,0.0,3454.8464,67372943.90537821,0.11628491655957074
83.0,72.71753,0.0,3454.8464,66739278.86268635,0.1182776271290213
84.0,72.469284,0.0,3454.8464,66110082.0371391,0.12025073169305561
85.84018,72.0,0.0,3454.8464,64964822.855838485,0.1238282077542997
85.0,72.21622,0.0,3454.8464,65485394.69672072,0.12220465608184056
78.0,73.89543,0.0,3454.8464,69936972.75806512,0.10809808948375302
79.0,73.669106,0.0,3454.8464,69289638.58798441,0.11017729623251007
80.0,73.43782,0.0,3454.8464,68646593.15893562,0.11223463489178057
81.837776,73.0,0.0,3454.8464,67476918.54005349,0.11595605669621172
81.0,73.2016,0.0,3454.8464,68007883.67973474,0.11427047360420681
73.0,74.96385,0.0,3454.8464,73220265.34999421,0.09734084330608692
74.0,74.76006,0.0,3454.8464,72555740.77571401,0.0995401260484867
75.0,74.55116,0.0,3454.8464,71895263.50948735,0.10171535193659537
76.0,74.3372,0.0,3454.8464,71238887.22432725,0.10386680629330929
77.530594,74.0,0.0,3454.8464,70243665.86735661,0.10710755361817981
77.0,74.118195,0.0,3454.8464,70586663.67717972,0.10599478683457494
68.0,75.91812,0.0,3454.8464,76586159.63379355,0.08594687540375125
69.0,75.73762,0.0,3454.8464,75905389.84059808,0.08827673511798281
70.0,75.551865,0.0,3454.8464,75228417.72397146,0.09058095171707944
71.0,75.36088,0.0,3454.8464,74555301.07505503,0.09285971202767623
72.81976,75.0,0.0,3454.8464,73341244.10085739,0.09693779997591148
72.0,75.1647,0.0,3454.8464,73886096.18245177,0.0951132171876062
62.0,76.9032,0.0,3454.8464,80731711.3139964,0.0713856662478385
63.0,76.75235,0.0,3454.8464,80032083.45059285,0.07387922099188951
64.0,76.59605,0.0,3454.8464,79335948.57119939,0.07634617977858324
65.0,76.43432,0.0,3454.8464,78643366.7566824,0.07878659991244694
66.0,76.267204,0.0,3454.8464,77954397.22722077,0.08120055539335728
67.53549,76.0,0.0,3454.8464,76904906.36447993,0.0848492117069484
67.0,76.09473,0.0,3454.8464,77269098.2317018,0.08358813661496824
54.0,77.92622,0.0,3454.8464,86431179.90967926,0.050434592496632194
55.0,77.81804,0.0,3454.8464,85707719.26477905,0.05314669960620267
56.0,77.7041,0.0,3454.8464,84987351.4735946,0.055832514815397485
57.0,77.58445,0.0,3454.8464,84270134.68144879,0.058491911613931045
58.0,77.45912,0.0,3454.8464,83556127.19280939,0.0611247832538759
59.0,77.32814,0.0,3454.8464,82845387.32797682,0.0637310423459396
60.0,77.19154,0.0,3454.8464,82137973.28366771,0.06631062046832749
61.336414,77.0,0.0,3454.8464,81198891.61930478,0.06971074562665844
61.0,77.04936,0.0,3454.8464,81433942.9980841,0.0688634677973791
37.0,78.86615,0.0,3454.8464,99136449.06631887,0.0004838683071602172
38.0,78.8617,0.0,3454.8464,98368463.55603331,0.0036030442146219393
39.0,78.8506,0.0,3454.8464,97602856.48202035,0.006701803081845117
40.0,78.8329,0.0,3454.8464,96839663.76931463,0.009779641525397115
41.0,78.80868,0.0,3454.8464,96078923.12514398,0.012836075171129719
42.0,78.77799,0.0,3454.8464,95320673.99540733,0.015870639153607344
43.0,78.7409,0.0,3454.8464,94564957.51067626,0.018882888539798283
44.0,78.69746,0.0,3454.8464,93811816.42152974,0.021872398669873602
45.0,78.64773,0.0,3454.8464,93061295.02457818,0.02483876542049339
46.0,78.59175,0.0,3454.8464,92313439.07875401,0.027781605392661037
47.0,78.52959,0.0,3454.8464,91568295.71327001,0.030700556026599907
48.0,78.46128,0.0,3454.8464,90825913.3273917,0.03359527565090951
49.0,78.38688,0.0,3454.8464,90086341.48338616,0.03646544346924259
50.0,78.30642,0.0,3454.8464,89349630.79294431,0.03931075949169503
51.0,78.219955,0.0,3454.8464,88615832.79845479,0.0421309444163024
52.0,78.12752,0.0,3454.8464,87884999.85002501,0.044925739469186494
53.28139,78.0,0.0,3454.8464,86953708.09016193,0.04846525703024697
53.0,78.02915,0.0,3454.8464,87157184.9790693,0.04769490621026856
